PosX,PosY,Diameter,Age
891.206,-88.6474,746.006,285.708
-1206.7,-368.185,315.248,270.381
1021.39,-1091.5,486.263,264.963
857.985,-1514.8,253.558,232.45
732.447,-469.232,255.034,230.744
-728.211,426.853,224.48,223.045
-1518.51,853.613,223.807,219.728
1289.4,-108.125,259.367,210.61
258.441,-860.658,222.097,204.883
992.696,966.235,240.417,203.719
-931.199,714.451,183.773,182.367
1275.56,-218.763,228.139,182.338
-356.63,-1016.26,199.271,176.161
-257.98,1456.11,219.416,174.655
1347.57,1044.75,319.08,165.113
-876.589,-1196,164.253,158.982
803.26,-407.698,165.745,158.584
-451.719,-975.57,182.266,149.088
1456.76,1326.13,271.577,144.441
1662.9,1584.5,149.916,141.414
389.65,-1317.97,150.877,139.047
724.055,-1374.05,245.187,138.129
-1025.19,331.362,173.372,135.749
809.452,-931.265,144.604,134.981
-727.927,1165.82,153.415,132.962
-497.704,-1387.37,133.234,132.796
-256.511,1541.64,138.887,131.963
-537.503,966.361,150.003,127.928
205.05,-917.97,141.148,124.178
-16.6374,-1519.1,127.365,122.974
-126.863,953.766,131.994,119.97
1223.18,987.664,169.675,117.125
313.574,-1537.95,158.218,116.699
-718.95,-1021.66,135.647,116.171
78.6682,-1301.89,134.422,114.328
-1660.35,-788.83,120.189,113.692
1240.39,322.338,186.986,112.266
-1606.24,-606.017,116.888,110.169
-958.254,-1753.88,129.199,108.447
-1297.65,1424.62,118.843,106.793
1456.64,62.7935,157.365,104.654
-1406.08,-1163.94,107.403,101.161
-1602.8,1289.41,125.939,97.8668
1505.19,1141.41,97.2493,96.6795
4.54819,1389.59,95.9606,94.5727
-965.794,-886.59,100.414,94.4849
1359.28,-371.73,97.6602,93.1243
1199.73,-1569.16,154.807,89.5802
-1756.07,650.336,128.813,85.5141
-1660.78,-785.382,98.2293,84.8237
1342.88,-248.207,140.462,83.9555
-1467.92,863.903,157.265,83.3289
1049.59,-1232.56,105.08,83.0382
-715.805,1375.84,89.6105,82.076
-645.418,1481.68,133.085,80.8205
1416.52,-1511.46,110.545,80.0504
1531.96,1508.11,80.1888,79.8982
1684.26,-648.024,79.8086,79.1694
-1668.09,-600.514,128.753,78.3807
1506.76,-1195.08,135.281,78.2558
-1639.04,-1070.84,83.1315,77.6996
353.563,1482.84,85.9043,77.1644
-1107.39,-1214.96,84.6091,77.0791
-1605.56,-512.025,80.8376,76.4491
-619.301,-1470.36,83.6418,76.1421
1767.95,-1400.31,102.871,75.8515
-39.6342,1609.71,77.7595,74.3626
-1397.96,-1295.4,86.8574,73.8766
-346.333,-1503.21,113.779,73.3626
-803.616,1140.31,78.6125,72.6754
-1250.9,160.301,86.7486,71.8965
-1280.39,-382.412,76.6804,70.554
344.627,-1170.86,76.9539,70.3928
-1139,1164.88,78.3069,70.388
-674.476,1088.47,84.5134,70.3701
-1596.73,-1182.46,109.901,70.3224
332.278,-1340.67,144.119,70.0978
-249.332,1735.99,81.1281,69.9798
-1392.69,-1737.06,97.3431,69.4496
-1248.26,181.221,84.6915,68.56
-1588.41,-1500.63,72.4361,68.3644
895.324,-480.556,117.245,68.0082
-1272.4,-1009.92,82.225,67.8345
530.306,1690.35,71.7817,67.7659
-29.8133,1545.99,79.2153,65.8069
1613.42,1705.11,101.112,65.2281
873.473,-695.501,73.6498,64.9407
1598.37,1402.59,65.3163,64.9137
-797.751,-1595.53,67.7468,64.8943
-987.493,335.835,133.858,64.53
-1764.93,1086.01,73.1727,64.4705
225.509,1716.14,75.9849,63.6941
1520.33,-513.945,76.6931,63.4799
-1103.1,303.403,69.3415,63.2251
1676.4,745.783,77.3513,62.947
785.076,-1737.45,64.9912,62.9204
36.5472,1107.87,115.317,62.8279
1001.02,-218.427,84.8791,62.0228
-450.809,-964.504,71.6318,61.9639
-1318.86,1216.85,93.3505,61.426
-312.868,962.871,68.1402,61.3857
1374.87,-1323.5,77.8311,60.6325
-1423.8,891.588,119.757,60.1215
1782.1,965.273,62.1827,59.6742
-919.785,-1103.66,69.9144,59.5932
-812.115,1639.01,157.439,59.395
-1296.82,-971.673,73.438,59.2561
-1753.46,-1577.94,66.51,59.1551
1110.15,-1595.22,64.0207,58.9506
1010.85,1584.4,87.8099,58.7401
1243.31,1074.53,64.7533,58.6486
-1285.83,-379.621,104.405,58.345
1258.15,-1517.37,112.775,57.932
-1131.88,-1192.49,59.3731,57.9073
-1091.25,-1130.28,58.7484,57.2981
-1118.26,294.214,92.404,57.0187
1814.38,1676.84,73.0782,56.1846
-778.195,1573.39,82.8055,56.1374
350.659,1247.86,72.1107,55.8428
1590.41,158.784,63.108,55.635
10.4216,-1826.46,61.6953,55.5526
1025.27,47.3944,76.6492,55.3881
-152.13,-1334.15,90.4758,55.3565
1085.07,-610.372,69.9652,55.0812
1604.68,714.959,56.1,55.0178
-1002.7,-301.689,73.4971,54.8212
1029.26,-1473.9,61.1396,54.7722
1407.5,-1162.88,75.2379,54.4683
-1019.02,-1661.35,67.1469,54.4158
1612.45,1546.13,58.1058,54.4119
-909.657,1690.99,61.5346,53.884
-1289.79,441.919,116.235,53.8239
-1563.26,-1388.2,55.2725,53.6502
-515.509,1782.13,56.5833,53.5141
225.69,-1602.18,70.4975,53.2839
-1718.55,1775.99,54.6679,53.234
1360.5,1826.89,69.3707,53.0127
1474.09,346.246,53.6857,52.6246
-1755.59,-1015.43,70.1021,52.4333
-935.375,1645.88,59.5953,52.3516
-1272.8,894.963,52.6021,52.3231
705.513,1034.71,52.3401,52.3052
-1163.91,-479.819,87.7052,52.1052
1326.77,-1037.13,76.181,51.9882
-205.298,-1445.37,87.1006,51.9768
-1401.5,1032.95,55.1507,51.9318
-1556.39,-477.051,68.893,51.8163
1126.34,958.737,60.426,51.7752
1509.61,1245.42,63.952,51.7165
1764.16,119.469,105.667,51.4909
-974.589,-2.61173,55.8523,51.4679
-1730.07,913.446,76.534,51.3761
-1114.38,15.5963,82.6484,51.2578
222.511,-1349.13,63.596,50.841
1223.83,1270.61,60.4336,50.6549
198.947,-1018.54,58.9456,50.4969
553.361,1235.83,74.2225,50.3882
1500.32,525.229,53.4082,50.3775
-1740.21,-875.758,51.3294,50.2391
-903.709,-657.473,58.3187,50.0995
1527.04,-771.136,62.7782,49.8667
-1580.3,-803.706,54.4883,49.8459
1322.01,-1563.1,57.4688,49.7533
-1527.03,-904.967,87.3759,49.4696
189.205,-1738.55,73.7961,49.0046
-493.929,-1045.24,79.6522,48.6036
-594.731,1822.01,65.0228,48.5453
-942.609,199.533,69.0187,48.4835
-191.103,958.915,49.6635,48.0533
-176.184,-1359.52,66.0099,48.0164
434.647,1635.11,113.698,48.0099
1755.04,-1467.54,79.3961,47.9783
1427.91,-177.456,57.2904,47.6824
1300.41,1846.64,54.4136,47.5272
-1045.85,1845.22,54.6173,47.388
1241.53,-1541.11,115.203,47.385
-900.206,-2.04236,52.8849,47.3395
-639.433,-1519.07,51.0194,47.3121
-1554.12,-1278.02,101.852,47.0935
1708.16,431.232,65.325,46.379
1274.17,-1495.24,67.9854,46.2698
1521.77,1302.91,49.1093,46.112
1593.38,414.359,54.283,45.8855
-225.641,1599.05,82.79,45.5298
1571.77,725.963,132.599,45.4193
-1480.52,1403.9,47.4383,45.0923
-1020.93,1601.83,48.9052,44.9641
-1033.34,716.763,88.306,44.8508
-1660.73,1174.57,70.0918,44.8314
-1062.99,21.1703,51.2696,44.5711
604.099,-1330.71,72.7949,44.4472
-860.384,-1473.76,109.751,44.4428
1503.5,-21.1336,111.607,44.3722
-1114.56,-360.546,55.1853,44.2502
-1082.52,418.344,54.2125,44.1915
-880.229,-1375.01,44.8472,44.1881
1164.46,902.446,62.9876,44.0075
-240.889,1784.97,67.3725,43.9996
-334.904,-1110.64,72.7742,43.863
-1152.42,94.5765,66.5431,43.7872
-1510.05,735.098,52.1718,43.6987
-747.673,1554.48,63.5018,43.4104
1685.72,1678.17,48.5828,43.3923
1306.64,-403.261,46.7415,43.3068
244.504,-988.433,69.2849,43.2771
1546.87,314.554,47.1722,43.0251
-1291.49,-1559,46.6306,42.843
1831.78,-1793.69,48.8298,42.7915
956.313,-625.274,63.283,42.7254
1527.76,-405.283,73.4663,42.7127
222.45,-1561.21,44.8654,42.6889
978.759,1547.57,99.1187,42.6275
-953.166,1684.35,52.3897,42.6156
784.88,-1523.9,63.4887,42.5744
-1608.25,735.471,56.4899,42.5415
-1620.2,-747.399,45.7141,42.4054
-1492.88,386.357,46.4598,42.3526
590.569,1498.95,43.7909,42.3447
-677.206,-1425.27,49.7776,42.3333
1658.29,-132.151,42.7202,42.2042
-1744.24,337.325,42.4117,42.2004
1174.79,847.007,43.2799,42.0203
-992.807,1691.14,43.4654,41.9285
1595.91,1683.72,43.7653,41.6909
-1141.92,217.654,67.4428,41.6271
-1726.3,-1547.61,43.4493,41.5826
448.639,-1347.35,49.8227,41.5348
1302.6,-553.405,45.4373,41.4668
-1468.92,-1554.14,50.6319,41.4392
1620.65,733.722,44.9386,41.3041
1536.08,1512.81,96.1726,41.2391
-474.395,-913.701,78.3785,41.1156
1742.32,-1478.93,57.6742,41.0132
-853.762,1688.8,48.817,40.8547
-1159,-607.892,63.3691,40.8139
13.5476,-1042.22,65.2583,40.8137
1342.72,-1676.12,43.5456,40.663
1796.38,-1759.48,43.1765,40.3163
-1834.14,872.428,50.4069,40.2933
1769.48,-1683.38,69.7282,40.2797
1062.09,1071.89,45.928,40.2291
1809.08,-1654.35,49.071,40.0618
-1435.84,1097.34,56.1256,39.9558
-767.93,-913.34,43.607,39.8959
378.022,1546.27,55.8972,39.8716
-1368.15,-1363.66,154.374,39.8446
-454.001,-1136.94,41.3296,39.7553
-413.715,-1774.34,47.5909,39.7419
1100.73,29.4676,94.0108,39.7187
1595.69,1753.15,85.353,39.6514
-1125.13,-272.619,63.5935,39.5791
1445.35,1205.88,40.5073,39.5089
-1424.46,-137.373,40.7424,39.4304
1482.03,-966.815,88.8027,39.3793
1356.94,618.598,42.7641,39.3021
949.805,-412.405,103.627,39.2426
-978.318,36.218,42.1269,39.2166
1346.56,1829.13,70.5803,39.1473
1136.24,317.525,70.3069,39.0704
-1207.17,1445.59,45.2317,39.0438
-1564.55,-154.752,42.5934,38.9807
1478.67,-680.903,42.8118,38.9178
-1112.29,-917.521,69.7119,38.8269
-662.854,982.21,58.8778,38.7936
363.538,-1662.76,45.0223,38.7023
1495.59,816.297,44.1466,38.697
-1656.08,-91.7488,43.1714,38.6524
1421.01,-1086.28,47.0771,38.6295
1669.64,-1774.01,59.715,38.5798
1483.94,1521.87,90.6655,38.1737
1480.89,279.209,40.9483,38.1311
-1577.01,1403.62,64.7321,38.1041
1167.48,32.7673,39.2719,38.0824
-212.634,1371.89,137.847,38.0509
-478.325,-1395.82,44.7835,38.0462
-1558.73,162.9,56.8034,37.9795
1843.43,972.303,50.9122,37.9291
-1701.06,591.936,86.7946,37.8814
700.447,-1835.31,38.151,37.8771
682.11,953.863,38.7164,37.8339
1697.23,536.221,111.23,37.7137
1324.99,-745.374,43.1176,37.681
1775.76,1143.13,43.0418,37.5086
-976.77,-1641.43,43.0698,37.4694
1741.21,420.198,41.9462,37.4537
1397.02,1639.97,41.5317,37.4076
-1019.81,1293.64,40.6213,37.3405
1694.83,-1779.31,37.748,37.3158
672.692,-940.756,72.5076,37.3033
441.789,-874.915,47.3769,37.2643
-1261.77,675.654,49.7559,37.2026
-98.055,1518.66,38.8045,37.17
-161.877,1105.87,51.0408,37.161
-417.002,1808.18,38.6238,37.1592
-1154.07,1165.88,59.4677,37.0792
1555.45,329.92,65.0191,37.0614
160.713,-1591.47,51.3935,36.9878
63.0882,-1126.29,43.423,36.8699
204.297,1047.41,43.8014,36.7576
934.517,1053.07,39.9989,36.7424
1558.73,-10.9737,38.0541,36.7282
595.931,1252.63,39.0469,36.7091
-1044.43,-136.218,85.622,36.6356
-1234.59,-221.42,58.0615,36.6353
-746.782,-917.878,50.8873,36.5635
-1820,-761.465,74.6194,36.4586
3.66711,-1162.22,52.7627,36.4565
-1442.59,-322.395,48.8508,36.3594
-1763.61,-772.692,58.2376,36.3411
1134.09,-783.689,49.8769,36.329
1286.13,1501.17,37.7821,36.2945
-978.673,861.595,39.9471,36.2827
1090.52,878.362,36.3952,36.2782
996.021,-877.563,43.5154,36.1868
-1380.52,-1451.48,71.9566,36.135
349.635,1194,93.9678,36.1087
-712.084,-1591.95,42.1246,36.0672
-1681.87,520.953,43.8523,36.0481
-1692.42,249.163,36.3408,36.0463
-932.269,842.529,39.6344,35.9313
1069.97,-1631.38,53.0916,35.9294
-410.628,1541.55,41.7516,35.8972
-919.266,-209.392,49.98,35.8743
555.211,1578.7,36.9873,35.7883
314.112,-1306.73,49.0107,35.7472
1225.45,-1579.01,36.4916,35.6385
-605.849,-1128.57,38.1765,35.557
1510.66,959.221,36.4625,35.5004
-1307.13,-862.527,63.6689,35.4726
652.619,-1659.05,36.3246,35.4425
-920.835,-478.155,41.5765,35.4162
1247.1,1793.06,37.6156,35.4106
-1342.89,-131.854,40.8457,35.3831
-1256.67,1109.08,36.6335,35.3577
-1000.4,-1370.68,37.5717,35.3491
-1647.11,91.1291,57.4124,35.3453
-1640.58,-135.52,38.6983,35.2599
-548.331,1602.58,77.2447,35.2496
1829.01,1284.32,38.395,35.2442
1671.81,-1615.56,42.1907,35.1205
-1227.69,753.514,58.1382,35.111
1603.56,-1368.7,87.0001,34.9792
1663.5,207.635,51.3802,34.9674
1398.43,-1419.25,60.908,34.9604
-619.689,-1212.84,38.7421,34.914
1456.99,-1008.04,38.3956,34.8329
-1305.2,-709.371,36.5389,34.7487
1161.83,-1158.28,56.1879,34.7397
432.445,-1848.84,39.6181,34.7197
951.932,1331.51,37.3926,34.6785
-924.979,-1330.51,39.1583,34.666
937.242,1385.44,35.6548,34.6109
-1179.53,1364.82,39.8405,34.541
-335.529,-1321.36,34.8151,34.5025
-855.785,1431.94,41.0271,34.5003
1413.15,646.519,40.7715,34.435
1492.79,1637.63,150.054,34.3507
1861.45,-1800.41,37.4981,34.3501
1586.02,274.031,36.095,34.3312
1395.1,-1079.03,37.2212,34.3279
-1378.3,-948.054,69.3436,34.283
-721.225,-1583.76,45.5595,34.2517
-1203,-1165.57,44.8313,34.2251
-1346.69,1702.56,52.901,34.1943
1386.18,-276.29,42.4702,34.0149
-1098.08,844.149,63.5614,33.9581
233.001,-1684.68,37.5803,33.9566
-53.0622,-1239.57,47.1028,33.9481
-1763.5,1204.17,47.307,33.9425
-895.663,991.59,58.4817,33.9314
1557.77,-150.781,40.4726,33.9187
-356.092,-1252.02,60.2485,33.8565
370.065,-1001.37,39.8107,33.8563
220.177,1024.27,42.7991,33.8488
-1256.22,-1234.32,47.0557,33.827
1674.55,-1239.53,82.8011,33.8133
-1224.58,-1130.46,36.8964,33.735
-1382.71,718.83,48.0295,33.7082
-326.594,-1386.97,36.7186,33.6811
-1741.89,1325.04,61.1739,33.6326
-969.077,-220.032,43.7232,33.5386
1788.26,555.207,42.7488,33.5065
-697.38,1872.94,35.344,33.4568
-676.198,1684.52,40.6269,33.4409
-1643.7,-1637.48,60.1894,33.3983
1447.67,80.8181,39.5803,33.3961
-918.324,-1762.06,36.2397,33.3864
-1277.51,1229.28,40.5297,33.3799
-455.604,-1819.26,37.3048,33.2963
786.558,-1151.96,35.0157,33.2929
16.0948,843.283,36.0034,33.2693
-1336.91,467.372,65.1827,33.2371
-1580.1,392.1,36.0633,33.2119
1289.16,-779.033,100.575,33.2099
1585.77,-140.23,49.8747,33.2078
-1830.77,-1008.61,40.0885,33.1894
-1322.79,566.867,43.6174,33.1523
946.451,1056.22,43.6829,33.1455
1731.95,-1744.07,66.6077,33.1284
1625.01,-518.76,36.9932,33.0166
796.479,1150.34,67.7256,32.9614
362.156,-1480.53,39.2786,32.9138
-702.064,1029.59,40.9753,32.8913
-219.759,1218.4,37.2092,32.8845
783.06,1647.94,55.4783,32.8
1288.73,1055.82,39.3338,32.7803
-29.6439,1389.03,37.4487,32.7425
1301.84,-1283.68,35.1653,32.7352
1353.13,-1155.73,42.3528,32.6979
1086.23,-362.612,35.3514,32.6031
-1439.6,69.5892,34.5178,32.5751
1609.74,-361.494,37.1238,32.5562
1197.37,-825.863,35.1684,32.5353
-1159.58,1624.42,40.2783,32.5232
-952.098,903.888,48.4809,32.4511
-1824.64,-201.98,63.7221,32.4175
463.642,-1550.54,32.434,32.3138
1301.55,1544.52,35.8239,32.3031
-558.232,-1313.29,53.7473,32.2987
-1545.86,1573.38,33.4362,32.2879
-1272.6,1682.56,62.9907,32.2734
1224.22,-87.9828,46.5865,32.2342
1323.1,1673.92,34.2133,32.2262
-267.113,1182.14,34.7264,32.2246
197.234,1816.5,34.3788,32.2184
1048.95,-555.67,32.5675,32.2184
-1671.23,413.32,35.8792,32.1558
-1451.01,1082.48,34.8763,32.1557
-963.426,1288.81,35.0888,32.1352
1809.93,1427.96,34.1198,32.1209
1562.11,38.4669,42.9575,32.0835
-1567.81,-1407.59,38.2189,32.0569
1520.75,-941.981,32.6555,31.977
-1506.19,-1000.23,83.7814,31.9709
1613.89,925.255,35.7446,31.9557
-168.859,-1618.31,157.642,31.9306
-37.0945,828.84,34.5722,31.8991
-1136.3,426.621,32.3521,31.8693
-10.2183,919.713,167.282,31.8442
385.807,1375.4,75.124,31.7782
647.841,1479.6,32.3826,31.7699
-230.796,-1183.51,33.8267,31.7303
-210.629,1524.74,35.6697,31.7073
-1341.68,784.182,77.6611,31.7046
-922.551,1100.53,38.453,31.6625
-1304.86,-1076.63,64.3462,31.6104
-1521.84,-1790.19,57.673,31.6102
-1318.99,92.8041,44.2112,31.5752
1170.43,198.52,39.3659,31.5576
1415.11,-687.585,34.1848,31.5415
-627.85,-1496.92,42.0829,31.4618
-1120.19,-978.825,65.0765,31.4591
1276.23,1820.43,34.0263,31.4309
834.784,-1729.97,37.6294,31.3864
1496.46,-956.138,51.5507,31.3816
-770.526,-1020.26,47.1721,31.3799
-1835.24,1126.11,34.6132,31.3698
-1255.13,1177.62,42.8982,31.3635
225.424,-922.696,72.7783,31.3602
-170.223,1040.93,39.5166,31.3252
438.571,-1748.9,72.3605,31.2912
45.7841,-1261.57,81.1493,31.2865
-1257.81,-746.923,35.9475,31.2582
-1255.13,203.487,37.2801,31.2498
1768.01,987.824,33.5069,31.2376
782.034,-1626.25,53.1311,31.2341
1790.2,-1314.17,34.8024,31.2337
950.35,652.668,32.068,31.2317
1153.55,1776.39,38.4422,31.2282
-1676.26,52.6374,111.303,31.2244
-1370.54,1082.96,36.8944,31.2014
-1149.41,-443.393,47.5149,31.1838
-1750.52,-114.823,35.1637,31.1533
-666.368,988.893,41.6415,31.0726
-1222.11,-205.202,42.0363,31.0637
78.5334,-1513.93,35.5796,30.999
584.227,-1819.78,40.6722,30.9539
-494.759,-1036.31,32.3918,30.9162
1542.44,-870.867,76.3743,30.9116
-496.854,-947.364,33.8216,30.8901
1773.07,1734.95,43.0348,30.876
726.242,-1282.95,119.263,30.8714
560.612,1393.67,56.2959,30.8593
1111.22,-1841.51,41.5132,30.8588
-83.2834,1375.08,33.2798,30.817
-968.774,-414.994,34.192,30.7788
1474.47,-257.36,42.5921,30.7707
1145.52,-255.807,33.0897,30.7394
1530.88,-1565.16,34.635,30.7371
392.761,1494.07,48.0954,30.7367
-962.493,1046.63,32.8826,30.6694
-222.418,1745.43,37.7772,30.6629
-1164.5,-1743.89,42.1467,30.66
-1686.98,-540.814,34.2277,30.6263
1227.83,-818.46,81.2533,30.6119
342.349,1722.22,42.6308,30.6038
-162.105,1143.05,59.8596,30.5772
-1170.83,-1701.1,80.8555,30.5476
1117.86,-971.03,63.2737,30.538
-380.885,1184.86,30.814,30.5231
457.859,975.505,34.4414,30.4518
1546.6,-1473.83,34.3966,30.4463
-704.752,1683.25,41.0849,30.3811
614.547,-1214.81,108.027,30.3787
1314.15,854.863,32.8526,30.37
1434.93,-316.488,36.4312,30.3659
1745.45,510.763,53.3382,30.2993
-1623.75,459.378,32.8416,30.2615
1039.42,-1182.35,37.0394,30.2039
1139.7,368.765,36.3305,30.1977
-1153.73,-1876.05,32.321,30.1882
1405.36,-1789.74,48.023,30.1845
-1262.09,-621.581,49.8099,30.1532
-787.274,-1531.18,30.1674,30.1231
-1114.74,-1751.14,32.0076,30.121
-1802.17,275.142,34.6672,30.0798
-1189.69,-94.2184,32.4969,30.0619
-938.814,-528.209,32.957,30.0284
1108.81,614.78,55.397,30.02
179.649,1079.44,35.1813,30.018
694.169,-1030.87,43.5014,30.008
-281.733,1456.18,31.5923,29.9947
-1130.09,298.955,104.393,29.9846
1662.26,-431.514,42.8761,29.961
-496.487,-1220.74,39.6442,29.9245
1685.53,-764.735,43.8747,29.888
1004.46,763.551,30.815,29.8554
-1074.18,456.216,35.3494,29.8209
167.863,1721.67,34.8148,29.798
-1840.75,380.145,32.3297,29.7857
-65.7092,1258.94,40.365,29.7823
-1122.69,456.534,32.0305,29.7725
-1421.27,-127.286,38.0762,29.7539
-1477.7,914.85,36.378,29.7535
-1766.02,1467.86,31.6856,29.6931
-1017.39,-228.455,32.7012,29.6742
1343.55,517.021,39.0816,29.6523
1528.78,-858.012,31.9017,29.6134
-1089.83,671.176,34.8854,29.581
865.555,1299.71,41.0097,29.4854
1772.48,1649.27,34.3514,29.4747
1226.71,148.076,46.7964,29.4555
-742.08,-1194.01,33.5365,29.3999
-367.627,1527.86,31.0088,29.3675
-618.972,-1276.29,41.0654,29.32
-297.687,1027.56,47.1192,29.3148
828.807,-1590.34,31.2492,29.3077
416.895,-1825.08,41.637,29.291
1783.42,386.785,29.3007,29.2688
-955.247,-0.165521,89.1971,29.2616
1021.14,1705.92,43.6484,29.2453
1524.22,1177.65,31.3305,29.2305
-1032.6,-70.2557,34.86,29.1804
981.548,-1301.92,33.2255,29.1797
1410.38,331.767,31.3662,29.1724
1258.28,661.895,29.3256,29.126
1424.46,-24.4279,187.356,29.1069
1412.6,397.71,30.3192,29.1027
843.904,-1157.43,45.4782,29.0956
-57.011,1230.19,62.6309,29.0388
1102.92,-1790.81,34.1978,29.0375
1266.22,-93.539,37.8665,29.0187
-1106.08,356.023,41.4349,28.9746
-1761.75,-1370.69,74.4891,28.9386
-811.448,-1739.98,30.6341,28.9385
98.9524,1179.59,81.4732,28.9249
675.92,-1152.5,35.0581,28.8795
-1641.61,-624.286,76.4967,28.7921
633.695,-950.174,29.6516,28.7431
-1657.4,130.576,37.109,28.7288
-429.841,1426.33,40.0416,28.7221
52.8403,-1646.86,42.8651,28.718
929.735,1677.3,31.5121,28.7048
-646.722,-1615.74,36.4844,28.6996
-1397.68,-509.451,37.3637,28.6947
1806.37,616.554,35.8423,28.6706
-1494.92,1178.03,73.3218,28.6566
1175.33,1295.25,39.1615,28.6547
-431.453,1612.74,43.0722,28.6279
1829.83,-1667.3,35.8881,28.6129
-1212.61,1005.14,37.2453,28.5648
114.308,1037.71,128.995,28.4889
-1514.06,-440.644,29.8259,28.4468
-1186.37,105.561,47.3205,28.4465
-1046.56,69.2244,83.259,28.428
1330.68,-176.81,45.028,28.4278
-260,1804.93,40.3419,28.416
348,1302.66,30.5111,28.3914
-1523.12,268.239,31.9597,28.3881
1834.93,791.29,29.9422,28.3802
1785.04,268.294,37.5239,28.3512
1750.51,-1426.18,35.0637,28.3511
1320.4,-1867.23,40.8328,28.3475
1149.83,-1247.77,34.5275,28.3044
-48.1616,1340.92,36.8608,28.2772
678.625,965.012,29.3593,28.2771
-1629.98,484.074,30.3784,28.2429
-1789.59,-308.799,40.8332,28.2423
1452.16,-827.802,30.188,28.2367
1438.3,-202.78,43.0486,28.2339
-1598.92,-3.92478,37.9714,28.2262
1351.4,427.966,32.7464,28.1909
859.009,-1569.19,38.8025,28.1797
-1068.64,-442.771,30.1244,28.1758
-629.872,-1782.62,39.9181,28.1638
-813.751,-1536.28,52.6259,28.148
978.566,450.215,54.4298,28.1071
-1084.14,-315.869,28.9374,28.1015
-1479.31,1479.35,30.6561,28.1014
-980.245,1532.2,38.844,28.0943
-952.268,-354.88,41.497,28.0846
1050.79,83.3754,34.5562,28.0817
687.238,1076.29,43.8283,28.0669
1068.95,1349.65,39.7213,27.97
-724.255,1438.74,33.5941,27.9311
1325.68,327.212,37.541,27.8435
428.773,-891.386,138.264,27.7925
845.807,-936.465,30.6648,27.7066
1117.01,-242.62,29.6192,27.7013
-1072.89,312.311,32.4895,27.6619
-1503.41,-4.79472,36.3564,27.6555
-1361.65,-1556.01,40.6893,27.652
-1242.29,-688.303,38.67,27.6366
86.8207,1779.22,30.0078,27.6298
860.878,-1041.8,33.0829,27.6047
-662.818,972.577,27.716,27.5801
-1793.29,-1772.79,56.176,27.5743
916.263,-1065.31,30.1319,27.5143
-1315.27,992.986,47.6518,27.4636
1171.28,1422.12,70.1982,27.4543
1378.59,706.65,29.8289,27.4283
-973.086,-1779.34,38.5927,27.3716
-565.416,-983.825,40.3227,27.347
229.448,-1417.91,33.3666,27.2904
-1727.52,-352.129,31.5247,27.2048
1673.01,517.819,44.874,27.1977
-615.436,982.635,28.124,27.1837
-1156.44,127.775,32.8174,27.1595
-1404.52,-825.559,41.1024,27.1044
-1282.43,1152.56,32.0112,27.0917
992.773,-409.08,34.778,26.9846
-1477.08,-442.353,28.5148,26.9789
-80.5027,1011,61.6372,26.8723
-1317.98,-1741.34,33.1247,26.8625
737.027,-1519.71,28.4287,26.8555
-1476.25,-1256.1,27.4728,26.855
-1706.62,1792.23,29.5927,26.8049
-1076.89,1095.17,34.5282,26.7852
437.136,1156.87,42.5147,26.7244
-940.465,-470.773,37.0327,26.6927
1174.01,-136.182,51.0253,26.6783
1105.06,1792.97,27.6122,26.6488
-1392.64,-1391.99,32.2002,26.6307
979.731,-171.747,34.9257,26.627
1339.88,-530.26,51.0829,26.578
526.199,-1077.95,30.1087,26.5748
-1780.37,-787.839,26.6732,26.535
-1758.62,-192.812,31.234,26.5277
1723.39,-109.212,41.1802,26.5006
-774.913,-931.316,34.8942,26.4888
-1281.05,297.983,29.564,26.484
-1604.61,-328.864,64.9131,26.4723
-90.519,-1152.31,29.4818,26.4515
-1518.14,1337.35,29.3535,26.4286
286.547,-1073.73,74.4631,26.394
-854.518,1845.51,34.3725,26.3895
-1507.58,738.376,28.8355,26.342
1273.91,-30.6231,48.692,26.337
-1604.94,-1625.34,41.931,26.337
1041.07,525.819,28.5387,26.3177
1438.61,-862.382,26.4951,26.3147
-1073.61,175.848,37.9547,26.2984
1251.1,1227.29,36.095,26.2957
315.697,1000.18,36.0131,26.2493
-268.455,1642.42,37.2986,26.2407
-1541.05,-308.649,27.4205,26.236
-1243.33,-392.937,31.5022,26.2321
795.23,-948.286,32.7507,26.1974
-1368.12,293.496,56.0984,26.1921
1580.5,-992.766,27.222,26.1738
388.965,-1775.25,32.351,26.1382
-1463.8,343.391,26.4746,26.1264
1112.2,-625.133,27.6178,26.1159
1105.09,-1357.73,35.0029,26.1007
1351.02,-645.804,33.0063,26.0823
1569.46,-192.254,27.8945,26.078
-1378.39,1818.35,37.0316,26.0412
671.629,1185.42,61.6254,26.0395
-1196.28,809.437,34.2431,26.0248
-687.996,1574.02,35.8928,25.969
116.242,1737.97,66.7679,25.9474
-1005.25,1165.58,88.5371,25.924
1014.59,-511.093,30.9204,25.9154
-1579.19,834.6,35.2431,25.91
-1209.22,-341.475,28.7829,25.9043
1085.48,1468.04,87.287,25.8803
966.654,-1752.94,26.9199,25.8691
1138.51,-1456.45,36.4179,25.8527
981.662,275.699,31.7805,25.8451
63.2959,1377.23,37.7534,25.7886
1431.68,1215.12,27.6409,25.7813
-104.327,-1281.36,32.2023,25.7735
248.968,-1736.25,29.0495,25.7536
1455.57,-610.07,29.8606,25.7534
-1037.48,-1274.4,30.4898,25.7135
1236.17,23.8426,40.7007,25.7112
1724.82,-1412.23,26.445,25.7005
669.179,-1155.64,29.8654,25.6865
-1744.39,117.447,27.5012,25.6748
-540.932,-1754.07,33.3135,25.6232
1044.71,-141.609,51.6158,25.5726
1575.55,-1296.64,44.4556,25.5571
1434.08,-1554.12,27.1075,25.5501
1789.42,-1096.42,26.3912,25.5466
1203.54,-453.707,45.558,25.526
-846.849,-1041.22,45.0033,25.4679
-967.749,-1807.64,30.0571,25.4425
977.138,1756.8,27.3393,25.4313
-552.56,-1712.39,37.6864,25.4149
417.102,-1795.52,28.6639,25.3787
-266.022,-1384.46,56.5002,25.3718
78.9152,1525.05,28.5438,25.3086
-1270.61,186.509,33.8663,25.2914
1032.35,-511.237,30.4638,25.2744
530.027,-1317.34,31.4194,25.2703
132.31,-1363.13,30.4221,25.2696
1858.48,1051.88,26.1082,25.2629
444.349,1225.21,31.897,25.2596
1464.93,903.627,37.4195,25.2453
366.91,1097.29,76.6647,25.2374
711.197,-1315.54,30.451,25.2242
271.559,1652.03,27.0094,25.1831
-1376.55,-1721.32,34.0738,25.1717
-587.112,-1619.81,33.7018,25.1619
-1524.8,752.38,40.1664,25.1251
-1212.57,-1582.57,58.526,25.1218
875.621,-1045.29,26.1102,25.093
-1809.03,1240.8,64.4523,25.0877
-1527.86,1387.35,28.922,25.0338
-654.908,-1510.77,31.4231,25.0307
-1735.58,430.377,27.6208,25.0305
1396.37,-1461.56,33.63,25.0178
-1231.14,-1876.28,25.2603,25.0045
-1730.67,-1447.66,31.2525,24.9936
1464.31,958.01,33.4293,24.9876
-1660.62,682.413,34.0013,24.9851
-479.45,1510.55,32.2957,24.9541
-1647.23,658.326,39.9764,24.9525
-364.632,-1287.57,31.5575,24.9278
1113.95,598.85,39.9752,24.9088
1221.86,-366.356,33.9777,24.8966
-197.639,-1278.21,25.6327,24.8662
1323.21,788.115,27.8339,24.8457
1310.89,1618.73,45.5585,24.845
-700.349,1314.72,25.896,24.8151
1350.06,-975.626,115.75,24.7682
-353.387,1713.6,37.9348,24.7311
-1052.66,-380.274,31.1522,24.7144
1372.15,314.684,79.0418,24.7064
-1010.13,-1766.77,29.9949,24.6942
712.869,-1506.77,27.9554,24.687
-717.359,1826.57,41.2561,24.6769
1641.68,1753.6,34.6163,24.6442
1569.27,-220.863,126.935,24.6288
983.529,-185.124,57.4351,24.6185
1198.7,-808.175,32.2935,24.6179
-847.156,-1567.37,118.424,24.6076
-1394.15,1786.09,49.7121,24.6054
1315.8,1275.82,37.5679,24.597
-277.995,-1616.37,38.2673,24.5673
1009.4,-1558.04,52.503,24.5496
-1801.33,502.605,32.9419,24.5257
864.552,980.023,29.5147,24.513
750.065,1128.91,43.7448,24.4982
-977.045,359.932,35.362,24.4981
249.398,1557.88,25.9949,24.479
1297.42,-720.451,38.2713,24.4634
1612.18,849.701,27.9114,24.4546
-1559.96,994.104,66.9659,24.4492
707.252,1163.56,32.5968,24.4314
1363.91,-1777.02,25.4255,24.3868
-1135.32,-1634.01,34.6725,24.382
1709.02,-1646.06,32.3598,24.3731
-353.452,-1207.75,30.2603,24.3213
-599.398,1824.53,34.5664,24.3167
1817.46,767.651,60.9116,24.2918
-1092.95,-731.087,29.9823,24.2911
-1721.52,15.5517,25.2965,24.2837
1180.5,-537.806,28.7384,24.2567
1456.35,812.252,33.3798,24.2454
-1802.81,1647,33.6087,24.2319
1532.75,484.785,24.5616,24.2293
1347.5,-1456.01,32.081,24.2254
-711.589,1208.07,47.6907,24.2007
-729.605,935.558,24.637,24.1948
-886.393,-1296.05,26.8708,24.1931
497.037,1316.97,26.9356,24.1928
1428.73,735.815,56.0222,24.1824
-513.705,-1649.08,25.2008,24.1562
1631.94,542.905,27.4854,24.1414
-1578.39,329.527,27.7249,24.127
-1534.7,1101.3,33.6522,24.1256
1115.66,235.706,28.6841,24.0682
-1551.4,-247.552,26.6682,24.0404
1720.93,1428.29,39.3373,24.0345
974.547,1121.21,25.5669,24.0344
-268.174,1097.53,35.0241,23.9884
-1304.52,-1225.43,26.2697,23.9684
483.487,-1413.77,48.1734,23.9639
-40.2605,-1144.49,33.7368,23.9417
904.398,1814.55,31.5123,23.9367
-1493.92,-456.053,26.316,23.9357
307.573,1473.09,37.5472,23.9331
980.378,-1016.73,31.3998,23.9224
422.42,1184.63,39.1131,23.9031
1422.11,-431.162,28.4529,23.9022
-40.2407,-1488.43,30.2222,23.8999
1367.43,527.156,24.4241,23.8992
1396.69,1368.98,24.4311,23.897
376.542,-1448.31,54.1682,23.8943
1251,-966.487,42.4971,23.8819
870.401,-1855.27,37.6148,23.877
1122.16,520.721,28.5907,23.8728
-1856.41,-1441.69,36.282,23.8699
-439.296,-1600.35,28.7417,23.8544
-1768.76,311.29,29.2946,23.8508
1047.88,459.36,35.8558,23.848
209.66,1332.24,24.0073,23.8393
-361.102,-1795.33,28.1536,23.8312
-1152.67,1261.59,27.0402,23.8242
101.777,-1329.06,27.4977,23.8212
830.475,-1583.97,31.4809,23.8001
-543.01,-1863,25.2527,23.7795
327.256,1406.81,25.9907,23.7716
-1420.86,1837.57,26.9208,23.7643
1325.61,228.465,40.109,23.729
-1017.42,77.881,26.7686,23.7286
1355,-591.815,38.0969,23.7281
-529.458,-1168.15,24.8976,23.7173
-1048.66,-1775.96,46.4837,23.712
-1311.95,563.688,27.7745,23.7115
-955.65,-1526.25,57.9065,23.6969
-26.2203,-1625.69,32.4277,23.6816
-899.999,-1336.36,26.0939,23.671
258.781,1327.82,32.2908,23.6057
1376.31,-321.001,35.665,23.5971
1134.01,769.515,30.9523,23.5876
1581.5,-1324.47,25.6816,23.5717
-330.828,1369.49,26.6357,23.5713
-1394.42,-1060.95,29.6945,23.559
1205.13,202.849,25.8527,23.5448
-705.22,1848.12,37.3066,23.5412
993.246,-1104.76,61.8098,23.5289
1720.63,-1174.45,23.6476,23.5277
1242.1,1559.73,34.176,23.4903
572.21,-1482.47,27.501,23.4551
1627.2,-920.926,23.8213,23.4423
1227.66,-1042.43,53.4824,23.4413
-1379.5,-127.58,95.1929,23.4366
1342.57,-234.888,40.5591,23.4219
-986.189,1399.01,32.4648,23.413
230.151,1360.86,46.3638,23.4108
-1740.56,656.974,26.5656,23.3906
832.568,-963.834,34.3774,23.3897
-1116.23,826.626,30.3254,23.3559
1712.98,1814.89,23.8767,23.336
1624.07,1147.24,43.8102,23.3319
-1136.51,1415.17,33.7861,23.3283
-1211.7,-471.875,30.258,23.3158
491.589,-1723.99,36.8952,23.3138
-1133.68,1765.44,29.9977,23.3133
1372.18,-662.397,39.2566,23.3114
17.9248,-1593.86,42.4532,23.3047
-1128.04,-1311.38,25.4787,23.3044
995.903,532.51,32.5086,23.3027
164.027,-1331.55,23.3474,23.3024
-1331.31,-658.091,25.4165,23.2753
-271.858,-1569.91,24.8648,23.2737
-1226.86,879.996,27.9129,23.2674
-983.777,1327.95,24.1572,23.2423
704.754,1536.17,31.9962,23.2376
-1171.44,1867.3,36.4669,23.2041
-771.158,1049.83,23.3552,23.1694
-932.433,-86.4014,51.3019,23.1622
-1766.38,816.171,25.9447,23.1466
-511.411,1112.69,30.5217,23.1419
965.805,1017.73,24.983,23.0985
1634.55,532.556,25.7658,23.0827
565.901,1534.65,30.3169,23.0679
-1860.43,-150.311,23.6429,23.0662
1153.51,1641.4,28.6626,23.055
965.023,-636.924,28.4983,23.0541
-1188.15,-6.17333,35.1722,23.0294
1122.42,53.8504,35.0732,23.027
-1644.58,-1448.71,24.1372,23.0175
696.406,-1168.68,23.3922,22.9938
1592.35,420.323,36.6609,22.9904
910.63,1476.89,23.2461,22.9772
-194.89,1047.3,23.159,22.9534
-797.505,1006.68,23.9793,22.9264
1468.28,-1108.98,23.4504,22.8689
-1393.75,-1176.17,23.8964,22.8405
1297.37,-1312.83,27.477,22.828
1397.01,-335.684,42.5152,22.8266
1700.76,1393.47,88.1636,22.8247
1136.93,815.451,23.142,22.8213
-967.123,-1498.97,31.3069,22.7768
-81.7848,1877.32,29.7489,22.7746
191.375,-1085.52,30.1549,22.7701
-1156.39,-1825.65,23.8317,22.7666
754.203,-1356.34,26.4026,22.7663
-299.267,1707.74,28.2535,22.7142
1647.82,-621.306,29.9206,22.7123
1194.99,-26.6149,25.0636,22.7115
-991.226,571.112,25.5657,22.7104
-634.021,1851.44,33.1727,22.7045
592.311,1021.66,29.7113,22.6994
-384.825,1039.76,27.6677,22.6912
1108.09,-1814.37,33.0559,22.6864
-1652.06,1388.29,32.3123,22.6663
1332.59,-743.533,24.1648,22.6278
-1590.23,1469.48,22.9288,22.6249
1539.91,901.001,35.5426,22.6096
-1310.32,-1872.96,26.7203,22.6037
-1877.17,986.898,23.043,22.6011
613.726,1259.73,31.618,22.5957
558.274,1402.64,37.1441,22.575
-1267.85,301.57,23.9311,22.5715
1140.6,839.721,45.5956,22.5704
1577.94,-561.653,31.7428,22.5534
-1066.5,1285.37,27.8989,22.5304
-822.881,-1172.53,23.1787,22.518
1583.3,-638.003,34.0278,22.5133
-564.139,-1568.75,24.4705,22.5111
-514.058,1203.99,31.0783,22.5073
-1336.77,-1201.87,24.8792,22.5033
-676.735,1837.83,26.1101,22.4941
-1670.07,444.846,23.2792,22.4902
-1052.41,-1525.92,23.711,22.48
698.132,1839.43,38.9941,22.4767
-1216,-840.199,52.5704,22.4657
1675.07,1263.92,23.7224,22.464
-1497.68,108.842,28.6457,22.4599
-1256.87,829.427,28.8091,22.4295
1475.8,-120.561,24.447,22.4226
-1029.27,-1361.21,26.86,22.4098
1690.6,-1763.59,24.5317,22.4065
592.393,-1638.03,30.4492,22.4046
-939.899,-1381.47,43.1515,22.396
-1254.88,1614.04,25.1214,22.3837
-493.741,-1781.38,75.6275,22.3818
1629.38,1276.98,23.7359,22.3746
-195.206,1034.12,37.1382,22.3678
-1790.06,-739.506,37.2565,22.3638
-1198.8,-511.521,27.8005,22.3619
11.1431,-952.35,25.0497,22.3539
708.299,1539,22.4642,22.3482
1392.61,401.171,25.9872,22.3306
1780.57,682.256,27.761,22.3054
-1420.7,-1251.97,23.5843,22.305
594.96,1210.09,25.4387,22.2945
315.03,1745.02,27.1023,22.2777
1216.08,-905.014,22.8174,22.2542
-844.013,-1230.74,26.6658,22.2524
-1177.09,189.777,23.9668,22.2197
-1349.36,1697.81,51.9531,22.2013
-1364.37,-1592.5,33.2755,22.1976
-491.783,-1699.71,44.1295,22.1923
-1733.32,236.258,32.5094,22.182
1393.11,1840.02,28.16,22.1686
943.221,1260.83,27.0676,22.1678
-1216.77,-1333.64,22.2544,22.1666
-1452.02,-258.325,34.9519,22.1292
1783.23,784.682,29.4716,22.1249
477.448,1200.99,28.2348,22.1238
-58.2332,-1376.09,42.1064,22.1031
1031.4,-45.2338,24.8015,22.0949
1719.79,393.82,32.4713,22.0941
-433.811,1593.88,22.5482,22.0529
379.366,-1372.2,26.2243,22.0446
-1658.93,-104.276,24.5334,22.0367
-971.512,1625.43,32.1323,22.0364
1827.95,1224.05,24.1763,22.0305
-976.096,-1680.26,36.0177,22.0244
1122.1,-140.737,46.6556,22.0195
1712.2,-1271.74,24.0957,22.0143
34.0233,1063.03,23.4342,22.0027
1623.4,1607.35,25.7145,21.9939
1014.99,-1632.28,22.0452,21.9703
14.2735,-1549.3,49.8834,21.93
-1353.78,1156.98,36.0219,21.9264
-1184.54,-1405.16,38.2764,21.9108
1881.41,199.055,26.3829,21.91
-447.175,-1626.4,31.7506,21.9074
-15.0256,1025.61,39.7422,21.8781
-1882.68,94.6476,23.5636,21.8732
-1489.54,1522.17,22.1546,21.8568
575.496,-1369.92,31.9823,21.8371
844.958,1634.15,22.2325,21.8259
181.383,-1797.31,48.4487,21.8171
1719.61,-1366.64,26.2669,21.7937
-910.857,1146.12,22.1953,21.7613
-303.166,921.911,38.0103,21.7526
-1318.09,-169.044,22.225,21.7468
-1482.71,-385.03,26.4252,21.7279
795.844,1562.03,32.4035,21.7046
702.517,-1496.57,36.7374,21.7004
-1028.66,-1371.67,34.6647,21.6949
28.0866,1269.61,31.631,21.6855
1199.03,-911.706,49.9356,21.6838
-1023.1,-1661.12,30.138,21.679
565.042,1276.79,31.1527,21.6455
1326.99,-1045.13,21.7592,21.6344
1404.4,-1384.03,26.6905,21.632
-750.212,-1890.02,24.493,21.6297
1009.08,-476.697,26.2024,21.625
1687.23,-1717.32,28.2466,21.6244
591.489,1547.15,21.6689,21.6234
-1329.01,1343.01,26.6816,21.6143
548.414,1778.83,25.8307,21.5951
970.944,-769.796,36.6657,21.595
-1660.83,-1183.59,26.6699,21.5907
-1452.94,1852.59,26.8174,21.5859
-1338.64,1530.8,70.2579,21.5728
715.327,1377.33,42.0238,21.5649
-870.673,-1314.07,21.8384,21.5632
877.011,1827.16,21.7217,21.563
1156.16,847.989,25.6559,21.5597
1698.57,-127.997,28.0526,21.5474
172.665,1184.36,22.939,21.5447
-702.623,-1191.76,33.2262,21.542
347.606,1548.76,21.7693,21.5318
1278.17,-318.529,30.5769,21.531
-1151.16,1657.18,27.7335,21.5226
618.479,-1056.65,21.7774,21.5206
512.379,1836.47,39.6454,21.5194
1314.65,1589.91,26.2094,21.5151
1161.33,438.979,30.119,21.5077
1576.41,-1851.39,22.3836,21.4933
-1564.95,-142.186,28.4024,21.4921
-1812.07,-89.3285,35.0107,21.4892
1459.14,-376.313,21.6537,21.4883
-381.559,-988.401,23.5052,21.4782
-142.213,919.164,52.4812,21.4651
1169.65,296.23,22.6353,21.4575
1464.72,705.386,36.7688,21.4574
-1790.73,835.069,22.2118,21.4458
1597.94,227.728,40.8693,21.4345
-1074.9,1083.53,22.2073,21.4216
1133.05,-111.234,51.1415,21.4212
-921.903,1570.92,30.1261,21.4147
620.803,-1657.52,23.8066,21.4052
1314.42,1485,38.8874,21.3833
-1266.01,-401.272,21.9818,21.3805
1682.35,543.771,22.4651,21.3539
-1728.38,-822.747,21.8372,21.3283
-1547.16,1579.84,33.7974,21.3232
76.0261,-1493.92,22.2641,21.3161
1152.69,-932.809,33.2193,21.3159
-1458.54,-603.663,32.5015,21.3098
1354.46,232.431,21.3133,21.2915
-230.848,1218.34,21.5439,21.2719
-1491.35,477.324,25.839,21.2703
1371.38,-1681.59,34.6873,21.262
-1508.11,-236.149,21.37,21.255
1214.04,754.486,44.3758,21.246
1029.59,1866.91,21.8164,21.2388
-1415.66,1197.36,41.7094,21.2192
1199.48,-546.622,32.0812,21.209
-995.444,-327.697,24.8559,21.2027
-1257.78,-1692.22,23.4701,21.189
754.898,-1776.94,34.8914,21.1699
1192.57,1683.06,27.1953,21.1697
-1542.53,-1426.64,26.4439,21.1694
1432.38,1716.4,32.1291,21.1561
1647.04,-674.709,23.3995,21.1471
-1007.09,-1192.98,59.0208,21.1063
-173.398,1077.62,32.0605,21.1027
1346.21,968.414,35.3176,21.0968
-777.567,-1216.7,23.1819,21.0913
-1813.93,-514.086,30.7581,21.0908
1617.77,166.941,32.1916,21.0906
1246.54,-362.139,28.8598,21.0861
-393.363,-1664.28,33.9007,21.085
1765.58,1756.73,21.992,21.0836
-762.524,1024.81,21.7109,21.0827
-1134.12,1256.59,36.2494,21.0808
1385.08,924.148,21.7995,21.0421
-1808.36,1578.68,21.7578,21.0301
-1261.61,-710.549,24.9139,21.0283
-1606.45,-1514.26,21.0726,21.0282
1434.98,-928.524,23.5038,21.0216
-947.233,-1042.22,32.4486,21.0166
-1148.69,-1506.89,72.5276,21.0165
1532.41,1480.19,24.1411,21.0054
-1216.59,-1018.76,21.0803,20.9965
-407.634,-949.79,23.7317,20.9916
-1690.41,1510.38,22.6636,20.9877
-1479.8,715.447,22.5999,20.9626
1817.44,1719.14,24.173,20.9587
-1341.74,1105.47,22.1734,20.9542
-1669,-201.524,42.3772,20.935
-1421.3,217.92,26.874,20.9237
-252.699,1297.42,25.9548,20.8823
1658.81,-1189.36,25.5077,20.8793
-1548.93,-1357.9,21.1403,20.8792
-700.944,-908.603,39.7591,20.8766
-1565.51,1705.91,26.78,20.8744
-99.4091,1714.85,21.6624,20.8709
-1516.91,451.561,38.489,20.8671
-1656.37,-752.357,21.5316,20.8602
-580.245,-1325.41,41.5385,20.8466
-1300.8,-29.206,49.7343,20.8465
1199.01,-905.159,28.0437,20.8232
247.715,-1713.4,25.844,20.8175
969.899,1048.18,27.9986,20.7927
-1082.71,732.52,29.0889,20.7797
-271.135,1815.62,75.5513,20.7713
-676.549,-1426.45,21.0382,20.7711
-1021.94,1329.6,29.5745,20.7553
-671.879,-1202.29,30.9434,20.7465
-1287.61,-676.521,23.6145,20.7465
136.52,-1675.47,22.1308,20.741
1537.51,736.473,25.6222,20.7397
-993.83,1013.28,35.3698,20.7367
-1586.77,-1522.29,21.1096,20.7346
-1585.8,-413.268,27.8597,20.7342
479.463,-1725.06,37.8448,20.7222
731.214,-1218.21,22.3639,20.7054
1299.83,842.036,22.3015,20.6908
-72.8888,1827.87,22.7858,20.681
-898.796,1668.59,22.4426,20.675
-1240.87,520.069,22.1278,20.6674
-1122.91,1524.92,21.7916,20.666
-884.124,1297.56,20.7857,20.6625
-267.892,1709.14,32.6076,20.6581
-117.092,-1417.01,30.1122,20.658
1085,1298.61,23.001,20.6286
1036.73,-1575.92,38.791,20.6272
-1321.87,421.917,28.9585,20.6262
-218.418,1743.1,27.944,20.6241
-923.47,214.609,21.9353,20.6228
511.938,-1232.13,21.2033,20.6178
-1598.9,1443.22,23.1158,20.6167
1830.8,1569.92,20.8667,20.6053
1105.32,-55.4194,21.9446,20.6035
1592.7,-608.476,25.1222,20.6
1773.88,1624.72,41.0558,20.5838
1317.51,-640.003,31.0385,20.5752
-1614.88,1488.67,21.4859,20.5622
-623.596,1704.34,22.3702,20.5507
572.785,-1168.69,29.7633,20.5503
-947.032,-1883.37,26.6862,20.5225
-1628.63,1605.55,22.4853,20.5152
1802.78,1674.9,22.1704,20.5104
-1754.83,1640.25,25.4618,20.5017
387.405,936.265,25.0249,20.4965
1401.89,1357.39,34.2941,20.4838
609.097,1145.3,21.6261,20.4791
1709.68,-1372.95,31.2182,20.4724
-1220.62,821.94,30.2081,20.4586
-1177.65,-1074.58,22.7112,20.4584
465.92,1754.61,20.9508,20.4532
1734.93,-1467.37,21.9614,20.4466
-1195.31,1391.94,27.0404,20.4424
-1485.17,-238.414,41.7943,20.4418
-1758.74,200.324,22.2667,20.4413
-1182.56,911.724,21.2747,20.4413
482.055,-1736.2,21.7382,20.4361
1393.14,-718.783,24.9739,20.4221
1602.26,1823.34,30.5534,20.4076
-853.609,1513.05,21.4202,20.4058
-1365.91,303.248,20.8227,20.4016
1391.82,-1861.54,29.8509,20.3933
-1233.77,-320.869,21.2547,20.3932
201.695,1481.56,23.617,20.3896
1167.7,578.117,20.868,20.389
-369.266,1098.44,21.2771,20.3824
-346.734,1723.05,32.1509,20.3824
-588.545,-1082.36,21.7113,20.376
-1711.89,981.388,32.8871,20.3592
-1544.71,-155.505,73.6295,20.3546
-1160,834.513,21.6376,20.3535
-1529.15,-1043.11,23.4183,20.3474
1441.56,412.369,20.9311,20.3472
1549.27,416.905,26.5607,20.3442
-1689.37,-234.873,28.5826,20.3118
573.958,1527.56,52.6604,20.2806
304.762,970.989,20.8407,20.2775
-695.905,-936.381,23.1236,20.2735
1122.25,1727.37,23.1314,20.2655
-610.184,-1034.63,30.0595,20.2601
1430.53,-669.76,38.7626,20.2561
-1707.98,239.293,20.8719,20.2551
-593.109,-946.879,20.3158,20.2484
1375.09,1208.6,21.0146,20.2465
-752.206,1158.14,26.5781,20.2437
1287.79,1127.37,23.5607,20.2411
617.394,-996.171,35.4476,20.227
134.803,1708.19,27.911,20.227
-1344.49,-1654.94,24.4427,20.2207
-1360.25,-815.102,21.5895,20.2147
741.089,-1832.67,23.2567,20.2137
-1002.37,-1055.35,21.1652,20.2101
1253.31,-1520.87,26.5701,20.2095
-812.016,-946.396,26.6384,20.2075
1771.11,-108.799,31.0909,20.1964
1276.21,-576.924,20.9817,20.1801
720.98,1488.85,20.6721,20.1798
1085.38,37.2767,22.6486,20.1793
-1041.01,-223.308,24.9012,20.1699
-226.51,941.723,20.8387,20.1614
-1418.23,-346.023,41.96,20.1594
-505.154,948.257,21.1455,20.1326
1352.38,55.9209,20.6965,20.1089
638.218,-1296.52,20.3199,20.094
-243.16,1815.55,43.7581,20.0864
-1127.48,-1477.92,31.2966,20.0842
737.122,1540.42,27.9782,20.0763
1168.06,-1673.42,24.3955,20.0723
937.455,-1415.9,21.6615,20.0689
-1437.58,877.509,26.9962,20.0674
-1219.01,-1479.62,21.5459,20.0642
1332.86,-1359.77,33.669,20.0629
1321.39,1681.8,20.4957,20.0554
-1795.8,694.337,23.8342,20.0457
-1856.92,917.815,21.6982,20.0456
-617.662,-1867.47,35.6403,20.0446
178.318,-1095.33,22.4777,20.0435
1358.61,-201.695,34.9238,20.0368
-1742.35,-549.595,20.1928,20.0201
1786.62,152.665,30.3199,20.0183
1283.83,1023.58,171.546,20.0054
1016.67,-1799.14,25.122,20.0037
1886.7,997.091,21.8938,19.9906
343.014,1768.4,24.5872,19.9876
-1215.22,1149.38,23.8126,19.9784
1617.94,-1266.45,24.553,19.9756
-1811.35,-394.648,20.4789,19.9665
-356.774,-1731.77,21.327,19.9612
64.3592,1785.35,44.0481,19.9568
-1373.88,125.146,28.6816,19.948
219.425,-1307.96,27.0238,19.9466
297.056,1481.1,21.7365,19.9295
-489.183,-1569.87,32.3336,19.9292
1591.54,139.492,26.3424,19.9169
-1096.12,943.646,21.8673,19.916
1.25007,1399.62,20.5519,19.9144
-1868.83,-1781.22,21.3622,19.9113
450.982,-1674.36,20.4389,19.9084
1150.69,-1141.72,20.2961,19.9072
-1742.83,1143.23,21.0393,19.8932
-961.16,-1046.53,20.3656,19.893
1124.57,-904.547,45.7692,19.8835
1210.27,875.461,34.117,19.8786
131.64,965.727,20.7435,19.8633
1718.22,1340.95,25.5917,19.8534
12.5793,1423.38,21.9414,19.8504
-251.665,1061.72,20.4366,19.8485
-682.271,1135.11,26.8028,19.8469
27.4195,-1485.45,20.982,19.8444
-1756.59,-166.833,20.5623,19.8392
1143.48,1192.39,21.0701,19.8375
-327.837,1858.3,22.0602,19.8133
1801.65,547.315,24.463,19.8088
1678.11,-1719.32,34.2622,19.8015
-1097.59,1465.02,22.2511,19.7989
732.157,1683.61,23.0668,19.7985
-1120.99,-934.807,44.4514,19.7984
-1445.03,1259.7,38.1564,19.7979
536.79,1556.78,22.158,19.7922
-1103.25,924.89,34.3617,19.7726
1157.78,694.844,26.002,19.7675
-1275.93,-309.283,25.5337,19.7646
-947.129,232.498,25.1194,19.7569
-1484,-1073,26.2911,19.7541
1515.03,1728,20.1642,19.7526
1252.84,-1459.76,21.4871,19.7431
-1682.43,-893.247,43.5404,19.7429
-1702.57,348.252,22.6012,19.7401
1295.93,-308.456,29.2981,19.7382
-1139.37,589.565,28.9632,19.7329
1507.35,-609.179,21.5766,19.7245
-746.162,-977.746,25.4118,19.7171
-1322.89,-965.026,20.1193,19.7165
1161.38,-174.23,28.1732,19.7111
1032.03,-1140.28,19.9677,19.7097
-1580.17,1421.49,26.7679,19.7072
-1336.73,237.146,21.0147,19.7029
-1804.72,-106.927,35.9295,19.7027
1034.79,950.231,30.3166,19.6994
94.313,1723.23,20.0683,19.6981
1483.85,-1733.3,62.728,19.6938
966.102,-767.405,25.2361,19.6904
863.258,1034.96,30.2054,19.6894
-179.987,1602.49,20.4086,19.6893
-1058.09,1568.36,21.9919,19.6857
-1684.84,385.219,24.6693,19.6829
1199.02,1546.84,21.125,19.6801
-748.31,1244.65,20.4521,19.6725
1481.75,323.163,20.2427,19.665
1588.36,-1645.97,130.962,19.6618
-1264.15,1238.11,20.8374,19.655
274.371,1175.56,40.2502,19.654
115.762,1803.11,20.1359,19.6269
-110.346,-1480.51,27.4441,19.6206
561.051,1721.97,21.8549,19.6189
-976.178,-704.31,24.2123,19.6153
1759.82,-316.191,22.4193,19.611
95.9417,1165.68,24.3199,19.6035
-1021.94,925.979,22.2462,19.5857
1.43126,1707.02,22.057,19.5805
-1738.31,-819.261,27.3784,19.5698
309.093,1853.56,22.2567,19.5691
-1555.54,143.536,68.5916,19.5589
-221.643,1286.66,21.8805,19.5391
-1261.27,24.2772,22.7181,19.5295
1643.11,1490.95,21.4408,19.5275
-393.678,1392.4,28.1369,19.5264
-931.151,250.968,27.5264,19.516
-1758.22,1856.09,21.7033,19.5116
-107.834,-1000.44,26.2336,19.5101
-1267.7,-875.241,23.8159,19.5087
392.863,949.667,23.1478,19.502
1850.27,-200.206,42.2782,19.5005
631.411,-1179.22,21.1556,19.4967
612.175,1468.9,46.8337,19.4961
210.891,1015.76,20.6074,19.4921
681.174,1421.58,19.8522,19.4874
-1726.94,-1229.05,26.2904,19.487
7.11643,-989.362,19.7167,19.4771
-1384.13,283.51,20.8167,19.4761
-1568.86,-1307.87,28.9213,19.4745
-145.41,1426.22,21.507,19.4648
-1499.57,687.867,20.9558,19.4613
1613.28,-1742.89,23.6658,19.445
1372,1300.68,21.9033,19.4274
-474.65,1059.8,26.0081,19.42
-1513.72,-856.781,43.2854,19.4198
1566.16,-1228.12,20.2003,19.4153
-938.224,681.423,19.8036,19.413
1417.82,1256.35,19.6625,19.4077
-1306.18,1832.39,21.7803,19.4066
1157.14,-1538.13,29.4344,19.3956
-1448.8,1333.18,27.4555,19.3936
142.138,-1079.49,21.3873,19.386
-769.86,-977.446,29.4972,19.3852
-1700.88,-867.575,20.6892,19.3814
-1689.12,1893.01,22.3701,19.3711
478.016,1669.72,34.1732,19.3679
896.963,1099.5,23.9536,19.3658
-244.629,1325.26,21.2759,19.3599
-646.722,1229.45,24.8955,19.357
400.897,-1217.93,21.4396,19.3524
-651.932,1795.03,86.3293,19.351
-1024.16,-1365.07,19.4581,19.344
1832.43,395.982,26.2619,19.3385
-98.0871,1558.2,22.9532,19.3348
-925.394,-767.962,21.694,19.3299
-1536.37,1599,31.2088,19.3256
-1861.32,740.114,26.8069,19.3079
-1206.46,-1026.91,19.8409,19.3044
1845.79,-835.622,21.6261,19.3004
-718.168,-1094.64,29.2733,19.3001
1439.07,-1875.45,21.6252,19.289
1037.31,1851.67,29.7537,19.2864
1116.07,1857.18,19.5239,19.2826
-141.052,-1677.27,19.9407,19.2787
1604.47,502.538,19.3551,19.2736
-266.394,1784.79,21.4837,19.273
1315.14,816.337,20.8191,19.2708
763.338,-1303.11,20.4933,19.2681
-745.421,1080.88,20.7649,19.2628
1476.22,-1151.17,19.4822,19.2546
680.386,-1184.91,31.5523,19.2468
-1814.87,619.162,19.6567,19.242
1763.09,-1738.52,34.6491,19.2337
1031.8,1067.27,20.3436,19.229
-1002.21,-1699.47,19.5644,19.2288
1210.09,-1778.61,19.4419,19.2285
1562.63,-1265.14,41.095,19.2253
-102.515,1438.97,22.3111,19.2231
-44.7767,-1717.45,25.1862,19.2205
-1534.31,-266.263,24.8706,19.2186
-639.659,1813.53,23.1572,19.1863
-1518.86,810.513,19.5571,19.177
-1332.74,570.415,33.2413,19.1701
1720.31,-269.94,27.3853,19.1687
1523.86,-1155.36,42.8665,19.1566
-1820.05,-1844.44,30.9067,19.1552
1857.91,-1119.41,19.7576,19.1539
-1758.46,-1026.26,19.6589,19.1498
1254.23,-1670.31,26.2003,19.1451
1133.53,-801.769,21.731,19.1414
-518.184,1729.1,33.7645,19.1217
614.876,981.256,22.1936,19.113
-1757.23,-197.29,23.3751,19.1078
-1062.22,656.456,25.1505,19.1069
-948.529,-1354.06,19.6055,19.1056
1078.92,-530.573,19.7938,19.0964
-1499.58,963.201,23.2072,19.0955
-275.126,-1345.97,22.8801,19.0804
953.947,1125.01,20.7934,19.079
-164.727,984.719,78.1245,19.0758
-710.824,1871.78,21.7708,19.0729
-1824.88,10.6269,20.6383,19.0553
-236.716,1323.52,24.1054,19.0535
1703.67,-198.957,23.5697,19.0523
1822.16,-648.915,26.8047,19.0483
1522.61,-880.387,41.6361,19.0406
-967.232,-1517.18,19.3321,19.0375
1057.49,153.967,21.6482,19.0369
-1118.79,87.1288,24.9663,19.036
34.0526,1768.73,21.6587,19.0356
1679.41,-694.729,33.4197,19.0355
260.718,-1471.61,31.6471,19.0347
612.914,1607.33,27.3758,19.034
-362.685,-1080.19,40.8426,19.0331
-1141.36,1365.23,22.2357,19.0239
1068,-1397.27,19.8512,19.0217
-1305.56,1127.35,20.8347,19.0168
1744.1,-1336.87,19.7943,19.014
365.592,-925.57,26.2068,19.0094
1179.64,-1269.51,24.3059,19.0057
-1314.3,-1709.47,67.3165,19.0027
953.904,678.031,27.3008,19.0012
1875.98,-1287.7,22.0062,18.992
1360.55,1625.7,26.3196,18.9869
-1416.7,1669.7,23.5195,18.9859
491.359,1829.68,19.3928,18.975
-719.068,1010.32,23.1489,18.974
1235.48,746.456,29.4228,18.9499
1075.41,-1027.48,26.5864,18.9473
-1569.8,-1462.22,21.1691,18.9461
684.468,1868.79,20.6119,18.9409
-1141.27,-1875.14,27.8535,18.9129
1090.29,-473.737,20.7238,18.9117
-177.099,1424.16,19.374,18.9047
1050.26,83.1195,21.8039,18.9018
-19.0559,1058.27,139.013,18.8998
-1434.55,498.881,22.1416,18.8947
-1411.39,1499.65,27.8413,18.8927
1503.56,1393.98,22.2103,18.8919
1779.73,-1066.14,19.8419,18.8893
-1512.21,1429.29,19.3726,18.8888
-1229.73,709.985,19.3281,18.8869
1271.55,-1226.74,25.2273,18.886
-1768.82,-1684.78,81.1147,18.8754
-329.22,-1304.99,29.303,18.8631
-432.391,1798.14,18.8945,18.856
1519.89,1753.14,28.862,18.8506
1235.83,1890.21,19.2082,18.8444
-469.766,1672.89,19.5139,18.8369
-934.391,1525.18,36.4611,18.8359
306.002,-1538.58,22.721,18.8343
-285.672,-1152.71,32.0276,18.834
-1246.97,499.288,22.2925,18.8319
840.19,-1648.89,19.5141,18.8309
183.23,-1566.14,36.5461,18.8267
200.268,-1408.87,20.5883,18.8092
-1455.76,1858.01,20.7328,18.8085
247.72,1123.05,41.0357,18.8078
-1248.53,-468.722,28.0837,18.8039
1650.1,1486.04,19.9967,18.8037
-238.434,-1435.55,38.4372,18.8037
1232.82,-383.144,31.9265,18.7962
1062.62,1384.69,19.8743,18.7952
1253.6,701.504,23.7493,18.7827
1699.45,1743.01,25.2746,18.7826
1493.87,787.728,30.3105,18.7744
1249.96,781.49,24.8005,18.7631
454.305,-1420.15,22.5564,18.7628
94.3168,1839.99,20.1888,18.7521
-1771.04,-1723.46,22.7161,18.7405
1841.75,-1736.15,19.2121,18.7357
-1793.5,1060.32,20.065,18.7341
1467.48,-724.703,19.4171,18.7337
-1799.33,-1308.77,18.7735,18.7276
-1547.4,1401.57,26.7422,18.695
1524.09,-303.788,20.9898,18.6919
-1677.82,-725.063,20.1016,18.6903
-1305.64,1.11397,19.7995,18.6799
-884.717,-1457.97,25.7055,18.6766
1395.65,-177.672,21.9262,18.6591
1504.8,-1081.8,34.7231,18.6569
-1631.57,-76.1648,19.1031,18.6544
-324.26,1885.83,20.6114,18.6528
1227.78,1746.51,36.4917,18.644
-871.056,-1303.24,19.7807,18.642
-364.68,-968.27,20.8339,18.64
1049.4,1635.4,19.3331,18.639
1202.56,1631.19,19.4886,18.638
-1091.85,429.194,22.1104,18.6307
215.682,968.662,19.1164,18.6289
-1835.57,-741.535,22.8909,18.6272
1676.4,-135.504,19.6626,18.6178
-1537.6,1188.51,22.522,18.613
-1444.28,1683.61,27.7858,18.6092
1366.2,1282.71,26.133,18.5916
1814.37,1136.07,65.535,18.5879
-238.46,-1554.64,20.3114,18.5875
-1491.75,369.775,18.8465,18.5856
881.186,973.45,20.4093,18.583
143.753,1516.2,26.303,18.5825
36.5109,-1613.25,88.8119,18.582
-1596.13,-1830.89,21.475,18.5758
-1508.52,-685.98,20.7189,18.5756
905.146,-1309.5,26.1759,18.5748
-1581.32,1473.05,21.0674,18.5744
-575.412,1550,26.1214,18.5695
-1574.23,-457.059,40.988,18.56
1807.98,626.327,20.0205,18.5591
-441.714,1485.35,33.943,18.5578
1023.59,1564.16,33.7463,18.556
-924.342,-1520.45,22.0921,18.5534
-921.218,1609.5,18.6943,18.5479
1300.42,-1705.5,32.4202,18.5465
-614.806,1277.56,43.1149,18.5441
-1248.23,-1071.67,39.1817,18.5243
-66.6236,-1208.68,18.7471,18.5205
-770.654,-1293.31,41.0779,18.5188
-749.128,1076.1,20.2042,18.5176
10.1671,-1138.47,24.1821,18.5174
-542.061,1374.02,20.1338,18.5115
583.91,-1395.05,23.881,18.5041
-1738.32,84.7501,31.9845,18.5031
1714.02,385.668,20.8325,18.5028
999.422,-167.23,20.3135,18.4868
109.024,1866.39,42.2915,18.4863
-1105.64,1308,22.1718,18.4845
1335.27,1371.45,44.4827,18.4789
-1255.03,-1687.58,20.8592,18.4768
104.29,-1886.71,20.6977,18.4558
-1653.05,813.853,30.1582,18.4442
1415.03,1393.8,21.3422,18.4438
1680.18,-1017.8,18.9007,18.4411
1581.37,-1038.32,26.4249,18.4358
1743.9,-1747.47,26.5763,18.4349
-59.8815,1588.82,19.9515,18.4198
1459.52,298.154,18.6596,18.4194
1668.21,222.005,24.9903,18.4162
1653.45,-1045.46,24.1253,18.4122
1387.66,-1289.55,25.5775,18.4121
884.948,-1143.48,19.9735,18.4084
-630.085,-1511,19.7579,18.4069
1851.9,359.199,19.8032,18.4058
-1562.1,1032.58,20.6621,18.4045
1617.12,-739.029,31.6588,18.3867
1317.86,-518.517,38.9786,18.3815
1793.62,1664.32,19.0834,18.3815
-644.826,1865.36,20.5336,18.3752
1277.87,37.8058,43.9122,18.3737
-1734.45,900.286,18.9496,18.3734
-598.862,1014.04,18.3928,18.3614
658.227,-1218.36,66.7593,18.3552
-1687.52,-30.6367,21.0827,18.3542
-1282.58,-24.2372,19.1114,18.3529
90.4983,1057.16,19.3202,18.349
-975.519,-658.78,20.1979,18.3471
476.19,-1837.5,20.5887,18.3421
-1791.77,1591.59,21.0045,18.3392
504.365,-1216.51,18.4294,18.335
36.9517,-1397.4,63.2813,18.3314
862.385,1127.84,18.5152,18.3277
-1170.11,-1363.29,21.225,18.326
1555.87,-1892.13,19.4434,18.3258
1887.91,1566.06,18.6011,18.3126
1859.16,-980.985,19.7749,18.3106
1606.83,-829.246,28.0281,18.3092
1195.34,762.544,18.8634,18.3092
-1103.22,-308.815,24.7647,18.3074
344.962,992.698,18.7346,18.2983
976.935,-1218.01,24.0556,18.2886
853.032,1259.08,21.3419,18.2879
1064.04,675.25,20.7662,18.2868
1320.93,1125.42,21.1734,18.2853
-1760.16,243.289,21.7861,18.2846
-1533.23,1620.4,39.8004,18.2821
-1258.03,588.491,31.7582,18.2762
1823.42,1849.42,50.2075,18.2695
1088.23,1162.53,23.4005,18.2695
1351.86,-674.728,31.8536,18.2636
-941.44,-293.791,20.3307,18.2628
-991.544,-621.184,20.5536,18.2516
-208.131,-967.499,21.3244,18.244
-1350.87,-1169.24,21.6851,18.2436
1510.39,12.3507,18.28,18.2426
1422.51,-1070.61,22.0563,18.2408
-988.767,-677.416,20.8899,18.2406
642.614,-923.688,66.8725,18.2403
335.511,984.421,24.4782,18.2393
-1747.05,-998.078,19.1377,18.2371
368.99,1507.45,19.206,18.2343
266.421,1510.21,23.3521,18.222
630.167,-1620.79,20.9438,18.2193
1313.74,-467.847,19.3713,18.2052
1115.56,1166.66,20.1489,18.2027
910.988,-1178.92,20.7258,18.1994
-1406.55,1611.12,19.7217,18.1857
1015.11,242.64,21.7363,18.1857
1265.16,-536.652,20.5377,18.1681
1205.75,231.716,19.0342,18.1657
1396.82,1111.62,36.2971,18.1651
-1550.84,-685.886,40.5477,18.1633
152.559,-1241.08,20.2598,18.1538
1418.78,-1695.91,18.3454,18.1523
-787.447,1736.96,20.063,18.1485
-397.358,1602.93,24.801,18.1482
-1623.87,534.334,25.5302,18.148
920.523,1418.7,28.4704,18.1401
529.296,999.416,38.5616,18.1386
1153.76,1807.5,67.8066,18.1336
-901.934,-1647.08,18.2503,18.1326
-1624.78,-297.572,27.8518,18.1325
53.8671,1352.89,19.7552,18.132
-1115.23,-1377.4,18.5257,18.1319
1168.76,-462.003,18.4827,18.116
-450.132,-1596.21,20.9418,18.1158
-624.84,1042.9,22.2079,18.1121
1339.74,1322.5,20.1472,18.1063
-1639.04,-635.685,38.4279,18.1011
1850.47,-1179.62,18.6551,18.0981
1464.34,1485.99,18.455,18.0944
373.372,-1391.61,18.6448,18.0881
1192.79,-1034.75,20.0758,18.0859
-1221.81,236.811,18.4238,18.0835
285.012,-1491.3,21.7262,18.0817
-802.538,-1770.95,18.4578,18.0803
-1876.07,1698.36,18.1308,18.0792
-1015.65,925.206,20.2881,18.0771
1843.5,-754.425,26.5082,18.0733
590.514,-1464.83,18.1967,18.0631
-713.724,-1325.24,18.7379,18.0573
1417.44,-961.181,28.7145,18.053
60.0636,-1863.44,21.2482,18.0481
-1286.53,891.365,21.4247,18.0413
-0.143782,-1733.95,18.8492,18.0335
-1729.05,1736.61,43.0454,18.0323
1403.52,-510.147,44.3431,18.0224
-1707.06,-1545.39,25.3776,18.0223
-137.128,1288.26,18.7378,18.0211
-1677.05,-923.233,18.7504,18.0201
-915.773,-1458.92,18.3433,18.0163
-555.51,1001.33,20.1656,18.0118
-868.585,-1197.83,19.2058,18.0107
1141.65,1719.61,25.8522,18.0088
1253.42,1838.07,27.0875,18.0072
871.074,-1645.5,62.6997,18.0062
-1498.51,1525.22,27.8131,18.004
-913.602,-1118.75,21.0446,18.0006
1563.64,-704.323,18.7697,17.9976
1555.29,1391.45,26.9355,17.9806
991.722,590.205,18.4144,17.9754
1603.98,-1397.77,82.5934,17.9716
-1610.05,640.248,27.4189,17.9712
701.762,1821.14,21.2268,17.9693
648.269,-973.423,34.9459,17.9634
336.018,1856.46,18.3488,17.961
-13.904,-924.735,40.9055,17.9537
994.172,1054.77,110.116,17.9525
-1741.45,-276.651,19.5706,17.952
-221.116,969.464,25.5455,17.9432
1665.59,-1310.88,19.3676,17.9338
1415.27,-715.66,18.4533,17.9307
1362.42,-1025.92,54.2668,17.9301
-800.6,1451.81,28.8001,17.9274
1205.92,-48.7129,130.823,17.9255
1646.05,445.193,40.8675,17.9167
-1382.55,724.796,29.7965,17.9118
-1670.44,-276.577,18.8875,17.9113
1605.08,-55.8299,21.1213,17.9107
-191.715,-1810.09,18.6868,17.91
1567.46,37.3754,18.0966,17.9094
-1044.67,1204.54,18.1807,17.9027
1393.18,-1757.35,25.2391,17.9011
1850.2,-914.759,25.1215,17.8987
866.322,-1157.05,24.701,17.8959
-1666.12,628.64,30.2821,17.8934
-1262.37,-1581.29,20.0133,17.8896
-1760.37,997.877,19.5591,17.8888
-814.928,1468.82,37.1656,17.8865
1390.02,406.535,19.8578,17.8858
51.5692,-1595.16,20.2218,17.8807
894.225,-1745.97,18.0754,17.8746
1728.33,-1044.47,18.7351,17.8679
-1027.25,-1589.84,23.8821,17.8676
-1584.2,-637.652,26.4022,17.8669
-1533.21,894.89,19.879,17.8343
-1105.11,532.76,17.8442,17.8337
746.426,-1727.37,19.1117,17.8268
998.302,1653.96,20.7467,17.8248
1310.73,1036.68,27.3528,17.8075
978.184,930.028,32.5566,17.8046
811.87,-1175.53,36.5519,17.804
-1027.53,464.759,39.2269,17.8034
1781.28,-1374.1,23.1207,17.7819
766.079,1101.31,19.1978,17.7755
1664.9,770.846,34.7711,17.7749
-1575.95,-633.34,21.8126,17.7669
1471.65,-1082.43,18.7206,17.7652
1467.83,1719.01,19.1408,17.7649
-1054.54,1408.82,19.7182,17.761
-634.008,-1697.23,22.6995,17.7607
1666.74,1454.39,30.8381,17.7572
-857.241,1635.7,22.2446,17.7518
-383.747,1369.8,23.8917,17.7413
-1015.41,756.11,36.2897,17.7336
1091.36,1505,17.8713,17.7269
-1453.5,395.517,18.2418,17.7251
237.021,-1358.41,30.1866,17.7241
-1078.94,-1605.43,21.4385,17.7114
1728.55,174.161,27.8142,17.7069
-1254.44,1744.86,97.8588,17.6998
-1359.25,-884.506,26.0422,17.6989
883.359,-1014.38,19.6537,17.6975
-1247.57,-643.312,24.048,17.6945
-1626.8,-1048.63,89.3606,17.68
201.658,-959.857,68.7828,17.6572
1786.51,1356.89,18.847,17.6555
1570.43,-614.511,27.9281,17.6549
-721.192,1307.64,57.6608,17.648
1.61817,-953.383,19.3297,17.6432
-218.411,1133.05,39.0615,17.6428
-588.831,1658.55,19.7011,17.6332
-327.205,1600.98,30.4656,17.6287
1040.3,-623.181,23.8505,17.627
1369.05,-676.749,20.9184,17.6269
850.386,1858.58,21.0928,17.6101
-1098.41,1502.9,19.1604,17.6064
125.783,-1281.2,18.8294,17.605
-1044.48,1695.34,22.5848,17.6035
949.599,506.197,18.4538,17.594
-971.601,-1814.4,19.9112,17.5929
-1174.02,1141.53,18.7872,17.5921
1734.87,1131.07,36.7029,17.5909
388.046,-1051.15,17.787,17.5873
-1695.61,1345.78,21.2215,17.5863
-894.559,1768.03,21.4464,17.583
843.524,-1715.66,17.7337,17.5827
-1766.18,-473.463,20.1886,17.5764
-1756.95,-633.264,19.1544,17.5705
952.439,-1228.28,18.7241,17.5589
1414.19,151.023,19.8362,17.5486
-982.338,-1788.82,21.487,17.5283
-1634.07,-968.346,45.8153,17.5264
-1214.32,1537.23,26.8417,17.5241
1161.93,698.7,23.9629,17.5224
1662.11,1668.96,19.8322,17.5221
133.317,995.066,26.1082,17.5219
-208.597,-976.185,21.6123,17.5209
-1816.47,460.46,18.2788,17.5117
-107.916,1055.27,21.0432,17.5093
68.3499,1283.92,21.4957,17.5084
471.414,-1054.74,18.3835,17.5062
1249.99,1825.77,25.0278,17.5027
880.86,1071.44,20.5549,17.4965
797.602,-919.585,34.2504,17.4954
-1673.31,1161.08,19.438,17.4943
807.76,1486.08,32.8443,17.4905
-660.394,1657.59,36.6033,17.4904
738.526,-1399.49,19.1458,17.49
124.129,1411.77,22.8113,17.4884
1606.98,-1286.01,22.7713,17.4877
-916.894,305.007,41.4848,17.4835
-1084.04,908.762,20.4785,17.4806
-95.6406,1465.68,17.9665,17.4787
-1069.09,1527.73,24.0575,17.474
-1143.2,-1247.31,19.8796,17.4575
-442.375,1633.88,18.0693,17.4528
-479.66,-1125.12,28.94,17.4527
-1506.25,1561.1,21.5617,17.4484
-984.394,-304.936,38.7466,17.4426
-1478.33,1210.07,18.8809,17.4245
1122.63,1230.64,31.7922,17.4235
1828.71,145.258,21.3375,17.4176
1215.59,-701.703,27.8342,17.4167
1506.51,505.18,19.8398,17.4152
1285.73,802.185,20.2944,17.4143
-1011.08,-1842.53,18.5697,17.4105
1851.5,1780.12,21.4792,17.401
-947.848,333.846,24.298,17.3962
970.79,361.079,19.4486,17.3955
1684.16,292.059,19.6607,17.394
1702.38,580.803,20.7264,17.3914
1236.23,-1578.88,17.8335,17.3801
-1793.38,-915.252,17.6363,17.3692
-1666.7,1898.62,17.5163,17.3686
-1812.45,-1763.78,20.868,17.3654
-341.16,-1465.29,33.1012,17.3648
1759.65,-1801.54,23.1969,17.3634
994.409,1829.03,20.4776,17.3513
-899.835,1373.22,21.5482,17.3507
963.138,-21.3452,35.9179,17.3456
-1600.37,453.715,34.4879,17.3451
778.467,1177.42,20.261,17.3445
-1224.66,1314.95,18.4716,17.3414
115.872,1840.97,17.53,17.3299
351.565,1715.06,17.4232,17.3231
-1006.09,-9.08954,18.7585,17.3203
-1876.41,-180.638,35.0023,17.3151
370.933,1587.09,18.0982,17.3114
1737.02,745.689,34.6754,17.3082
-1712.96,1235.06,18.5184,17.3063
-968.73,-734.835,18.1874,17.3061
579.073,-1304.84,20.589,17.3047
1883.9,-876.898,26.1812,17.3031
-1243.34,-178.072,51.0084,17.2869
1273.76,1286.41,22.5481,17.2855
-518.826,-1872.68,17.8387,17.2842
-583.956,-1634.44,18.1917,17.2796
-1752.53,-449.623,42.0396,17.2795
-1761.67,1504.07,22.3475,17.2787
1077.56,189.285,18.7076,17.2708
1757.01,227.697,17.7592,17.2613
219.951,1001.7,21.6734,17.2597
-493.798,-1107.33,20.8558,17.2567
-471.955,1204.32,18.0238,17.249
-1444.53,-551.454,22.1321,17.2479
-985.405,-687.662,18.4504,17.2452
860.64,-1759.73,17.8343,17.227
-15.1016,1065.49,18.1568,17.2248
191.103,1468.37,17.9671,17.2132
1175.73,-553.343,21.3434,17.2122
1243.64,-1131.17,23.1751,17.2115
-5.71581,-1886.28,19.9381,17.2005
-1893.03,1555.58,20.7426,17.1997
-1418.56,1560.12,17.9245,17.1885
1803.71,-211.86,17.9362,17.1856
-970.539,-1142.03,32.111,17.1844
1659.3,-1257.51,19.0951,17.1817
-1414.18,1744.64,40.7988,17.1814
-1110.61,380.843,26.3171,17.1797
-49.3164,-1250.41,18.8944,17.1775
131.305,1160.07,22.2077,17.1767
-1749.52,771.87,26.393,17.1761
651.138,1799.51,18.6254,17.1761
-1790.15,266.368,22.3394,17.1717
1486.66,1650.63,23.453,17.1706
-130.152,1867.55,23.3853,17.1701
749.05,1354.79,17.8236,17.1692
-1296.34,1524.36,18.1682,17.165
-1037.95,363.565,23.079,17.1598
-1418.5,-1440.35,18.8606,17.1584
-1277.06,1289,30.9678,17.1577
-1796.35,-1813.17,18.1525,17.1565
1397.66,575.014,19.2592,17.1533
-1095.35,534.734,17.4971,17.1517
-1024.33,-401.383,21.577,17.1488
72.9331,-1215.61,35.9837,17.1428
-1387.91,-1891.61,21.7929,17.1374
-646.341,1151.96,19.4581,17.1288
-1552.84,-1049.68,22.5098,17.1258
-1320.4,1616.48,22.4049,17.1216
123.857,-1081.88,33.5236,17.1187
-1272.32,-1684.76,20.5858,17.1166
-1681.63,1060.94,18.9779,17.1047
745.877,-1663.07,23.1031,17.1036
448.554,1310.44,22.2292,17.1007
1397.81,1774.11,25.9119,17.0996
-1489.98,1743.94,18.1537,17.0969
1293.75,1618.41,19.921,17.0928
1101.11,1617.18,20.8568,17.0927
-112.126,-1310.75,18.7856,17.0926
406.721,-1747.87,22.9937,17.0844
1008.94,1693.79,20.0074,17.082
-1097.13,779.479,44.5305,17.0811
1361.95,-797.705,18.2135,17.0791
634.415,1788.69,17.1428,17.0763
-954.504,336.074,18.395,17.0722
-1724.72,516.794,24.726,17.0718
1292.3,-854.365,23.2575,17.0694
-1346.84,-1319.26,28.1444,17.0692
-1013.87,-409.337,30.0797,17.0573
1499.08,-1883.75,21.8551,17.0572
-735.021,-1707.68,21.7792,17.0532
-1332.11,-1066.98,19.9307,17.0432
-1198.8,-449.398,34.6034,17.0413
721.911,1778.02,20.9608,17.0294
-979.683,-1474.28,18.0893,17.0252
-1154.69,1802.99,18.2161,17.0242
-862.227,-1400.03,19.3627,17.0211
1516.34,1774.05,19.1433,17.0207
1011.46,1808.38,29.9582,17.0198
-111.071,1781.81,19.8498,17.019
723.312,-1716.49,18.3991,17.0174
1651.9,-876.422,24.8089,17.0055
-754.952,1711.89,33.8401,17.0009
963.224,394.077,27.0247,17.0007
-1074.7,453.787,17.1588,16.9998
880.025,1546.82,19.4638,16.9983
249.053,-1801.51,17.7555,16.994
-247.524,1039.71,17.5316,16.9933
-1224.84,-616.7,35.7528,16.9884
1718.64,-1372.26,17.8658,16.9874
-723.587,-1148.18,28.0789,16.9818
-751.925,1840.01,21.0057,16.9788
-1847.91,727.13,20.9938,16.9763
152.289,-965.82,24.0865,16.9717
777.332,1771.58,36.9363,16.9699
-1352.68,919.023,24.6624,16.9692
-1385.3,-1040.55,22.9493,16.9687
81.1764,1724.27,24.1132,16.9672
1181.58,-1472.94,17.3527,16.9648
69.8292,-1514.86,29.2984,16.9624
1594.11,1504.61,17.2715,16.9608
455.093,1449.65,19.6135,16.9586
191.371,-1280.75,21.8164,16.9574
-413.108,1200.72,19.8057,16.9557
1821.24,-619.141,20.5977,16.9501
-1709.43,1399.27,17.1113,16.9488
-735.252,1155.48,19.8688,16.9412
-1037.31,1283.69,17.3117,16.9406
1656.85,1876.26,27.0502,16.9396
-705.211,-1101.71,23.4067,16.9345
1866.96,1152.41,18.474,16.9301
1657.47,-851.18,22.1655,16.9295
-1868.89,-1362.17,20.5125,16.9248
-1263.7,-1477.38,19.2441,16.9223
-640.458,-1319.24,18.2224,16.9132
-358.649,1648.08,17.3937,16.913
-269.778,953.606,76.6629,16.9051
-1271.12,1259.59,24.5675,16.903
1196.93,-893.584,21.6918,16.899
1752.21,-983.602,25.9672,16.895
-1886.23,1122.76,25.2615,16.8936
1331.06,-801.746,23.4245,16.8894
-1799.82,1402.97,21.971,16.8887
1225.27,-1755.99,19.7934,16.8835
-1790.87,1631.48,29.1255,16.8811
-1373.77,-788.462,20.5064,16.8788
656.612,-1367.21,21.2207,16.8779
-1498.58,-539.335,23.0852,16.8748
-947.988,1256.69,18.1807,16.8739
1831.68,167.788,34.6344,16.8652
-1729.07,120.289,20.1651,16.8614
-434.571,-978.377,18.0892,16.8611
1703.37,301.524,19.3557,16.8602
1434.38,-1027.89,27.6055,16.8591
-698.672,-1010.16,20.9832,16.8535
1415.47,-773.77,17.513,16.8459
-1107.79,693.584,20.5262,16.8456
-874.194,-948.055,19.852,16.8422
-1629.1,-59.0261,19.0906,16.8422
-1716.32,-396.968,18.3728,16.8375
-1612.96,-713.985,19.6537,16.8371
407.31,1578.72,24.5488,16.8348
82.7669,-1037.4,18.9179,16.8348
806.988,1518.39,17.3402,16.8293
1532.45,1818.95,18.6327,16.822
583.426,1357.17,22.6729,16.8207
-531.636,-1294.74,20.5559,16.8141
402.39,1834.39,17.6732,16.8095
-702.262,-1211.2,24.5922,16.8075
1651.22,-909.238,21.2844,16.8072
-504.428,-1572.16,22.4489,16.8064
1496.01,1388.34,17.9013,16.8049
375.68,-1261.19,17.9994,16.8002
-1614.63,128.917,23.4259,16.8001
1033.5,359.725,17.7668,16.7948
-1845.2,1065.26,32.0847,16.7938
-532.717,1287.26,18.9656,16.7908
-222.168,1528.69,19.1138,16.7874
-1024.72,-559.199,19.7663,16.7801
823.026,1571.38,21.8653,16.7778
690.541,954.82,23.6954,16.7767
1552.2,1543.51,25.0799,16.7748
992.97,-1309.55,19.2235,16.7737
1512.35,-192.635,19.8425,16.7732
-452.766,-1135.28,19.6911,16.7725
-865.521,-1014.76,21.4446,16.7707
-1141.01,1840.64,19.3823,16.7696
1825.62,-1832.77,17.3501,16.7618
1608.25,-198.706,22.8955,16.761
-671.182,993.215,20.3635,16.7579
1092.68,-626.085,21.2013,16.7556
-726.781,-1153.18,17.8014,16.7535
-1785.78,-1469.33,28.5838,16.7509
-1232.66,1507.97,30.8747,16.7507
-242.677,-1459.66,22.9677,16.7399
962.793,-222.375,18.5235,16.7349
-1313.68,610.218,18.4523,16.7346
-1748.8,-616.781,41.5618,16.7305
-475.584,-1216.48,36.8038,16.7252
1703.97,1109.96,18.8828,16.7213
-1705.59,-425.265,16.9785,16.7199
1543,1153.62,16.9166,16.7182
878.273,1754.47,18.5274,16.7174
-1193.08,1697.24,16.8242,16.7163
607.774,-1682.7,17.8265,16.7153
-791.301,1591.6,18.6511,16.7151
-1138.59,1453.8,20.0459,16.7145
1097.2,1477.18,24.0484,16.7128
323.957,1386.13,19.5736,16.7116
1843.67,1519.73,19.9059,16.7089
-1178.39,204.302,18.3397,16.7054
1885.93,-900.845,19.9676,16.7047
-560.478,-1875.07,19.3485,16.7038
1757.05,-1607.2,20.0364,16.7032
1294.48,-1466.22,18.0518,16.6968
-1389.22,-733.004,21.3037,16.6963
1438.46,788.026,17.391,16.6936
995.948,-487.39,24.5683,16.686
-1635.39,803.476,20.9229,16.6854
-1520.98,759.013,17.4679,16.6804
1530.49,-682.729,18.8103,16.6749
-1294.18,104.749,22.3841,16.6648
-1821.07,-1383.04,18.3077,16.6647
1358.47,437.083,35.6761,16.6609
1352.61,-832.822,18.3256,16.6605
711.865,1151.96,19.7326,16.6602
-1676.91,-993.314,18.5947,16.6565
872.31,1623.78,43.2764,16.6558
1461.28,1831.47,25.2446,16.6495
-679.855,-1042.69,16.655,16.6488
1184,692.748,17.2924,16.6438
1787.19,-655.287,17.0141,16.6417
57.6447,-1728.68,33.2778,16.6391
-1882.39,-1085.34,24.109,16.6364
1639.23,1570.88,19.2044,16.6341
671.466,-1146.81,17.1718,16.6324
-931.035,1022.32,32.0967,16.6294
1414.67,-1345.21,20.8614,16.6187
794.033,-1271.76,17.7294,16.6176
-1196.36,1698.17,18.6057,16.617
287.662,-1019.27,18.2103,16.6136
-1893.37,1607.46,20.6974,16.6133
-115.405,-1344.87,18.1598,16.6107
626.731,1782.37,18.3012,16.6078
-1525.55,784.954,16.8521,16.603
1598.63,-843.186,20.8717,16.6024
522.177,992.539,41.6279,16.5986
-610.271,-961.156,21.7026,16.5941
-1520.12,1306.15,24.685,16.5935
1724.29,-653.204,16.6655,16.5853
1374.44,501.412,24.9457,16.5839
-1038.91,-1563.06,18.0926,16.5828
1102.77,176.618,18.1155,16.5787
62.3182,1269.82,27.5921,16.578
1109.86,327.032,29.7476,16.5763
-942.42,561.6,21.869,16.576
1684.74,396.15,29.4859,16.5716
1501.89,30.9616,20.063,16.5714
1124.71,1240.08,18.0888,16.5709
1851.57,-1872.47,16.9889,16.57
1446.39,-1758.22,18.1677,16.5683
-1652.72,367.781,16.8296,16.5598
-1247.66,553.19,24.9077,16.5567
-1631.15,-1371.77,25.2387,16.5562
1489.75,102.624,20.646,16.5551
-1266.37,-960.765,19.6452,16.5549
1153.74,417.8,22.0148,16.5491
1768.34,215.997,16.8873,16.5484
-484.197,-1168.16,20.0841,16.5411
606.666,-1602.6,16.7299,16.5408
-1074.86,-1008.18,17.7484,16.5391
809.277,-1225.26,18.8269,16.5361
-1311.59,753.174,17.9194,16.5285
1314.67,-1303.64,18.5362,16.5254
-1321.75,890.087,30.4581,16.5198
1796.02,-1640.33,27.0918,16.5179
-1498.74,-1821.8,18.866,16.5155
400.644,-927.404,35.3836,16.5126
-125.375,1649.42,17.9501,16.5122
-1109.24,1787.22,24.3403,16.5105
-1455.67,1820.64,18.3067,16.5092
-212.694,1743.62,43.1578,16.5055
1523.89,-1279.88,23.133,16.502
1180.69,-1276.73,55.6451,16.5018
60.1077,1868.51,18.9834,16.5002
1756.51,424.115,22.1501,16.4936
443.645,1753,21.0473,16.4892
-1174.25,-1555.18,29.3701,16.4817
-804.424,-1440.09,17.0409,16.4809
-632.718,-1228.05,20.1322,16.4734
-1499.01,-670.4,16.7919,16.469
-498.347,1763.01,18.7191,16.4649
-1616.07,-1148.72,22.6589,16.4615
706.558,-1399.55,17.5337,16.4613
1875.28,-994.417,28.3083,16.4599
-68.2653,1138.56,24.6414,16.4547
1013.23,-1060.5,20.4241,16.4546
995.813,923.484,21.3424,16.4541
-1191.55,1788.95,21.7615,16.4541
1332.79,1467.78,52.001,16.4529
-1080.61,-1487.11,18.7877,16.4464
1745.07,626.892,23.0821,16.4445
56.0863,-1792.67,18.6213,16.4404
379.307,971.581,17.9014,16.4399
-1457.32,320.894,18.7744,16.4395
1.39607,-1272.39,23.9082,16.4349
950.61,-1749.09,23.4411,16.4343
-1286.27,-574.249,35.8711,16.4339
386.15,-1575.32,18.2522,16.4281
1119.67,807.584,19.3904,16.4272
42.9755,-1689.43,17.7155,16.4256
1313.16,1784.5,23.6106,16.4253
581.222,1395.86,24.4809,16.4227
1726.24,1729.55,22.5259,16.4153
-1121.05,591.815,22.6652,16.4152
1437.29,537.555,20.7388,16.4147
-929.756,1572.67,39.3049,16.4107
1347.18,868.247,21.8259,16.4042
734.606,1541.06,17.4402,16.4023
1405.25,1882.5,16.4892,16.4009
1429.97,-122.443,18.1066,16.3973
-1062.92,-1806.85,17.6471,16.3971
117.982,1840.16,20.1433,16.3917
1043.86,-1347.26,17.6076,16.3915
-997.646,-1072.89,20.6174,16.3906
736.436,-1746.46,32.205,16.3872
1496.08,1396.36,23.596,16.387
-1118.36,-479.777,22.2491,16.3864
1474.59,-1892.35,17.2242,16.3853
1016.79,1415.87,21.6011,16.3827
-1271.06,1041.07,18.9988,16.3771
-525.291,1519.73,20.342,16.3729
-1134.4,324.71,19.873,16.3715
-1261.44,-486.152,31.7796,16.369
-625.202,-1642.15,19.1017,16.3669
-86.4753,-1857.23,20.7432,16.3643
679.632,1360.7,21.7151,16.364
755.317,1117.86,16.7466,16.3605
-1439.93,-1836.29,28.4847,16.3578
-1307.55,-1572.57,40.6038,16.3569
407.345,-1880.64,16.7067,16.3543
1694.1,-381.685,22.2809,16.3514
53.7027,-1760.4,78.3868,16.3514
-493.029,1559.12,18.8925,16.3486
914.441,-1753.79,16.77,16.3418
1674.02,432.514,17.65,16.3392
-466.494,1242.93,17.1047,16.3374
779.184,1596.17,19.7616,16.3367
-1047.57,-887.226,16.4184,16.3353
-1478.19,883.345,18.782,16.3341
-546.672,-1189.8,23.0907,16.3328
-1149.3,1238.1,41.6346,16.3295
-1613.98,432.921,20.7791,16.3164
-1653.35,-503.101,22.1534,16.3154
459.026,-1038.22,19.7856,16.3151
1171.64,-1390.79,17.9201,16.3111
-1736.29,-395.055,16.9643,16.3105
-974.627,-534.304,22.3185,16.3077
-896.128,1568.19,18.3964,16.3069
-1158.4,1516.71,17.8018,16.3051
-499.714,-969.789,17.3794,16.3041
1156.49,35.4931,19.4861,16.2954
1433.13,-718.229,48.1602,16.292
-1378.8,1563.36,19.0529,16.2919
-1575.07,-1541.89,21.6618,16.2871
1729.14,-413.959,18.9856,16.2847
-614.253,1053.8,19.229,16.2822
-1533.45,205.687,21.4254,16.2811
1237.19,348.518,33.8638,16.2809
-252.627,1189.02,18.7464,16.2747
1890.11,1240.27,16.6753,16.2689
1788.29,776.556,17.0249,16.2656
1412.88,-620.188,20.3249,16.2655
1056.02,1670.75,21.7178,16.2636
-1296.09,1126.46,18.8851,16.2625
376.523,-1502.05,19.8147,16.2599
769.95,-1734.05,16.6085,16.2531
1242.31,1265.63,17.3724,16.2464
-1788.37,-713.188,31.9866,16.2449
542.358,1381.99,33.2744,16.2427
-505.203,-1131.91,18.2938,16.241
1606.67,324.983,20.5974,16.2409
1794.24,707.652,17.6814,16.2384
1689.76,-248.015,26.1224,16.2329
-606.239,-965.565,17.1854,16.2314
875.776,1431.43,23.3986,16.2263
-1725.48,1303.76,24.3918,16.2238
-1740.91,1638.54,21.7288,16.2232
-604.476,-1267.45,18.4755,16.2026
1773.54,237.672,16.808,16.202
-1684.57,948.611,22.4059,16.196
309.083,1403.35,17.6193,16.1955
1040.59,691.76,16.9416,16.1922
-38.9054,-1145.42,33.6295,16.1915
1138.3,-794.464,22.1761,16.1908
1123.35,-1648.55,25.9594,16.1736
1611.31,1836.58,22.1643,16.1731
1002.45,-614.866,21.3676,16.1719
-242.584,-1358.25,17.4449,16.1719
-549.297,-1329.15,16.3889,16.1692
1696.57,1055.51,25.1202,16.1656
-1055.19,1490.1,16.4947,16.1638
570.089,-1416.88,16.2913,16.1622
-1344.16,-1506.83,16.2909,16.1571
-1156.08,630.718,24.4768,16.1553
806.62,-1322.47,22.9302,16.1542
337.242,-1073.72,16.8165,16.1458
-1678.93,496.46,77.2495,16.1453
1852.57,176.057,19.538,16.1448
1040.01,-1264.74,62.7639,16.1397
-890.089,1549.56,17.8488,16.1391
-1620.34,-1385.03,20.1079,16.1375
-284.315,1781.43,17.4117,16.1352
-754.503,-1397.27,17.7536,16.132
1685.68,933.92,44.4238,16.1274
1704.14,-487.19,17.287,16.1242
-1458.59,-1707.79,16.5889,16.1233
604.672,1873.53,17.8989,16.1185
-1120.69,-385.467,22.0153,16.1175
22.0118,-1581.69,43.8793,16.1163
-728.162,-1325.41,18.003,16.1148
1494.48,277.895,17.5039,16.1127
-1249.59,-1257.73,21.7032,16.1127
1123.85,-937.124,17.4167,16.109
964.542,-1250.65,19.4049,16.1056
-1029.84,-1177.92,24.5663,16.105
-1349.55,-518.101,24.4754,16.1007
1458.08,-596.787,18.0825,16.0961
-398.139,1663.1,17.0277,16.0937
1785.84,-377.566,16.6923,16.0896
1386.61,-201.974,19.6496,16.0843
1768.66,284.039,32.5553,16.0808
-1839.06,653.167,16.639,16.0706
-1813.36,1022.88,18.7991,16.0703
1850.81,555.512,28.7594,16.0692
1178.65,183.571,20.0818,16.0685
-287.385,1512.1,19.6367,16.0665
-549.769,1022.2,19.7157,16.0657
1792.57,-923.067,18.3955,16.0592
1633.83,-1291.5,21.7406,16.0589
-564.767,1463.7,246.945,16.057
434.787,-1006.25,16.4911,16.0534
-1280.17,-1865.11,18.7781,16.0498
-1733.43,-240.259,30.7931,16.0478
1729.08,-870,16.2825,16.0439
-438.696,1323.47,16.7918,16.0431
1615.26,1623.9,21.1649,16.0369
434.431,1515.8,20.4017,16.0357
1026.41,928.685,28.6308,16.0352
890.868,1454.38,18.021,16.0336
-1.31751,1815.25,18.4143,16.0331
185.55,998.825,21.5861,16.0286
1278.63,-447.612,18.4487,16.028
184.004,1206.05,16.8814,16.0256
-1177.67,605.645,17.1928,16.0217
-108.665,-994.516,16.2616,16.019
-809.855,1050.43,16.6884,16.019
-1127.24,1863.05,22.2503,16.0174
1252.15,531.992,81.3284,16.0173
992.352,134.692,17.6185,16.0134
-1405.22,1594.44,17.9364,16.0127
-1699.29,927.901,18.7411,16.007
-1718.5,116.705,29.0256,16.0056
-356.913,-1153.62,17.7076,16.0054
-1357.13,1081.37,18.1134,16.0004
1213.73,1343.93,16.1715,16.0004
1621.46,1486.31,16.6528,15.9965
1455.27,-128.671,25.4284,15.9934
1627.55,-1734.12,18.3951,15.9934
-1134.05,1193.68,20.0577,15.9924
-453.611,-1193.49,16.9156,15.9875
243.293,1163.63,17.4335,15.9873
1682.58,-1697.33,40.9816,15.9854
1217.6,-102.258,18.1975,15.9802
-1109.7,-1706.1,19.2658,15.9778
-1715.08,1131.35,31.1855,15.976
-487.805,-1134.96,19.749,15.9754
-344.921,1621.1,16.5837,15.9731
-612.456,-1114.21,16.3662,15.9696
-1662.77,1024.49,16.4957,15.9616
-851.797,-1261.38,18.8767,15.9602
1299.77,-78.3575,21.9844,15.9588
-1359.02,58.9561,23.9505,15.9559
-1572.64,831.133,16.6454,15.9465
-1781.2,-712.452,19.711,15.9445
-1302.91,-886.702,21.5102,15.9443
-1357.79,-1092.05,37.5456,15.9433
-1829.37,1278.84,18.2598,15.943
552.121,-1688.75,18.6017,15.9427
-1430.16,166.898,18.1746,15.9381
1689.69,-196.922,19.0176,15.9361
-160.048,-1559.56,20.3574,15.9322
-877.296,1373.8,20.9952,15.9233
794.338,-1767.47,43.9855,15.9204
1537.79,-1395.15,21.944,15.9199
1364.75,-153.657,16.8143,15.9177
232.47,1432.57,25.464,15.9174
-1655.55,-468.042,21.5038,15.9155
-352.163,1641.71,18.663,15.9118
1138.64,479.448,16.1048,15.9118
595.065,-1577.7,20.6359,15.9085
735.93,1714.46,42.0562,15.9079
1404.85,-1296.74,16.6469,15.9074
-1600.68,1671.84,69.2016,15.906
897.526,1235.31,38.4107,15.9049
762.791,-1349.7,16.9161,15.9031
899.916,958.007,16.7252,15.9019
348.025,-1404.55,26.5717,15.8975
-531.319,-955.083,18.9253,15.8967
-1628.47,1522.9,29.8656,15.8965
-414.759,1001.42,18.4065,15.8951
-166.635,-1493.06,16.0853,15.8937
1194.95,-1066.08,19.772,15.8912
1172.06,820.573,24.7553,15.8866
1364.69,852.012,17.2884,15.886
350.145,-1080.37,28.0354,15.878
-1575.04,679.903,21.7512,15.8776
-1693.48,-1167.71,21.4548,15.8765
936.199,-1107.12,18.1015,15.8752
-1693.09,200.209,18.7715,15.8738
140.36,1723.4,40.5908,15.8707
-243.803,1407.33,19.5957,15.8663
1353.56,-962.018,17.1683,15.8658
-151.764,1537.64,38.912,15.8642
548.304,-1018.97,18.9637,15.8641
236.303,-988.622,19.7402,15.8633
-1197,-521.822,19.6056,15.8622
1063.38,-1721.04,16.2702,15.8606
-65.8151,1677.58,16.3408,15.8601
1350.82,-1124.64,18.2081,15.8588
-262.77,1141.77,27.8989,15.8527
-283.834,1007.07,20.0857,15.8524
982.554,1508.75,18.7239,15.8487
-422.659,1251.24,41.5709,15.8418
1397.49,1569.64,17.7452,15.8416
-905.25,-1655.58,21.152,15.8411
781.398,1290.42,17.7613,15.8342
-1722.3,1548.69,21.2529,15.8281
-1804.8,830.621,18.8704,15.8274
1357.73,527.05,19.0341,15.8257
-377.52,-1787.51,16.967,15.8251
-99.9683,1212.51,18.0014,15.8215
1073.61,-1345.45,15.9704,15.8209
-1456.71,1754.63,17.6429,15.8208
1630.84,-305.272,16.6594,15.8203
-1775.51,1583.65,18.8951,15.8051
-1549.32,681.144,21.9547,15.8043
-94.7136,1199.62,16.1873,15.803
-627.107,-1049.64,17.2452,15.8023
-224.835,-1600.65,16.9556,15.8002
-1171.49,-1405.21,19.9013,15.7972
-1680.14,-1623.55,16.3433,15.7936
7.43511,-1084.56,17.2909,15.7933
-1650.96,-1584.19,19.249,15.7909
-965.102,-520.392,25.0691,15.7883
-1512.49,-1700.67,80.3559,15.7876
1524.27,-1238.96,42.2451,15.7826
-1763.48,-729.68,27.3882,15.7825
953.776,1274.28,29.7131,15.782
531.749,1861.01,19.5633,15.7775
-43.9204,1253.87,19.3714,15.7764
-597.325,-1321.75,18.9922,15.7704
617.25,-1635.25,17.5208,15.768
-1451.74,436.928,18.0776,15.7666
-976.55,-805.18,27.9257,15.7664
983.654,1813.06,19.6296,15.765
-919.083,1809.08,15.7926,15.7623
308.093,-1623.72,15.7979,15.7548
-1266.15,908.861,19.3633,15.7523
-878.81,-989.382,18.7172,15.7507
1779.37,6.70312,16.4346,15.749
-1576.9,1125.47,16.318,15.7468
-886.897,1358.29,24.3933,15.7448
-1724.63,-312.821,19.2943,15.7448
1742.46,658.551,20.9709,15.7418
-577.11,1112.83,18.2798,15.7389
-1097.22,-944.305,17.642,15.7373
-1701.69,1869.06,17.8729,15.7371
985.388,1109.47,19.1183,15.7358
1879.28,1471.04,20.1976,15.7348
-134.364,1274.42,36.307,15.734
1037.25,-1323.69,17.5609,15.7305
-508.396,-1523.85,45.6749,15.7298
-1504.94,287.122,18.9739,15.729
1128.22,-309.912,19.0976,15.7285
-1533,-1612.14,21.6113,15.7253
-1109.77,-1699.34,18.1809,15.7226
-462.414,1554.55,25.0375,15.7195
1889.57,-914.874,21.8917,15.7193
-1682.58,-139.114,16.8462,15.7125
493.724,1597.89,23.0439,15.7091
-126.732,942.104,18.4086,15.7066
-1783.99,-938.913,21.3802,15.7047
-979.886,-325.732,16.2785,15.7031
1676.76,-1495.95,19.0753,15.7001
-708.156,-1612.22,21.5764,15.6977
1147.97,-785.262,16.4647,15.6945
809.557,1285.29,16.2159,15.6939
-1226.14,681.161,28.5143,15.691
259.732,1441.67,18.9679,15.6894
948.84,170.482,21.0808,15.688
1063.01,-576.39,18.1068,15.6879
-697.405,-1269.33,17.8326,15.6833
1386.09,557.98,19.7064,15.6807
1116.8,-356.191,19.9817,15.6806
4.94691,1386.48,33.0014,15.6769
1002.6,1606.19,18.2239,15.6753
-1203.63,536.905,20.9836,15.6726
0.20249,-1051.4,24.4248,15.6669
-1502.48,-121.943,18.7543,15.6666
674.664,1476.33,18.7591,15.6657
1675.55,478.356,25.9951,15.6649
1240.33,-63.051,18.2944,15.6613
402.069,1859.67,19.0551,15.6611
1015.27,-408.572,16.1671,15.6596
-351.98,1790.24,16.0766,15.6577
647.14,1096.77,27.2626,15.6571
-1638.62,-1662.4,19.3612,15.6542
3.12013,-1747.78,23.3095,15.6527
-1438.55,160.344,16.046,15.6523
-1807.6,-991.082,21.3385,15.6491
1629.71,-1281.56,133.04,15.6423
180.597,1427,21.1752,15.6412
-1149.48,-1841.54,18.4529,15.638
933.092,1028.79,20.9231,15.6377
-1206.16,-542.22,20.0843,15.6376
-1401.74,-556.275,18.8861,15.6375
-1864.33,-1208.55,17.3207,15.6375
1180.88,-1762.33,17.3596,15.6359
810.789,1356.85,15.8327,15.6334
1631.21,-588.206,17.5236,15.6312
-1276.25,-159.317,15.7951,15.629
-882.102,-1300.45,17.4518,15.6271
-750.542,1140.85,17.1279,15.6234
192.396,1160.54,16.6758,15.6224
-402.102,1379.73,16.5897,15.6155
-835.288,1760.56,20.0518,15.6118
656.263,-1295.3,18.7542,15.6074
-1446.67,-821.617,17.7561,15.6041
1270.68,-67.3926,16.5029,15.6033
-1644.44,433.687,22.5145,15.6003
1637.9,-423.192,16.3837,15.5998
230.569,-1840.8,22.4185,15.5983
-1542.45,-309.998,18.416,15.5946
-1514.73,-1720.71,18.8357,15.5884
1361.64,-905.825,16.4309,15.5833
758.299,1066.26,16.3546,15.5822
1495.53,-1637.99,15.9061,15.5808
1771.92,273.585,19.8576,15.5797
-1585.78,1385.63,17.7086,15.5796
-1129.51,-1539.59,18.8474,15.5793
-305.019,-1486.46,17.6906,15.5791
-66.4287,1662.11,20.8057,15.5767
-1630.45,-165.263,17.1861,15.5746
-1344.7,258.533,19.4333,15.5713
-1853.04,1189.46,17.1103,15.5703
-1615.03,-1021.2,24.9742,15.5623
1650.88,-778.269,15.5649,15.5613
-752.034,-1173.28,17.4752,15.561
1007.52,-1759.76,18.0973,15.561
22.6893,-1078.19,20.7645,15.5574
-848.59,-1627.88,17.0842,15.556
-949.206,-558.243,16.4358,15.5548
1381.06,-1770.26,18.0062,15.5518
1377.9,-1256.28,17.2584,15.5493
-1355.2,453.062,25.7193,15.5469
1377.08,-630.656,18.8344,15.5445
192.176,1592.68,18.4728,15.544
-1862.89,1836.12,16.087,15.5437
-1373.3,-1068.42,18.3565,15.5433
-1101.27,683.346,19.3891,15.5416
-1172.87,-520.646,17.729,15.5314
-947.266,1569.77,15.9553,15.5279
370.235,-975.957,27.5789,15.5263
-450.655,-1125.69,22.0099,15.5231
221.595,-1331.31,18.0244,15.5176
-759.002,-1264.62,17.9178,15.5132
-1217.8,-992.788,22.2987,15.511
-1092.47,878.517,18.2973,15.505
649.693,1024,15.7456,15.5047
-1476.81,-658.421,15.7644,15.5046
1165.61,-327.189,62.4607,15.4992
1452.99,-614.681,24.7152,15.4982
1045.83,-1484.26,16.4793,15.498
390.171,1089.67,15.6321,15.4922
1892.66,1052.71,18.565,15.4834
-681.612,-1139.58,17.9098,15.4821
-998.431,-1760.17,17.7726,15.4753
968.746,691.399,16.4653,15.4742
-1291.28,234.829,16.3937,15.4675
-1069.4,-335.222,24.9853,15.4667
-22.9277,1173.76,16.2357,15.4628
1537.43,-1232.76,43.9221,15.461
-1358.22,-316.665,17.9626,15.4561
-995.669,-1548.02,16.8906,15.4547
-1425.13,1518.51,20.3703,15.4497
327.629,-1279.44,15.8329,15.4467
1772.37,425.315,20.7591,15.4442
-1356.44,1198.33,16.2653,15.4436
-915.174,1702.49,26.4587,15.4428
989.899,-342.548,15.9117,15.437
-1720.67,-1807.81,17.9266,15.4351
1302.13,-396.514,15.9375,15.4333
1234.27,1387.35,23.4658,15.4251
-773.421,1634.12,17.7283,15.4229
-1215.14,-888.458,15.6001,15.4207
164.369,1024.42,22.1846,15.4183
1074.56,1851.75,20.7614,15.4152
-1701.47,980.621,17.0555,15.415
50.6926,1860.07,17.2028,15.4148
1021.17,-1056.35,30.8287,15.4145
1069.01,1208.23,15.5883,15.4139
1070.67,59.184,34.4511,15.4121
1558.8,1114.62,16.5503,15.4093
-671.914,1603.45,15.4621,15.4066
-87.3239,-1683.86,16.1276,15.4062
-997.775,-115.393,15.4914,15.3922
1240.63,-929.045,16.6682,15.3915
1255.88,-1055.07,22.4396,15.3914
-846.975,1564.98,17.0113,15.391
-1574.86,-1799.65,17.8669,15.3881
-214.316,-1625.08,18.5649,15.3877
781.656,1185.82,17.3067,15.3866
-1437.55,-739.381,33.9127,15.384
-1658.66,-1324.86,15.5376,15.3815
-700.814,-1112.3,18.0937,15.3803
-1857.6,1383.02,20.4571,15.3779
1742.72,849.192,18.7775,15.3743
1342.55,-1138.44,20.718,15.364
-1819.5,-1363.06,21.1971,15.3606
1404.74,-1402.25,16.6292,15.3578
-350.977,1424.65,20.4056,15.3468
1319.7,704.496,21.5567,15.3466
669.07,1225.56,17.5091,15.3454
-325.759,1113.49,19.2288,15.345
1190.44,841.179,21.6153,15.3438
-1514.83,-1815.43,16.8188,15.3423
-1497.98,1250.75,17.8396,15.3387
770.713,-1042.85,23.7402,15.3382
85.0114,950.335,16.8492,15.3299
-233.584,1613.99,26.141,15.3287
1786.31,-285.74,15.7748,15.3281
-1542.2,291.526,32.9769,15.3218
-1243.62,-1307.42,16.0261,15.3203
912.175,1609.49,19.8135,15.318
1366.57,1369.81,24.3554,15.3168
-549.695,1316.05,25.8309,15.3164
12.4997,-1802.79,16.6101,15.3136
59.1141,1406.78,18.6647,15.3093
1107.5,-759.074,18.3268,15.3077
779.728,1355.02,29.2514,15.3016
1663.32,358.314,18.0001,15.2997
1546.04,-555.02,18.4392,15.2976
1612.08,378.47,19.3125,15.2942
-205.328,1315.51,29.0582,15.2927
1153.76,-1582.11,21.7715,15.2886
1352.51,1787.52,19.4377,15.285
-807.617,1802.95,23.3107,15.2844
-166.146,1627.12,19.8402,15.2839
1009.93,-602.13,19.127,15.2834
1455.98,-1598.04,18.2767,15.2824
-1792.05,599.331,18.5394,15.2793
-1292.5,1894.47,17.3491,15.2776
-1108.55,-940.658,19.3599,15.2737
-1420.12,-749.7,16.0331,15.2707
663.206,-1175.37,17.9389,15.266
629.645,989.315,28.2189,15.2659
1515.71,614.351,16.3581,15.2655
-196.64,-1293.42,21.048,15.2653
1778.68,41.4959,20.0654,15.2638
1379.03,-1085.83,17.6621,15.2533
-461.405,-1303.06,22.0528,15.2531
-897.593,1690.23,18.4639,15.2499
1257.2,-1126.99,29.4519,15.2495
1012.17,1331.95,35.0149,15.2494
1057.22,-500.455,17.4691,15.2481
1530.94,751.667,15.8704,15.2475
973.172,1128.79,17.9869,15.2457
362.758,-944.66,22.3554,15.245
-1480.36,-990.888,20.6535,15.2417
1318.4,-110.281,19.7757,15.2417
-481.069,-922.814,31.7477,15.2403
1583.27,-1007.8,18.7786,15.2388
-519.192,1652.54,16.434,15.2359
-1330.82,1178.68,16.7044,15.2325
30.5438,-1445.31,15.3315,15.229
1350.69,498.054,18.875,15.2252
-1334.96,316.809,21.1048,15.2243
1872.76,1207.26,15.7171,15.2214
814.555,-1285.45,16.9684,15.2209
1564.33,1767.86,15.7095,15.2204
-820.226,1287.63,18.5689,15.22
1098.53,1261.83,15.4492,15.2188
-398.92,-959.774,15.7094,15.216
1724.17,-1560.45,29.3666,15.2146
182.908,-1723.87,17.6318,15.2138
-836.559,1751.07,15.2153,15.2132
1774.89,-967.761,21.7231,15.2128
-663.091,-1421.86,18.0935,15.2125
728.359,954.158,43.3749,15.2101
-875.532,1747.3,16.8043,15.2087
-543.929,-1206.73,19.9194,15.2058
1431.67,1883.39,17.4245,15.1977
1818.36,468.619,24.6578,15.1969
1182.02,1454.73,20.9918,15.1929
-794.541,1084.51,36.7561,15.1929
-656.084,1690.43,17.4307,15.1915
-1555.64,13.0381,15.2838,15.1894
-1644.89,1369.02,25.8366,15.1869
-105.607,-1135.77,15.3946,15.1868
1720.43,-44.7112,17.2803,15.1851
-452.543,1360.83,17.4605,15.1845
-1824.5,-961.159,17.2252,15.184
588.87,1171.58,15.6613,15.1829
-1454.71,1328.69,22.9171,15.1827
1165.09,-1550.75,20.1494,15.1807
723.272,-1529.16,20.6283,15.1746
1692.13,-1817.41,21.6774,15.1741
-1468.36,1245.43,21.1163,15.173
-1325.47,42.6323,17.941,15.1715
-910.642,1807.54,17.0536,15.1715
-728.807,1248.62,22.1774,15.1698
1833.09,-1825.37,16.2543,15.1689
-233.316,1668.33,32.6405,15.1688
-1531.83,-713.365,18.7613,15.1672
-967.941,-1383.55,19.1354,15.1669
-1847.95,562.025,20.6114,15.1652
-1860.65,1371.55,26.5909,15.1646
-1277.47,-1855.06,15.1855,15.1619
-1368.35,-1476.48,21.5832,15.156
-1212.57,-544.471,21.2934,15.1526
1757.73,-1835.35,16.1684,15.1509
-1581.38,-823.414,31.4191,15.1484
523.986,1398.16,33.3741,15.1464
1274.34,-1629.67,15.7688,15.1426
888.758,1838.56,18.9298,15.1426
-1724.58,729.423,15.6267,15.1423
-699.089,-1017.95,19.0599,15.1422
441.35,1648.84,16.652,15.1418
1069.06,1225.54,127.581,15.1418
269.44,1469.58,16.6155,15.14
1665.58,-1013.01,17.7802,15.1394
843.268,1407.84,19.201,15.136
-1516.39,-201.259,16.7959,15.1332
944.844,1199.31,16.6922,15.1331
72.8122,1390.84,17.8106,15.1326
-1076.59,-1374.35,17.1324,15.1302
561.561,-942.935,15.9552,15.1285
1307.4,100.462,15.9917,15.1261
-1863.57,-575.7,15.7048,15.1222
-1808.53,1667.32,16.7011,15.1208
-291.649,1778.37,15.142,15.1195
1275.19,569.028,19.9593,15.1178
974.039,1177.34,21.1932,15.1178
-1676.78,189.079,18.7085,15.1175
1521.57,253.469,19.6537,15.115
-863.627,-1293.28,18.8278,15.1145
1344.6,927.933,15.3744,15.1138
-1253.15,1610.24,18.1154,15.1137
609.728,1760.85,21.1901,15.1107
436.312,-1316.74,20.8273,15.1095
1125.86,885.706,20.1339,15.1071
361.962,1021.5,41.9853,15.1037
-1309.84,-57.3326,18.3571,15.1019
1268.71,-244.591,15.2319,15.1012
-1444.73,-758.208,15.4925,15.1004
1884.3,-641.42,28.3926,15.094
710.806,1077.72,20.4672,15.0937
-1031.5,-1779.33,21.1317,15.0834
-1636.47,-809.523,17.0527,15.0798
-259.32,1301.27,18.8558,15.0789
1819.3,-825.672,16.8291,15.0782
515.231,-1447.78,15.2947,15.0746
1552.83,1167.6,16.7586,15.074
-1342.65,1407.2,16.418,15.0738
-1711.38,-1529.45,18.4488,15.0735
-1458.9,130.368,16.4867,15.0731
1517.63,918.914,15.6376,15.0711
-433.133,-1375.67,17.237,15.0654
1090.9,1454.06,18.7193,15.0647
-1558.81,-195.759,18.5995,15.063
-327.617,-1036.73,31.988,15.0619
822.565,-1668.58,16.5632,15.0607
-1495.39,-1217.32,21.9167,15.0602
302.828,1856.01,16.1975,15.0597
1699.92,-1389.7,16.3922,15.0582
1843.04,1603.78,19.4894,15.0542
-416.983,-1705.96,18.4234,15.051
-1714.53,1636.22,37.8111,15.049
1146.69,-626.772,17.2366,15.0455
-1474.74,1762.24,15.4272,15.045
-1897.42,482.027,17.0268,15.0448
-1679.34,-1330.25,15.6888,15.0427
-1591.59,590.091,16.9716,15.0424
-256.921,944.569,41.2153,15.0418
1165.6,-1831.46,20.563,15.0398
-1861.33,-338.421,39.5351,15.039
-1653.11,909.955,16.3542,15.0369
-1707.38,1275.08,15.8262,15.0356
-1680.96,16.5124,20.0194,15.0291
-259.114,1212.36,17.7159,15.0268
-1061.47,-529.935,55.6299,15.0261
-1326.03,128.417,19.6626,15.0251
144.141,-1091.01,20.0618,15.0192
294.019,-1157.36,19.3515,15.015
-1106.95,682.255,19.8786,15.0101
1629.9,-1236.33,15.9309,15.0087
1638.56,803.094,16.9917,15.0048
1735.99,-222.162,30.5379,15.0026
1334.71,-783.89,24.7154,15.0008
1274.21,-314.412,22.3083,14.998
-1860.72,-1658.68,15.475,14.9956
-63.4379,1086.2,16.3782,14.9955
146.827,1071.96,18.8513,14.993
-381.32,-1431.33,36.0538,14.9918
-1464.15,-809.958,16.4233,14.991
-937.308,295.566,18.5187,14.9904
341.666,955.409,21.391,14.9778
48.6603,1271.26,15.1948,14.9743
621.352,-1336.54,16.3962,14.9721
662.223,-1171.69,17.6224,14.9692
1360.18,-292.683,16.7284,14.9669
392.525,-976.852,19.8514,14.9669
1548.74,-1393.56,20.6672,14.9662
-1151.85,-1168.04,21.9138,14.9636
-1075.95,-83.0338,69.2031,14.9621
1386.63,-718.77,16.691,14.9586
-320.38,1685.92,18.5051,14.9436
967.969,-369.959,34.1317,14.9418
1788.14,-982.25,15.5725,14.9412
-1754.6,-654.631,22.4788,14.9385
-1105.29,548.087,19.4026,14.9373
-891.484,-1559.53,16.7646,14.9317
-1339.64,-1553.78,16.1961,14.9316
-240.124,1479.27,19.9618,14.928
-466.571,1203.44,17.342,14.9265
-958.086,802.702,19.0707,14.9222
1253.04,334.315,31.0392,14.9194
1577.13,344.206,15.7598,14.9176
1303.64,54.5591,15.803,14.911
1712.31,1851.45,18.1875,14.9109
694.132,1410.53,18.3677,14.9011
-74.953,-1317.91,36.2974,14.9
-1540.68,457.292,15.3658,14.899
1487.91,-326.691,111.206,14.8984
-1588.59,-1374.07,15.0374,14.8939
-956.436,-833.304,16.3198,14.8937
-420.025,1703.38,17.0485,14.8936
1220.83,926.097,21.8439,14.8925
1138.87,347.982,21.7496,14.8914
-404.047,1669.7,21.2503,14.884
-1064.62,-482.847,20.3696,14.8825
1521.86,-615.986,16.1801,14.8819
-948.848,369.566,17.8411,14.8807
1663.9,-447.422,17.1127,14.8783
-1206.84,-714.854,17.359,14.878
189.04,-1743.75,24.9263,14.8779
-1278.3,-204.85,15.5231,14.8752
697.277,1093.27,21.6697,14.8748
1860.41,862.313,14.8793,14.8739
-1115.33,-1018.89,17.1016,14.8716
-873.167,-1005.82,15.684,14.8692
1168.3,-69.4768,17.1764,14.8673
-1142.48,1891.1,17.9297,14.8662
-1726.99,-518.586,19.673,14.8661
1396.9,675.709,15.5773,14.8656
756.602,-1056.78,21.4527,14.8655
1231.99,1303.2,20.2685,14.8637
-1384.2,-1092.52,20.5723,14.8576
1163.02,635.901,21.2831,14.8569
-1037.4,157.166,17.8269,14.8559
1132,990.937,16.5603,14.8556
868.786,-1249.62,15.7742,14.8542
1655.62,-1631.3,23.3174,14.8489
-228.236,1331.67,18.034,14.8485
-366.119,1439.14,19.0329,14.8474
-1173.04,203.61,22.3748,14.8457
1061.32,-909.195,15.6182,14.8448
-19.6031,-1608.29,17.4212,14.844
-485.138,-1748.62,41.6204,14.8433
1767.89,-1804.69,16.5684,14.8406
-1379.71,-37.0411,60.3817,14.8405
-1011.35,-466.725,24.3742,14.8386
1841.34,-302.389,17.1702,14.8371
1686.5,819.363,17.0832,14.8354
-182.668,-1733.94,19.1837,14.835
1528.42,-336.712,14.8779,14.8333
-1258.81,-224.764,17.7233,14.8328
-952.266,139.734,17.0066,14.8323
-1163.03,-1670.34,37.2563,14.8306
-1404.65,1449.99,15.585,14.8282
1445.42,890.958,17.7931,14.824
-1567.15,-1762.29,14.8453,14.8223
959.752,-573.088,19.1911,14.8205
-750.574,-1655.5,16.7194,14.8201
726.853,-1723.76,20.7033,14.8187
1821.41,1399.69,24.0004,14.8182
-1600.34,359.323,16.7006,14.8161
935.387,290.724,15.2281,14.8161
-1415.65,-20.618,15.405,14.8119
-1614.07,-880.226,15.5536,14.8082
1836.38,1421.37,24.728,14.8077
-942.761,-1052.29,17.8733,14.8064
468.968,-1111.42,15.8495,14.8058
-1676.05,-1810.45,14.9763,14.8041
1323.73,572.81,17.1182,14.8014
-1024,-514.157,21.7918,14.801
1692.66,-1522.94,15.1218,14.8007
-1573.44,39.5911,14.8381,14.7984
-1149.86,981.603,15.8276,14.7979
-1694.34,1174.16,16.4308,14.7975
1012.79,792.677,15.09,14.7961
-1696.16,1278.36,14.8976,14.7915
1025.11,573.608,15.4014,14.79
-1388.02,-1664.98,18.2041,14.7884
1228.32,591.12,17.1728,14.785
-140.026,-1691.06,14.8302,14.7849
1844.71,-537.833,17.6814,14.7803
-143.718,1485.38,17.0639,14.7787
-1466,1712.22,16.855,14.7758
-1773.49,-1833.86,18.5484,14.7681
1009.39,522.015,23.4409,14.7653
97.876,1318.15,16.6481,14.7646
-1420.93,1002.93,17.2421,14.7633
1514.11,843.845,15.4853,14.7626
1803.24,-517.206,16.7682,14.7623
-119.976,1470.49,15.6724,14.76
1019.64,-343.27,15.5494,14.7597
1621.47,-242.032,15.7128,14.7586
948.006,9.45313,22.1771,14.7527
1591,1418.25,18.9237,14.7507
-1312.1,-106.322,15.0508,14.75
-1027.7,-438.748,16.3005,14.7496
-1553.95,64.4337,18.6864,14.7481
-1294.61,814.208,22.0373,14.7469
1608,-1632.01,15.1509,14.7463
1331.84,-842.784,18.9686,14.7453
-1537.92,1128.45,20.5355,14.7417
-1725.87,1156.6,22.0296,14.741
1797.58,-143.579,15.6404,14.7409
997.524,1434.15,14.9214,14.7402
-411.975,-1384.93,15.5299,14.7395
-572.952,1505.47,20.3995,14.7387
69.6829,-1174.18,14.8803,14.7377
1497.75,1558.7,19.4579,14.7366
-1812.67,771.502,18.7745,14.7339
-1060.18,-1433.19,19.9153,14.7335
984.813,728.491,17.6981,14.7321
1758.15,46.055,16.6517,14.7316
1437.21,955.819,17.3023,14.7315
-477.369,-1188.9,19.0171,14.7275
-1290.59,172.198,15.3368,14.724
468.7,-1869.9,18.8168,14.7231
-1112.11,1532.3,16.7019,14.7226
-630.971,-1474.8,16.6623,14.7204
-1599.78,881.042,15.4205,14.7202
1352.08,-1262.3,52.0495,14.717
-1113.9,-420.728,14.9252,14.7127
-1330.73,1653.18,18.6774,14.7109
-315.229,-1410.69,15.6054,14.7072
1331.3,1056.65,17.0432,14.7053
-972.513,-1310.13,18.8409,14.7041
-415.47,1538.33,22.2075,14.7035
1759.34,-874.498,15.9935,14.7016
874.543,1453.28,17.1715,14.7013
-1719.13,-1372.04,61.7207,14.6958
1252.29,-9.78889,20.3965,14.6957
1597.38,1216.84,16.88,14.6957
-1700.51,-416.077,15.1579,14.6917
-1412.16,1232.39,15.7214,14.6892
1059.93,-1353.18,15.2882,14.6885
665.905,1400.36,21.3426,14.6807
1313.08,-176.846,19.5656,14.6801
-1053.49,250.359,31.8663,14.6786
1243.08,1058.74,27.6512,14.6779
84.4002,-1683.38,18.6855,14.6765
-980.352,-1645.13,14.7146,14.6735
-1313.06,-1104.35,15.3874,14.6732
-447.114,-1663.94,21.8893,14.673
-311.056,1801.69,16.6492,14.6726
1277.07,491.121,22.4541,14.67
1721.63,-1832.32,24.8976,14.6688
-1828.75,-785.552,18.0054,14.6669
-1361.2,-409.265,18.3654,14.6637
-1261.25,708.499,16.666,14.6634
1160.6,-1440.98,18.4555,14.6627
-709.942,-1747.33,21.4281,14.6618
-1764.99,-242.328,20.1071,14.6609
689.063,-1377.01,15.0386,14.6587
-1154.96,-1170.88,26.1624,14.6534
1143.71,-370.127,16.0409,14.6533
177.635,-1377.44,19.9346,14.6531
-1433.94,-1667.52,15.31,14.6529
-1300.85,-98.3303,42.1008,14.6509
827.34,1130.35,17.1803,14.6505
-1840.47,1495.51,15.2757,14.6487
-1580.81,1519.01,16.6705,14.6474
988.483,991.319,18.3478,14.646
-1491.47,1215.52,20.2037,14.6416
1733.95,-98.8319,21.1155,14.6414
1510.3,1803.85,17.1538,14.6414
1140.77,488.26,19.7286,14.6366
-1030.86,1744.46,19.412,14.6335
1335.25,671.995,17.6978,14.6313
1436.7,1196.71,17.553,14.6312
-116.053,-1679.19,18.1439,14.6303
1487.29,-400.521,18.3973,14.6289
1389.67,1089.27,15.4096,14.6285
-1001.02,878.291,20.1827,14.627
-1551.5,1324.4,19.6502,14.6262
1285.87,-1272.96,14.641,14.6218
-1382.74,797.824,18.6626,14.6199
1853.95,-952.251,15.1572,14.6187
1737.36,-1376.2,20.703,14.6159
-1323.64,-232.1,15.4237,14.6153
-353.519,1196.19,15.8771,14.6149
1468.77,-1041.15,15.6857,14.6143
1242.02,990.945,21.4187,14.6102
-13.3678,1030.83,19.1619,14.6085
380.313,-1461.59,20.2534,14.6058
263.2,1758.84,16.2211,14.6008
-1122.01,807.831,19.9218,14.5965
-716.215,929.15,35.5688,14.5948
317.098,-1643.43,16.6153,14.5922
-373.975,1236.86,14.9666,14.5919
-1712.67,593.677,15.6315,14.5878
1579.15,-112.108,21.0232,14.5868
1572.97,-373.822,42.4968,14.5837
1439.18,879.892,15.7863,14.5831
-1476.6,-1190.69,19.3528,14.5781
1262.56,-83.8052,14.8629,14.5755
175.802,1228.9,19.3102,14.575
1569.74,1479.4,52.5715,14.5747
196.197,1124.44,17.262,14.5743
-317.949,-1031.02,16.2033,14.5742
1125.89,-1033.31,24.9979,14.5685
-764.376,-1498.73,16.6203,14.5683
1787.97,-818.617,42.5097,14.5647
-678.034,1634.36,41.4467,14.5631
1523.45,126.254,16.5801,14.5613
-391.583,-1402.93,17.4982,14.5595
1619.82,-405.467,14.5939,14.558
-1592.95,-1795.45,16.269,14.5572
-963.962,-341.415,31.1265,14.5544
1610.81,1782.4,16.6708,14.5537
-1703.1,-903.646,17.0371,14.553
29.5267,1195.07,16.6101,14.5527
-1421.75,462.312,15.0017,14.5516
1567.31,636.894,21.9605,14.5505
-680.654,-1044.37,17.4231,14.5497
1113.28,1532.71,26.0031,14.5465
-1477.75,-769.451,18.3892,14.5432
1215.32,-937.551,19.6861,14.541
-1821.99,-1790.88,14.7695,14.5405
-1112.54,-157.648,18.961,14.535
-1442.38,-951.342,14.8678,14.5343
439.854,-1727.99,15.5937,14.5338
1664.73,-824.252,23.5715,14.5257
-1421.98,-463.154,14.6144,14.5249
1594.26,58.0349,20.3256,14.5176
698.188,-1248.13,18.0153,14.516
1409.94,1603.05,24.5462,14.5129
1763.23,-979.442,14.6834,14.5097
900.874,957.81,15.3597,14.5085
-890.614,-1695.31,15.739,14.5068
381.501,1438.61,16.8248,14.504
-1782.05,-343.521,20.9028,14.4999
1412.92,-1243.71,15.819,14.4978
-1443.44,-385.72,41.8703,14.4956
-1146.81,1807.07,17.4591,14.4923
1800.36,1764.68,18.1707,14.4895
-1700.61,-724.006,21.1242,14.4868
-1268.95,-864.924,44.275,14.4849
1703.68,803.879,15.2558,14.4843
-1411.6,1407.65,15.8508,14.4822
-1165.49,-841.875,28.6442,14.4815
-1308.25,916.227,14.5157,14.4794
1600.19,-1608.26,17.6748,14.4766
-1884.08,-20.8851,14.5474,14.4749
-665.036,955.225,17.7534,14.4737
-1633.65,-203.548,15.6285,14.4735
1095.51,-1697.62,14.6116,14.4734
1587.33,1577.23,16.4699,14.4731
-276.64,1408.52,17.1678,14.4725
-1525.72,-117.835,31.0377,14.4712
-1158.07,-126.953,15.8232,14.4704
-1644.95,772.186,19.2546,14.4689
1309.76,354.745,16.7815,14.4671
-151.868,-1463.27,14.588,14.4666
1790.8,1596.84,14.5697,14.4664
-1139.73,1536.24,16.2839,14.4646
1556.62,-390.206,15.5738,14.4643
-1284.36,-691.357,25.737,14.4635
-1876.09,-996.995,14.6717,14.4625
-1164.61,1073.71,15.4784,14.4609
1515.03,45.6366,29.1157,14.4501
1580.46,-604.578,15.2978,14.449
1051.92,-1513.54,15.3115,14.4486
-1156.7,1811.93,21.1193,14.4464
1049.2,1807.75,26.5062,14.4451
-208.259,-1718.62,16.1661,14.4438
1441.27,-39.2874,17.8132,14.4425
1132.2,1125.75,21.0986,14.4424
-1109.69,-1319.15,14.5634,14.442
-1695.18,292.427,20.2677,14.442
1015.09,175.678,20.243,14.4408
-543.461,1002.04,14.7379,14.4393
912.021,-1517.11,18.9286,14.438
1029.49,269.222,14.5524,14.4357
712.753,1751.87,25.7194,14.4357
1313.3,-1650.4,14.8415,14.432
1701.96,994.877,16.3947,14.4304
931.104,-1117.84,14.8981,14.4301
127.553,1860.92,16.6709,14.421
5.2687,991.382,15.103,14.4188
1351.42,-1578.64,15.6276,14.4175
-1609.87,822.829,14.5446,14.4173
1344.95,917.403,27.3844,14.4171
-1321.43,-254.628,28.1329,14.4165
-973.109,-386.392,15.2137,14.4165
916.01,1156.07,18.0871,14.4158
1521.73,-1340.57,15.8919,14.4125
1576.79,-642.465,15.5267,14.411
1175.08,-34.031,17.0926,14.409
1112.16,1760.92,21.6803,14.4085
-107.769,1432.61,15.9055,14.407
938.665,1132.82,19.8036,14.4054
-965.931,-16.7314,21.8088,14.4045
-1378.54,-1059.92,24.2154,14.4028
1702.57,-589.272,29.6687,14.4014
23.1564,-949.863,16.0674,14.3973
-1098.49,3.00683,20.2782,14.3927
1884.2,-1532.08,16.063,14.3895
1270.05,-59.7308,16.2386,14.3882
890.027,1820.92,16.9295,14.3863
873.368,1444.59,18.0707,14.3835
-492.825,-946.418,14.4687,14.3803
1887.62,-1593.51,20.2303,14.3779
-985.1,995.953,36.7157,14.3778
-1258.34,1649.44,18.5324,14.3764
926.796,-1562.4,14.8113,14.3755
-1216.65,-1542.15,19.3648,14.3754
-1147.69,-486.438,18.3069,14.3722
886.074,1631.86,15.6306,14.3681
-1227.93,-481.536,40.6195,14.3676
912.6,1359.88,16.4859,14.3674
-1434.34,-1694.21,15.8924,14.3658
-1872.69,-427.516,19.6309,14.3631
-999.559,-393.037,18.6572,14.3612
-973.597,-462.924,15.3993,14.3611
-1129.92,-471.091,21.0938,14.3579
-1742.92,-259.833,15.9442,14.3515
-1576.14,-1524.27,14.4597,14.3487
1368.08,-1812.01,18.5978,14.3453
1295.87,39.2255,15.2937,14.3452
1502.97,1168.43,25.9493,14.3441
502.084,-1576.43,18.2512,14.3432
454.891,-1722.39,15.0925,14.3431
-1491.57,304.582,15.458,14.3413
-265.964,1447.67,62.0635,14.341
-1142.02,-680.7,19.9534,14.3403
1334.01,425.078,17.4313,14.3377
-1055.9,-1750.46,16.1594,14.3365
1627.52,1251.3,17.602,14.336
-1146.91,-1125.57,36.7214,14.3341
-1346.94,322.517,15.7861,14.3328
1518.57,-893.67,14.6567,14.3314
-1164.26,1078.06,19.035,14.3307
1523.39,-1161.04,21.4431,14.3302
-559.071,-1008.98,16.4627,14.3282
-1637.43,-977.791,15.3076,14.3269
-1089.64,1504.52,20.2367,14.3263
1041.97,-1772.03,15.1974,14.3193
1098.9,-591.809,19.9689,14.3184
158.479,-1724.06,43.9988,14.3151
-1263.16,232.833,14.6344,14.3148
-348.972,-1309.28,14.7447,14.312
1849.65,1846.86,16.4018,14.3114
-1290.18,-881.625,15.5493,14.311
1130.19,1688.79,22.098,14.3106
-1101.89,122.336,16.3179,14.3094
-1846.15,39.8029,15.0576,14.3093
-1445.14,-1789.07,17.592,14.3071
-1853.46,-382.941,17.0803,14.3044
-1315.57,-59.6273,15.2519,14.3041
1820.05,-101.679,17.4629,14.3006
1061.15,194.527,21.0796,14.2944
1228.1,445.458,19.1519,14.293
1509.34,582.393,18.2106,14.2921
-1223.86,872.986,24.9618,14.2914
1300.17,141.482,15.2504,14.2899
-1751.73,-1887.34,16.7405,14.2895
-520.444,1514.29,23.6642,14.2894
1053.38,-1887.08,14.5745,14.2814
1489.44,384.258,17.3159,14.2807
1357.46,1589.37,18.4615,14.2804
-1877.6,-1854.11,20.0835,14.2792
-1562.97,-123.116,17.3889,14.2788
664.962,1690.05,17.1839,14.2784
-1566.3,1537.76,16.4238,14.2734
-1241.79,850.186,16.4254,14.2731
-1812.24,1000.22,16.4493,14.2696
-1707.16,-316.279,26.1294,14.2677
1146.63,-677.973,18.2568,14.2663
-1750.41,833.738,18.839,14.2643
-1056.64,769.232,14.2985,14.2631
-227.687,-1654.08,18.9436,14.2626
-1127.82,-808.633,18.0559,14.2613
-1541.67,-1112.87,16.7363,14.2596
1476.87,637.99,20.4481,14.2573
-1429.58,1735.04,14.7865,14.2558
-415.825,1635.77,15.1749,14.2506
-35.0264,-1510.33,19.6011,14.2473
-115.162,-1152.81,14.7354,14.2471
-1844.05,772.83,14.2657,14.2464
-1248.27,-153.567,15.9758,14.2448
1851.45,1352.28,17.9375,14.2425
1895.54,39.5416,14.3236,14.2406
938.527,477.589,14.9015,14.24
-1266,402.086,37.6976,14.2329
-761.166,-1828.97,17.9209,14.2294
1046.32,713.572,15.5125,14.2293
396.376,1184.45,15.8375,14.2274
-221.232,-1483.99,41.9038,14.2266
-1771.07,1246.06,18.5778,14.2254
1217.79,592.914,15.0969,14.2248
-887.064,1656.86,19.362,14.2235
195.917,-1245.37,25.0021,14.223
-1300.33,1323.49,15.0045,14.2192
-1653.59,-709.55,22.1101,14.219
1023.32,-411.076,14.8499,14.2187
1344.39,855.495,15.1673,14.2186
816.041,952.795,15.5591,14.2175
-1374.48,-1278.63,15.3504,14.2167
1383.61,0.739642,19.9987,14.2122
1413.48,985.552,43.1008,14.2086
1231.31,-1864.07,14.6563,14.2045
-1352.47,-796.976,14.5022,14.2032
457.674,1512.71,14.6453,14.2023
-1621.2,319.601,19.5915,14.1983
-1870.74,-1553.99,14.2514,14.1978
-760.894,1202.49,41.6017,14.1912
-1879.79,-187.466,17.3042,14.1908
-64.5799,-1095.51,14.2903,14.1905
-1194.54,561.947,29.6516,14.19
-509.961,-1681.98,14.5186,14.1898
1892.28,-79.6296,14.7014,14.1879
782.093,-1347.9,18.5255,14.1842
526.542,1720.92,14.2257,14.1831
-1270.49,1811.19,15.1764,14.1817
514.388,-1891.97,14.3267,14.1808
1547.42,1766.77,17.4073,14.1792
-791.727,-1242.88,17.4029,14.1787
-319.005,-1225.15,16.2518,14.1773
1165.82,1817.27,15.1061,14.1765
-1749.93,-884.473,15.6543,14.1754
-278.153,-1598.95,15.2446,14.1754
-1679.81,-1153.73,17.5395,14.1747
83.6995,-1072.24,15.4221,14.1723
1833.55,-1434.72,16.2068,14.1711
1377.85,1055.87,15.1479,14.1706
1241.62,324.424,16.2882,14.17
1512.53,-345.656,21.7216,14.1679
-603.266,1644.1,17.8724,14.1637
1316.04,1253.32,35.4556,14.1624
1685.04,1656.4,14.2102,14.1613
1365.58,-346.939,21.2403,14.1565
1363.11,1187.61,14.8928,14.1533
-1416.72,-1208.85,14.1573,14.1521
481.106,1696.15,19.69,14.1519
-962.811,-1378.54,15.0421,14.1515
816.216,1685.21,16.7148,14.1514
-1432.52,-1377.17,19.8766,14.1512
1223.47,1141.91,16.0253,14.1509
1535.81,-1054.21,14.8133,14.1493
-1083.12,1644.16,23.2673,14.1471
831.401,-1655.64,16.8393,14.1467
-1710.26,-181.257,18.7495,14.1465
1582.6,-678.728,16.2764,14.1431
-1601.22,1543.85,15.7931,14.1428
414.746,-1395.64,15.4373,14.1423
-86.1013,970.57,20.9829,14.1418
-179.561,-1034.23,22.802,14.1389
-1227.75,578.621,23.135,14.1369
108.427,-1319.78,21.9204,14.1348
1301.48,167.912,17.198,14.1339
-1079.74,608.211,18.8477,14.1333
-1634.02,1553.25,17.6336,14.133
1035,-293.711,22.1574,14.1321
-941.51,294.168,15.0859,14.1264
-1237.51,162.873,17.1735,14.1253
1438.58,1642.37,23.382,14.1232
-506.247,-1254.58,14.3838,14.1232
-1055,1737.61,19.2893,14.1221
752.924,-1683,14.6846,14.1211
214.926,1346.93,14.2538,14.1154
-534.363,-1530.43,19.3942,14.1095
1320.52,-605.902,19.1033,14.1091
903.14,-956.223,20.5942,14.1086
-1558.87,239.648,15.7663,14.1082
621.035,-944.45,23.6049,14.1054
-1272.87,1092.74,15.0322,14.1034
-1362.54,685.458,14.5365,14.1009
525.113,-1786.94,14.6112,14.1009
-47.8807,1433.85,37.5662,14.0984
1389.04,-1406.64,23.1395,14.0978
1741.55,303.801,14.4269,14.0963
652.535,-1280.99,14.345,14.0958
1256.7,972.318,15.6182,14.0956
-984.486,-657.508,28.8323,14.095
-182.867,1609.23,17.2236,14.0918
-271.199,-1651.37,18.7466,14.0915
-1743.59,-1310.03,14.3098,14.0913
1560.52,1202.33,14.6935,14.0886
-1054.46,1058.75,27.6011,14.0882
-1651.94,889.552,21.573,14.087
1636.52,855.267,18.3334,14.086
-1367.99,504.589,15.7898,14.0818
-1484.77,-669.725,15.7408,14.0759
338.823,-1390.52,16.6529,14.0752
-625.452,-1315.6,16.4036,14.0737
-1155.13,601.056,18.1367,14.0732
188.96,1089.61,16.499,14.0721
-879.32,1251.19,15.7494,14.0696
-153.863,1110.21,16.9891,14.0695
358.686,-1260.2,15.1668,14.0689
1578.83,-295.025,22.0474,14.0688
-679.907,1112.06,14.1141,14.0636
-149.122,1493.53,20.4882,14.0624
899.595,-1096.21,19.4082,14.0604
1631.67,-1404.48,20.0805,14.0576
-1588.01,1813.9,14.5581,14.0561
1348.62,1782.73,14.5301,14.0554
-1411.83,-1593.44,17.2338,14.0548
1764.06,1069.59,16.7932,14.0545
837.061,-1156.48,14.1485,14.0522
-1431.33,-1167.99,19.8375,14.0456
-1532.91,-378.572,16.5201,14.0449
-577.839,-1044.99,28.3985,14.0447
1744.22,520.106,21.9582,14.0417
994.558,-1126.32,23.0729,14.0377
-1040.8,-1124.89,16.9807,14.0368
-272.994,1513.15,19.2042,14.0367
141.626,1486.58,14.3968,14.0364
-744.024,1498.64,14.4906,14.0358
1137.66,-797.251,19.3354,14.0357
1256.06,-702.474,28.8201,14.0336
-775.817,1646.29,20.0864,14.0326
-689.481,1129.76,14.7869,14.0314
-1560.91,-540.638,14.7016,14.0312
-351.911,-1363.82,15.2772,14.0293
814.44,1470.2,14.5663,14.0289
-227.887,-1175.47,15.7864,14.0255
211.117,-1278.13,29.6079,14.0229
-1754.66,-711.266,18.3626,14.0214
-1356.78,-966.332,17.9518,14.0208
1243.27,1339.06,15.2043,14.0195
1168.01,-1694.65,16.4374,14.0179
1777.17,-312.083,19.9031,14.0169
377.049,1777.22,24.0684,14.0159
975.475,1454.22,16.3081,14.0112
-317.372,-1463.66,15.032,14.0108
-1712.15,-1854.89,40.2916,14.0106
-1640.14,-1423.55,15.7465,14.0105
1075.41,-1672.77,15.1181,14.0105
-1706.4,-34.7158,21.2363,14.0099
-8.37692,1119.66,15.6968,14.0099
1381.05,152.566,15.2413,14.0096
1036.16,-503.699,16.0997,14.0088
392.383,1502.29,123.681,14.0065
-867.972,1345.23,16.0389,14.0023
1029.22,211.498,15.6004,14.0022
-1241.02,-1788.57,16.1426,14.0019
139.875,-1222.3,17.1476,14.0007
-119.135,1047.16,16.7286,13.9997
-1164.98,102.15,17.6909,13.9966
1760.21,-362.064,23.4451,13.9965
-1872.76,-1800.18,15.2502,13.9964
1354.5,1398.83,14.6923,13.9949
427.345,1601.24,14.8452,13.9926
-1017.79,1861.82,20.5934,13.9922
-499.441,-1523.29,20.5083,13.9896
1230.39,1287.31,14.0229,13.9894
1853.91,-690.804,18.9697,13.9885
-108.713,-1610,23.8333,13.9873
-685.19,1427.88,210.672,13.9857
280.618,-1716.06,15.1404,13.977
791.975,-1697.42,14.8086,13.9766
-666.418,1464.58,14.113,13.9757
-58.4303,-1203.09,14.2369,13.974
-1214.92,-186.01,16.6669,13.9714
701.829,987.145,23.8975,13.9686
1074.62,-1856.24,15.1251,13.9685
-1371.77,1133.5,14.7346,13.966
-1690.66,821.818,14.6101,13.9644
853.555,-1655.48,19.5782,13.9639
1377.73,-1399.77,18.3644,13.9631
539.019,-990.629,14.0351,13.9624
1147.42,65.3328,15.0376,13.9592
-1070.49,1568.78,14.6273,13.9562
-1169.24,159.196,48.1107,13.9546
1833.24,808.03,17.9877,13.9544
561.832,1208.01,14.3527,13.9532
-1181.06,-1024.74,15.5601,13.9529
894.15,1796.03,14.8269,13.9511
-512.541,-1383.93,14.8028,13.9498
809.807,-1181.9,20.1555,13.9491
1163.8,-915.92,15.6135,13.9465
-1233.88,-665.943,80.2739,13.9463
-1399.92,1189.53,15.1577,13.9457
1258.6,-1783.13,15.0181,13.9441
318.468,1014.05,20.5871,13.9436
-717.115,1621.01,23.24,13.9429
1484.55,438.183,18.1479,13.9376
-1037.61,-1766.19,15.8261,13.9369
90.6496,1649.99,14.445,13.9311
1610.69,-776.622,77.8686,13.9297
1377.13,-799.129,16.2397,13.9291
-530.496,-1059.57,16.9328,13.9288
-995.317,-427.612,14.7916,13.9283
1706.99,1391.4,14.3065,13.9282
-884.082,-1185.14,23.9985,13.9273
278.795,1724.92,32.8968,13.927
1329.92,17.8304,17.9023,13.9261
1626,1622.88,15.9781,13.9255
-1285.27,-187.125,17.919,13.9252
717.417,-1320.68,16.4451,13.9232
-1695.52,1260.57,15.3799,13.9164
-1745.19,-548.833,16.3831,13.9129
1259.14,1501.66,27.2628,13.9125
1030.28,-1173.33,27.2727,13.9116
-1468.06,-1648.93,23.9961,13.9115
-1680.65,-1606.83,29.9931,13.9108
-1875.56,423.822,14.7875,13.9088
260.081,1263.87,15.4288,13.9078
-726.72,1506.56,16.2235,13.9076
1193.43,-703.248,19.1154,13.9061
1719.82,-60.2332,16.4917,13.906
-1115.7,1489.45,22.1445,13.903
-84.2939,1548.79,15.2802,13.9022
1423.2,-199.691,17.4114,13.9012
950.027,280.883,76.8717,13.9008
413.814,1444.34,14.3567,13.8949
1771.6,-1617.98,15.4453,13.8946
20.2686,-1787.37,13.9175,13.8925
773.719,1218.99,14.2046,13.8908
-1509.33,-953.145,14.7569,13.8907
-1093.94,-222.396,18.0766,13.8896
-1686.97,-1696.12,13.9712,13.8891
-85.9606,1368.82,17.4578,13.886
-287.088,-1093.73,15.9383,13.8858
-145.569,1442.03,14.3745,13.8841
-271.224,-998.208,14.6991,13.8813
1610.73,1286.96,77.9417,13.8813
486.71,-1377.62,17.5812,13.8807
1121.43,-1232.53,17.2621,13.8806
1111.72,-384.209,16.627,13.8786
887.433,-1194.7,16.1126,13.878
-1459.57,-337.78,16.8051,13.8769
1708.82,31.7104,16.0004,13.8769
389.163,1175.79,16.5842,13.8765
1310.23,-334.946,14.7075,13.8742
-1369.64,-1244.83,15.7483,13.8725
-219.623,1526.35,14.279,13.8717
1553.37,1671.78,16.9311,13.8692
-601.865,1840.39,18.9018,13.869
1066.94,-831.513,15.2823,13.8686
88.2562,1258.89,17.9383,13.8683
-1312,-1674.03,22.3694,13.8679
-1135.55,482.232,18.1144,13.8679
1126.74,668.493,15.2484,13.8664
-50.0972,-1584.73,14.2133,13.8645
1759.06,-189.237,14.0882,13.862
-1219.79,2.96926,13.8723,13.8585
33.4023,1894.59,13.8845,13.8522
1142.12,-70.0857,14.6843,13.8512
1585.39,-1864.1,14.877,13.851
-590.048,1205.87,16.3055,13.8501
1433.03,1459.93,14.6565,13.8486
-1415.92,1444.86,15.5551,13.8481
-1719.33,-691.57,37.1422,13.8476
1642.42,559.064,15.7862,13.8433
1336.86,964.86,15.5376,13.8422
337.714,1653.1,15.3197,13.8421
-1890.11,1483.22,16.1031,13.8404
-939.448,860.411,17.2654,13.8401
1279.77,362.447,16.4657,13.8399
-1706.02,1475.48,114.305,13.8398
97.7281,1135.27,15.1482,13.8388
-893.228,1381.18,15.3108,13.8363
-1166.45,-14.4806,17.7134,13.8349
1100.57,-740.631,14.0288,13.8345
-1729.18,683.105,20.1509,13.8277
1839.32,318.5,14.2605,13.8275
-977.109,-1414.9,14.0165,13.8265
-1676.32,169.507,49.9203,13.8263
1784.77,-750.57,18.6932,13.8262
463.915,-1586.67,15.7188,13.8233
1111.19,470.028,14.525,13.8231
57.1502,-1618.67,17.3071,13.8201
1054.5,238.824,19.1324,13.8185
-1305.8,1380.47,17.3808,13.8184
-916.927,1456.37,19.4385,13.8158
-1508.45,-1364.95,18.967,13.8147
-87.0466,-1655.64,16.76,13.8116
-325.034,1434,20.6394,13.8092
-1460.55,850.674,14.0003,13.8091
-1358.91,617.24,15.766,13.8057
-1331.78,587.331,15.2247,13.8043
54.6995,-1721.64,15.954,13.7982
-1323.07,101.575,15.8941,13.798
1103.08,-176.113,19.6203,13.7971
-1063.33,-479.757,14.4719,13.7969
-314.126,-1071.05,14.7611,13.7953
-599.559,-1259.23,17.275,13.7952
1867.78,1091.18,16.3514,13.7949
627.131,-1204.69,16.0301,13.7936
1243.13,1777.44,17.4193,13.7928
-1804.95,-177.645,18.0741,13.7923
-1063.74,101.834,21.3967,13.7917
-1216.83,-678.92,17.7616,13.7915
1809.3,-1846.03,14.4955,13.7909
950.9,-1616.92,23.613,13.7907
1694.92,1885.42,16.1025,13.7906
-284.142,1226.39,14.5649,13.7906
-388.405,-995.506,26.9398,13.7902
647.398,1739.47,15.8804,13.7897
816.87,1739.72,19.0756,13.7896
-914.145,-1060.7,14.665,13.789
-1854.91,-1525.21,17.6611,13.7887
-526.819,1684.55,21.2951,13.7873
1336.69,530.859,15.121,13.7865
1294.57,1872.99,15.1793,13.786
1075.94,-134.703,16.8407,13.7846
-568.954,1086.49,13.9087,13.7843
959.824,373.216,32.9144,13.7832
-1295.34,776.422,17.1396,13.7796
1102.2,-1762.34,13.9374,13.7773
264.778,1528.32,15.1858,13.7754
408.399,1150.41,14.7513,13.7752
1840.88,-1512.62,15.3428,13.7725
1451.17,1585.31,17.6848,13.7724
945.742,-652.077,14.7844,13.7714
-1293.97,1312.11,15.7183,13.7677
1454.49,1694.93,19.2887,13.7673
-287.491,-976.862,14.0851,13.7654
-1452.62,-1783.2,18.6877,13.7653
-1019.27,409.051,17.8725,13.7615
190.164,-980.991,16.0155,13.7615
-1846.02,-265.039,15.3149,13.7601
-425.193,-1191.16,17.3827,13.7586
-1295.23,-1197.17,14.1405,13.7583
-1424.45,-233.991,14.5283,13.7575
-1441.01,514.596,14.8278,13.7574
-337.426,-1499.57,36.8098,13.7558
773.962,1389.97,14.8669,13.7509
-1308.43,-1474.7,18.2599,13.7505
1521.57,-877.973,14.6988,13.749
-1226.72,-805.06,29.5375,13.7476
1392.04,273.844,14.7094,13.7464
-1481.82,794.063,16.4318,13.7455
-59.5547,1835.44,20.3698,13.7438
866.871,-947.851,16.5246,13.7372
-1129.22,-133.163,30.1592,13.7352
-111.109,1046.08,21.1981,13.7343
1092.62,1177.05,16.0893,13.7337
895.305,1179.92,17.321,13.7332
-666.057,-1348.45,16.8131,13.7312
-1557.06,1052.52,14.3653,13.731
1807.1,1431.2,14.0184,13.7288
-1182.83,-670.058,14.8364,13.7288
-501.051,1113.81,14.9743,13.7236
1096.63,-50.7137,20.8248,13.7235
1281.6,1791.39,19.2453,13.7201
369.964,1260.45,17.8494,13.7172
1880.6,-920.415,15.4042,13.7116
1224.23,1018.62,33.5176,13.711
1552.68,-917.137,27.675,13.7081
-1821.32,-815.728,17.3335,13.7061
-1868.24,898.391,14.4672,13.7057
1618.33,-478.048,23.2973,13.7029
1176.66,-259.631,13.8936,13.7011
1580.8,-62.4541,19.771,13.7005
1390.76,-1521.26,20.9358,13.6998
-301.038,957.671,21.2875,13.6995
-1050.02,-1743.88,17.7257,13.6991
1855.98,-778.311,22.0402,13.6982
-1131.03,284.984,16.0509,13.6978
-1574.62,-1312.08,17.129,13.697
-1668.82,-1329.54,14.1628,13.6967
783.138,1708.35,14.5394,13.6963
-1154.24,1401.41,18.1261,13.6956
349.994,-1663.7,26.0291,13.695
-225.89,-1432.71,14.5561,13.6948
-1875.02,-1608.52,14.3835,13.6889
-1511.13,-903.619,15.2556,13.6847
-382.352,1464.59,22.2427,13.6846
512.289,1186.36,16.9696,13.6838
-790.312,1730.39,14.8197,13.6817
398.207,-1700.51,18.372,13.6802
1632.7,169.178,15.8112,13.6796
1820.46,-150.698,27.6491,13.6789
43.4983,-1734.88,21.5715,13.6757
-1521.1,542.715,22.1485,13.6754
1312.18,-1583.39,35.2727,13.6746
216.208,-942.784,22.8495,13.6742
1043.44,-1457.08,16.8735,13.674
-808.067,1894.3,17.8773,13.672
1318.23,1230.62,18.137,13.6715
1112.29,697.474,21.9029,13.6714
-1738.31,-1492.49,33.0124,13.6708
-861.92,1823.72,13.9746,13.6701
1030.26,1451.05,14.0756,13.6676
898.966,-1292.48,14.4071,13.6673
-1524.78,130.92,37.5845,13.6672
1676.7,-935.817,14.3799,13.6651
1491.66,-1779.54,16.2026,13.6645
33.5726,-1249.96,21.8186,13.6632
-144.986,1044.7,15.113,13.6617
-1331.34,960.422,17.329,13.659
817.149,1135.51,14.8588,13.6545
589.829,-1702.25,19.0557,13.6544
208.968,-1766.47,19.3253,13.6532
1365.54,-731.092,17.7714,13.653
-1747.35,1572.16,83.887,13.6522
-734.597,-1179.35,13.6516,13.6501
-1495.93,1141.57,19.5824,13.6496
-877.982,1443.06,21.4264,13.6478
-1596.85,-381.011,15.9058,13.6478
-556.238,-1080.69,18.1069,13.6455
-1027.05,-1182.84,19.6038,13.645
-226.022,1327.07,18.7274,13.6385
1738.99,75.4392,18.1251,13.6318
891.52,-1369.4,13.673,13.631
1211.26,-301.844,16.3653,13.6296
-1706.89,356.467,14.5255,13.6288
1788.22,-1527.01,36.6546,13.6262
516.524,-1246.45,27.5078,13.6256
-1633.71,1813.14,31.3416,13.6254
-177.525,1087,14.9955,13.6233
-1384.23,1037.91,15.2656,13.6216
-1351.58,-460.247,14.5469,13.6212
-815.871,-1452.47,16.5272,13.6207
1218.81,-1363.1,16.6414,13.6179
1508.3,-1182,21.5938,13.6172
729.783,1593.92,13.6418,13.617
-1148.39,1676.13,14.4772,13.6139
358.731,1638.51,57.6757,13.6133
1400.41,1047.68,21.0612,13.6122
-964.244,39.6657,14.37,13.6114
-1191.94,972.008,14.1594,13.6106
-325.708,981.599,14.2956,13.6102
-270.569,-1127.63,14.3897,13.6102
1449.88,1464.77,14.8036,13.6099
1732.17,755.746,13.8286,13.6091
1849.87,-1416.65,19.1234,13.6053
-166.233,1023.66,17.5218,13.6042
-1637.59,208.171,16.3451,13.6038
1428.39,1877.39,20.4313,13.6022
352.391,1152.28,84.9131,13.6021
1472.1,-778.993,18.8862,13.6019
-898.143,1141.21,13.6407,13.6014
-231.488,1797.88,17.6787,13.5998
1879.44,1069.27,15.4181,13.5994
-952.454,426.876,16.3496,13.5988
-69.9184,-1316.97,13.8189,13.5977
-1309.53,-949.674,14.1111,13.5972
1258.24,-1444.22,24.0371,13.5965
-1413.18,-1125.35,20.6577,13.5961
-583.207,1576.33,18.7289,13.5929
1709.66,-1625.99,13.6925,13.5906
-1267.63,-761.934,15.3003,13.588
641.263,-1872.32,17.7403,13.5873
623.627,1871.67,23.5029,13.587
639.226,-1004.03,34.7658,13.5833
-1773.95,1087.2,17.4428,13.579
105.695,1267.39,16.1465,13.5787
-1280.76,690.595,19.5808,13.5782
-1310.23,-163.565,17.1635,13.5779
-1292.73,-1138.16,14.3405,13.5776
-1759.69,-668.161,15.5215,13.5773
819.97,-1261.61,16.1622,13.5763
822.253,1659.7,13.6978,13.5756
674.165,1455.74,36.6391,13.5752
1643.7,1456.46,16.706,13.5751
-838.78,-1300.6,15.4773,13.5749
1500.21,-41.797,20.0314,13.5739
1745.78,-848.803,15.7337,13.5736
1642.49,-1293.76,13.7918,13.5729
-799.608,1664.4,21.1976,13.5718
-1599.92,-854.742,14.2785,13.5716
-1041.77,1580.42,15.2214,13.5701
-1423.34,612.498,19.4053,13.5681
-320.338,1048.26,13.6734,13.5674
953.091,-79.6652,13.8866,13.5668
-1852.48,1540.13,17.3721,13.5656
-1341.92,-80.6999,14.8543,13.5653
-1177.05,1074.65,14.4948,13.5646
1298.06,709.936,14.649,13.5638
318.991,-1148.43,23.393,13.5634
-1470.26,1763.73,13.7668,13.5616
1278.13,1119.8,30.0749,13.5554
-405.389,-1318.5,19.5778,13.5552
-1143.47,-78.1675,20.449,13.5547
581.593,-1174.96,21.3019,13.5536
719.344,-1876.98,15.6051,13.5535
953.946,-871.516,19.384,13.5531
-799.782,-953.433,14.381,13.5523
1433.15,-409.462,15.1747,13.5509
1107.67,569.068,16.2007,13.5508
1521.37,-859.877,25.769,13.5473
1724.65,-1519.78,28.0229,13.547
1546.37,-14.902,27.7204,13.5439
-443.26,-1624.24,13.5505,13.5436
1265.35,1205.54,14.9534,13.5426
-65.1741,1135.43,14.0124,13.5425
-453.675,1321.62,14.7696,13.542
-465.529,1133.21,13.7893,13.5389
-1125.5,392.426,19.4925,13.5389
1677.74,-1749.91,15.8935,13.5385
1685.56,-1280.34,14.5259,13.5384
-843.958,1231.94,18.0529,13.5372
28.3196,-1896.88,14.3602,13.5369
1361.08,-324.934,15.9122,13.5364
-1285.83,1462.36,15.2947,13.5334
1043.17,-110.447,14.5908,13.5321
1628.71,-847.532,16.9622,13.5317
70.3254,1084.91,15.1965,13.5314
727.22,1611.98,13.5628,13.5309
-1103.95,-419.493,16.8752,13.5235
-1740.41,1485.17,13.9932,13.5234
1375.25,-423.47,18.3436,13.5224
52.7412,977.42,16.8139,13.522
-708.575,-974.637,14.1885,13.5202
963.988,-1634.57,19.4447,13.5177
-1198.42,-582.052,16.3264,13.5151
680.539,1369.54,13.8247,13.5143
1525.92,-881.228,14.7126,13.514
1671.32,1697.51,17.5889,13.5113
918.281,-1511.13,14.1267,13.5097
1379.04,-188.029,18.8283,13.5083
-50.1224,-1511.99,16.9381,13.5082
1571.9,-1326.78,13.62,13.5046
1466.52,-1508.43,16.4507,13.504
37.7352,-1044.84,20.1995,13.4987
45.0553,-1783.24,18.6567,13.4982
-371.341,1455.06,19.6831,13.4977
-1691.17,-978.084,16.5241,13.4973
-742.293,948.762,15.1798,13.4964
1126.24,1462.08,14.8026,13.4944
-1370.3,-1242.81,19.9774,13.4925
-1053.31,-1216.46,14.3556,13.4835
-1542.35,1123.17,13.815,13.4829
1288,1820.72,17.7546,13.4814
-1139.79,-1649,18.2554,13.4813
-451.902,1119.88,19.9429,13.4807
1008.11,1371.63,35.9983,13.4795
-489.828,1122.32,26.1467,13.4787
1151.79,1618.16,36.866,13.4769
1149.07,1825.17,16.5786,13.4768
-1042.07,1369.57,21.1524,13.4752
-1036.98,-1057.33,13.601,13.4714
-1599.73,316.847,13.9494,13.4709
933.103,1049.26,13.5372,13.4704
1209.39,-1216.29,13.578,13.4684
-913.344,-1051.78,32.8419,13.4677
-1636.58,1347.89,14.1518,13.4674
1544.95,1778.63,15.6258,13.467
421.52,1718.52,16.8459,13.4662
-1878.69,1041.35,16.2299,13.4654
-342.722,-961.585,14.1789,13.4628
1767.11,1887.55,15.1515,13.4618
-1061.82,440.566,17.6561,13.4603
1154.37,-1263.23,15.5117,13.4583
603.138,1075.05,13.9307,13.4562
1266.44,198.535,14.8886,13.4553
438.999,1322.27,18.5095,13.4548
-1130.17,-1400.27,23.5225,13.4547
1433.98,701.419,14.4562,13.4509
751.103,1211.97,14.1734,13.4496
-992.677,-66.6031,23.6469,13.4493
1606.06,-2.36723,16.2972,13.4488
-1040.62,-1891.38,16.9564,13.4484
1669.72,1525.65,13.6368,13.4484
-494.952,-1255.61,22.0497,13.4478
1083.76,919.23,14.1131,13.4477
949.221,-374.427,13.9717,13.4476
1666.06,678.15,15.8621,13.4462
374.729,-1524.1,18.7007,13.4437
1370.33,296.638,14.7511,13.4436
-1415.88,-314.38,13.93,13.4432
1283.42,438.212,16.5887,13.4431
145.763,-1439.7,17.4342,13.4428
-1873.86,-187.02,30.8274,13.4418
87.2519,-986.237,19.0804,13.4407
-705.249,1466.12,19.2125,13.4398
1734.29,1176.85,19.8237,13.4397
1326.6,-520.118,17.908,13.438
-1387.61,-1567.78,16.2567,13.4378
365.195,-1152.48,28.5267,13.4363
414.268,1445.43,20.1105,13.4317
1389.1,830.308,15.4201,13.4316
-1089.69,-602.197,15.9458,13.4307
1626.59,-259.339,14.0571,13.4287
-9.26662,-1097.5,14.5446,13.4275
-1.32698,-1700.01,13.9284,13.4274
1407.18,1823.57,13.9809,13.4267
1665.89,1737.81,21.5417,13.425
1819.28,1409.34,20.533,13.4241
-1468.68,1330.95,17.405,13.4237
-1277.73,-1826.75,15.9972,13.4225
400.087,-1467.56,19.4707,13.4223
-281.439,-1154.98,30.9534,13.422
1899.28,-1720.7,14.8309,13.4218
1047.77,-1431.76,19.3148,13.4217
-1759.6,-250.383,16.1797,13.4215
1330.99,883.397,28.2836,13.4188
1276.81,-84.3735,14.7586,13.4187
-1395.45,-988.737,29.4316,13.418
-664.232,1578.69,14.2665,13.4179
-77.0075,-1641.14,18.9348,13.416
-388.634,1224.34,14.7754,13.4158
566.404,-1823.49,15.9279,13.4135
-896.76,1221,17.4412,13.4134
-1339.85,-1600.45,22.6756,13.4128
1340.34,-775.357,19.2582,13.4124
-1462.11,12.1906,14.5251,13.4124
1249.1,458.093,15.9694,13.4122
1309.65,224.487,14.4592,13.4085
-1814.58,979.408,14.2116,13.4083
-554.092,1224.21,13.5771,13.4063
1578.26,-703.734,17.153,13.4062
-1798.72,1512.3,15.7804,13.4027
39.4123,950.226,13.808,13.4003
-596.621,-1863.08,29.1111,13.3999
-1711.75,-883.991,14.6271,13.3985
412.393,-974.776,15.0933,13.3968
-1313.41,-1002.27,17.6142,13.3959
414.309,1575.83,30.4233,13.395
1589.71,-1099.6,17.3809,13.3943
-233.967,-1133.05,14.1512,13.393
1546.24,956.788,19.9846,13.388
-484.736,1569.73,15.223,13.3879
1336.2,410.408,13.5228,13.3879
-736.717,-1001.66,34.8948,13.3874
-530.051,-1649.55,21.1564,13.3856
1397.96,-1123.46,15.1085,13.3855
-556.004,-1796.22,20.1246,13.3853
190.414,-1522.67,23.7771,13.3823
-1720,-1637.35,15.4394,13.3811
-1478.01,-183.144,14.2214,13.3792
436.153,-1756.67,13.5523,13.3778
1508.54,-1352.32,14.3819,13.3778
-629,-1669.62,14.1466,13.3768
-1395.25,-1095.15,15.4363,13.3768
-1097.34,676.651,13.5348,13.3755
332.892,1896.64,15.0094,13.3749
-1778.14,-944.328,17.5482,13.3748
-1747.92,-865.665,13.7099,13.3741
799.274,1818.99,14.2605,13.3735
-1005.56,-1067.92,14.1636,13.3733
113.599,-1207.44,19.0868,13.3707
1149.85,1541.04,31.3241,13.3692
1824.52,-81.5347,14.8812,13.3625
76.4298,-1333.02,19.753,13.3607
-1541.25,-870.082,18.3736,13.3581
1770.08,1563.76,13.9934,13.3568
-1303.68,458.78,38.0803,13.3544
81.4793,-1103.37,14.7551,13.3522
-1367.84,1390.44,14.1579,13.3522
-1210.96,-1515.03,22.9041,13.3514
-1216.79,-107.992,15.3387,13.3493
960.933,-1538.02,31.9302,13.3491
-1883.05,271.631,14.5845,13.349
-1683.53,1161.15,14.9813,13.3455
-624.72,1564.5,13.7031,13.3423
-1552.7,-285.898,13.811,13.3412
-1169.36,1714.96,22.4159,13.3402
-1655.86,1376.63,14.9157,13.3383
-610.84,-1669.6,14.3095,13.3381
-548.724,-1475.05,18.1248,13.3376
-782.408,-1155.52,17.1382,13.3368
-1850.53,539.174,16.943,13.3359
136.59,1309.91,13.3609,13.3357
-794.068,-1606.2,18.3035,13.3356
-958.392,-1802.46,21.4354,13.3348
-677.716,-1490.76,15.4298,13.3322
68.033,1393.23,14.3986,13.3287
346.003,-1712.63,13.7789,13.3286
-1004.98,1431.53,16.2617,13.3275
1790.4,1358.21,15.0606,13.3269
-1374.96,1063.31,15.8684,13.3269
-1567.28,-1298.8,16.4881,13.3263
803.424,-948.433,15.4232,13.3262
1236.76,1474.05,21.6688,13.3232
-810.457,-1352.43,13.938,13.3224
-1384.38,-168.529,15.1615,13.3219
-259.602,-1205.13,13.4599,13.3217
998.53,429.089,18.4057,13.3213
-1043.71,1547,22.5355,13.3212
894.883,-1140.91,13.5319,13.3198
1644.15,-308.498,14.8788,13.3193
-668.43,-1782.28,14.463,13.3188
-1669.96,1454.23,16.8694,13.3186
1757.31,377.241,15.1753,13.3167
-1778.21,-1278.33,34.3955,13.3163
-1279.14,1159.89,14.3154,13.3138
1870.9,-1056.25,13.5558,13.311
-1547.46,1212.56,14.6192,13.3094
645.829,1660.96,13.9301,13.3088
824.162,-1316.27,13.4582,13.3083
-1656.66,410.53,13.4272,13.3062
1890.79,1263.3,18.18,13.3056
1657.33,-190.293,24.4438,13.305
102.121,1525.09,15.0412,13.3048
-1447.91,-692.791,16.8123,13.3043
1226.89,-1578.49,13.4357,13.3015
1773.4,-375.305,20.5106,13.3004
1571.61,1458.09,14.1418,13.3
-1790.66,629.807,13.4336,13.2994
-1242.67,784.343,20.259,13.2981
-686.216,1018.51,19.2802,13.2975
302.107,1303.09,16.2762,13.2964
-1067.58,808.369,21.6984,13.2958
1709.72,38.2787,13.5082,13.2957
1246.33,-1140.98,16.0525,13.2944
1161.86,69.9272,14.0357,13.2934
427.419,1153.47,15.668,13.293
-899.036,1354.85,15.416,13.2929
-600.069,1072.06,13.6998,13.2919
-1167.18,834.331,16.2291,13.2865
-1865.89,-1864.7,14.2711,13.2859
-672.597,1801.44,14.0795,13.2856
1578.8,1207.35,18.011,13.2853
943.976,1684.22,18.5166,13.2849
-393.209,-1180.67,14.1329,13.2843
-725.42,1170.35,16.588,13.2841
1483.34,88.6898,17.754,13.2835
-849.686,-1030.42,17.6345,13.2759
731.709,-1458.06,15.2575,13.2748
-964.151,-66.0376,32.2225,13.2736
-1824.69,-437.119,13.2776,13.2731
-1625.13,152.508,18.1899,13.2685
1388.56,376.159,16.859,13.2682
-1876.71,1121.59,15.009,13.2633
-943.89,-637.239,17.8097,13.2605
369.693,1052.98,14.1263,13.2599
-1856.86,445.353,16.8806,13.2599
519.418,1324.02,18.167,13.2579
1298.8,1510.9,19.492,13.2574
521.111,-1761.18,14.3242,13.2564
-1449.52,-890.21,19.3324,13.2554
1515.41,-1597.9,18.8541,13.2548
-1456,906.92,14.7728,13.2543
-734.181,-1027.48,13.315,13.2503
-1143,-1137.23,14.7275,13.2501
-1772.57,157.791,20.1561,13.2495
-1360.95,1358.76,15.7183,13.2485
-193.458,-1493.85,18.0489,13.2473
-1495.16,790.529,19.0586,13.2463
1514.07,1662.68,15.7278,13.2442
1058.93,-496.087,17.036,13.2442
1120.45,106.753,13.568,13.2434
-198.85,-1158.07,19.5342,13.2427
1015.27,1678.69,13.4708,13.2426
1500.43,-1265.65,16.8075,13.2407
-1254.57,612.144,13.2641,13.2406
-1349.63,1287.91,13.3871,13.2406
-1750.26,973.446,17.9107,13.2398
-1097.25,-1198.84,17.9488,13.2395
-971.794,1833.35,14.5115,13.2395
250.565,-1399.12,13.9369,13.2365
1047.29,1326.66,14.6002,13.2355
1723.07,1861.92,15.3553,13.2352
938.692,1646.27,22.6422,13.2343
1128.33,-930.802,32.2066,13.2342
94.4174,1391.53,15.2797,13.2335
-1890.14,833.048,16.6646,13.2316
1587.72,1245.85,14.4318,13.23
-484.398,1338.78,15.3318,13.2299
-1446.43,87.8592,15.2648,13.228
-1225.67,-309.905,16.4401,13.228
-870.856,1104.1,17.811,13.2277
1753.5,-734.3,14.1053,13.2258
1607.8,1187.32,16.6625,13.2248
-597.131,1659.21,14.1873,13.2245
21.9638,1816.3,20.8914,13.2225
-1581.22,-928.305,15.4365,13.2203
1264.18,1717.76,13.3482,13.2191
1794.83,966.906,22.0136,13.2179
-1448.4,1477.44,13.6795,13.217
1195.2,-121.658,16.64,13.2165
-1268.68,-956.354,13.9767,13.2161
-1138.38,-741.259,14.4595,13.2157
-771.277,1515.33,28.0501,13.2116
1112.36,-332.112,14.7142,13.2116
1728.15,479.129,15.0947,13.2105
1055.83,-1384.69,14.1823,13.21
-976.942,-361.375,18.4935,13.2099
1577.98,1624.46,13.4062,13.2091
-29.3147,1715.38,19.8443,13.2084
-430.367,1721.89,14.0722,13.2067
1419.12,-819.052,13.8223,13.2059
1616.89,-1101.83,19.8696,13.2042
972.349,-351.82,15.7065,13.2037
-1679.05,-796.593,38.4419,13.2033
901.871,1430.24,14.3388,13.2024
-1548.76,1735.98,14.9962,13.1996
1763.76,-622.734,15.6612,13.1983
-1547.51,911.848,13.8682,13.1981
-997.955,1348.76,20.8811,13.1974
-657.831,1869.27,13.603,13.1973
426.073,1719.03,17.5959,13.1928
806.383,-1420.06,13.6621,13.1925
231.028,1434.17,15.1005,13.1925
-933.23,1558.92,18.5098,13.1917
-1094.01,-255.408,13.7969,13.1908
1147.86,-1711.87,13.4967,13.1895
-1604.79,1334.4,19.5817,13.1879
-892.946,1153.22,13.5539,13.1874
-1874.38,-449.929,29.5594,13.1847
1858.47,-1747.45,14.0508,13.1847
1216.51,1098.68,20.012,13.1824
-305.304,1076.58,17.6702,13.1809
1137.03,620.967,17.8767,13.1779
224.55,1397.51,17.3653,13.1777
-979.289,-863.274,16.3226,13.1771
-293.631,-1326.76,14.6328,13.1761
-1196.17,930.152,15.7632,13.1751
1747.35,1675.6,13.3335,13.1749
-938.163,-774.594,15.2454,13.1734
511.389,-1378.01,17.5136,13.1724
-978.24,1384.41,15.5773,13.172
1420.69,5.3367,16.0032,13.1714
414.746,-1184.97,13.4618,13.1706
1005.59,851.048,15.1944,13.1705
469.856,1079.28,16.5625,13.17
1854.15,1077.6,44.8551,13.1681
-1425.72,1648.33,13.8924,13.1675
-1193.54,948.097,14.0326,13.165
-672.75,-1539.05,20.3463,13.1645
-175.902,-1307.44,21.5646,13.1635
426.063,-1274.49,13.8464,13.162
-731.518,-1343.21,16.6722,13.1611
1678.6,1762.48,15.2617,13.1586
1111.98,1878.67,14.5771,13.1578
1415.4,1731.97,14.2891,13.1563
1022.98,1698.55,17.7698,13.1562
-57.2581,-1575.39,17.8331,13.1556
-1879.01,492.183,14.9179,13.1551
1678.04,1156.59,13.1607,13.1544
-1237.29,1666.51,14.1271,13.154
-1281.27,40.657,16.9227,13.1538
1473.17,-1698.08,19.3234,13.1529
-1391.64,818.612,16.765,13.1509
1307.4,-1520.67,14.2587,13.1505
771.085,1671.01,37.09,13.1488
492.554,1637.2,14.2844,13.1485
-997.299,-996.108,13.8518,13.1484
542.635,1385.57,31.6784,13.1472
127.214,-1312.22,13.4255,13.1466
1148.46,393.406,15.6164,13.1451
-1175.4,240.759,14.783,13.1448
1716.81,1609.07,14.464,13.1441
-1272.03,-784.254,16.1299,13.144
-1276.42,914.278,15.3742,13.1392
-1645.33,365.721,14.9129,13.1358
306.621,1210.3,14.9543,13.1352
1680.55,1384.69,14.5723,13.1351
1426.77,1522.61,13.4136,13.1342
1846.06,-1465,14.3468,13.1323
1655.36,-782.882,15.3617,13.1317
-494.203,1708.9,13.6636,13.1302
-1621.14,-364.303,13.6364,13.1298
1735.76,576.696,13.7898,13.1298
1598.66,-482.259,33.8406,13.1289
782.556,1616.59,14.983,13.1277
-1111.75,-392.076,22.7623,13.1262
-483.922,-1843.87,20.8979,13.1253
-1735.6,-999.877,18.563,13.1204
1174.32,206.691,14.2272,13.115
-1508.09,-901.054,15.0995,13.1145
82.7521,-1655.41,16.3,13.1139
1897.42,-599.665,13.8911,13.1138
1166.39,-1457.54,24.595,13.1099
222.653,1337.51,15.0046,13.1076
-90.4311,1048.14,13.9347,13.1055
-1348.33,669.608,16.4793,13.1042
-322.359,1024.92,19.381,13.1036
1692.05,741.023,15.844,13.1017
-106.48,-1868.92,23.3802,13.0998
1517.63,-931.761,16.5114,13.0997
1529.34,688.815,15.8012,13.0964
1791.79,1378.28,13.3603,13.0952
1717.85,-1487.37,15.4767,13.0949
-699.784,-1786.41,13.6201,13.0941
-182.837,-1730.12,16.4952,13.0939
1241.53,-160.27,33.5871,13.0919
-983.293,-98.7624,20.3817,13.088
979.184,-200.033,22.1812,13.0879
1181.06,-1009.57,15.6685,13.0871
-996.207,-910.216,15.3589,13.087
289.615,1543.62,15.4588,13.0862
611.114,-1740.73,14.1584,13.086
1514.47,1044.16,19.8497,13.0853
1410.1,-36.1689,19.5371,13.0848
-1094.59,-1502.89,17.5946,13.0844
-1296.86,585.586,15.1872,13.0816
-982.559,1495.8,15.1098,13.0815
1379.33,693.479,14.4845,13.0812
1845.85,763.654,14.1575,13.0812
1858.95,-184.874,17.5492,13.0796
-882.014,-1385.9,13.0979,13.0757
-707.539,-1696.71,14.2169,13.0744
-1592.84,-969.113,13.3158,13.074
-1326.27,1435.96,18.8891,13.073
829.016,-998.155,14.7294,13.0721
-1243.65,-987.291,21.9826,13.0717
239.273,-1180.48,14.5159,13.0711
1001.7,-1248.77,26.9722,13.0707
-1101.58,-356.493,13.4948,13.0707
-737.673,1043.36,13.1041,13.0702
618.322,1647.36,15.1776,13.0666
-739.969,1689.05,84.3579,13.0653
1352.51,1890.72,16.303,13.0646
1479.56,58.0567,20.2362,13.0635
991.674,-895.773,13.2885,13.0626
-793.269,-1024.96,28.5555,13.0625
210.43,1469.95,15.6875,13.0611
955.685,812.198,19.1756,13.0605
-1616.97,972.711,19.9998,13.0591
1555.01,875.567,13.389,13.0586
1587.76,-998.375,18.6929,13.0583
-1038.24,-428.82,13.255,13.0577
1231.87,-1437.75,23.0164,13.0544
1428.43,-423.78,17.1609,13.0543
-775.337,-1800.85,13.5818,13.0534
882.566,1654.11,15.4298,13.0531
971.112,1287.21,13.126,13.0519
602.523,-1594.5,13.7251,13.0503
-312.861,1445.08,15.0451,13.0492
605.319,1838.38,16.4755,13.0492
-448.039,-1514,23.2043,13.0487
-1651.15,-724.746,14.0398,13.0456
-82.1881,-1282.49,14.1069,13.044
453.8,1373.85,18.2652,13.0439
-189.269,999.12,14.744,13.0418
-1613.63,349.172,14.6498,13.0396
318.718,-1853.53,13.7636,13.0391
1685.24,421.333,15.2853,13.0357
1582.16,1117.07,20.2453,13.0336
-1025.76,1466.52,14.0451,13.0334
819.01,-1076.88,13.8959,13.0331
1150.15,15.4792,13.1716,13.0329
302.333,1550.32,18.4197,13.0291
-931.504,202.906,13.25,13.0266
1108.95,-900.366,17.6813,13.0266
-587.395,1732.48,13.42,13.0255
1841.63,-1550.49,19.0458,13.0251
1578.89,369.809,15.4633,13.025
-1608.57,812.716,18.2337,13.0248
-1412.4,-1626.58,18.2028,13.0237
-1643.65,1103.49,14.0677,13.0198
1197.63,430.132,13.3121,13.0187
-1769.28,4.78576,13.77,13.0184
653.745,-1839.97,19.4595,13.0178
-1610.53,-1667.48,16.518,13.0172
-1242.96,788.837,14.056,13.0162
-711.332,-1651.61,13.048,13.0159
-1016.53,-1696.86,13.803,13.0143
-1670.69,-1768.76,15.6084,13.0126
419.657,-985.511,17.774,13.0124
-1378.3,1055.32,15.2276,13.0084
-1647.19,-1373.1,14.8527,13.0066
1077.76,1257.1,13.6612,13.0038
1438.42,713.989,16.0363,13.0037
-1195.46,-732.654,18.598,13.0037
-1558.17,-28.4769,15.1903,13.002
-1505.63,1241.25,17.4984,13.0002
1098.15,325.274,13.5574,12.9981
-428.69,1717.83,21.3058,12.9971
-1704.16,511.534,17.3043,12.9971
-1328.96,1080.79,15.8226,12.9952
-39.0531,1061.95,15.5582,12.9929
1711.09,-405.367,13.626,12.9928
-812.801,1296.56,16.1304,12.992
-898.995,-1145.15,14.5221,12.99
201.604,-1632.83,14.9158,12.9892
1566.78,1650.65,23.0641,12.9874
1199.04,-369.803,24.4066,12.9867
-1828.87,-324.884,15.299,12.9862
1746.1,-1125.78,23.2289,12.986
1621.32,1222.62,19.5288,12.9855
-194.951,-1259.15,21.4699,12.9836
-789.248,1130.32,33.7154,12.9834
-585.485,-1467.11,14.6961,12.9819
967.14,1600.64,13.3657,12.9808
167.21,-1192.29,13.2371,12.9789
465.809,1472.44,13.2293,12.9752
1811.4,263.825,13.5648,12.9693
-1003.15,1631.68,16.0535,12.9677
1574.08,1722.03,13.3273,12.9675
1330.72,-1222.48,17.8742,12.967
-939.782,-1195.39,16.738,12.966
-1457.33,-1355.21,19.0734,12.9657
-620.005,-1465.38,15.9219,12.9651
-595.034,-1151.41,54.6065,12.9648
-138.992,1072.11,35.8236,12.9641
-1339.44,532.187,15.9469,12.9631
1503.5,1020.9,14.6624,12.962
-1255.7,1769.17,13.3213,12.9618
1341.37,544.49,16.8536,12.9614
702.075,-1464.62,20.0358,12.9612
69.7646,-1253.56,15.5814,12.9517
1232.14,1372.93,15.1466,12.9505
-1615.68,-1563.63,18.6058,12.9487
-1495.06,-1553.26,14.1981,12.9476
587.1,1489.52,15.2265,12.9463
-528.058,-1495.75,15.542,12.9449
1266.37,-944.808,16.3767,12.9448
-1496.15,514.376,46.4862,12.9448
-1425.36,-108.965,22.0249,12.9438
-1866.08,-71.789,13.9917,12.9421
715.76,-1534.6,19.9868,12.942
-218.955,-1396.68,13.5881,12.9419
-1480.59,1641.1,13.032,12.9413
-1473.54,96.7299,19.8201,12.9409
-455.459,-1522.52,21.0573,12.9404
914.973,1284.35,22.0733,12.9398
-1403.85,1464.2,20.1917,12.9382
-1409.2,1441.55,15.3182,12.9368
-1819.44,-963.78,17.1712,12.9349
-1557.29,-506.175,14.4174,12.9336
-1768.63,1835.09,13.5365,12.9325
-1628.25,-1838,15.1055,12.9311
-537.213,1451.13,16.137,12.9264
-1180.27,-713.93,13.6179,12.9238
-299.908,1475.01,26.3068,12.9235
-1446.36,568.324,13.088,12.922
-964.943,1334.01,20.4043,12.9214
1049.99,-644.846,16.8223,12.9204
189.24,1296.58,13.0749,12.9201
912.116,-1318.24,19.2717,12.9201
-540.746,1293.8,14.9402,12.9199
1032.4,-480.604,13.7865,12.9193
-1452.19,-302.796,27.5655,12.9184
1236.8,-910.959,15.6649,12.9183
-1265.32,-592.793,20.4067,12.9179
-987.966,-1053,15.3606,12.9177
-1084.03,1545.83,19.9996,12.9167
1390.93,-1054.05,14.4612,12.915
1713.91,1740.18,14.3339,12.9139
844.536,-1443.98,15.2901,12.9138
-337.802,1224.74,14.187,12.9134
-1166.9,-1169.91,60.4438,12.9113
-1398.49,-233.113,24.3117,12.9071
1113.06,-132.546,28.2855,12.904
-1457.01,-587.002,14.9918,12.9034
1461.71,-39.1477,16.4073,12.9004
-1660.45,-122.87,13.3995,12.8966
-1872.9,384.842,25.4355,12.8933
-38.6362,-1314.3,13.1787,12.8926
-436.571,1428.42,15.37,12.8915
1557.34,1222.84,14.8577,12.89
1440.55,950.182,19.0235,12.8896
1812.81,-1343.33,16.6257,12.8892
-877.106,952.652,27.6139,12.8889
1386.95,940.323,20.3557,12.8888
-1644.76,42.3962,20.8278,12.8867
-990.262,374.949,16.8888,12.8859
863.982,1010.25,15.5961,12.8846
1047.71,58.3382,19.4254,12.8828
-33.8888,-1395.87,13.8566,12.8816
432.517,972.228,28.0201,12.8814
1823.72,-1515.31,13.1017,12.8812
-319.969,-1243.44,22.464,12.8806
155.298,-1055.14,13.6584,12.8799
-1257.22,1711.57,21.1257,12.8769
-495.91,-1026.48,16.1195,12.8762
1022.1,-271.242,20.6935,12.8761
1067.38,766.237,14.6225,12.8757
-412.616,1689.38,14.7841,12.8756
1329.17,-399.258,14.0278,12.8719
-813.992,-1832.25,12.9004,12.8713
288.955,1732.99,14.853,12.8706
214.643,-1399.23,19.0359,12.8695
-314.335,1500.91,42.7824,12.8679
796.561,-1752.64,14.6854,12.8674
290.604,1234.67,13.4997,12.8672
40.3078,1882.06,19.1806,12.8669
-740.098,-1687.35,15.7166,12.8663
1525.91,537.539,13.638,12.8659
-92.9799,-995.815,18.264,12.8653
-1666.96,1107.94,46.2163,12.8641
1248.89,-1008.13,15.5479,12.8636
1194.02,1334.33,14.0164,12.8632
-1653.65,-1787.44,15.8356,12.8629
1663.81,1004.43,25.2708,12.8626
-1789.64,-713.556,13.9847,12.8615
-1798.62,-925.276,13.0006,12.8602
1529.84,-1221.62,40.4298,12.8591
883.136,1038.89,16.4434,12.8577
-1798.48,-109.717,22.9931,12.8576
1473.1,-893.986,14.5446,12.8562
-810.795,-1129.04,19.1483,12.8542
-781.136,-988.3,17.9868,12.8526
1233.13,-879.938,32.9784,12.8508
-1624.23,1685.74,14.6799,12.8493
1690.07,1312.39,13.1118,12.8478
1333.08,1708.91,13.3534,12.8473
-493.736,-1538.68,16.6501,12.8465
1173.66,1153.22,13.0235,12.8458
-1540.88,1478.52,13.9822,12.8451
-1026.52,511.186,20.138,12.8435
-1052.88,589.424,22.3241,12.841
-1145.92,-772.258,18.7566,12.8396
1435.11,481.516,15.1558,12.8396
-485.471,1385.23,14.1791,12.8387
-185.706,-1889.89,14.5354,12.8375
175.229,1263.48,15.5804,12.8308
1574.48,1347.89,16.1058,12.8299
1681.44,1600.38,12.8759,12.8289
-955.555,-1681.65,28.2758,12.8272
-657.354,-1093.08,15.1573,12.8264
1546.27,-994.93,17.656,12.8254
-573.521,1834.87,18.6463,12.8246
-1203.51,-1319.41,12.9415,12.8245
-1620.14,612.484,28.864,12.8245
-1024.87,-227.698,14.814,12.8235
1480.27,-1885.1,13.0736,12.8234
1597.84,1653.77,20.461,12.8226
-1816.47,-1811.16,13.851,12.8225
-1733.49,838.772,14.1476,12.8215
-1446.72,-1464.14,33.5309,12.8169
862.731,-1027.56,13.3402,12.8162
-1449.57,251.942,56.1924,12.8137
1544,830.213,17.1542,12.8132
-1265.14,-238.855,24.1583,12.8098
-487.804,-1711.34,13.3069,12.8096
459.644,-1604.75,14.0299,12.8078
-1425.35,399.997,12.8983,12.8072
-1323.85,37.3051,17.7322,12.8071
-1880.01,-1766.11,17.2073,12.8052
442.594,970.278,13.1803,12.8012
1646.75,-173.116,30.6531,12.8004
-1398.63,-100.3,15.8976,12.8
-32.0621,970.086,12.8537,12.7989
-39.8728,1467.31,15.5425,12.7983
1878.23,1834.08,16.0041,12.7979
-1000.78,1649.35,13.1991,12.7967
39.5868,-1570.47,12.9952,12.7953
-1215.8,-946.294,17.1856,12.7936
689.142,1537.88,19.9753,12.7935
-1201.54,-117.41,14.4515,12.7933
-1144.3,-1463.97,12.8621,12.7923
1365.3,186.591,17.8507,12.7903
-1027.22,-1855.56,17.7381,12.7898
-1319.27,1470.94,14.4291,12.7869
1882.31,-263.753,14.3055,12.7863
-491.916,-1768.09,20.2946,12.7858
-574.498,-1553.72,13.4577,12.7856
1295.53,749.825,13.183,12.7844
271.236,1320.52,19.8289,12.7829
-1745.29,1211.48,14.8623,12.7827
754.231,1361.27,17.2668,12.7821
348.199,1119.38,15.1175,12.7812
-1384.28,977.189,15.4432,12.7811
-1085.01,310.4,14.6205,12.7803
1584.23,1576.97,18.6346,12.7802
413.429,1156.57,18.7177,12.78
-647.171,1066.26,13.6007,12.779
11.0888,1820.43,13.1924,12.7787
1812.33,-744.075,15.1811,12.777
-1017.5,3.50977,15.1366,12.776
1193.7,-1241.87,12.7817,12.7733
-1629.91,722.14,16.4762,12.7732
-289.042,-1834.27,13.9911,12.7725
1854.62,-952.408,13.237,12.7725
614.513,1144.86,14.566,12.7718
1622.67,-387.201,14.5793,12.771
1199.68,711.525,12.8185,12.7709
1233.98,278.287,16.1049,12.7709
-748.048,1736.29,13.6595,12.7694
37.2789,-1025.94,14.0933,12.7692
692.691,991.354,17.2663,12.7674
1010.17,-482.326,18.7239,12.7674
-960.592,-383.236,13.4762,12.7666
322.783,1263.7,14.7446,12.7658
322.76,1765.99,15.9067,12.7642
791.23,-1215.36,18.0834,12.763
1142.75,-1127.87,15.6083,12.7609
-1085.23,1787.18,18.8198,12.7604
511.609,1210.14,20.8958,12.7598
-1230.78,-276.955,16.8475,12.7594
797.09,1699.57,14.1807,12.7568
1476.61,-1559.74,14.4388,12.7566
-364.057,-1488.34,15.6875,12.7556
-1146.62,-968.721,13.3763,12.7555
-1354.83,1152.82,16.6899,12.7542
443.225,-1349.39,14.652,12.7505
1836.69,-1438.88,15.7874,12.7503
1548.87,457.093,13.3993,12.7491
1635.02,-282.301,32.3772,12.7486
194.412,-1644,15.5642,12.7456
-1114.64,-1786.42,14.1509,12.7437
1189.5,1773.74,13.4476,12.7431
1658.46,1723.65,18.9601,12.743
-93.1077,1320.6,13.8848,12.7424
-681.553,-1727.45,14.7111,12.7403
830.055,1040.53,18.4665,12.739
-1310.81,122.318,15.9282,12.7383
1111.32,506.755,13.9865,12.7377
-1657.12,1043.37,14.8002,12.7367
-749.603,-997.028,15.1044,12.7356
-265.772,1096.71,14.4834,12.7348
-253.005,-1587.99,15.6186,12.734
1062.49,-753.547,13.4204,12.7329
1306.33,-64.4752,12.9256,12.7329
1805.61,-545.778,13.8809,12.7317
1715.78,283.811,21.1187,12.7314
-1076.83,822.318,13.6201,12.7308
-1721.12,116.673,16.211,12.7299
-1155.68,1614.2,13.9965,12.7284
1439.53,-225.373,19.8372,12.7278
-1797.1,-457.738,18.4923,12.7271
619.34,-952.392,14.5792,12.7243
1011.09,634.426,13.5361,12.7229
-1310.6,-1585.68,17.81,12.7227
-1873.07,-785.264,16.034,12.7223
252.643,1429.54,14.3943,12.7214
-295.319,1872.12,13.8764,12.7202
1563.28,-827.229,17.852,12.7199
1370.66,-1813.25,17.5863,12.7196
-1169.64,692.738,19.1286,12.7195
-1704,-94.183,43.1888,12.719
-1358.64,1353.42,14.2765,12.7186
-822.389,-1523.39,17.0381,12.7169
-1275.36,251.584,17.3359,12.7156
1632.76,53.4052,14.0905,12.7148
-1666.04,1628.14,18.9894,12.7145
-1194.75,-1203.06,13.0998,12.7132
-1811.81,-1244.95,23.4908,12.7109
-1808.69,792.61,26.0904,12.7103
750.755,-1864.51,16.6677,12.7088
557.801,1288.54,12.8231,12.7083
-1451.62,951.021,18.1058,12.7082
-1611.35,-1127.92,21.1562,12.7078
-1587.16,-330.03,13.3687,12.7077
1863.19,-1459.11,17.8732,12.7069
-1341.24,-1288.19,17.8346,12.7049
1312.04,-345.102,13.562,12.7049
720.589,-1553.31,14.3982,12.7033
-1341.7,-1573.85,18.7197,12.7032
-1233.75,-641.793,16.2128,12.702
-1798.65,-1841.54,15.0942,12.7016
-1112.45,-499.188,15.6479,12.7015
-1147.84,-257.053,13.6322,12.7015
1159.21,-1556.19,12.9481,12.7014
-1871.93,774.118,23.0645,12.7013
1739.07,-1256.7,14.231,12.7004
491.643,-1583.99,16.8386,12.7
1335.81,-1889.4,13.2258,12.6994
-1137.68,1782.03,20.349,12.6988
-683.144,1064.46,13.3204,12.6979
1786.77,82.8821,19.6428,12.6966
728.808,1208.72,13.4952,12.6922
1196.82,728.556,14.4508,12.6917
966.601,-252.287,13.9203,12.6917
-852.745,-1363.33,13.0353,12.69
-1077.25,-402.961,16.2443,12.6899
1599.55,73.2066,13.0653,12.6874
-973.917,-1677.51,15.121,12.6861
539.063,-1279.71,13.9934,12.6856
-910.147,1331.42,14.9428,12.684
-1840.33,1376.87,15.0972,12.6836
-139.987,1087.95,16.0349,12.683
-451.342,1422.27,13.5168,12.681
-1203.76,396.607,14.3026,12.6804
1567.33,-506.03,15.4331,12.6791
1760.84,986.778,13.5529,12.678
-1367.48,837.16,25.1269,12.6716
226.221,1604.86,16.229,12.6712
-1533.28,-1733.36,14.3496,12.6667
845.487,-1245.1,13.3026,12.6651
989.316,-1777.24,14.6966,12.6646
1020.75,-434.799,23.2536,12.6626
-1233.54,-1086.15,15.7742,12.661
-184.663,-1710.48,28.2684,12.6606
-1728.68,383.192,27.0276,12.6587
1790.54,724.932,18.4568,12.6579
1848.37,-554.541,24.8318,12.6571
-997.95,-1626.3,13.1205,12.657
-485.558,1163.96,32.5274,12.6537
1405.31,1104.52,18.6149,12.6536
356.441,1164.39,12.9339,12.6534
1392.46,-1131.93,12.9469,12.651
39.0252,1307,24.1585,12.6506
719.862,1028.08,14.6149,12.65
-1526.47,-1819.33,19.2612,12.6498
-1316.73,-577.479,12.8846,12.6468
-689.851,1624.23,13.7513,12.6461
-1565.37,141.9,12.7911,12.6442
-1201.01,-783.624,14.3477,12.6434
-1885.09,760.373,12.685,12.6417
-981.494,-865.611,12.8274,12.6416
1493.91,-1091.61,20.1651,12.6411
1062.83,879.493,18.1265,12.6404
1747,-283.093,13.8184,12.6396
-1063.58,-1168.3,23.5479,12.6381
1822.96,-442.105,17.9067,12.638
-670.275,1717.87,14.2328,12.638
193.286,1276.04,12.9381,12.6374
708.522,-1600.02,16.7298,12.6359
-1891.07,-693.124,21.9721,12.6358
-1620.07,1680.08,13.3982,12.6352
254.067,1584.49,18.2809,12.6337
1410.16,521.112,16.2791,12.6319
478.34,-1062.1,14.71,12.6316
-1554.44,1056.37,20.5263,12.6312
-1473.03,-1134.52,12.8516,12.6306
-1819.21,421.951,18.9493,12.6294
1639.93,400.661,16.225,12.629
1864.27,-977.697,15.9472,12.6281
1081.02,-632.338,13.4363,12.6274
-1263.21,-1740.1,17.2988,12.627
-1848.68,1723.15,13.4117,12.6236
846.813,1308.46,14.0912,12.6212
1393.46,129.402,26.6508,12.6206
1300.42,943.295,12.8064,12.6165
289.68,-943.553,14.2435,12.6157
138.184,1233.4,38.3802,12.6147
1829.6,1426.47,15.3375,12.6142
1294.15,-627.509,17.9438,12.6132
739.233,1383.56,16.2757,12.6125
-1253.43,-391.932,17.9789,12.6115
-1640.79,-718.677,14.773,12.6098
-1159.95,968.972,22.6029,12.6081
-950.7,-348.697,19.0934,12.6079
-1444.23,725.199,12.8284,12.6071
-997.008,-60.5049,13.3841,12.6023
1145.64,1394.76,18.1642,12.601
845.811,-1752.84,15.5524,12.6003
1268.37,-1630.55,12.9789,12.5999
-179.933,-1903.19,13.0323,12.5982
744.358,1279.73,15.7991,12.5967
-706.186,-1100.91,13.5336,12.5963
-1595.84,747.45,17.1501,12.5945
769.099,1067.12,14.9066,12.5945
-1594.34,-1754.54,13.0287,12.5939
-44.5586,-1417.37,13.4824,12.5937
299.668,-1626.57,15.4704,12.5931
1690.5,-616.092,25.7539,12.5919
-1208.79,-1466.68,17.3889,12.5915
682.477,-1267.75,14.9296,12.5904
-1057.37,823.403,15.0859,12.5901
-940.423,975.415,19.9623,12.5901
-1453.54,1701.55,13.677,12.59
1422.71,-1763.17,15.8144,12.5894
1422.23,1267.81,13.1261,12.5891
-425.597,1816.69,17.8938,12.5881
402.641,-1298.46,13.3628,12.5877
-1478.34,-1217.92,20.9125,12.5876
1243.15,-1557.34,16.4004,12.5859
-1774.24,1150.62,12.8529,12.5858
-1535.02,1000.55,20.7821,12.5856
-1349.41,525.167,13.8489,12.5842
85.9997,1103.52,13.0035,12.5839
17.7286,-1334.66,16.7962,12.583
1739.54,-1319.85,13.0514,12.5828
-1798.85,151.841,13.2534,12.5825
1181.72,1465.93,18.5457,12.5824
-985.705,503.732,20.849,12.5812
1538.41,-365.499,17.2215,12.5801
1474.96,-1114.82,14.7161,12.5799
-1102.61,1229.15,14.9118,12.579
1669.28,-1339.18,18.073,12.5787
-1211.23,756.795,15.3193,12.5757
-1891.89,581.777,18.9272,12.5745
-729.441,1770.19,12.9725,12.5731
-484.285,-1885.52,17.579,12.5702
-1270.65,-999.179,12.6402,12.5679
1282.6,618.409,15.6817,12.5673
-977.269,-758.23,71.7096,12.5634
-1075.2,624.628,12.8793,12.5613
1505.36,-1131.87,14.7187,12.561
-1596.44,1170.61,16.1121,12.5602
-1300.77,-1763.71,17.9759,12.5587
-204.924,-1748.62,14.0899,12.5587
1302.95,-24.7294,15.7724,12.5586
1786.24,1758.97,22.997,12.5567
-1477.48,-189.632,18.8852,12.5567
-577.598,-1289.09,13.6519,12.556
89.9066,1245.36,13.5953,12.5559
-1345,1063.92,19.3622,12.5555
-959.02,-1634.12,26.7453,12.5545
1452.7,-1108.6,13.4449,12.5543
1470.64,356.501,12.886,12.5534
1685.66,918.383,14.2272,12.5522
-384.902,-1751.47,13.1659,12.5513
1651.85,-1514.31,13.9592,12.5507
712.148,1576.15,21.1297,12.5494
1883.37,-557.314,18.9928,12.5468
-1875.25,865.245,17.5281,12.5449
-288.073,1607,13.2411,12.5449
-1603.79,-1698.83,21.6744,12.5442
733.402,1520.62,15.862,12.5438
290.543,1551.83,13.8396,12.5431
351.544,1217.91,20.9129,12.5428
-952.608,-1805.1,13.4697,12.5411
1517.4,603.969,126.97,12.541
1323.33,-1185.49,13.5374,12.5405
1282.27,-461.218,18.6636,12.5398
579.602,-1150.63,18.7389,12.5394
-319.923,-1447.27,12.8666,12.5383
-1201.06,-672.408,18.6272,12.5373
954.416,831.984,17.5349,12.5367
1319.13,1887.78,15.1321,12.5306
1133.33,-993.101,12.6893,12.5301
647.598,1572.56,15.9804,12.5281
1747.73,1756.07,14.8024,12.5281
-1232.06,-1670.09,21.9063,12.5263
-1442.17,-1116.9,14.1722,12.5241
1129.01,1300.92,13.7578,12.5212
-1447.64,1889.24,12.9637,12.521
59.2938,1463.57,14.1661,12.5189
-143.464,1088.19,13.1268,12.5183
14.0161,-1619.31,19.7372,12.5178
-1180.04,-629.283,34.7654,12.5169
1678.22,-1104.44,19.2078,12.5165
1665.93,-1805.77,16.6384,12.515
-46.1187,1371.77,13.2225,12.5142
-480.491,1665.1,13.5197,12.5115
-503.285,-1376.55,14.158,12.5101
1241.78,-258.796,13.3572,12.5092
169.472,-1270.46,21.6604,12.5089
1016.44,383.533,16.6157,12.5088
-1516.16,1891.17,15.8504,12.5084
568.647,-1009,17.9833,12.5078
-1255.25,778.07,17.9639,12.5069
335.698,1041.12,15.0958,12.5069
-1740.79,-1103.55,12.9104,12.5062
1544.66,-549.715,17.3667,12.5046
-1745.21,-635.247,13.0384,12.5041
-1293.72,923.625,16.5908,12.5039
1273.3,-1080.5,15.3833,12.5035
-1113.8,1850.56,21.465,12.5034
-451.204,-1500.66,14.9782,12.5029
-1168.13,52.2694,13.7071,12.5022
1510.8,-856.361,25.3797,12.5019
-492.068,985.691,13.4519,12.5011
-1684.72,1030.38,18.6316,12.5009
127.084,1758.81,12.9137,12.5005
794.704,1334.9,13.219,12.4981
-1132.73,751.046,12.5202,12.4956
1418.13,636.015,13.4602,12.4945
-974.721,-1032.47,19.1223,12.4941
821.151,-1504.76,16.1621,12.4928
-1436.72,739.954,15.0095,12.4915
-412.325,1740.5,12.893,12.4896
1208.86,400.899,18.7731,12.4892
-1486.53,1031.69,12.8125,12.4887
1130.23,-999.885,14.4793,12.4886
339.046,-1557.97,12.6179,12.4879
-1618.73,-1057.02,17.0629,12.487
1401.11,-582.71,16.9726,12.4865
-1131.32,118.813,13.0698,12.4859
740.814,-1166.7,13.8167,12.4859
-1238.9,582.579,21.5886,12.4855
363.06,1533.43,25.0718,12.485
1584.99,1262.47,30.7294,12.4841
596.331,1092.63,48.5065,12.4829
1063.2,-196.11,15.4701,12.482
-347.403,-1849.55,20.8371,12.4811
-1374.96,-1168.89,13.4976,12.4798
1896.82,-1137.17,13.3037,12.4797
1355.52,22.941,15.52,12.4794
1330.47,-1035.1,12.5139,12.4791
1042.11,355.218,13.6291,12.478
244.598,-1702.92,12.7111,12.4777
1342.14,-1896.59,13.5093,12.4771
350.496,1395.35,17.5675,12.476
1492.68,-1345.27,20.4279,12.4757
1818.4,1592.27,12.8648,12.4717
1274.31,-1353.45,13.2029,12.4699
-1219.56,-1700.39,12.4717,12.4687
-271.41,1119.63,16.8577,12.4677
-1642.41,-364.623,15.832,12.4673
1803.1,-808.364,15.6327,12.4671
1575.86,-510.442,16.1476,12.4663
-1418.6,1743.21,13.5078,12.4657
389.32,1625.74,15.3778,12.4643
-1319.79,-1246.17,19.5739,12.4642
1242.85,1606.67,15.243,12.4627
-834.203,-1062.66,13.7475,12.462
1671.94,-1407.78,21.1952,12.4606
-1692.84,-1090.42,20.7342,12.4602
-1406.08,-1800.28,23.8721,12.4593
-1286.21,84.9176,12.7193,12.4591
-989.143,390.271,13.8899,12.4581
1184.51,-783.822,12.8977,12.4575
-96.3711,-1007.47,20.7683,12.457
-1463.56,1193.57,13.6169,12.4553
168.555,-1369.95,21.2545,12.4553
-147.818,1491.74,15.4573,12.4546
1627.14,-47.1775,15.9033,12.4543
-1612.66,-1654.02,14.8116,12.453
-1132.77,968.659,18.6914,12.4517
1716.67,-1081.6,13.8408,12.4512
-1337.75,123.222,15.9822,12.4511
1039.27,1314.26,15.6709,12.4508
1146.35,-1137.54,19.6931,12.4497
-1398.49,1604.96,13.2152,12.4483
-955.492,-182.663,14.7302,12.4482
-102.033,-1039.06,23.7534,12.4482
-1149.87,-1034.58,14.8359,12.4464
1900.01,-1166.75,13.4673,12.4434
1842.54,-254.121,12.7671,12.4422
-1016.76,-373.82,13.1082,12.4414
-208.216,1701.15,13.5196,12.4391
1830.55,-1531.26,13.9866,12.4363
1593.66,321.45,12.5948,12.4329
1695.32,-525.515,31.4856,12.4309
-749.78,-1771.86,14.0104,12.4308
543.802,1659.17,21.1399,12.4302
-619.484,1651.11,15.8729,12.4292
1292.12,1736.91,13.5744,12.4282
-1726.66,-1527.39,27.5493,12.4277
1190.03,-287.895,14.2555,12.4267
106.95,-1577.48,12.4781,12.4263
692.887,-1020.47,13.311,12.4258
-1433.03,625.474,18.3046,12.4253
656.649,1021.31,21.2174,12.4252
-1860.07,-354.67,29.6193,12.4252
1782.77,1406.94,19.3046,12.425
1685.83,-1498.63,14.5894,12.4244
-84.9922,-1329.57,16.3123,12.4238
1343.37,-127.626,12.5052,12.4221
-1871.69,-1181.92,15.2291,12.421
-1125.14,-1216.21,12.828,12.42
-1272.42,-564.484,12.7268,12.4194
-320.702,-982.261,15.0815,12.4193
-262.835,-1752.62,20.7751,12.4183
1637.91,1069.1,15.6213,12.4179
1787.15,-768.148,14.4327,12.4177
1615.85,137.68,21.156,12.4155
1226.18,331.769,14.9621,12.4137
-1622.01,837.64,12.8942,12.4136
-329.408,-1232.05,17.2845,12.4131
1803.6,-561.786,13.852,12.4125
-1548.6,1016.36,19.6809,12.4124
1552.98,-462.143,13.0999,12.4117
977.943,-1642.63,17.897,12.4112
1683.71,-1487.81,12.9152,12.4107
-606.084,-1564.39,14.3665,12.4095
-148.926,1297.41,14.9227,12.4091
975.238,417.914,19.4733,12.4091
-879.872,1799.08,18.0591,12.408
-97.9693,1770,19.9236,12.4069
-1798.72,-622.403,22.4174,12.4057
969.688,74.3566,12.4345,12.4054
1234.35,1596.89,13.0314,12.4048
-1641.71,-883.511,12.9778,12.4029
-1078.7,-1215.17,20.8061,12.4016
-1306,1849.31,21.0029,12.4006
1691.83,530.176,17.0017,12.3997
-1157.06,276.047,17.0623,12.3993
-94.3808,-1879.77,14.0142,12.3992
-1445.42,-1747.23,16.1112,12.3989
-1617.75,-565.408,13.6786,12.3978
1107.07,-360.768,14.6731,12.3971
-345.564,1404.89,14.6478,12.3961
1247.58,766.757,13.7815,12.3956
1005.03,-719.27,15.936,12.3951
-1607.42,-488.299,12.5617,12.3944
-1458.93,-1719.81,12.9203,12.3931
-611.269,1115.33,12.7469,12.3929
808.423,-1307.73,14.0476,12.3917
610.259,-1840.38,19.3836,12.3911
3.79761,-981.755,33.5762,12.39
-1241.45,-1137.62,16.902,12.3898
1280,-1505.72,24.259,12.3896
-1723.59,148.516,20.1313,12.3894
1677.05,227.956,13.2,12.3887
1344.29,1485.46,19.8309,12.3868
1345.48,1098.69,18.1056,12.3866
-310.336,-1131.75,17.5533,12.3854
-932.5,1412.79,15.6547,12.3847
237.161,1146.71,76.7834,12.3846
-555.596,-1343.06,13.1401,12.3842
1597.05,1189.97,12.685,12.3835
-1458.06,744.507,13.616,12.3834
1560.22,1464.01,13.596,12.383
-1310.09,-389.248,14.084,12.3829
-1326.72,1472.35,13.6574,12.3829
-1418.63,1360.92,14.6005,12.3829
-487.04,-1287.64,13.9827,12.3818
1502.38,945.414,14.2502,12.3817
1693.22,-1229.33,13.0856,12.3811
-1891.05,384.192,15.4995,12.3795
-141.326,-1370.02,54.2259,12.3764
-1326.08,393.422,12.8228,12.3748
-1032.4,1427.38,13.3014,12.3729
-872.777,1681.59,16.0544,12.372
1183.27,1234.62,29.7478,12.3716
-1166.69,-1121.63,21.2935,12.3698
-1767.95,958.695,15.7711,12.3684
-543.59,1084.17,33.4677,12.3674
-1592.06,605.892,14.1152,12.3674
-787.092,-1714.79,18.8075,12.3674
-473.906,-1354.22,13.3185,12.3668
-409.848,-1007.55,13.0266,12.3656
1022.89,-1015.99,16.4376,12.3651
1508.18,-854.614,15.8115,12.3632
163.726,-1609.18,13.7207,12.3627
621.779,1300.1,15.9623,12.3618
391.852,-1673.41,13.0234,12.3618
-1635.08,-415.761,36.8085,12.3606
841.942,969.193,12.4397,12.3598
-336.96,-1674.42,12.4812,12.359
-706.09,-1650.54,15.6196,12.3586
-1174.2,1795.1,26.9363,12.3579
-1259.57,-1223.79,16.7673,12.3575
1018.67,-1722.53,17.9124,12.3551
1589.27,-1791.22,20.2798,12.3549
1116.24,-1088.42,13.996,12.3548
-1860.37,-863.713,13.2534,12.3544
-1503.66,1364.19,14.0625,12.3506
221.482,-1619.29,15.9964,12.3502
1179.15,499.004,12.6393,12.3492
-1497.45,-266.944,12.9896,12.3478
935.019,-1879.85,13.0371,12.3477
120.986,1408.63,12.582,12.3475
-411.238,-1471.53,17.7539,12.3472
1527.34,128.004,16.9764,12.3466
-208.053,-1146.09,16.0466,12.346
-1095.56,-1042.85,13.6963,12.3456
1139.16,-179.196,13.0421,12.3451
1488.28,-1645.8,17.3182,12.3449
1127.54,-224.966,14.5167,12.3441
349.78,-1786.56,15.4469,12.3438
-1134.33,-1321.55,12.7846,12.3436
1107.88,189.7,12.9011,12.3428
1049.67,896.08,18.7566,12.3423
960.596,368.429,14.3584,12.3422
578.491,-1149.63,14.3206,12.3416
1570.05,1432.1,13.8698,12.3405
964.673,-930.675,13.2137,12.3393
-657.427,1115.91,15.8688,12.3383
-319.669,1169.31,12.8557,12.3381
-1057.21,197.822,12.4884,12.3377
-1470.88,-83.4671,33.3391,12.3372
1605.75,1464.37,22.7541,12.3367
-1200.15,-1749.25,13.2011,12.3366
1897.42,1320.79,16.4578,12.335
-1279.76,-920.132,16.4693,12.3347
536.357,1334.41,12.4911,12.3347
-1620.61,-122.26,15.2933,12.3341
1585.14,1134.65,17.2307,12.3331
1643.23,-174.407,18.7754,12.3328
811.152,1877.15,15.463,12.3323
1384,363.631,20.4866,12.3315
1404.22,-97.5043,14.7249,12.3314
-141.481,-1527.15,17.065,12.3306
-1470.81,311.33,18.1492,12.3295
1340.13,1038.95,12.3624,12.329
-1696.14,187.225,14.0193,12.3289
-1549.92,-1490.75,12.4223,12.3287
52.4637,-1025.03,13.1029,12.3271
-50.263,-1536.94,14.878,12.3256
-626.028,-1137.51,16.8387,12.3242
216.342,-985.043,19.096,12.3241
-203.462,-1299.88,22.5391,12.3207
109.119,-1267.04,12.5623,12.3203
712.204,-956.856,20.6312,12.3199
1407.91,1462.77,19.0673,12.3187
642.334,-1699.26,22.8991,12.3175
898.301,-1458.81,12.3212,12.3174
-1600.6,433.661,12.5494,12.3165
1366.46,-1807.84,22.4316,12.3153
-231.127,1584.63,14.0643,12.3136
-879.572,1753.52,13.5716,12.3134
-1674.57,1405.74,19.4868,12.313
1187.97,-248.692,15.5875,12.3127
1429.84,1722.99,17.5804,12.3124
-1608.54,-1807.21,13.3913,12.3111
-990.435,1013.11,12.9069,12.3103
-995.927,1505.04,15.8004,12.3102
-702.43,1449.84,14.9922,12.3081
-1826.89,736.603,15.3532,12.3071
1109.29,-775.577,14.9183,12.307
-276.184,1486.83,19.6402,12.3061
-1580.6,515.049,13.2567,12.3059
-1052.21,161.816,16.7655,12.3059
629.575,1509.93,35.6995,12.3038
1126.16,548.798,15.7277,12.3034
-1704.96,835.158,12.5969,12.3032
1177.23,-1757.74,13.0615,12.3018
-230.56,-1738.36,21.6886,12.299
1786.14,573.756,17.7327,12.2987
-1582.32,-891.313,17.0525,12.2986
-804.953,-1629.33,16.6066,12.2974
1900.54,192.846,15.9049,12.2971
642.556,1684.23,12.634,12.2966
1289.53,1683.23,17.0342,12.2951
1831.29,1813.94,23.6279,12.2948
1184.1,-1373.12,14.5995,12.2927
-1210.89,920.934,15.0163,12.2923
-14.9637,1029.39,16.7988,12.2909
957.902,777.483,16.1812,12.2899
-1329.32,490.496,17.7864,12.2895
1339.61,-1255.43,14.2609,12.2887
-1095.75,370.284,13.8714,12.2884
1390.83,-233.986,13.0787,12.288
-1530.47,1087.04,64.4458,12.2859
1121.61,-914.212,51.3264,12.2858
1640.13,818.945,15.7249,12.2801
81.9273,-1229.36,33.2746,12.2795
710.136,-1171.59,26.3827,12.2781
-610.512,-1841.78,16.4193,12.2776
-1007.12,-1333.48,13.2211,12.2774
-1595.45,-1090.05,18.1429,12.2768
1498.94,519.019,14.3171,12.2761
746.046,-1552.3,25.685,12.2737
-1489.69,987.465,16.8778,12.272
-1560.47,-1704.12,16.5034,12.2704
229.236,1233.74,27.1091,12.2695
-1816.99,920.628,18.037,12.2678
-719.523,-967.045,14.4576,12.2672
-1828.28,715.255,12.3285,12.2635
-293.581,-1090.98,12.4065,12.2633
1796.96,290.232,12.739,12.2623
-1787.17,1384.13,14.2852,12.2621
-490.108,-1030.65,16.2125,12.2591
1489.94,-1262.81,19.7331,12.2585
-190.905,974.098,15.4545,12.2585
492.156,-1844.08,18.7818,12.2558
910.076,-1382.47,12.2901,12.2557
1281.88,144.429,19.1562,12.2552
-1406.03,878.136,14.6868,12.2534
-1370.89,-1640.3,12.846,12.2534
-930.391,1528.64,14.7253,12.2527
1879.19,554.42,13.2951,12.2498
-977.065,-813.178,16.9502,12.2489
1491.5,-518.861,12.6893,12.2479
482.58,-1283.14,17.8636,12.2477
-1049.09,789.821,14.5024,12.2473
1208.59,418.391,15.0611,12.247
1434.22,-860.052,12.7306,12.2465
1662.25,1170.63,13.8086,12.246
-1499.89,-561.812,12.9052,12.2451
-1338.62,682.592,12.8969,12.2441
235.823,1208.26,15.3635,12.244
1065.92,538.067,15.625,12.2434
289.618,1357.18,21.3341,12.2422
-1071.64,-1168.33,12.6974,12.2421
-1734.94,1021.33,19.2703,12.242
-1411.3,-1312.13,12.4019,12.2409
476.687,-1405.89,12.3102,12.2406
1727.46,713.002,13.6299,12.2381
381.783,-1465.57,15.2203,12.2359
1570.68,1230.78,18.5512,12.2357
-961.318,-501.934,14.1715,12.2356
-1483.22,-1818.1,15.355,12.2334
1464.84,-1136.62,15.3893,12.2326
1710.5,-727.29,13.2037,12.2322
1390.26,-786.235,12.7124,12.2321
1750.84,-1758.55,18.564,12.2308
254.174,-963.004,21.4819,12.2306
-1501.32,-541.582,12.318,12.2297
-1142.71,-1031.57,13.0126,12.2296
-424.428,1211.36,22.083,12.2291
302.564,-1339.12,21.8433,12.229
1508.29,1827.54,12.3017,12.2277
-972.444,-1037.08,15.4772,12.2276
1859.32,1492.25,16.1435,12.2247
1302.54,1209.12,12.648,12.2234
-320.669,-1797.47,26.9922,12.2221
-1046.85,1686.98,17.9023,12.2218
-1669.3,-546.36,29.6036,12.2215
-1825.74,1787.06,16.7158,12.2208
1677.76,79.414,13.2955,12.2202
-740.662,-1134.57,12.2839,12.2188
-1878.53,1320.68,12.8632,12.2188
-947.753,1125,13.0733,12.2174
558.74,-1050.7,12.3586,12.217
1530.99,424.737,12.8041,12.2162
1199.62,1829.63,18.7604,12.2152
1778.74,-1032.08,27.5208,12.2148
-513.417,1435.25,21.8941,12.2133
-568.493,1105.22,13.3901,12.213
-132.38,-1313.97,14.9301,12.2125
925.079,-1515.64,43.7843,12.2104
-94.8428,1291.11,12.6188,12.21
1528.49,789.359,16.5301,12.2098
-1569.04,-1165.02,16.3303,12.2087
-529.099,-1482.63,13.9497,12.2081
1034.65,-728.219,15.2132,12.2076
-1130.22,-932.199,12.595,12.2047
-918.152,-1501.36,22.4691,12.2035
1825.64,1739.96,12.2518,12.2027
209.445,-1821.34,12.69,12.2011
1014.05,1501.7,12.847,12.2001
56.0884,-1574.42,13.3443,12.1953
-89.487,-1304.87,23.142,12.1949
-1834.06,1634.73,13.7284,12.1944
-1775.74,247.208,17.6147,12.1938
1455.02,1323.8,13.241,12.1936
-1242.55,-1461.84,17.2374,12.1931
532.942,1364.47,15.8871,12.1915
-1855.2,-1808.56,14.4861,12.1906
652.777,1127.53,12.7289,12.1895
-1302.66,471.285,12.6585,12.1889
-1734.78,-1720.97,14.1363,12.1872
607.485,-1016.93,13.584,12.1871
1542.57,-674.367,36.5527,12.1869
-1129.95,371.664,12.6235,12.1862
-718.293,-1141.45,15.2418,12.1861
-950.364,-1535.68,15.2527,12.1856
129.547,-1140.7,12.8501,12.1852
780.387,1781.61,12.3179,12.1851
1894.67,-26.3365,13.3609,12.1846
-1566.01,-62.8828,12.206,12.1838
1221.59,-1790,18.9169,12.1837
1178.38,1238,14.4091,12.1837
-154.933,-974.688,32.7387,12.1829
1729.73,1262.49,17.525,12.1822
-889.948,-1809.75,18.5135,12.1818
-1231.44,-1066.52,12.9795,12.1818
1775.27,-1601.13,15.7255,12.1792
881.175,-1229.43,14.1378,12.179
744.435,-1165.45,25.6639,12.177
-226.111,-1834.98,18.0235,12.177
-1751.74,660.738,15.9334,12.1759
-806.264,-1031.85,12.7095,12.1744
-1511.73,1317.79,19.2295,12.1743
-370.45,-1323.5,16.1089,12.1741
288.893,1432.12,21.6711,12.1735
1806.34,-1840.97,12.6231,12.1725
1404.95,-134.73,12.7798,12.1725
-77.8954,-1160.28,17.395,12.1719
1210.97,1800.53,20.0983,12.1711
1593.61,-614.352,14.797,12.1687
-1498.95,-512.911,13.0182,12.1683
1762.59,-622.725,16.3992,12.1679
-857.077,1595.94,15.5127,12.1678
-1135.3,371.781,12.2121,12.1669
854.873,1820.29,13.3597,12.1666
1064.26,-386.55,12.5853,12.1654
1597.52,322.004,13.5126,12.1649
-279.062,958.97,21.6086,12.1648
19.2433,-1312.22,30.0024,12.1635
-1658.46,-915.465,13.4818,12.1627
-1145.42,-435.085,12.5063,12.1624
1508.57,1818.49,19.672,12.1613
-1635.68,1618,13.2649,12.1603
-764.728,1871.25,13.2034,12.1603
-1221.79,-306.021,22.107,12.16
-1129.86,76.0685,13.6406,12.1583
-1612.9,135.301,12.9283,12.1572
1698.82,-1115.07,15.7955,12.1569
-101.014,-1715.82,14.7524,12.1563
-1496.78,604.744,15.0622,12.1558
153.775,1208.88,16.1719,12.1546
-1672,361.327,19.1269,12.1524
1811.33,-1656.13,12.6502,12.1519
-822.539,1423.28,12.2628,12.1517
-1088.41,-1148.36,15.2678,12.1514
-959.164,1632.06,19.8549,12.1513
-1562.73,1794.42,22.4368,12.1508
-484.47,-1104.03,12.5802,12.1497
102.981,1038.88,13.7071,12.1479
1526.82,-1881.24,17.2648,12.1475
-1874.57,-1171.52,14.602,12.1475
942.006,1776.94,15.5247,12.1474
-22.4115,-1679.77,13.664,12.1474
1751.7,-133.092,15.5094,12.1451
899.563,-1395.2,14.8277,12.1446
864.892,-1553.76,13.7744,12.1442
609.216,1496,14.287,12.1437
368.714,-1588.86,20.6315,12.1433
1353.94,881.707,16.1755,12.1431
55.3978,1205.78,12.8244,12.1423
-1462.53,-715.166,13.9596,12.1417
-1299.7,-1287.71,18.7886,12.1411
-792.437,-1289.96,15.1954,12.1398
452.02,-1526.18,15.723,12.1393
1848.74,-1784.51,12.3923,12.1391
824.319,-1534.65,15.3226,12.1366
1424.52,669.53,15.0036,12.1343
1832.3,735.934,16.0196,12.134
846.845,-1546.58,12.3346,12.1334
1386.16,-1665.87,16.5601,12.1333
-1195.44,1435.48,13.6263,12.131
-629.611,-1506.5,13.2831,12.1303
239.44,1459.25,20.2468,12.1283
951.127,1583.48,19.7939,12.1275
-1461.18,1269.51,18.0168,12.1255
-946.637,595.858,13.5232,12.1251
-759.746,-1852,12.9174,12.1248
-1485.56,-476.737,12.5049,12.1226
-372.51,-1868.73,16.8621,12.1214
823.886,1379.04,15.6951,12.1213
-707.709,-1715.17,17.0464,12.1211
1610.23,529.917,16.553,12.1183
1176.7,806.596,17.4059,12.1178
-1887.11,-1181.18,20.6205,12.1162
1302.18,968.9,15.3791,12.1159
1164.4,-887.554,13.1598,12.1156
-1692.78,-194.036,12.7824,12.1154
892.996,-1114.27,17.3378,12.1152
-231.707,946.451,19.6861,12.115
-194.973,-1571.55,14.9118,12.1141
-734.441,-1123.16,15.3538,12.1137
-1571.85,572.352,16.1825,12.1133
1868.18,-135.492,17.4234,12.1128
492.177,-1342.94,13.2085,12.1113
-1545.8,931.325,14.5066,12.1111
-495.305,1597.56,14.0253,12.1107
-1675.98,1340.26,13.0306,12.1106
-1175.59,1366.58,16.5542,12.1067
-1096.81,-1418.08,14.2448,12.1065
748.743,-974.055,13.2223,12.1062
1746.89,497.636,20.489,12.1049
-1118.63,-1653.61,12.6783,12.1012
764.943,1239.08,18.4146,12.1007
983.773,-127.469,13.6471,12.1
1172.36,-1697.16,14.0064,12.099
1210.48,-723.046,16.4827,12.0989
497.653,-1134.38,12.8043,12.0989
154.316,1348.71,13.0283,12.098
280.688,-1465.51,13.7363,12.097
-583.919,977.002,15.2393,12.0964
1761.29,-810.868,12.4707,12.0958
914.258,-1451.45,14.498,12.0947
-978.087,139.602,29.8896,12.0946
1664.72,-632.061,42.2586,12.0941
-727.931,1596.84,18.3015,12.094
1676.63,-578.647,12.3434,12.0933
1361.6,-615.605,17.9932,12.0925
1351.66,780.348,14.0173,12.0925
1388.03,-1210.33,12.4704,12.0925
93.7926,1816.39,13.3511,12.0921
-382.246,1192.48,19.6907,12.09
1309.58,-1444.58,13.0987,12.0874
13.9779,-1829.5,15.854,12.0869
-1295.94,1624.42,20.1237,12.0859
1683.12,490.233,14.4921,12.0854
-263.77,-1422.51,12.5075,12.0851
1606.53,776.088,13.0136,12.0846
-1241.7,-1192.99,12.8183,12.0835
-551.691,-1015.87,14.5106,12.083
1068.02,-1473.32,17.431,12.0826
1229.31,946.644,14.3963,12.0821
-1007.46,240.38,13.3478,12.0816
-22.3579,1304.96,12.0909,12.0814
-19.6706,-1533.16,14.2417,12.0807
831.257,1021.82,19.5995,12.0795
-307.085,-1145.93,12.431,12.0793
-1505.07,741.421,13.0539,12.0793
-879.197,-1385.29,21.4121,12.079
1252.7,693.974,12.5389,12.0786
944.281,1677.72,12.3537,12.0753
968.697,1506.45,15.8133,12.0752
-1505.15,1339.47,16.1867,12.075
-1332.66,1791.37,15.0353,12.0746
1449.52,-1624.75,16.048,12.0744
-1598.79,-1476.87,13.6678,12.074
1605.94,1382.99,19.8016,12.0729
-1615.8,-1728.31,13.3638,12.0728
1816.31,-1701.99,18.1117,12.0722
-1044.72,-1391.57,14.4759,12.0715
311.545,1090.9,14.3432,12.0712
1232.55,1407.14,12.2187,12.0704
-1689.91,-387.494,56.3507,12.0696
1562.55,617.801,12.7737,12.0689
1305.09,347.249,12.7998,12.0662
-1210.45,-1439.07,15.6268,12.0659
-1523.81,-135.973,17.9317,12.0651
1099.77,7.40789,12.7914,12.0637
-1167.44,-175.204,14.5091,12.0633
-1410.56,-448.228,12.9918,12.0631
-159.534,943.822,14.4458,12.0598
-1067.28,1882.63,12.6024,12.0594
-1445.87,720.49,14.0855,12.0592
-1140.59,-444.707,14.4539,12.0585
1774.24,1167.55,14.7506,12.058
-1209.9,768.717,14.6944,12.0579
-590.402,1459.18,13.8008,12.0575
1683.81,-359.209,15.0128,12.0572
-1378.71,-328.004,13.3708,12.0572
-348.106,1578.31,12.6137,12.0571
-1182.51,-1050.31,15.9738,12.0559
-1566.26,-982.385,14.3271,12.055
-1863.33,963.187,12.384,12.0547
-1090.93,1227.48,13.4664,12.0522
1783.18,1428.93,15.4514,12.0515
1732.1,598.61,18.2805,12.0513
1037.36,-1858.22,17.1897,12.0509
1088.92,1078.93,18.3666,12.0508
-477.586,1052.31,19.4921,12.0502
1310.93,-12.073,12.9049,12.0492
-1823.47,-1847.76,14.9732,12.0492
-251.614,-1415.31,12.9548,12.0486
-1011.04,-15.9507,40.9796,12.0485
287.959,-1713.92,12.2475,12.048
813.671,-1786.82,13.2846,12.0461
-1339.94,-1818.53,12.9039,12.0449
1679.19,-1348.16,18.9528,12.0446
963.547,-1540.8,14.4991,12.0446
-241.122,950.96,12.1299,12.043
916.37,-1134.76,12.253,12.042
-1723.3,-522.685,21.773,12.0419
551.752,-1482.3,14.9528,12.0415
270.849,1900.07,14.5359,12.0412
166.96,-1308.53,14.7883,12.0412
-1841.3,-578.538,12.587,12.0409
-286.843,1808.09,12.8952,12.0407
1693.24,-651.363,12.4866,12.0388
-864.938,-957.334,12.2683,12.0374
1511.51,1855.08,12.2336,12.0369
-1461.2,839.773,12.8328,12.0367
314.679,-1385.95,16.5254,12.0361
1862.68,1412.25,13.708,12.0343
-1717.81,1844.49,12.8604,12.0335
1677.33,233.297,12.6318,12.033
-979.434,1511.77,12.3689,12.0319
1873.36,885.28,14.751,12.031
128.173,-1837.95,13.3814,12.0305
-1832.09,1252.09,12.9034,12.0282
-1117.36,143.472,13.9589,12.0274
-1240.19,1403.3,18.1701,12.0256
-504.362,1237.25,13.576,12.0251
-17.8966,1428.24,12.886,12.024
1000.37,1456.53,12.2525,12.0232
-758.534,-1182.94,17.6755,12.0231
711.59,-1019.89,14.1389,12.0219
1473.99,468.577,12.3362,12.021
-341.936,-1685.07,13.9141,12.0204
1599.74,1644.87,16.1903,12.0186
-1257.14,969.343,12.0285,12.0186
-1294.13,-1041.01,13.2574,12.0181
1330.65,-2.8446,12.9501,12.018
-1056.03,706.171,12.443,12.0168
981.252,-1276.69,12.0732,12.0167
1108.67,-1667.66,14.1303,12.016
1712.14,1361.99,17.3361,12.0153
-1873.22,1394.01,27.5845,12.014
617.16,-1682.04,13.1902,12.0128
1865.3,471.304,12.9626,12.0127
1570.49,-195.971,18.9552,12.0122
-1091.81,487.018,12.4374,12.0119
-20.5639,1459,13.9686,12.0116
1801.17,23.7989,13.5806,12.0111
198.741,-1234.07,14.7809,12.011
-1728.14,644.304,13.4845,12.0107
-1609.87,-1676.17,13.992,12.0093
1538.7,373.97,12.56,12.0093
1101.39,-582.18,12.4718,12.0069
1592.21,1544.1,13.5306,12.0056
1809.07,647.915,13.0187,12.0052
228.471,-1533.63,22.4585,12.0051
926.926,-1503.96,12.3982,12.0044
-1022.22,1114.93,14.5883,12.0031
-1014.6,-1871.4,16.1431,12.0023
-304.133,-1332.92,14.3932,12.002
1129.19,-641.154,14.457,12.002
1317.14,643.538,12.9186,12.0019
-250.056,-1152.15,20.7205,12.0011
-1672.05,1646.6,22.366,11.9986
474.513,-1501.17,12.0392,11.9975
-1501.76,302.589,13.5469,11.9974
561.248,1143.46,12.5277,11.9949
991.572,1735.68,13.5532,11.9948
-453.677,-1253.48,12.8558,11.9944
1863.29,-1651.59,14.1152,11.9944
-325.758,-1055.51,12.8803,11.9943
1448.77,451.533,13.6416,11.9936
-927.231,1082.22,13.3903,11.9922
1871.61,-1307.22,13.7334,11.9915
-432.111,-1536.58,12.2239,11.991
393.383,1594.49,35.4008,11.9905
-168.24,1708.28,13.2541,11.9903
-1480.09,-1252.83,13.6947,11.9903
228.941,-1312.62,12.2521,11.9895
1401.5,1423.11,12.1742,11.9884
-1523.76,-676.599,16.7159,11.9878
1360.7,1513.88,13.1883,11.9875
-1400.68,-947.245,11.9993,11.9875
1482.81,1743.04,12.7777,11.987
-1716.15,-475.012,15.398,11.9862
1013.48,1119.57,21.5565,11.9857
-1372.72,-1258.02,34.2845,11.9842
-1062.72,290.217,13.8562,11.9836
1301.23,215.334,15.4968,11.9834
1773.9,277.039,15.95,11.9832
964.801,1482.15,15.2417,11.982
-17.1498,-1263.67,20.3853,11.9805
-1706.91,417.918,21.5066,11.9801
-271.339,-1238.5,18.4456,11.9777
-1174.09,229.27,15.1673,11.9767
-1180.18,-1724.54,12.5992,11.9759
-1128.53,-992.359,20.6831,11.9753
-1830.51,1456.69,13.1057,11.9749
1716.63,-1332.18,14.1937,11.9736
1892.92,-771.25,13.8579,11.9734
1710.87,-1401.21,13.9345,11.9717
-823.808,1474.74,15.2716,11.9716
-1551.21,-338.807,15.6956,11.9715
-1391.67,1849.46,13.493,11.9701
-1465.6,1.6587,16.4569,11.9696
-1529.27,1551.2,12.9463,11.9688
1114.74,721.896,13.7571,11.9682
1610.7,684.534,14.4704,11.9659
-280.105,1792.3,13.7217,11.9652
1664.07,-1835.13,12.6541,11.9646
-832.465,-1474.13,12.6428,11.9646
-578.343,-1318.87,37.5774,11.9637
-1678.15,263.826,12.8276,11.9635
90.04,1575.68,13.565,11.9628
560.35,1872.24,19.6581,11.9617
338.092,991.521,13.9336,11.9606
-1181.31,1240.92,12.25,11.9594
-464.835,-1119.02,17.1769,11.9591
-570.967,-1608.22,12.4553,11.9549
-1524.53,1472.27,17.9588,11.9542
423.96,-1842.59,12.539,11.9536
1421.29,1531.1,13.0595,11.9534
1465.21,-1878.73,14.0711,11.9517
1485.18,76.3756,19.3443,11.9453
1078.36,-1011.86,12.0813,11.9451
1474.84,-1686.51,12.5214,11.9451
1539.66,867.728,14.014,11.9449
-1772.49,48.6553,19.1647,11.9439
895.531,1091.67,12.4927,11.9438
-702.916,-1807.74,12.3212,11.9424
-1408.81,84.4163,14.2359,11.942
296.583,1598.64,14.9275,11.9407
-84.9368,-1668.57,15.9383,11.9393
-75.3361,-1680.15,18.0308,11.9387
1827.8,1594.77,12.1386,11.9387
1115.15,75.4075,12.6379,11.9384
1606.83,262.008,20.7179,11.9373
-765.777,1789.66,12.2548,11.9368
1334.96,-904.492,12.0276,11.9361
1638.09,1220.46,13.0647,11.9357
-1129.47,1467.07,78.6013,11.9355
-252.882,1017.92,13.1207,11.9347
1112.67,278.721,13.0088,11.9337
-1181.98,-514.525,12.8858,11.9321
-828.569,1227.4,14.1919,11.9317
-1726.7,-718.085,14.1352,11.9297
-1168.91,-1059.7,14.8306,11.9282
-935.416,-1492.8,12.3598,11.9266
-617.773,-1571.62,12.6505,11.9264
521.622,-1318.91,13.3786,11.9262
1464.34,1282.16,13.5169,11.9254
-973.851,-1575.61,11.9845,11.9253
-1172.48,864.74,12.9522,11.9241
-532.062,1386.07,16.5274,11.924
-1719.97,-1455.11,14.5451,11.9219
-1647.92,-1527.58,17.6686,11.9216
-344.774,1173.91,19.0723,11.9213
-1534.63,-432.703,12.0496,11.9198
1297.76,-1225.84,16.8422,11.9197
573.253,1454.54,12.2758,11.9193
-503.914,-1297.25,12.0106,11.9159
1019.13,690.553,16.7819,11.9144
1110.63,807.321,20.6029,11.9139
-1607.03,-1755.79,12.391,11.9133
-1407.19,231.909,13.1018,11.9117
-1189.65,364.217,14.782,11.9115
1463.84,-969.581,12.9664,11.9102
-1830.47,-32.9202,22.4749,11.9099
-348.168,1273.39,14.6177,11.9097
1633.65,1757.8,12.3451,11.9094
1475.18,1616.81,15.1394,11.9072
-517.001,1248.61,17.5639,11.9071
-290.102,953.188,21.1977,11.9068
1527.69,-513.578,14.4105,11.9067
960.528,1682.5,13.9312,11.9056
1446.18,34.6532,13.7739,11.9052
-1423.23,1251.19,26.3054,11.9046
744.244,1145.83,13.0158,11.904
767.725,-1287.89,14.1309,11.9037
1637.8,-58.7677,14.5537,11.9017
365.219,-1099.03,28.4136,11.9016
-1072.96,-763.863,11.9154,11.9006
-1288.27,82.7775,14.8874,11.9003
-982.305,-894.716,13.0683,11.8992
-101.566,-1259.57,21.7022,11.8971
-449.052,-1169.94,14.1758,11.8964
-641.877,-1796.77,15.775,11.8961
1413.3,716.231,13.0046,11.8948
1147.01,877.009,12.5462,11.8939
-417.701,-1339.45,18.6028,11.8937
-1832.57,-1402.91,16.5337,11.8935
-494.624,1145.26,18.2507,11.8934
1323.57,-1023.23,14.569,11.8932
1222.12,136.084,14.3371,11.8924
-580.923,-1427.08,12.8313,11.8918
304.793,991.302,13.2664,11.8917
-1217.3,-1024.7,33.3482,11.8896
-186.777,-1898.53,13.6069,11.8874
1084.68,-1809.13,19.395,11.8872
-1374.77,935.598,15.6821,11.8868
-1677.55,705.646,15.3774,11.8867
-1211.16,-349.91,12.8807,11.8866
661.98,-1226.6,12.6671,11.8859
1684.83,-1574.06,12.1458,11.8857
-954.945,-1839.37,28.8746,11.8832
-414.72,-1182.87,13.1557,11.8828
1731.58,504.327,13.7107,11.882
1696.19,590.284,14.3346,11.8813
556.482,-1694.84,15.7701,11.8807
-958.724,1831.49,13.66,11.8801
-545.941,-1532.93,12.0494,11.8795
947.949,-1284.34,18.0497,11.8792
-1422.21,379.898,12.8456,11.879
-451.686,1555.81,15.4382,11.8782
1592.15,1211.12,11.9425,11.8779
-1653.28,-1061.16,17.3318,11.8775
-257.457,-1079.86,15.5774,11.877
1047.09,870.213,12.3333,11.877
-1650.92,-421.177,12.1441,11.8765
-1537.53,-119.893,12.0518,11.8757
-1118.41,620.294,11.8909,11.8753
304.949,-1401.35,18.3442,11.8739
-1428.23,-677.3,13.1598,11.8715
-1429.19,-1164.55,17.0578,11.8708
975.594,1155.71,12.0457,11.8696
833.062,1400.04,12.2428,11.8695
1003.81,-1722.04,24.8368,11.8687
254.793,-1416.54,14.3473,11.8677
-1622.02,1231.47,16.3494,11.8649
1433.59,-868.466,12.4428,11.8645
1616.8,-932.487,13.0361,11.864
214.838,1546.36,12.1666,11.8623
-948.083,-474.07,12.0503,11.8613
-472.874,1410.68,12.8264,11.8589
1067.03,637.83,12.06,11.8556
-271.344,1730.1,20.2342,11.8556
1342.79,1242.82,12.3981,11.8543
1861.24,1128.91,14.2048,11.8539
-1046.06,-1610.58,13.8535,11.8513
1637.48,901.128,21.2431,11.851
-673.073,-1307.09,15.8695,11.8505
-1519.72,-1356.16,12.4294,11.8491
-1690.93,-830.334,17.2476,11.8488
890.723,1439.67,34.9301,11.8482
-1489.01,237.825,16.3119,11.845
1135.36,-1296.14,12.876,11.8448
-1356.59,1445.81,16.6569,11.8445
-1460.79,-1902.79,12.662,11.8433
13.8513,-1568.96,11.9689,11.8426
1175.61,-925.991,24.3176,11.8402
1439.89,838.968,13.6544,11.84
1832.67,1545.87,26.2446,11.8395
817.883,1026.17,12.5447,11.8392
-512.769,-1196.06,13.333,11.8388
-956.962,-1093.07,13.2179,11.8345
-1345.51,-504.964,37.2586,11.8338
-1431.13,-1731.84,13.9145,11.8328
750.012,-1846.02,12.507,11.8326
-1090.78,-686.878,16.7343,11.832
-539.842,1572.77,12.409,11.8317
-992.451,-1649.94,12.4811,11.83
2.5827,-1599.53,23.5329,11.8297
1632.36,310.341,16.7641,11.8295
-849.26,1587.16,16.4158,11.8288
253.932,1836.35,13.7151,11.8285
1276.37,899.361,12.8741,11.8259
1046.34,812.55,12.1391,11.8256
-1116.42,1352.13,12.4842,11.8253
1681.31,266.634,11.8837,11.8252
1730.45,-1239.27,11.9208,11.8251
1336.56,926.301,12.0082,11.825
-1234.68,300.446,13.5289,11.8229
-1883.73,-1427.67,20.7134,11.8224
-725.971,1430.76,13.6293,11.8223
-1070.8,-1323.49,14.535,11.8216
1796.28,216.251,23.5359,11.8216
1402.98,129.055,21.7284,11.8212
-1248.96,-1734.87,14.8488,11.8197
1587.24,1241.05,13.0971,11.819
1286.64,-1715.77,18.6488,11.8187
-643.451,1624.62,17.5377,11.8184
1514.26,1691.47,19.5031,11.8157
237.556,1652.11,16.799,11.8154
-614.132,1475.56,14.945,11.8128
667.594,1778.47,34.832,11.8123
508.791,1601.81,13.6283,11.8117
380.346,1017.63,14.8729,11.8112
777.936,-1561.4,13.7365,11.8107
750.766,-1617.76,67.1791,11.8104
-474.643,-1196.96,15.2166,11.8101
1657.14,-901.791,11.9736,11.8099
-1758.71,239.844,15.7893,11.8093
-874.513,-1137.22,12.3927,11.8091
-1014.8,-1564.39,12.0835,11.809
-1072.08,-807.066,12.6618,11.8082
1496.26,-1428.03,12.804,11.8073
-1797.34,-966.606,15.6341,11.8066
-1535.75,-190.262,15.0829,11.8064
-1243.14,-697.012,15.7983,11.8063
409.157,1139.58,12.1918,11.8062
-457.489,-1233.89,17.5019,11.8062
996.432,-733.697,18.0216,11.8038
-1598.6,-98.8778,13.4082,11.8036
1317.39,-1075.16,16.2959,11.8016
-1802.16,-1025.24,14.0922,11.7999
478.407,1155.82,18.9819,11.7997
-1830.21,-1498.03,12.2611,11.7988
690.456,1439.46,16.8877,11.798
1655.84,445,12.6992,11.7976
1799.47,-597.653,17.9349,11.797
-407.554,1683.2,17.2957,11.7932
955.366,-797.675,11.8421,11.7926
557.612,1761.18,15.2785,11.7899
-203.956,1183.57,12.3334,11.7885
-1291.5,-204.669,11.8795,11.7881
-678.471,1740.98,11.8023,11.7871
906.898,-1475.2,14.6732,11.7867
-586.049,1236.53,30.3584,11.7855
339.962,948.265,18.9509,11.785
-813.002,1765.92,13.8443,11.7842
1385.55,121.615,12.106,11.7841
-273.141,1717.71,16.1585,11.7833
603.509,1300.93,12.6453,11.7828
-295.177,-1486.01,14.0905,11.7827
1566.55,609.671,12.0737,11.7823
1733.13,-350.367,46.7032,11.7822
-1829.37,-583.512,16.8136,11.7821
1182.78,-575.449,22.0559,11.7821
1619.26,648.379,12.0605,11.7818
-1134.53,-466.881,14.2945,11.7815
62.3716,-1470.6,14.7462,11.7808
-1888,818.907,11.8249,11.7804
895.278,1659.83,17.6369,11.7795
-1070.89,-1904.02,12.4882,11.7791
1226.11,-656.364,13.5718,11.7787
-1212.94,1336.45,21.3439,11.7787
1342.59,1250.79,12.2662,11.7768
539.402,-1328.68,14.0712,11.7762
1288.45,-596.12,15.2806,11.7758
1824.12,-852.776,12.4834,11.7748
1387.11,-1328.02,14.5699,11.7737
-3.58213,1186.46,11.9091,11.7736
-1414.75,941.383,12.2415,11.7726
-1318.16,-1077.65,20.9842,11.7713
175.537,-1509.28,11.8144,11.7712
-1204.55,936.578,15.7074,11.7709
1117.76,618.134,14.5905,11.7706
492.686,1456.93,17.7193,11.77
-235.267,-1384.54,11.941,11.7699
-386.977,1092.63,12.7468,11.7673
-1149.75,-1025.45,16.2055,11.7672
1824.32,-236.11,13.8555,11.7639
-208.635,-1718.5,12.6318,11.7618
841.845,-1232.26,12.7527,11.7614
250.863,1857.14,15.0208,11.7612
-735.494,1166.47,19.3218,11.7612
866.652,1243.34,11.9419,11.7607
1434.96,386.546,17.0643,11.7604
1466.29,-1127.06,28.6566,11.7569
-474.441,1233.7,14.5125,11.7553
-1184.22,-1459.26,11.9172,11.7552
1087.8,21.2188,15.4476,11.7551
1875.72,1524.01,15.8107,11.7546
1877.21,1683.3,12.5718,11.7543
-1301.83,977.015,15.6674,11.7535
-1307.74,-1588.16,14.9882,11.7533
-1175.34,445.268,13.1466,11.7529
1290.82,1017.72,12.5949,11.7524
1095.47,17.7965,12.1956,11.7523
1202.37,-56.7747,20.6118,11.7515
1756.11,1585.15,13.6075,11.751
1353.08,814.315,14.3501,11.7508
575.423,1329.8,15.7706,11.7506
849.101,-1162.09,12.9479,11.7505
97.7968,-1897.15,13.7074,11.7494
-1844.63,1483.17,16.2965,11.7485
43.5265,-1664.25,12.0965,11.7474
649.858,-1321.85,15.5869,11.747
697.041,1005.05,16.1714,11.7465
248.417,-1811.41,13.0178,11.7463
1231.48,-1812.55,12.8552,11.7452
-107.873,-1896.15,15.3263,11.7451
-63.6388,1531.79,15.7316,11.7451
-1807.97,913.349,11.8286,11.7432
87.4494,-1341.8,11.9593,11.743
374.695,1251.55,13.6164,11.7429
-248.325,-1763.55,21.0902,11.7419
-31.8049,-1011.27,14.4119,11.7417
614.759,1313.34,12.7086,11.7412
-1432.55,-1192.29,11.9927,11.7402
-244.952,-1450.99,13.1096,11.7386
-206.695,1348.6,19.2432,11.7356
37.4349,1677.97,15.2693,11.7355
-623.937,-1364.67,12.2483,11.7348
387.823,-1519.5,12.1289,11.7343
-779.431,-1495.69,12.7603,11.7341
1311.21,959.788,12.4997,11.7333
725.719,-1799.2,12.5431,11.7333
-1686.58,-596.892,14.346,11.7328
591.85,1301.2,12.3058,11.7323
1092.77,107.403,12.3523,11.732
-1595.78,-459.201,42.3931,11.7313
1117.03,-189.366,18.0423,11.7311
-1560.66,1474.89,15.4631,11.731
-1679.57,-1559.34,15.9953,11.7298
193.867,-1429.24,12.2927,11.7297
1892.39,439.009,12.5286,11.7293
-1577.49,689.706,13.7,11.7288
-1621.84,1819.25,15.6518,11.7287
1699.13,1420.22,20.7512,11.7271
843.965,-1272.95,12.3417,11.7259
1249.08,-1897.95,12.5085,11.7254
1280.88,1520.13,11.8684,11.7235
-947.612,203.58,21.5715,11.7225
-1691.14,-1277.59,36.8193,11.7203
1698.04,-162.479,12.1417,11.7202
1127.76,-39.2979,13.4876,11.7149
1508.91,126.953,17.4928,11.7144
-57.9197,1724.78,13.5835,11.7136
81.5791,1664.28,12.2784,11.7135
1063.45,343.288,21.4999,11.7134
-1147.05,594.679,14.9767,11.7133
-199.733,1442.01,18.4816,11.7132
1391.2,-1635.77,13.5607,11.7115
1429.16,1684.59,12.4092,11.7092
504.27,1100.59,12.0976,11.7092
-825.784,-1716.33,14.5474,11.7053
1534.94,282.065,12.2113,11.7045
-518.774,-1009.85,15.6406,11.7029
1419.04,-496.819,12.9326,11.7022
938.705,-1146.71,16.3225,11.7015
-1335.56,-65.8853,11.829,11.6997
1510.71,-1731.85,18.4355,11.6997
1537.1,244.251,24.9434,11.6986
1879.79,1057.49,16.5502,11.6985
-526.984,1247.01,15.0873,11.6984
-1766.31,187.37,16.2588,11.6973
-1239.14,-730.328,18.9596,11.6969
996.435,-1486.6,13.2636,11.6962
1457.31,522.229,12.5453,11.6956
-451.884,-1206.84,15.3934,11.6936
1036.59,787.14,14.4427,11.6916
-393.819,-1620.46,12.4197,11.6916
1757.54,-1765.19,12.3215,11.6912
1795.59,-1526.11,15.3466,11.6871
1132.43,942.716,15.5658,11.686
-406.099,1066.59,11.8415,11.6853
1047.09,-355.45,13.2669,11.685
1342.5,1547.3,14.7548,11.6845
1188.15,-29.5689,11.8056,11.6839
-1728.92,-208.044,38.572,11.6839
1264.49,592.839,14.1081,11.6837
-1443.86,839.636,11.9067,11.6833
1458.7,458.215,12.3473,11.6827
-956.077,-539.512,12.6258,11.682
-441.956,1258.71,13.6627,11.6811
-1002.15,300.75,16.7592,11.6811
-1510.64,1572.46,18.2406,11.681
1352.73,-146.835,14.109,11.6809
1226.67,-1433.49,12.2107,11.6807
-637.134,-1355.8,13.7681,11.6792
-1592.8,547.453,15.714,11.6791
-276.766,1146.04,12.4061,11.6788
1585.13,-94.772,13.9566,11.6786
1133.85,-1154.42,14.1645,11.6769
-1011.31,-692.707,16.7028,11.6762
45.1048,1158.49,11.9833,11.674
1866.36,-218.165,13.7053,11.6736
-1012.01,1427,12.3285,11.6734
-1475.83,1748.8,54.011,11.6731
505.601,-1219.01,11.7698,11.6727
236.807,-1763.52,27.9009,11.6721
-23.4002,-1689.86,15.1144,11.6718
-1576.3,-1820.17,21.8093,11.6711
-1530.21,-112.757,13.6484,11.6702
-615.543,-1221.05,13.6484,11.6691
-1691,982.014,13.7599,11.6686
-418.846,972.358,15.2995,11.6679
736.648,-1324.45,16.0559,11.6678
-136.042,1180.34,12.4928,11.6673
1003.41,1384.42,18.06,11.667
-1705.67,-284.849,12.961,11.6667
-1213.01,-1020.22,18.357,11.6666
1160.41,-882.495,17.133,11.6633
-1155.05,1754.7,13.0154,11.6624
-656.685,-1124.47,13.1236,11.6619
732.951,-1338.58,17.2947,11.6617
1131.76,1090.35,16.0033,11.6615
-803.302,1357.72,17.5879,11.6614
-1671.64,-1737.04,11.816,11.66
681.004,1172.72,16.042,11.6598
-1727.5,1065.2,19.744,11.6598
-1338.74,-1171.25,14.6044,11.6585
1130.64,591.592,15.0928,11.6571
34.5813,992.654,12.0714,11.6571
1362.43,1208.4,16.517,11.6561
708.363,-1207.17,14.9007,11.6549
-970.365,1415.45,15.0479,11.6547
989.625,-832.963,21.4078,11.6547
-1671.16,1581.92,15.6786,11.6539
-1596.2,-654.582,12.5061,11.6535
790.896,-1091.6,19.4633,11.6523
1139.78,-1093.57,17.3205,11.6514
1401.05,-750.903,12.0513,11.6504
-1251.26,1582.49,12.3352,11.65
-831.61,1073.92,24.4914,11.6498
-1787.12,1781.04,12.12,11.6492
1576.01,-1573.98,21.1598,11.6478
-1295.9,405.747,12.5006,11.6449
1085.86,-447.23,17.2345,11.6449
-1607.42,984.674,12.8017,11.644
-1349.77,1080.37,13.3327,11.6431
949.241,490.75,11.7744,11.6429
576.061,1175.57,13.3135,11.6428
699.361,-1799.51,12.6619,11.6417
-1614.54,-1682.15,12.9717,11.6406
-1551,83.6651,12.0766,11.638
-1881.27,-1061.07,14.6106,11.6379
1444.93,-1197.1,12.8869,11.6373
1186.58,-749.766,12.6179,11.6372
-1754.43,377.456,18.1363,11.6365
-1334.61,1445.07,20.6051,11.6351
-357.4,1299.64,13.0648,11.6342
1029.72,712.816,14.0248,11.6328
247.028,-1861.74,11.75,11.6327
1221.46,-498.772,13.0428,11.6321
57.1448,950.853,13.0832,11.6317
-232.13,-1537.63,11.9916,11.6299
1327.31,-1535.01,12.0874,11.6298
-1675.47,-517.673,13.5877,11.6293
-215.258,1654.93,11.7371,11.6282
1115.87,164.95,13.6512,11.6281
1898.82,1831.97,13.8721,11.6279
-759.079,1586.5,12.1596,11.6272
-1140.08,864.419,12.5185,11.6264
-709.695,1558.51,13.2203,11.6263
-685.26,-1491.77,14.246,11.6262
-112.132,1315.72,13.2644,11.6258
-840.176,-1879.73,11.8663,11.6251
1394.97,1409.79,12.1887,11.6242
-848.383,-1021.77,20.6489,11.6237
-452.817,-1405.45,17.8925,11.623
1537.27,-979.099,12.1153,11.6228
1272.64,1601.17,14.424,11.6221
1657.19,1836.96,13.4566,11.6209
-368.428,1058.28,31.6949,11.6206
387.403,-1165.14,12.6183,11.6193
-588.368,-1537.12,14.7441,11.6189
1365.9,1702.36,15.8345,11.6185
-1318.57,811.346,15.1238,11.6177
1701.12,-1045.77,12.8203,11.6169
-397.542,-1058.72,14.3607,11.616
1658.59,1817.77,12.2243,11.616
565.778,-1541.4,12.8947,11.6151
-954.063,1154.06,19.1407,11.6147
-131.247,1757.05,11.7383,11.6142
1807.5,-1740.86,43.1498,11.6142
-1402.22,-287.024,30.2487,11.6137
-1185.95,-476.449,13.0057,11.6126
-500.79,-1032.94,12.9125,11.6123
-821.919,1826.18,13.9981,11.6113
-1271.71,181.479,11.6414,11.6103
-1331.15,1759.97,12.193,11.6101
1276.58,883.666,13.7697,11.6097
1619.16,824.451,14.5772,11.609
-1797.55,-1325.35,34.9248,11.609
-1064.42,294.529,15.6119,11.6086
1095.5,274.975,15.1821,11.6084
1628.15,-1141.69,13.7249,11.6066
30.0237,-1564.45,22.3075,11.6062
-226.697,1586.59,13.5899,11.6059
159.904,1715.52,19.7369,11.6051
-96.0135,-1868.52,11.7242,11.6047
-1354.58,-658.469,23.2392,11.6046
1805.2,691.395,21.681,11.6042
1621.76,1130.04,12.5674,11.6042
1465.92,1373.04,13.5299,11.604
-904.943,1075.83,21.0178,11.6034
-1089.34,653.004,16.5637,11.603
583.465,-1159.84,19.0249,11.6027
1755.91,-321.8,13.3886,11.6019
-342.675,1529.84,20.8668,11.6018
1477.03,-1206.76,12.2182,11.6002
-594.089,-1281.45,11.7702,11.6
-1100.64,1594.14,12.2029,11.5994
1407.03,-893.325,12.4048,11.5985
-1687.44,-957.287,12.3621,11.5983
420.074,1127.68,21.6077,11.5971
194.485,1330.64,13.2668,11.5965
-1120.5,-1749.75,18.5447,11.5963
1117.91,1627.44,14.0106,11.595
-1798.75,-1494.2,13.07,11.5947
-1177.59,-561.762,19.4909,11.5936
1802.25,532.037,13.0772,11.5935
1694.99,1119.25,17.2566,11.5918
-974.838,-1167.83,22.9219,11.5917
-1866.76,231.55,15.2099,11.5916
52.0872,-1306.21,11.9472,11.5913
-1612.52,-1484.61,13.837,11.5903
1118.25,1601.37,29.771,11.5879
1660.9,-1402.56,13.9705,11.5873
-803.353,-1546.78,12.3889,11.5863
-929.867,1450.03,11.8084,11.5849
-1459.35,-1503.72,27.5562,11.5849
-1869.02,-1162.3,12.5542,11.584
-1256.91,-250.501,18.1523,11.5837
1699.46,-1418.78,14.3638,11.5836
1383.97,-526.124,12.4468,11.5832
1821.51,701.662,17.4893,11.5831
-854.877,-954.756,11.7135,11.5822
-823.576,-982.56,13.2717,11.5822
1359.91,323.517,12.5662,11.5819
-1400.73,274.17,16.5077,11.5796
1135.56,-792.203,13.0092,11.579
-1180.55,-1536.56,11.8463,11.5773
-1661.55,1473.14,18.0279,11.5773
1401.49,-1777.33,13.6603,11.5769
-1488.88,1154.31,13.065,11.5763
-1035.81,1863.24,21.0304,11.5757
-960.683,544.4,12.2934,11.5756
-972.801,-40.6801,15.1907,11.5755
-1428.31,-884.848,13.2864,11.574
-1846.09,1557.54,16.2438,11.5728
-1456.05,-1413.96,11.8318,11.5711
-1748.41,-1811.41,12.5697,11.5702
935.064,-1798.21,17.1627,11.5698
1553.05,218.874,18.7334,11.5697
-1338.5,-142.568,13.3615,11.5691
-1678.04,-541.383,12.1047,11.5689
1648.02,-573.519,57.4849,11.5681
-1835.02,284.333,16.1999,11.5668
-1835.43,982.671,12.3812,11.5665
-113.673,-1687.93,15.6604,11.5648
-1704.52,359.069,17.7306,11.5641
1709.26,1402.97,13.8268,11.5634
-1469.23,-1365.06,12.1852,11.5633
-1812.66,912.748,12.2306,11.5629
949.009,-53.0963,11.7597,11.5623
195.183,-1862.7,35.2916,11.5622
-1571.41,-68.5966,18.94,11.5618
-1501.76,652.53,12.0733,11.5617
1736.82,1481.86,16.3755,11.5613
1031.27,-1262.67,12.6005,11.5609
-1712.67,1183.5,14.9021,11.5608
1610.67,-1079.84,27.3423,11.5608
-798.554,-1218.98,14.9463,11.5606
-371.147,967.826,13.5763,11.5604
-230.729,-1700.26,11.7752,11.5602
-914.188,-1287.15,19.8728,11.5594
-1727.94,294.395,14.3718,11.5588
1485.72,1772.92,14.0411,11.5581
-540.078,-1295.68,14.0012,11.5573
-1180.14,-1660.36,11.7664,11.5573
1418.2,1656.59,22.253,11.5569
-137.338,1535.25,11.7746,11.5566
-268.022,-1677.5,11.9443,11.556
-304.97,-1497.24,13.935,11.5547
-531.112,-1559.36,13.071,11.5537
-1542.31,764.684,15.1719,11.5532
289.97,-1781.18,15.7859,11.5528
-1830.14,-1536.65,14.6565,11.5522
-1185.78,-1463.57,18.0439,11.5515
-1518.54,589.779,12.4369,11.5504
1447.41,-492.011,11.9821,11.5501
-1538.12,-1684.77,12.414,11.5469
1877.43,-448.485,14.2321,11.5458
424.051,1619.58,12.9343,11.5455
-1426.2,368.142,12.2988,11.5448
-972.101,-1445.86,15.024,11.5435
-1165.56,-1707.57,11.6838,11.5431
1606.5,1100.97,11.9262,11.542
-605.375,1720.34,13.4126,11.5418
1452.11,-760.351,50.9007,11.541
-1451.02,-173.898,15.3383,11.5397
-1708.76,723.442,12.4316,11.5397
-1837.23,1369.98,16.1093,11.5396
-451.997,1750.28,33.3995,11.5395
-1149.96,-1449.02,12.0902,11.538
9.72987,1563.93,13.0772,11.5373
889.723,1108.55,11.5813,11.5372
7.96437,-1521.62,19.6722,11.537
-8.50642,1163.55,20.5305,11.5363
-854.222,-1790.56,21.7948,11.5352
1703.66,190.103,14.4781,11.5352
1124.29,583.829,13.1164,11.5345
1792.02,406.197,77.9351,11.5345
1841.44,152.111,11.6986,11.5334
-1117.22,465.653,17.8743,11.5325
1575.39,-1560.4,15.4262,11.5319
-1426.5,882.711,16.6841,11.5319
1775.34,-804.192,13.4436,11.5316
-199.85,1044.62,11.8531,11.5316
-1640.16,594.01,11.7923,11.5314
-685.293,1228.08,18.3989,11.5313
1813.05,-251.749,22.1939,11.5313
1811.48,1575.57,11.9631,11.5306
-953.602,-1859.95,15.4825,11.5301
-655.125,-1370.84,11.717,11.5295
1799.97,1376.88,19.579,11.5294
-536.936,1821.02,12.1764,11.5291
911.784,1389.29,12.0491,11.527
542.409,1458.39,22.2382,11.5267
-1367.32,-1425.8,12.2703,11.5267
-308.162,-1743.81,14.4762,11.5266
-841.195,-1043.4,14.7326,11.5264
1793.54,-715.354,14.798,11.5252
1856.08,-60.404,16.2129,11.5244
1359.35,1333.96,11.8066,11.5241
1418.48,1576.73,13.1239,11.5238
1339.01,-29.0616,11.6242,11.5233
-1359.87,-1704.01,12.1477,11.5233
148.194,1022.67,25.0197,11.5228
1157.77,1855.79,11.6835,11.5214
1474.47,1227.54,21.1565,11.5212
-1306.21,-898.909,11.7424,11.5208
1590.92,199.398,19.22,11.5206
719.894,-1682.42,19.2246,11.5188
-1729.92,-1545.4,12.5089,11.5175
1814.07,1487.84,15.1532,11.5175
-1400.32,129.595,11.6176,11.517
822.954,-1374.84,12.8361,11.5168
662.931,1498.15,14.4422,11.5167
-252.364,1049.78,16.4421,11.5158
1344.24,-251.384,15.5612,11.5157
1650.59,225.733,11.5476,11.5152
130.311,-1438.77,20.0756,11.5149
-499.173,1372.43,14.7633,11.5148
-1686.32,166.884,12.9569,11.5148
1624.36,301.679,13.4399,11.514
-123.05,1624.99,12.3362,11.5133
1618.21,239.792,14.1723,11.5132
-411.839,-1162.29,12.1558,11.5116
-1553.37,-1583.55,13.5192,11.5105
-1473.68,99.6459,13.2359,11.5103
-1088.68,1013.49,11.8028,11.5102
-1257.9,504.039,15.0042,11.5101
-1441.67,-1516.85,14.8127,11.5096
-1015.83,885.535,12.2491,11.5068
-1482.09,-1125.79,13.0089,11.5066
478.652,-947.809,13.2852,11.5048
1168.44,927.303,17.2732,11.5035
-1677.76,510.078,12.8014,11.5019
-552.281,-1147.76,17.6296,11.5019
-463.919,-1374.93,11.9653,11.4996
1081.67,-423.697,13.6717,11.4984
1368.85,359.928,13.0309,11.498
738.876,1502,12.7872,11.4979
-1209.3,-391.682,11.6322,11.4977
298.972,-1794.97,11.933,11.4975
1227.27,1257.57,20.6668,11.4947
1269.21,710.242,14.0022,11.4943
-39.5246,-1281.71,15.8398,11.4935
1067.86,1302.32,12.2887,11.4934
-642.419,-1848.73,11.734,11.4928
-870.323,-1112.33,12.9944,11.4909
-1059.91,-972.559,11.5716,11.4896
1019.96,1594.79,19.9661,11.4886
-1624.44,-1662.43,20.1772,11.4886
30.7927,1087.39,13.0492,11.4882
1381.04,1261.62,11.5212,11.4882
763.649,1361.72,11.6901,11.4879
-512.628,-1748.06,19.1306,11.4876
-1282.58,-1730.13,18.0677,11.4873
1561.37,-804.253,15.8533,11.4861
1460.73,1095.58,19.3824,11.4843
-174.241,1406.42,19.5616,11.4838
-1773.46,-1437.39,12.1602,11.4817
-546.852,1821.48,12.2689,11.4815
-1776.2,-990.074,12.7677,11.4814
1287.47,-178.057,13.0535,11.4796
1531.3,423.172,14.0941,11.4794
-165.048,1528.02,16.5696,11.4788
1101.56,-568.253,12.4394,11.4781
-1362.52,510.834,13.9952,11.4779
1453.09,-1637.43,17.9836,11.4769
1292.26,-354.322,19.5347,11.4766
1406.8,1858.09,17.6726,11.4759
1866.06,1821.88,15.4524,11.4757
-1118.29,941.329,19.2516,11.4756
1165.08,-829.511,17.1195,11.4738
-1808.14,1438.5,14.3288,11.4723
1441.43,842.433,15.1253,11.4714
1432.12,932.142,12.7098,11.4705
-112.61,-1286.69,13.1227,11.47
415.528,1143.93,13.3782,11.4694
-1523.72,-89.6361,11.8528,11.4677
1656.98,1524.21,11.7245,11.4659
-1440.98,-1339.97,14.3288,11.4655
-1249.95,-1621.18,11.6864,11.465
1798.58,536.348,14.605,11.4648
1344.13,-1006.07,18.3341,11.4645
1146.62,890.645,31.3834,11.4644
-397.193,1119.23,16.8123,11.4637
311.845,-1760.06,13.8537,11.4629
-1853.02,-1272.1,14.3615,11.4623
190.588,-1419.82,11.7063,11.4614
-1243.31,1406.4,28.5572,11.4612
1875.82,-866.969,12.1404,11.4598
948.676,1413.94,14.268,11.4589
1826.13,-456.204,13.2458,11.4575
-1239.44,381.194,13.1989,11.4574
1724.32,1774.97,21.1276,11.4566
1585.53,924.858,11.7974,11.4565
-728.774,-1134.58,14.6003,11.4555
593.109,1031.86,13.9319,11.4554
-1656.34,839.033,11.7789,11.4548
-1505.34,-678.214,11.7664,11.4536
-1716.78,105.002,15.0401,11.4535
1533.05,1495.23,12.0901,11.453
891.571,-1538.3,11.98,11.453
-738.212,964.904,12.6081,11.4527
-1586.89,-143.713,12.199,11.4519
864.51,-1808.69,16.2939,11.4518
1532.75,1623.73,14.3911,11.4516
-1558.84,576.076,12.0627,11.4507
-1154.57,1719.85,14.4641,11.4506
-1001.1,747.158,17.7223,11.4501
1613.26,-174.608,39.8253,11.449
1806.65,1551.06,16.6098,11.4477
-1298.24,1362.93,18.182,11.4463
1604.96,-1165.22,13.5697,11.4455
-1686.37,628.655,11.8745,11.4447
943.649,-129.038,15.9435,11.4443
-1167.53,-1724.64,13.1812,11.4442
-429.882,1037.66,11.7055,11.444
661.427,1269.81,11.7079,11.4426
198.476,1050.33,15.8738,11.4416
416.489,1133.45,13.4092,11.4406
-1560.48,1650.56,13.8627,11.4403
1882.58,-1618.37,13.8157,11.4391
1232.34,-764.625,11.9106,11.4386
-1520.71,990.465,12.2837,11.4375
681.396,1354.69,13.4708,11.4374
806.803,-1014.88,14.0808,11.4371
1905.91,439.033,11.4465,11.4344
713.616,-1595.4,12.4596,11.4338
587.17,1492.22,12.5237,11.4316
-1003.07,-677.372,13.6986,11.4314
-428.16,1021.36,12.9464,11.4312
-175.543,1681.22,12.734,11.4283
-1073.07,492.929,18.0742,11.4277
-1821.37,-329.82,13.8985,11.427
-1664.75,1874.94,22.5189,11.4266
1235.53,-1699.72,11.6996,11.4258
-1865,-653.797,12.168,11.4257
-708.272,-983.398,12.12,11.4257
-518.51,-1535.28,12.885,11.4255
1881.51,-1236.43,12.1018,11.425
-659.526,1235.6,12.2476,11.425
-234.22,1852.6,12.741,11.4247
1488.9,-611.342,45.1462,11.4226
1851.71,344.716,15.3561,11.4222
793.222,-1154.1,15.3287,11.4205
-876.538,-1655.2,21.992,11.4204
237.219,1735.83,18.9642,11.42
-1029.85,1587.2,14.5041,11.4199
-1209.76,1.9401,13.3634,11.4194
-1285.96,1196.89,14.0931,11.419
1040.01,728.687,14.0244,11.418
1713.68,103.049,11.4649,11.4175
1621.38,-1583.73,14.8835,11.4174
1711.85,-1260.43,12.4048,11.4173
1054.22,-1810.26,16.655,11.4169
-835.956,-1543.87,13.6178,11.4136
-1352.39,-404.471,12.0543,11.412
655.472,-1460.37,16.182,11.4117
-1024.08,-1586.31,12.9054,11.4075
-1149.95,262.775,12.9544,11.4066
-1201.2,-760.142,17.4907,11.4063
-1193.47,534.842,13.3199,11.4055
1247.72,-286.929,14.1253,11.4051
-791.442,1146.43,15.7286,11.4048
-984.671,-1228.23,11.9366,11.4039
866.914,1703.88,11.5764,11.403
-1317.24,-339.207,11.5588,11.4023
1797.72,-961.379,12.1225,11.4015
1316.65,-1674.37,14.8139,11.4007
1270.76,436.022,19.4926,11.4006
-1532.39,-1726.13,12.154,11.3999
-527.578,1314.55,22.1402,11.3993
-126.001,1485.66,54.7747,11.3993
-736.27,-1904.84,12.3465,11.3987
-1172.98,48.6503,13.8079,11.3987
-1602.22,1317.9,16.0949,11.397
-1041.85,276.924,11.6392,11.3967
1585.65,-1861.89,40.8119,11.3965
1757.38,-562.798,11.9389,11.3958
1625.76,305.149,12.9631,11.3952
-368.525,-1035.03,22.2636,11.3944
-411.168,1197.27,20.5553,11.3944
-524.888,-1312.74,17.6169,11.3937
751.268,-1703.18,16.2892,11.3932
-1482.31,1720.33,16.1746,11.3931
1060.81,-1792.28,13.7886,11.3921
-861.832,-1037.46,20.3329,11.3909
-976,809.288,12.531,11.3907
-938.238,-1815.83,11.731,11.3903
-1263.14,-921.951,13.1603,11.3901
-1174.58,-836.411,14.7395,11.3896
-952.109,-26.5814,11.5524,11.3892
718.695,-1016.29,19.7414,11.3883
1608.23,72.7501,13.5684,11.3883
-604.653,-1845.02,19.9161,11.3871
-1798.83,524.099,14.2499,11.3869
-1444.79,1362.95,11.7702,11.385
26.4995,-1396.07,19.9538,11.3846
950.376,1422.02,13.5502,11.3845
1115.18,-630.706,15.5068,11.3831
1727.47,-982.415,12.3234,11.3796
-51.9015,1393.98,17.1263,11.379
-1443.1,583.749,12.2941,11.3786
33.8325,1436.98,16.8185,11.3784
871.318,1899.29,11.4914,11.3783
1837.45,-708.371,13.9289,11.3776
-780.179,1103.52,11.553,11.377
-1599.37,-1164.82,12.147,11.3753
-309.983,1835.03,12.7099,11.375
1375.22,-1207.52,17.0134,11.3748
-1715.91,-13.1244,14.2296,11.3746
1068.81,128.076,11.9685,11.3739
-1129.77,-1527.03,11.4742,11.3731
272.591,1857.13,11.6611,11.3724
-976.464,-1177.5,11.993,11.3723
992.885,-229.627,14.5097,11.3723
770.076,1260.29,12.3502,11.3715
-1118.84,756.813,12.6884,11.3715
-1703.29,1880.86,19.1333,11.371
1711.73,795.186,12.9279,11.3709
427.196,1160.68,17.6934,11.3701
-164.364,1777.8,11.671,11.3688
891.975,-1470.06,13.3357,11.3685
-958.504,796.18,21.6079,11.3683
1344.22,1679.21,11.372,11.3677
1369.93,626.763,20.6217,11.3673
-1705.77,578.143,12.1969,11.3664
1884.31,-67.0722,12.1314,11.366
-1586.66,808.035,12.4539,11.3658
-994.624,-938.698,12.5813,11.3653
-1889.7,-397.312,11.8238,11.3652
131.363,1856.58,11.4,11.3651
1591.68,-170.634,11.7664,11.3647
-463.665,1110.18,12.1469,11.3642
491.381,1428.84,12.8924,11.3642
-886.199,-1786.13,11.4934,11.3639
1382.55,364.698,16.955,11.3638
1024.27,746.117,18.5054,11.3626
1282.71,-155.404,14.0295,11.3626
1621.02,250.251,14.0757,11.3625
-490.21,-1790.81,11.8081,11.3622
1414.2,-747.896,12.0618,11.3614
1765.52,925.838,15.5387,11.361
-1055.81,1419.96,13.9309,11.3608
1274.8,-1241.67,14.6131,11.3607
1160.69,827.246,11.6029,11.3578
-1123.65,1851.23,14.2972,11.3572
1739.1,1481.94,12.9062,11.3572
1188,-1292.97,11.8364,11.3558
-1870.61,-784.286,14.9056,11.3557
1746.71,1420.94,12.3785,11.3551
1297.62,-925.355,15.0728,11.3548
1622.74,1087.22,11.7062,11.3547
-9.43352,1124.68,15.2651,11.3535
-559.506,1580.99,11.853,11.3529
1459.66,-418.568,37.8985,11.3521
419.311,1846.18,12.0207,11.3517
1239.29,915.118,17.2987,11.3515
654.224,1276.29,12.4183,11.3513
1196.86,483.986,14.7971,11.3505
-743.481,-1099.45,11.824,11.3495
-925.562,-1816.67,13.222,11.3491
-1326.96,-391.936,19.543,11.3489
1058.06,1434.55,11.9104,11.3489
-754.627,-1887.76,18.6394,11.3488
-1254.05,-212.366,12.2864,11.3482
-229.868,1057.53,12.6465,11.3471
1009.02,-1388.01,11.5658,11.3468
-1141.82,-664.403,11.7078,11.3465
-437.861,1723.75,12.4687,11.3464
-557.353,-1506.16,12.1253,11.3453
-1775.48,358.313,11.4583,11.3449
1742.29,781.023,22.3493,11.3448
501.196,1416.94,13.9462,11.3446
-842.033,939.306,22.2686,11.3443
913.114,996.049,11.5502,11.3434
520.076,1700.53,12.7705,11.3431
-794.814,1538.79,22.8919,11.3425
919.426,1654.42,17.736,11.3425
1060.63,-1238.84,11.5462,11.3422
1809.7,-849.852,13.302,11.3417
-1356.22,-1340.49,11.594,11.3416
-1052.19,702.412,12.3944,11.3411
741.121,-1412.86,24.4501,11.3406
-1650.11,-1477.87,16.4528,11.3402
991.467,482.058,12.808,11.3397
1610.41,-218.358,21.4176,11.339
1303.06,-1884.17,11.8079,11.3385
-586.2,1849.85,17.3336,11.3383
740.281,1717.54,13.9497,11.338
1179.51,-735.877,12.5019,11.3378
1644.17,-253.226,13.791,11.3374
1061.03,-1507.84,11.5567,11.3373
-1186.9,150.529,19.2853,11.3371
642.691,-1469.95,12.3776,11.3359
47.7835,-1287.42,18.0076,11.3357
-592.896,-1723.42,12.3318,11.3355
-359.765,1109.09,11.7389,11.3345
581.839,-1657.2,12.1993,11.3343
933.652,1179.92,14.8738,11.3339
1246.95,394.279,12.1959,11.3332
-298.867,-1502.77,11.4696,11.3331
-524.158,-1706.66,15.3232,11.3327
-1255.88,-1087.95,11.4109,11.3326
-1691.72,-483.301,15.2887,11.3322
-1088.14,-745.402,13.045,11.332
1018.97,1739.29,12.2567,11.3319
1749.94,-106.6,12.476,11.3318
1804.22,-1149.7,14.8237,11.3316
321.396,-1514.68,11.5254,11.33
846.193,-1776.35,15.4754,11.3296
-1114.41,380.812,12.257,11.329
1165.59,-1405.68,16.0567,11.3285
935.362,1129.42,11.9225,11.3281
-1554.84,533.45,20.1408,11.3278
-670.993,1810.18,12.4206,11.3266
-1049.18,648.401,11.3887,11.3252
-1500.53,-131.519,11.9913,11.3248
1688.78,575.457,11.7959,11.3245
-1160.64,-891.948,11.5043,11.3233
-1147.84,-193.564,16.6386,11.3228
1797.73,-1212.48,14.098,11.3221
415.094,979.849,14.3147,11.3221
-1865.72,-653.583,11.5497,11.322
-312.505,947.996,18.4376,11.3217
-92.9246,-1807.89,12.5293,11.3214
863.61,994.467,12.2561,11.3214
1377.27,-98.1657,12.3529,11.321
1700.08,783.318,34.2469,11.3207
1343.39,-301.602,12.4261,11.3203
-975.154,1478.49,15.1387,11.3201
1205.58,-1402.98,13.9236,11.3174
-883.502,1828.98,11.6376,11.3167
262.021,-1201.9,11.4671,11.3156
1477.39,-593.163,15.5267,11.3141
1011.69,274.375,14.6741,11.3139
805.972,-1470.55,15.8932,11.3134
1600.06,-311.047,14.8719,11.3113
-1621.85,579.726,38.5545,11.3112
1762.75,-999.139,14.7126,11.3111
-1205.6,-1186.45,12.3533,11.3105
-949.363,-80.274,12.7508,11.3102
-214.116,-1338.98,13.9767,11.31
-332.906,-1079.07,13.7436,11.3098
-1209.46,1381.69,11.7719,11.3087
-1128.64,1330.41,11.7515,11.3083
1110.42,1064.32,18.809,11.3082
-1055.69,-528.937,11.8025,11.3078
1295.91,1284.41,12.1141,11.3075
-1637.4,-1063.29,12.0083,11.3073
-1337.92,-914.846,11.3764,11.3067
1157.52,-1519.87,13.4956,11.306
-116.444,-1231.38,12.5862,11.3056
1321.94,-1139.44,15.7262,11.3052
1538.78,-465.723,17.1235,11.3042
1697.42,848.19,15.0068,11.304
-47.3294,1140.17,11.8723,11.3035
-1179,-1812.23,16.5251,11.3034
-1297.25,-1442.8,16.4237,11.303
-1793.39,523.105,20.5409,11.303
762.368,1832.43,19.9547,11.3027
-344.304,-1792.39,13.629,11.3011
-1058.18,1745.3,11.7303,11.3009
53.3567,-1883.73,12.595,11.3002
1319.76,-170.167,12.8347,11.2999
1061.76,-1044.3,12.4041,11.2995
-1422.42,1324.79,33.2563,11.2989
664.025,1314.81,12.095,11.2987
1069.54,-1685.49,12.0343,11.2984
1725.15,-23.0293,12.4291,11.2979
1099.34,306.397,13.6178,11.2969
1765.83,1691.83,11.8009,11.2967
-1139.62,651.354,12.6517,11.2961
1225.12,567.137,15.8759,11.2951
1859.12,-1098.08,13.7496,11.2947
-283.248,1179.06,15.4913,11.2942
1516.16,1458.39,11.8247,11.294
-615.849,-1814.33,65.21,11.2939
-1720.58,1456.86,12.0735,11.2937
-596.376,1503.96,13.1154,11.2936
103.223,-1785.75,12.5353,11.2934
1403.38,400.205,13.8793,11.2922
1652.11,989.471,12.7241,11.2918
1345.29,-351.302,11.8172,11.2915
1091.85,-427.535,14.4313,11.2912
1509.1,773.727,14.8262,11.2909
-835.488,1062.37,25.5332,11.2906
-1572.11,19.829,34.1457,11.2898
-631.906,1825.85,11.5079,11.2892
1051.74,-364.832,26.3437,11.289
-607.671,1244.31,30.8128,11.2887
-964.166,-618.99,12.0832,11.288
-471.484,-1374.1,11.5047,11.2876
-1528.64,1051.43,14.7331,11.2871
-1176.85,-1574.77,14.5305,11.2858
1369.4,1161.62,17.3002,11.2856
690.525,-1503.51,18.9902,11.2854
-26.975,-1332.16,13.5043,11.2852
1520.93,904.756,15.1009,11.2846
-1633.83,-741.541,12.0703,11.2846
-1481.51,1822.45,40.5007,11.2845
-1381.35,146.242,11.5088,11.2843
-831.59,-1708.11,12.6343,11.284
-471.627,-1705.67,11.6899,11.2837
-1378.31,-1321.46,14.1164,11.2836
-1416.49,-1759.23,11.5273,11.2828
13.9432,-1200.72,17.5651,11.2825
-136.204,-1039.1,12.8557,11.2822
530.128,1273.39,12.5777,11.2818
-373.406,1775.35,11.9126,11.2812
36.8351,1604.78,12.1736,11.2802
643.924,-1030.69,11.3094,11.2801
1794.89,321.46,12.7085,11.2796
-1728.64,1490.87,11.4042,11.2793
1761.02,-688.545,12.7596,11.2792
1632.86,1323.55,12.181,11.2772
1862.43,-1684.55,12.803,11.2759
-125.046,-1838.42,20.2499,11.2753
935.524,-422.353,29.1788,11.2742
72.1227,-1586.21,16.9116,11.2733
952.121,1418.86,18.7721,11.2729
1309.27,-429.546,23.4307,11.2727
-934.811,1802.42,12.2061,11.2727
-1610.34,991.223,13.3431,11.2727
-1323.72,679.667,13.1233,11.2718
-1290.62,886.014,21.6081,11.2703
278.563,-1876.38,19.9317,11.2697
-919.726,1365.21,12.1327,11.2692
-1834.4,-1420.39,11.3371,11.2691
-1540.55,1373.54,11.6289,11.2671
-1119.16,-163.761,11.5849,11.2666
-97.3828,-1707.54,12.1998,11.2661
-864.68,-1851.34,21.1818,11.2655
-259.097,948.209,11.5882,11.2647
-1118.83,100.854,22.4631,11.2645
1550.38,509.383,11.977,11.2644
-1076.21,704.997,15.7124,11.263
483.553,-1499.14,12.7229,11.2611
1380.93,894.023,21.1493,11.2609
-1219.93,1280.49,12.3612,11.2605
-1001.41,400.531,19.7645,11.2602
472.626,1477.92,15.0378,11.2594
-1184.31,-589.097,13.6374,11.2587
-682.066,1659.03,17.619,11.2587
-1595.72,-714.542,14.0403,11.2585
118.481,-1822.93,15.0582,11.2584
971.586,-828.727,11.9641,11.2583
233.321,1779.49,11.333,11.2552
950.537,1153.08,13.8463,11.2551
-234.208,-1212.23,11.713,11.2509
-1571.39,-197.192,11.5686,11.2503
-28.3084,1629.79,33.8889,11.2503
1040.18,-554.894,19.4177,11.2495
-332.919,1797.66,12.6434,11.2487
-1413.2,-1155.69,12.1631,11.2474
596.429,-1339.85,14.1926,11.2466
447.058,-992.301,18.9689,11.2464
1527.06,-930.352,12.3693,11.2459
-1196.88,1896.1,11.7043,11.2455
-659.258,-1167.11,14.9273,11.2453
1243.8,-846.731,12.2483,11.2448
712.401,1746.53,23.487,11.2444
1111.14,-1518.78,12.161,11.2438
284.068,1418.02,15.1382,11.2426
-1393.33,749.701,13.0284,11.2419
-1140.05,-1301.04,14.9035,11.2413
-1816.44,-1842.72,11.324,11.2402
780.317,1533.86,15.2452,11.2392
-26.733,-1249.57,13.4768,11.2391
-1585.22,1412.95,21.2976,11.2388
410.835,1807.49,14.7141,11.2385
791.913,-1730.66,14.2407,11.2378
1033.56,-9.77624,30.2362,11.2375
485.053,1393.38,12.5567,11.2362
176.723,1241.27,16.0127,11.2355
-347.847,-1507.86,12.1613,11.2354
-1458.46,163.085,13.6644,11.2335
-1572.64,-903.136,13.6051,11.2334
-680.788,-1380.46,14.0981,11.2328
-1094.45,580.876,13.7915,11.2327
1542.62,122.34,11.6128,11.2314
1041.54,-1060.68,12.8239,11.2311
-668.027,-1498.29,11.3524,11.2309
5.65486,1130.44,19.3577,11.2308
62.1986,-1266.06,11.5136,11.2301
784.103,994.522,11.7451,11.2301
-1425.64,1097.73,11.9248,11.2299
-671.329,980.265,13.1226,11.2296
1769.87,-969.755,11.347,11.2283
-1257.47,-1114.85,14.902,11.2281
1668.71,-1288.92,11.5642,11.2279
1805.22,703.281,12.8303,11.2277
1839.56,223.719,18.6515,11.2277
-1599.25,-1347.07,13.0019,11.2261
-1451.1,-1411.66,14.0243,11.2249
-1574.51,79.608,19.1032,11.2249
1250.3,1555.69,38.0616,11.2249
-751.139,-1527.35,11.2661,11.2248
1181.96,-684.869,41.951,11.2248
-1174.65,-1497.22,14.1013,11.2239
-1653.72,773.964,16.5838,11.2236
-1824.68,937.689,12.2207,11.2231
113.744,-1766.7,13.9267,11.2229
998.648,-3.10583,16.0637,11.2228
-275.086,-1357.04,15.324,11.2225
-1584.56,1224.5,12.0107,11.2217
-876.143,-971.729,11.9855,11.2216
1073.71,-1423.37,12.4332,11.2211
-1496.74,-597.171,11.8598,11.2192
200.7,-1160.28,12.9605,11.2192
-1491.46,-1349.92,11.3944,11.218
-1462.93,-32.9181,11.38,11.2174
-415.382,-1551.75,13.7775,11.2168
1604.97,117.735,14.8053,11.2168
-1457.28,-545.984,13.4337,11.2165
180.268,-979.166,12.1915,11.2157
-1459.07,-210.737,12.3384,11.2157
-1832.95,-693.559,17.0629,11.2154
-218.644,-1287.5,11.9038,11.2149
-835.016,1182.91,13.2879,11.2135
1831.43,1152.07,11.3714,11.2124
254.214,1473.45,20.4749,11.2124
1866.94,1761.56,12.5866,11.212
1084.74,-464.38,17.2489,11.2118
1120.28,-20.6545,11.4747,11.2105
618.484,1095.25,11.4844,11.2104
-94.6013,1470.01,11.7599,11.2103
1703.62,-884.207,11.9834,11.21
-1101.18,-1236.72,25.818,11.209
389.753,-1149.92,16.5979,11.2079
1524.56,132.874,12.5665,11.2077
849.56,-1580.84,13.422,11.2072
950.151,470.1,25.8463,11.2071
21.7547,1700.81,14.476,11.2058
-1305.34,1193.92,12.3715,11.2053
-626.758,-1567.67,12.4887,11.2048
-120.284,-1684.99,17.4876,11.2047
-1723.08,-1842.41,12.3422,11.204
904.209,1566.32,13.3255,11.2023
-1049.89,-467.505,11.4845,11.2019
1002.47,1147.46,12.8674,11.2018
192.976,1289.07,12.6359,11.2012
-1212.6,1609.36,12.5263,11.199
-1578.05,-1158.63,13.4293,11.1987
-1734.94,1681.78,15.5555,11.1974
-1260.99,883.394,12.0244,11.1972
1772.21,-1281.1,12.0816,11.1961
-1241.01,-1235.18,15.6424,11.196
-1204.3,1166.15,13.1157,11.196
-1137.28,-865.46,12.0781,11.1956
1900.89,-1117.49,11.7505,11.1956
-630.903,1008.56,14.3012,11.1943
720.819,-1265.8,19.6391,11.1931
-1892.03,775.599,18.5443,11.1925
-1855.85,-1565.79,11.4396,11.1915
-1809.68,1438.83,13.1221,11.1908
1399.42,-1235.85,11.6176,11.1906
655.906,1330.5,11.5385,11.1904
659.607,1786.62,12.8193,11.1904
-1777.09,146.417,11.3314,11.1894
1478.07,-1694.5,11.7375,11.1891
1021.09,626.227,13.9709,11.1889
783.108,1326.69,11.5239,11.1885
-1027.18,273.84,11.7059,11.1882
1693.63,93.141,26.7255,11.1877
-408.08,1541.43,14.6278,11.1866
1096.33,-233.668,13.0874,11.1865
860.321,-1409.27,15.0238,11.1864
-1676.26,1804.45,19.2252,11.186
-847.66,-1140.14,17.8128,11.1859
-1550.97,-476.467,12.404,11.1849
323.047,1168.9,17.5165,11.1845
152.74,-1219.4,12.4034,11.1823
1501.98,-725.029,11.4125,11.1823
-1273.43,1590.95,12.1028,11.182
-1617.28,638.126,12.3624,11.1812
583.996,1821.25,11.8341,11.181
747.317,1902.01,11.4183,11.1799
-1130.39,-580.688,13.5481,11.1794
-1317.7,1642.69,11.4135,11.1792
-566.702,-1768.7,15.874,11.1786
-1380.17,567.086,15.9548,11.1786
1347.97,1364.85,15.2232,11.1779
1061.51,-577.156,17.7674,11.1778
-1112.13,-686.723,17.5346,11.1775
-356.473,1131.83,11.5481,11.1752
1614.54,-681.879,13.8118,11.1752
448.816,-1482.05,11.802,11.1751
-1620.98,-1552.94,18.069,11.1751
966.514,1350.81,16.1747,11.1746
-1161.03,1608.55,12.6955,11.174
541.894,1298.74,13.7869,11.1738
-915.469,-1077.4,14.0414,11.1737
146.07,1378.55,12.2919,11.1732
-474.921,1303.35,13.9663,11.173
-1311.1,1512.81,11.2558,11.1723
1858.96,-633.918,13.4371,11.17
-1438.73,1073.35,20.9116,11.17
-490.85,-1430.52,13.5116,11.1693
-907.112,1683.05,12.902,11.1664
-1461.58,1265.82,11.9967,11.1661
1846.15,-609.805,19.6835,11.1651
1562.37,962.651,21.0343,11.1648
1816.74,321.178,12.3413,11.1641
-1073.41,943.278,15.0577,11.1638
-608.739,-1061.71,13.3845,11.1637
1557.51,-1244.12,11.9135,11.1632
939.187,1782.34,17.7213,11.1619
386.868,1567.62,14.4238,11.1616
-1330.11,-1005.99,12.1966,11.1615
-1185.26,-420.921,22.7948,11.1605
1221.75,470.78,12.1425,11.1602
-675.319,-1239.73,17.7712,11.1601
1762.24,-962.647,11.7533,11.1591
945.488,1896.95,11.4408,11.159
1490.11,-1759.76,12.1375,11.1584
881.711,1840.5,11.6411,11.1584
-719.697,1088.4,14.8527,11.1579
27.2035,1180.39,11.4559,11.1573
1301.62,-371.03,11.4847,11.157
1062.12,293.349,12.0315,11.1558
-1583.61,-1448.35,18.0635,11.1556
-667.149,-1419.66,11.8006,11.1552
-219.665,1561.35,12.7265,11.1551
-259.501,-1381.92,11.7003,11.155
1233.96,382.388,12.748,11.1537
-1169.99,1573.26,11.9745,11.153
1770.84,-1310.03,11.5673,11.1525
1493.25,-422.172,24.1854,11.1523
-873.355,1051.35,12.0484,11.1521
588.432,-1772.6,14.2338,11.1518
-1388.6,1058.87,11.9836,11.1516
-1685.02,1523.72,11.4164,11.1514
49.3222,1206.84,11.6215,11.1504
-982.509,-1263.14,12.6443,11.1498
1307.59,1547.96,11.7235,11.1496
-646.386,-1112.24,11.2897,11.1488
-1017.61,199.725,13.426,11.1486
1139.75,589.164,15.4936,11.1471
-43.2439,1184.96,12.6207,11.1471
-1229.3,-1822.14,13.1588,11.147
-338.552,953.331,27.8185,11.146
176.326,1405.25,18.4104,11.1455
728.642,-1135.13,13.5892,11.1447
-891.46,1752.02,16.0176,11.1438
-1746.28,-1838.57,14.9945,11.143
969.719,1272.37,12.0531,11.1406
-1237.15,-947.764,14.4146,11.1402
1296.89,-752.628,19.0824,11.1373
1100.27,18.0903,13.5946,11.1369
957.337,86.9344,18.929,11.1345
1230.61,-65.8272,24.9517,11.1323
-1024.47,524.524,14.3347,11.1318
-1286.07,-28.7548,17.3581,11.1314
-1043.4,-205.14,15.0283,11.1307
1205.45,-1661.75,12.8607,11.1298
-1073.9,417.531,11.4562,11.1297
-992.965,-1661.62,11.9643,11.1293
-1456.55,-583.484,13.6595,11.129
1342.7,1303.82,11.3752,11.1287
-64.0896,1245.72,12.2864,11.1287
1021.36,28.2624,14.5548,11.1285
910.615,-1119,11.6155,11.1262
-33.9232,-1264.37,11.5912,11.1246
1490.16,-1146.49,13.038,11.1242
206.856,1250.18,13.3704,11.1241
-1248.91,-1857.11,11.2966,11.1236
-1770.48,-1654.61,17.9467,11.1232
1783.67,917.089,11.3913,11.1231
848.787,-1773.81,26.7204,11.122
-1286.19,611.073,11.3279,11.122
568.585,1800.36,31.7376,11.1219
-1200.47,-517.745,26.6564,11.1213
962.26,151.637,15.2894,11.1208
1420.6,462.563,21.4011,11.1207
-1545.54,-197.761,12.2269,11.1196
1705.49,-155.18,13.5304,11.1194
-1258.12,-1430.02,14.999,11.119
186.686,-1849.24,16.1083,11.1187
1812.5,-231.282,12.065,11.1186
341.074,1862.83,24.0948,11.1178
-891.484,1172.64,16.9258,11.1175
-1569.23,-356.196,15.7378,11.1174
1833.64,-1406.25,11.5053,11.1152
1434.66,740.887,15.738,11.1146
377.067,1696.49,16.837,11.1142
-1595.39,-164.336,13.46,11.1142
-1195.26,1586.57,16.0584,11.1141
-1245.34,-1407.51,11.3794,11.1141
576.204,1253.14,12.8453,11.114
-1640.47,-1356.08,23.8217,11.1135
1869.47,-795.997,20.6615,11.113
-1071.89,-856.42,17.4777,11.1123
717.31,977.8,14.3226,11.1107
-587.382,-1285.18,11.4117,11.1106
-1173.32,-1423.33,13.7675,11.1099
1572.62,-85.2486,33.1752,11.1097
-1840.05,-1821.04,11.4855,11.1097
-1680.6,1293.29,11.5929,11.1092
747.803,1863.3,35.7201,11.1089
-1239.77,-385.917,12.7899,11.1082
-1780.67,-341.53,13.7927,11.1081
-997.713,-214.484,11.2725,11.1071
-1102.94,-448.442,29.6095,11.1062
1900.71,-811.919,13.0749,11.1055
-1461.29,-758.106,19.202,11.1054
1081.24,-864.857,11.5645,11.1047
1632.5,196.727,13.4572,11.1036
-1035.05,-1735.83,20.6325,11.1026
1858.17,1200.85,11.3556,11.1023
-1779.88,-1822.29,15.3911,11.1019
-705.984,-1786.64,12.3268,11.1018
-1396.34,1751.95,16.5903,11.1016
-1044.75,1291.47,11.4318,11.1014
-335.713,1090.03,36.6619,11.101
-363.047,1197.88,11.9835,11.1008
1797.44,-427.4,12.6233,11.1004
1179.24,-1448.24,11.8407,11.1002
1094.55,7.79598,16.1717,11.1001
-453.816,1040.1,12.8573,11.0977
1623.4,-869.32,12.6865,11.0971
1486.29,-1216.62,15.1395,11.0965
1852.61,1617.17,16.95,11.0961
-1885.67,-694.446,11.3208,11.0956
-1143.08,-1159.07,11.3276,11.0941
-1629.16,1566.92,12.0017,11.0937
1003.33,-936.503,37.9597,11.0936
367.027,1135.19,12.9006,11.0921
-1399.01,-255.648,11.6008,11.0916
-1687.61,-193.611,18.2487,11.0914
-1518.97,314.975,17.7813,11.0895
-1560.32,-539.044,12.5208,11.0892
-1322.13,1541.9,13.0651,11.0876
-1344.68,1381.73,17.17,11.087
845.218,-1524.22,14.8628,11.0838
-1068.25,1167.26,14.208,11.0832
1286.74,-1235.8,14.7674,11.0822
340.369,-946.18,11.9477,11.0803
217.072,-1831.5,55.9436,11.0791
-72.4419,-1428.56,12.0049,11.0786
-973.421,1859.12,12.5957,11.0778
-1304.63,791.637,13.8748,11.0776
1103.92,-1275.76,64.2572,11.0766
-1892.37,984.287,22.256,11.076
867.13,1071.57,11.3328,11.0752
1754.09,-610.429,12.9751,11.0743
-1239.84,-386.369,13.3627,11.0735
-1479.82,-1423.66,16.1019,11.073
1057.98,-1818.89,11.9054,11.073
-951.514,-695.348,11.9505,11.0724
-1000.31,312.044,12.3351,11.0718
-903.221,-1276.14,14.0914,11.0712
-858.087,1083.11,15.7096,11.071
-409.678,-1522.17,12.911,11.0701
1332.95,-1082.51,14.0037,11.07
1170.01,1515.91,11.3504,11.0688
1288.2,1564.39,19.3182,11.0686
-1772.74,-118.899,15.8521,11.0676
151.828,1210.62,11.5844,11.0675
1894.77,1898.43,12.5002,11.0674
992.574,596.144,11.6716,11.0647
-1651.61,263.344,13.5952,11.064
-1133.27,1243.47,12.7243,11.0634
-1200.58,-321.285,13.4014,11.0625
-1002.54,1714.17,12.0076,11.0624
32.6084,1407.92,11.4439,11.0624
-742.882,1757.52,11.4203,11.0622
-1400.85,361.938,13.1034,11.0611
-1172.54,1523.3,14.5303,11.0607
1019.46,-380.812,13.805,11.0606
-638.425,1147.45,21.4582,11.0604
1197.7,-245.008,13.4699,11.0594
-336.626,1647.16,12.1952,11.0577
981.633,-207.198,19.3453,11.0573
-1134.15,-912.832,11.4985,11.0571
1882.17,-1479.96,11.4895,11.0568
1123.82,1040.82,15.8651,11.0565
-1111.64,428.108,12.0292,11.0565
1151.15,-1670.5,11.32,11.0562
-1891.44,668.962,14.1616,11.0542
1183.32,-379.161,12.6134,11.054
955.479,-1547.24,14.6266,11.054
-1164.24,955.245,11.5094,11.0539
1571.63,817.232,11.7277,11.0531
-1322.15,-1528.44,11.6627,11.0529
-161.439,-1305.78,12.9811,11.0525
15.1921,1171.05,11.9715,11.0523
-91.1954,-1490.84,11.5735,11.0522
1695.13,1615.34,11.7049,11.0521
1616.09,-1522.96,15.8375,11.0514
-1034.6,-1122.94,11.5613,11.0505
-154.59,-1766.54,12.4501,11.0503
1431.41,-1008.05,12.5353,11.0499
-1741.32,1411.29,11.3358,11.0497
119.866,1539.7,13.5586,11.0483
1668.71,-1120.52,16.4136,11.0477
1360.11,1041.41,11.322,11.0468
-428.276,1021.18,20.0606,11.0465
1328.01,-226.559,11.3086,11.0457
-1419.02,-97.7386,26.4817,11.0455
-693.99,-1443.54,19.5941,11.0453
395.073,-1039.19,11.8382,11.0439
-204.908,-1666.73,16.7629,11.0433
369.572,-1630.73,12.6716,11.0432
-1763.34,701.496,11.3599,11.0425
1337.44,1050.69,14.7725,11.0423
778.161,1464.81,11.6174,11.0413
-1120.69,652.048,13.3791,11.0413
-179.502,1158.98,14.975,11.0412
844.617,-1503.32,11.899,11.0407
-1383.09,-1497.02,11.3284,11.0406
615.393,959.174,11.7176,11.0393
-1604.97,1199.2,13.3125,11.0377
1886.36,-958.431,21.91,11.0369
-1205.41,-1359.22,12.3054,11.0365
770.86,1678.29,11.5769,11.0365
1723.77,880.168,11.4637,11.0359
-919.043,1727.23,11.3706,11.0359
-1672.32,-615.836,12.7845,11.0358
-356.919,1084.77,21.0839,11.0354
1683.57,168.924,13.8995,11.035
-1480.38,-291.028,14.0622,11.0346
667.458,1645.45,14.1517,11.0344
1043.99,1782.98,12.2626,11.0332
1216.28,-1374.25,13.5419,11.0329
1636.75,1504.48,11.4526,11.0327
-1508.63,-495.867,19.9193,11.0326
-1730.39,1615.03,17.4451,11.0321
-1286.01,1675.27,11.6862,11.0315
1132.46,-992.944,17.7749,11.0311
-1903.47,1878.54,12.3239,11.0309
-867.5,-1298.89,14.7003,11.0304
-1880.01,-1740.13,15.4086,11.0301
-210.185,1398.29,12.4725,11.0291
-1626.43,1754.06,14.5466,11.029
1689.33,979.623,16.217,11.029
1672.23,1532.36,11.4984,11.0275
-436.514,-1287.76,13.0566,11.0272
1588.02,-1619.49,21.3194,11.0271
-261.593,1417.14,12.115,11.0269
-1014.9,-962.636,11.6824,11.0256
940.696,1031.84,11.9964,11.0256
1414.89,1089.46,15.0391,11.0255
-1729.24,1656.93,11.3078,11.0246
717.242,-1683.31,14.0051,11.0242
-1350.58,480.624,12.6349,11.0228
647.92,1337.33,11.4072,11.0215
1417.89,1790.1,13.9759,11.0198
-494.949,-972.534,15.8638,11.0196
-112.913,1043.08,14.0629,11.0184
-728.431,-1735.04,11.7332,11.0167
368.26,-1108.44,12.2867,11.0154
44.3786,1496.48,13.4251,11.015
1361.8,-362.94,15.0478,11.0148
1806.41,-1115,23.5394,11.014
-1686.12,-1150.34,18.9221,11.0137
-1761.9,-817.43,11.4966,11.0135
209.043,-994.269,11.6838,11.0133
1185.09,1714.77,12.0487,11.0132
40.5615,-1601.99,17.0081,11.0124
-646.312,-1508.38,23.9108,11.012
-221.968,-1396.67,11.6377,11.0119
1868.78,-1796.9,11.3875,11.0119
1649.44,585.497,17.2334,11.0118
-1218.03,670.14,11.4448,11.0117
-68.3726,1845.07,15.4824,11.0115
-731.344,1470.69,17.6999,11.0111
1286.47,1525.85,12.3254,11.0108
-663.433,1723.67,12.6838,11.0108
444.199,1196.97,12.2771,11.0108
1043.09,708.017,11.9215,11.0102
1500.08,18.6274,16.4005,11.0099
-1272.08,-509.562,11.9088,11.0093
-1515.62,1586.21,14.977,11.0085
448.832,-1114.37,11.4703,11.0079
1462.43,-1360.81,11.449,11.0072
-1071.52,-71.5374,20.155,11.007
-1522.87,685.791,39.7637,11.0067
-1806.77,736.516,11.6778,11.0063
-894.845,1769.08,18.5339,11.0056
73.7338,1424.89,12.6223,11.0054
3.42034,1414.83,12.624,11.0053
-70.1727,-1531.07,17.2165,11.0044
-1184.53,655.35,15.5767,11.0043
-1881.65,-1268.49,14.116,11.0037
960.738,1442.87,13.3977,11.0025
-1085.85,1160.21,11.5921,11.0021
-1429.7,-290.963,16.2859,11.0012
-1295.39,-1669.48,13.9509,11.0009
1352.23,-975.173,11.977,11.0003
-1653.47,1385.76,11.9294,10.9994
1595.54,-102.573,11.3778,10.9991
637.735,-1290.82,12.7447,10.999
-1705.57,-890.25,14.5885,10.9977
-1244.41,-1369.11,12.0994,10.9975
1437.26,-1150.83,13.8742,10.9968
539.128,-1003.53,11.3217,10.9964
-962.613,1549.65,13.2665,10.996
1654.5,-391.544,11.5359,10.9945
1015.11,-1494.72,12.6591,10.9944
-1652.45,993.013,11.7382,10.9928
1031.14,-1708.12,18.5128,10.9922
-717.588,-1460.52,15.7817,10.9914
1645.92,88.4047,11.8955,10.9911
1869.37,-728.785,14.1187,10.9899
-1431.42,710.053,22.7768,10.9898
574.872,-1777.12,11.4668,10.9897
1426.14,115.949,12.4308,10.9889
-614.505,-985.176,12.1786,10.9881
1141.41,-497.531,18.3669,10.9881
-1182.62,1503.64,11.9752,10.9878
-446.175,-1792.05,12.0621,10.9872
-804.297,1347.5,20.9845,10.986
1521.29,462.621,11.7782,10.9857
1790.75,-1535.58,11.576,10.9855
-363.454,1517.55,17.5816,10.9854
943.196,-1049.51,25.0054,10.9839
1215.52,666.466,12.7296,10.9837
-1227.02,719.184,12.6543,10.9835
-1422.19,91.3983,12.224,10.983
-642.064,-1168.62,11.3676,10.9819
-143.252,1178.25,15.8644,10.9818
-406.169,-1898.43,12.0336,10.9812
410.726,1097.58,13.7017,10.9803
-1656.23,531.077,15.6606,10.9802
1565.01,-17.1648,11.9507,10.9795
-1443.26,-39.8258,15.4979,10.9793
574.927,1762.86,17.9864,10.979
-1360.16,-1688.11,15.6621,10.979
1858.1,-605.642,20.4094,10.9788
1697.72,475.352,18.4812,10.9778
-872.259,1122.66,16.4451,10.9771
-425.84,1761.9,15.6131,10.9769
-604.434,-1082.62,15.7668,10.9765
382.146,-1311.53,13.8571,10.9758
1814.35,-1557.52,12.5935,10.9758
-786.507,1630.37,13.2973,10.9751
1460.54,-1054.23,11.8202,10.9747
469.743,1421.49,18.3103,10.9747
-1897.56,-447.877,11.2544,10.9743
-1215.26,933.978,11.3548,10.9737
991.039,-1503.43,13.6589,10.9719
341.008,1843.4,11.5691,10.9716
-999.678,1894.22,14.2175,10.9707
1749.99,1380.78,12.8733,10.9704
-820.603,-1847.58,16.5434,10.9704
1005.22,-1495.35,12.5732,10.9688
-1530.42,941.607,16.1851,10.9686
1309.46,-17.1714,12.4087,10.9683
477.334,-1303.67,12.2895,10.9668
-1352.87,-286.969,11.5985,10.9666
-402.928,1454.65,21.552,10.9659
-1451.87,-1383.93,11.6804,10.9657
-1236.53,-333.122,13.1347,10.9648
1514.26,-1211.92,14.9688,10.9647
1511.82,1746.66,12.2413,10.9631
-1776.29,747.892,13.1837,10.9626
-1623.24,-1155.71,11.8334,10.9625
1558.5,-1138.74,19.2355,10.9624
-23.6049,1258.87,11.2774,10.9613
961.623,1304.9,16.2793,10.9612
1811.78,-966.985,13.6042,10.959
1196.61,1710.86,13.5802,10.9587
-942.125,286.834,14.9254,10.9574
1732.69,1159.35,17.3813,10.9566
-162.012,-1896.36,11.293,10.9563
1165.1,432.784,12.0937,10.9563
-1548.83,1264.74,12.4211,10.9561
-1892.75,-637.559,15.8102,10.9557
1103.53,115.955,15.9599,10.9555
-1240.62,724.644,11.2896,10.9546
1074.08,255.852,13.2608,10.9542
769.286,1743.1,12.3318,10.9542
1581.01,-1351.2,12.5482,10.9535
1138.18,-1710.25,12.3426,10.9535
-1387.08,-1467.33,11.8203,10.9528
320.891,1287.26,12.2601,10.9527
-1325.63,-903.39,12.6412,10.9525
1612.61,45.7358,16.8524,10.9515
1673.85,851.652,14.0161,10.9511
-1261.56,295.791,13.5628,10.951
534.905,-1383.73,11.603,10.9497
901.464,-1286.19,11.5731,10.9494
831.849,1242.56,14.8648,10.9493
990.519,1774.13,12.0204,10.9477
-1412.35,-1342.77,20.5734,10.9476
885.839,1506.76,14.514,10.947
-785.19,-1477.1,44.8831,10.9464
-1713.72,-1797.38,13.3976,10.9454
-1535.68,-1792.24,24.4376,10.9453
-1647.31,1514.02,11.5079,10.9451
936.211,-1567.01,21.0557,10.9449
1409.61,309.064,12.5489,10.9442
-1849.91,-591.856,12.5476,10.944
1151.39,172.9,14.9216,10.9439
1061.15,-1747.32,12.4287,10.9435
1210.19,-808.173,14.3625,10.9433
-945.183,1384.82,12.3142,10.943
1056.48,-1129.07,11.4671,10.9429
1785.44,-1158.12,16.8956,10.9428
-738.344,1325.72,12.9105,10.9419
-1339.22,28.4955,18.2035,10.9417
607.696,-1013.78,13.5354,10.941
1126.12,-1170.08,12.9949,10.9409
-270.597,1257.68,12.6322,10.9394
763.996,1630.21,12.8266,10.9389
-1899.8,933.206,12.4216,10.9387
-1661.87,176.099,19.5805,10.9387
-800.798,1863.59,14.2698,10.9383
-1140.12,504.6,11.3503,10.938
-1160.28,-1585.17,14.1921,10.9369
1438.51,1440.14,11.308,10.9366
1203.77,304.439,15.5123,10.9349
376.901,981.037,13.3694,10.9349
-1646.96,1019.05,11.4469,10.9346
-1419.47,-1464.42,11.3572,10.9337
-1467.78,-1168.73,11.8382,10.9337
1699.66,-651.573,13.7892,10.9334
-1398.74,1240.18,15.6994,10.9332
-745.382,-1713.23,18.8551,10.9329
-1607.57,-723.797,17.6032,10.9325
1765.34,-11.3992,13.8717,10.9322
-1459.51,-1246.83,14.0021,10.9321
948.105,-599.508,12.1766,10.9308
-1418.54,831.56,15.3354,10.9305
1146.31,438.586,12.0624,10.9291
1286.29,963.739,11.3258,10.9289
-1802.62,-548.248,16.0327,10.9288
1842.57,-1085.21,12.2079,10.928
-1239.91,1056.05,21.3558,10.9274
458.739,989.955,21.9477,10.9257
1242.8,1190.36,13.8838,10.9255
-1467.09,-948.2,11.5519,10.9255
416.557,-1179.02,13.9578,10.9247
70.176,1213.99,17.5977,10.9244
-267.187,-1286.76,11.2892,10.9224
367.159,1806.79,16.9377,10.9224
-1022.71,-839.841,12.1171,10.9214
-1747.7,-1632.23,14.5054,10.9214
-1832.79,1609.97,11.8384,10.9212
876.131,-1828.13,13.7527,10.9207
-1322.81,958.623,11.3962,10.9207
875.485,1869.16,13.9257,10.9199
-779.031,1454.59,15.3742,10.9196
1031.01,-1532.9,13.9395,10.9191
1111.06,1721.48,16.1491,10.9191
-1109.94,435.212,12.7197,10.9188
805.752,1280.83,19.5612,10.9176
172.596,-1085.3,17.3926,10.9172
1028.9,802.281,11.6565,10.9171
743.824,-1762.77,16.2592,10.9156
-1385.56,-881.588,18.9466,10.9154
-12.6453,1447.5,11.6913,10.9149
1687.63,1357.54,22.3798,10.9144
90.2236,-986.741,31.9192,10.9136
-1067.53,-1066.25,11.9513,10.9136
-536.906,1843.43,14.4259,10.9134
-1122.17,1724.64,11.3149,10.9131
-1545.72,-1499.35,11.9459,10.9128
-1064.92,-1331.96,12.8281,10.9121
1556.55,-486.052,24.0179,10.9114
1116.06,1625.97,12.3464,10.9102
758.493,-1880.02,19.3303,10.9099
1608.17,-726.578,12.2518,10.9097
-230.243,-1423.04,19.536,10.9079
1863.34,-1153.22,13.9073,10.9066
-1328.18,822.571,13.0048,10.9059
-757.233,-1047.52,11.8153,10.9055
-789.269,1361.45,15.306,10.9039
-1714,443.816,12.3929,10.9036
-1511.05,-1831.33,17.6166,10.9032
719.349,1895.49,11.3187,10.903
1240.09,-1307.86,17.4624,10.9028
-821.162,-1038.78,12.9267,10.9026
323.539,-1246.47,11.8341,10.9025
1230.01,-210.422,12.5833,10.902
895.882,-1883.28,13.1685,10.8992
1883.29,33.7128,19.8421,10.8953
-1851.77,-1013.39,12.7194,10.8951
408.839,-1701.79,11.465,10.8948
-1874.9,368.323,19.4277,10.8945
1127.9,-564.287,11.2765,10.8944
1370.14,-879.257,12.1512,10.8933
611.32,1253.52,23.6061,10.893
-1486.53,-604.622,14.1207,10.8928
443.67,-1210.36,28.6519,10.8916
-592.55,-1133.64,14.7817,10.8912
280.65,-1446.68,11.9896,10.8911
1793.85,1375.13,11.4458,10.8882
-1448.65,-574.803,15.255,10.8871
-392.109,1898.8,12.1378,10.886
-485.642,1829.81,11.2878,10.8857
1827.83,-1406.87,20.7467,10.8856
-1377.01,586.048,13.175,10.8854
-1054.26,1521.53,14.4503,10.8843
988.614,1593.04,15.4939,10.8843
-520.354,-1208.37,15.4148,10.8838
20.6812,-1826.04,26.6174,10.8827
1636.45,149.276,12.1191,10.8827
1315.49,1155.1,17.7875,10.8824
-919.845,1242.12,14.3001,10.8824
-1873.88,-171.483,11.8504,10.8823
-1878.01,97.4236,16.5277,10.8814
976.17,-286.988,15.7304,10.8811
1327.65,1375.63,21.3919,10.881
-1551.85,-904.684,12.2886,10.8805
-691.759,-1025.26,18.3774,10.8804
-1101.81,-1624.6,23.712,10.8803
964.575,1677.85,12.4508,10.88
512.556,-1350.46,11.5273,10.8778
1334.82,783.544,13.4999,10.8773
1548.64,-567.929,12.012,10.8772
519.993,1086.59,17.6322,10.8762
-1054.01,-1817.03,11.6921,10.8758
1815.14,-247.15,15.9646,10.8754
-520.703,1151.27,18.9647,10.8742
-865.821,1099.83,18.2972,10.8742
1310.87,796.815,11.6693,10.8741
-1609.91,-948.842,13.5307,10.8738
-1175.64,696.663,14.2977,10.8728
1514.49,1189.98,11.2838,10.8718
-449.147,-1037.84,11.2509,10.8716
-78.3789,994.139,13.6341,10.8708
-1143.62,139.947,13.7899,10.8691
470.845,-1242.14,11.8406,10.869
1737.72,349.368,12.4467,10.8686
-1796.5,-1469.63,15.2837,10.8685
964.247,1374.83,11.8143,10.8682
-1788.26,1698.98,53.7856,10.8676
1715.63,-1578.74,22.0971,10.8674
-1355.3,1604.05,15.4157,10.8673
-1815.01,1586.35,11.2699,10.867
-33.7317,1853.39,13.1049,10.866
-1758.36,-772.707,16.4373,10.8658
-1496.33,508.959,13.1959,10.8655
-210.377,1165.04,11.3281,10.8648
-1015.79,1636.85,14.9692,10.8645
-1484.32,-952.988,13.121,10.8641
1662.53,199.933,15.0189,10.8641
136.452,1049.17,13.651,10.8638
1608.91,-1016.51,13.2498,10.862
1511.16,834.461,12.7885,10.8618
1702.95,299.743,21.6859,10.861
-1305.43,591.234,11.4735,10.8609
951.488,797.394,15.2975,10.8606
-1724.38,1788.41,12.0539,10.8601
-905.807,1604.53,13.3123,10.8594
1418.84,-1856.87,15.7821,10.8588
-877.9,1563.37,17.2127,10.8583
1699.64,1168.37,13.2871,10.8574
-1639.78,-1665.03,17.5465,10.8573
-1684.86,-535.748,12.7533,10.8569
945.309,1055.44,28.7652,10.8566
-1884.89,-98.8554,12.1404,10.8542
1100.65,-1749.48,12.824,10.8535
418.366,1885.85,14.1227,10.8528
-1331.15,453.088,13.6039,10.8527
1817.68,266.628,11.2754,10.8526
652.959,-1851.68,17.4874,10.8526
-666.525,-1574.09,12.7104,10.8516
1582.01,-401.005,11.769,10.8513
-1753.37,1153.91,17.925,10.851
1899.08,-1350.44,11.2833,10.8498
1194.48,103.845,24.9035,10.8492
-428.547,1638.12,14.342,10.8477
239.326,-1388.61,11.8883,10.8473
-1480.22,603.74,12.5475,10.846
-1519.44,-759.827,12.8015,10.8451
-1819.04,896.021,11.5117,10.8445
448.793,-1131.97,13.4316,10.8419
-992.773,975.667,29.9216,10.8417
-1628.4,-551.529,11.4126,10.8416
-1826,719.208,22.1753,10.841
-525.137,-1271.78,18.7824,10.8408
-131.996,1069.9,15.2041,10.8405
-1394.78,-383.928,13.754,10.84
975.025,-1795.28,20.3381,10.8389
1634.1,-1725.19,11.7421,10.8385
1200.65,1854.26,11.3064,10.8384
319.264,-1021.68,41.3073,10.8375
-1090.78,-841.814,11.8734,10.837
-1597.14,1036,11.5582,10.8367
1188.92,-316.394,12.554,10.8363
-1239.83,-22.9034,17.7131,10.8362
-1078.86,-689.961,19.6978,10.836
135.755,-1284.24,12.4411,10.8358
1339.62,-21.3269,13.7435,10.8353
-1831.6,1486.86,15.8958,10.835
1824.41,615.792,11.3608,10.8347
1504.43,-973.365,11.9274,10.8346
-393.854,-1529.98,19.5704,10.8346
704.253,-1262.88,13.6679,10.8336
1664.47,1700.65,14.9011,10.8333
-1410.46,1594.23,12.0665,10.8329
561.959,-1736.61,13.9904,10.8318
992.606,452.333,12.2224,10.8313
700.373,-959.734,14.468,10.8311
1261.18,1021.28,12.5551,10.83
557.183,-1037.96,12.7789,10.8295
-234.666,1505.57,16.5658,10.8277
321.548,-1837.1,11.3576,10.8269
141.239,-1701.71,11.3158,10.8266
1482.37,-582.648,11.4445,10.826
1377.05,-1091.7,11.3985,10.8258
-1598.75,1371.1,11.3062,10.825
-1797.01,-720.811,12.709,10.8249
-1803.79,1379.09,11.6214,10.8249
491.327,-1657.72,11.3895,10.8249
-1415.7,-1334.72,13.6749,10.8243
-1730.53,-645.441,13.2436,10.8243
-1413.01,-708.103,20.1687,10.8227
1895.24,-772.968,12.7955,10.8224
1125.7,1903.62,12.7876,10.8221
1352.1,1600.91,11.6327,10.821
916.192,-1070.28,14.1363,10.8206
-977.869,-1604.77,16.935,10.8198
1515.27,856.465,12.551,10.8193
-1125.72,21.2698,19.038,10.8189
-1114.69,374.522,12.4265,10.8188
1075.01,-1487.38,16.5315,10.8182
1483.36,-679.191,12.0139,10.8175
-1817.15,-1342.36,11.5047,10.8166
-133.315,1156.25,12.4687,10.8166
-1813.69,888.891,12.253,10.8163
296.515,-1034.72,12.3721,10.8156
221.645,1867.57,11.8837,10.8143
-816.493,-1464.63,15.3285,10.8142
1541.61,-131.471,11.7445,10.8137
-1394.16,1269.23,11.3224,10.8134
-1606.42,1084.38,11.4422,10.8113
-1833.43,-592.941,12.4672,10.8107
-1539.28,-1355.29,11.2564,10.8101
1419.52,1096.93,11.6885,10.8097
-1104.45,500.711,17.3612,10.8094
-1818.26,-707.973,14.7774,10.8056
1684.88,-207.216,14.0832,10.8055
-1746.39,-1788.26,14.65,10.8054
313.809,-1818.21,13.2394,10.8039
1534.47,734.392,12.4448,10.8036
-950.227,770.128,12.0323,10.8032
-1298.2,1715.79,16.9506,10.8028
979.213,-106.021,11.3765,10.8025
-1097.12,40.3272,11.7018,10.8023
-1870.9,-568.71,12.1435,10.8015
1348.27,281.896,12.0596,10.8013
-99.3269,1283.57,12.8597,10.7996
1046.29,-385.399,11.3783,10.7974
-276.549,-1878.22,14.647,10.7972
-608.04,1018.52,13.9978,10.7971
-1778.92,1183.03,13.6671,10.7963
-870.95,1700.14,11.2825,10.7961
-1005.68,-522.31,18.3861,10.7954
1754.14,-1047.24,12.2864,10.7935
-329.408,1040.7,14.3035,10.7932
-1296.71,-345.216,11.9795,10.7926
1603.76,-1777.93,15.7966,10.792
-1056.81,-834.258,11.9878,10.7916
927.969,951.812,13.2491,10.7915
-1188.58,-382.275,12.4808,10.7908
1839.38,182.311,11.4215,10.7908
-957.559,422.535,11.898,10.7908
-1444.67,-710.356,11.7565,10.7904
-1444.57,1286.41,16.8312,10.7901
807.387,-1354.72,15.643,10.7898
199.585,-1309.37,15.696,10.7895
-1702.58,723.171,18.9066,10.7893
1661.15,825.433,12.9087,10.7888
-367.691,-1100.44,16.2615,10.7887
343.095,1351.14,11.9698,10.7884
1520.1,-790.434,16.1564,10.788
1339.08,106.757,18.7528,10.7865
-1040.9,1867.61,11.8126,10.7856
-1725.71,-93.136,12.0073,10.7845
-439.826,-1812.43,11.6958,10.7844
1408.25,-126.728,13.25,10.7842
-1063.64,228.833,23.6756,10.7837
-33.0634,-1536.59,23.5751,10.7827
-168.053,1731.13,12.3501,10.7826
-1595.78,-324.259,20.2939,10.7807
-1141.35,357.058,11.4527,10.7802
-729.095,-1384.4,13.0967,10.7793
1218.09,1819.7,15.6658,10.7785
-1533.81,-544.877,12.0074,10.7778
990.663,244.034,13.5055,10.7776
349.742,-1571,21.5961,10.7764
1766.31,-1535.12,21.7498,10.7764
1006.1,-184.803,12.9949,10.7763
-1406.56,-322.452,19.89,10.7762
-480.557,-1378.08,14.8421,10.7756
484.773,-1427.66,13.3977,10.7746
-418.794,1019.87,11.2663,10.7744
-962.061,-32.4784,11.7416,10.774
1541.33,-1679.45,16.0292,10.7733
799.409,1269.13,16.4445,10.7725
1571.34,1835.13,14.5301,10.7724
-1536.9,1777.11,45.17,10.7719
1392.76,-1429.31,15.2859,10.771
1719.57,723.806,34.0227,10.771
1667.21,-1187.27,12.9178,10.7709
-1294.93,281.993,35.6365,10.7691
1347.41,505.959,11.6665,10.7689
-1106.46,-1512.11,12.471,10.7676
-1571.09,653.849,13.1127,10.767
-1306.98,295.452,13.1302,10.7668
-1484.36,1564.97,14.6145,10.7668
1575.19,-972.535,15.7337,10.7659
1214.34,409.463,11.5406,10.7654
739.861,1172.51,11.9482,10.7643
1365.73,-857.658,13.7375,10.7642
-1285.12,1754.01,12.8194,10.7636
-1779.3,502.097,12.3068,10.7627
634.854,-1166.04,11.9328,10.7627
-199.884,1258.63,18.9482,10.7621
-1839.01,1211.33,12.8445,10.7613
-754.766,1539.43,16.9443,10.7612
-1729.98,165.315,18.9355,10.7605
1314.55,1230.02,12.168,10.7603
-1820.21,1332.87,12.9589,10.7601
-1522.93,-430.751,11.7809,10.76
591.755,-941.732,10.7686,10.7595
1870.85,1491.96,13.0705,10.7593
1339.21,843.706,11.7069,10.7592
-400.915,1022.03,16.3009,10.7565
1353.97,910.081,13.3951,10.756
-766.947,1878.24,11.3412,10.7554
373.094,-1154.19,18.359,10.7548
-62.0617,-1082.07,13.7962,10.7541
1218.46,44.8786,11.3289,10.7535
-1204.7,-761.045,43.2676,10.7532
-1544.55,622.332,11.2856,10.753
-953.181,-1368.78,12.2996,10.7527
-1889.71,773.802,22.2163,10.7524
-1451.07,-611.057,29.2035,10.7519
1573.74,-1764.08,13.0526,10.7518
-84.0785,-1678.94,18.4201,10.7518
-1594.77,-419.898,11.4231,10.7517
58.3183,-1006,11.3297,10.7513
1057.16,1622.15,12.1002,10.751
395.07,-1894.33,11.5756,10.7504
1646.27,766.86,13.4946,10.7498
-1828.8,852.449,11.5721,10.7491
49.6194,1406.95,11.8929,10.7491
452.008,-1094.61,12.4609,10.7488
-428.44,-1751.8,11.5116,10.7488
1082.11,-38.9983,14.5598,10.7485
1479.88,-1179.38,12.692,10.7479
-796.7,1429.06,16.2774,10.7479
30.6212,-1819.58,11.6338,10.7474
1573.24,-555.755,16.3738,10.7472
1064.85,459.216,11.9087,10.7466
-1060.05,-1146.52,13.7941,10.7464
978.14,-873.509,14.7063,10.7456
1901.11,-1236.58,11.819,10.745
-1368.45,1330.45,11.5925,10.7446
1613.75,1352.46,19.4176,10.7443
1183.83,-1411.5,14.5393,10.7442
1215.88,1575.34,12.3121,10.7441
-1456.41,0.325517,11.7015,10.7437
-1384.91,-197,16.1086,10.7432
1339.85,1460.02,54.6986,10.7427
-1271.36,-1859.65,13.6052,10.7426
1435.88,834.091,11.9185,10.7423
8.72569,1856.79,13.073,10.7421
1368.25,-1255.32,11.4652,10.7418
1034.88,1337.37,14.9019,10.7417
1406.77,1640.88,31.3017,10.7414
1095.26,-1475.06,11.7176,10.7407
-991.117,1520.87,15.366,10.7407
1802.37,-1375.49,12.1266,10.7405
-1695.04,-1458.96,12.1081,10.7395
805.678,-1737.93,16.1503,10.7394
152.413,1820.75,24.8945,10.7385
-77.1587,-1081.43,13.7175,10.7381
360.62,1406.31,11.7748,10.7371
-454.791,-1438.75,12.7017,10.737
-1394.1,1184.46,15.3405,10.7365
1519.4,-1364.74,11.2973,10.7361
-612.188,-990.493,21.7258,10.7355
47.3462,1020.19,12.6477,10.7353
-1856.4,910.794,13.6738,10.7353
-1896.53,-1457.51,12.8204,10.7353
1062.26,692.559,11.292,10.7352
-906.7,-1064.87,13.4496,10.7348
743.355,1873.66,12.1732,10.7348
-1898.08,1453.76,11.4052,10.7342
1361.95,24.2208,16.292,10.734
-1286.18,-1722.16,12.9488,10.7339
-1616.11,-1645.22,13.8227,10.7336
393.729,-1777.57,11.5993,10.7328
-1363.32,-1766.94,11.4691,10.7326
1320.61,-897.139,11.5193,10.7317
933.391,1405.28,19.2969,10.7313
1186.03,711.411,11.6386,10.7312
-1335.8,-1061.69,16.0577,10.7309
951.07,-1101.71,15.7401,10.7308
1900.42,-833.916,14.033,10.7306
1258.84,1745.77,28.0375,10.7299
821.123,968.179,13.8172,10.7298
1308.12,120.126,15.0347,10.7297
28.4115,1862.39,17.6389,10.7293
-1377.69,-912.412,13.6811,10.7287
-1241.95,-1521.28,11.9993,10.7282
516.045,1204.94,13.8895,10.7276
-1594.25,-579.879,11.4468,10.7274
-1002.49,736.468,12.5875,10.7272
-207.699,1073.36,11.515,10.7267
1769.08,-814.659,11.4467,10.7264
-1381.55,727.177,13.699,10.7253
1125.64,-1473.43,11.6273,10.7236
-1155.4,1539.87,11.351,10.7233
522.863,1800.35,11.9452,10.7223
754.606,-1254.74,11.7965,10.7211
670.896,1041.41,11.6896,10.7208
-1190.54,-1501.61,12.0413,10.7208
-1332.09,-189.652,12.5104,10.7204
-997.626,1675.49,11.3312,10.72
1877.74,967.156,11.6453,10.7198
-1492.95,278.359,11.8128,10.7196
1627.09,-1245.11,18.9286,10.719
1654.17,-23.9705,14.111,10.7182
-1350.15,1438.84,11.7139,10.7175
-1125.07,1106.94,11.3565,10.7171
1142.92,133.45,16.8314,10.7171
-1202.06,1097.03,11.6946,10.717
904.228,-1019.14,13.6045,10.7152
1233.23,-1900.2,11.3031,10.7151
1662.64,1325,11.3769,10.7145
-1354.55,-586.226,11.9956,10.7135
1118.04,919.42,12.1698,10.7131
158.77,-1675.83,11.292,10.7127
-1538.6,423.946,40.99,10.7121
-1709.21,-623.903,12.0741,10.712
-1330.29,727.922,11.7084,10.7113
-360.705,-1532.89,13.4224,10.7109
-1634.74,213.46,14.0517,10.7101
1865.2,877.78,11.4425,10.7096
-784.757,1472.23,11.5175,10.709
595.098,1463.94,37.2017,10.7084
2.00092,-980.551,13.1038,10.7078
-903.394,-1192.47,12.6118,10.7076
-953.621,120.296,11.2548,10.7074
-294.074,-1563.95,12.0617,10.7072
-157.67,-1590.01,12.037,10.7068
1062.45,-1705.23,12.4683,10.705
-833.66,1149.33,13.837,10.7003
688.195,-1393.58,11.9826,10.7001
1499.43,-1608.97,13.9949,10.6997
1376.47,143.301,12.73,10.6995
-1844.95,953.648,19.5259,10.6994
1800.49,1739.22,13.4481,10.6992
806.158,-1388.89,14.0453,10.6991
-238.816,-1686.3,16.0801,10.6982
-1414.09,-1487.79,14.4084,10.6979
1267.66,1130.64,12.2335,10.6966
-1376.82,1684.29,15.3745,10.6963
-1220.65,1051.1,11.6798,10.6957
-954.155,138.576,20.1324,10.6953
-1638.39,-138.208,21.1313,10.695
-1326.5,30.1245,13.3396,10.694
-1277.32,453.544,11.6009,10.6938
141.8,972.983,11.9347,10.6912
-1326.83,1560.88,12.172,10.6902
1090.23,821.111,16.3359,10.6896
884.83,-1047.44,12.0641,10.6896
222.721,1284.36,14.1167,10.6893
-969.038,1840.53,14.2456,10.6886
-1904.5,175.54,11.5299,10.6884
-153.18,1208.95,12.0834,10.6884
1619.63,-1698.55,11.3035,10.688
-460.843,1599.86,11.4969,10.688
226.972,1721.29,11.6339,10.6877
1810.09,1132.72,12.816,10.6871
768.231,-1553.2,12.9855,10.687
1881.04,-1037.44,13.0189,10.6862
1585.46,-1703.51,25.4752,10.6857
-859.987,1864.46,14.9897,10.6854
1093.21,1292.38,15.2845,10.685
-1549.11,123.197,14.6512,10.6847
-489.279,-1653.45,11.3663,10.6844
1543.68,-795.758,13.2098,10.6841
-1175.19,-799.961,23.5022,10.6839
752.774,1480.01,12.9429,10.6839
-346.641,-1525.58,15.1046,10.6835
-844.717,1189.27,15.1115,10.6829
-991.051,1509.86,11.2904,10.6829
-1037.84,300.489,16.8549,10.6816
139.932,1565.16,14.211,10.6816
-310.485,1608.15,11.2908,10.6812
-326.254,1171.1,11.8175,10.6808
822.521,1642.11,11.2775,10.6804
-774.415,-1438.84,11.314,10.6802
-35.5369,1241.43,32.7396,10.6798
-1770.99,501.029,12.8038,10.6776
-319.414,1084.76,12.6804,10.6776
-684.001,-1134.17,13.2298,10.6772
1247.68,-1496.01,11.9953,10.6771
-1409.05,1166.59,12.2016,10.6766
1666.92,639.463,42.422,10.6761
140.066,-1859.57,13.8309,10.6757
985.749,1125.48,11.4003,10.6756
1843.94,-1283.68,12.1582,10.6756
-744.579,1311.51,33.3636,10.6752
-1897.07,296.767,11.8436,10.6741
-1202.97,634.865,11.7523,10.6732
-168.474,-1867.9,14.6863,10.6715
-148.21,1073.67,11.609,10.6709
-1305.87,-56.1565,14.922,10.6707
1072.61,729.646,12.7146,10.6702
1765.59,1314.38,12.7363,10.6699
-53.2087,-1216.89,15.4248,10.6694
1310.57,716.375,31.1184,10.6693
-1861.25,-81.2091,12.1629,10.6692
-1385.6,267.457,11.6781,10.6691
-1402.88,-1140.47,16.631,10.6687
1569.99,900.248,20.3583,10.6687
-1427.3,-1783.72,17.305,10.6677
1459.8,1426.53,14.2299,10.6674
604.85,-1521.46,11.5242,10.6663
-758.886,-1180.71,13.0732,10.6661
-991.951,938.01,36.2082,10.6656
-1832.98,606.352,15.5165,10.6656
1805.63,-678.822,13.3413,10.6647
1126.18,1738.96,15.4092,10.6647
1765.36,301.157,14.8438,10.6629
-1132.8,1267.23,12.0678,10.6626
-612.462,1831.18,14.2274,10.6625
-1038.02,-845.489,17.1393,10.6609
-994.723,1140.51,12.2102,10.6597
-1532.89,1232.56,12.4664,10.6571
-601.946,-1081.46,11.3154,10.6557
1905.97,1437.94,11.5701,10.6551
1103.52,383.632,12.1275,10.6545
-1682.12,-1654.36,11.2527,10.6538
-844.958,978.203,13.058,10.6537
-1149.17,-1596.72,13.6613,10.6534
52.339,1275.65,15.8003,10.6531
1513.86,1717.08,15.3162,10.6526
-19.563,1829.47,24.347,10.6524
1102.46,-331.251,12.6824,10.6511
-433.91,1292.79,11.2746,10.6505
906.962,1010.19,13.2962,10.6505
-1223.93,-258.096,14.5485,10.649
-28.4294,-1600.49,11.5405,10.6485
27.7135,1432.01,12.0592,10.6484
-1722.56,1132.93,18.1095,10.6475
1676.08,-1605.02,33.2661,10.6473
1857.39,1022.21,16.6515,10.6467
1250.37,-1100.31,14.9831,10.6464
1640.11,-1268.87,37.7145,10.6462
-1009.12,387.632,11.676,10.6461
1121.05,663.574,16.5126,10.6451
-999.268,-1726.65,11.6375,10.6448
-178.87,1799.88,15.5124,10.643
1449,-1426.91,15.2897,10.6406
-1550.43,-1517.12,12.0574,10.6404
1078.17,-1064.71,13.8956,10.6397
147.562,1250.1,11.2828,10.6396
-1304.23,1212.92,12.0759,10.6395
-850.446,-1482.64,14.7947,10.6395
-1422.12,-1752.71,13.062,10.6393
-1802.54,-1215.42,11.6956,10.6391
1827.65,-576.271,12.8908,10.6389
-1710.11,-988.615,16.4173,10.6384
-1652.6,-149.884,11.3017,10.6372
58.8129,-947.332,16.296,10.6363
-1372.29,1207.35,12.7206,10.6354
-405.208,-1297.1,12.6329,10.6353
417.598,-1592.69,11.9948,10.6346
-503.253,1124.28,13.6289,10.6346
-1281.33,1825.99,12.9877,10.6346
1863.49,345.953,11.2988,10.6344
-1708.4,458.393,11.913,10.6342
1725.43,736.764,11.392,10.6341
422.005,-1316.57,12.5473,10.634
-542.207,-1877.75,12.8937,10.634
1578.97,-175.991,24.549,10.6337
-1427.64,1025.79,13.922,10.6337
-1341.8,1414.72,14.7089,10.6336
-1556.9,-1368.43,57.6557,10.6328
1284.31,-485.557,12.7308,10.6327
1618.36,-986.923,15.7066,10.6326
-1164.8,601.555,11.4971,10.6325
-1614.45,754.534,17.6544,10.6324
-27.9297,-1466.42,12.4529,10.6318
902.39,1610.33,12.2514,10.6314
-809.152,1904.16,11.2673,10.6302
-1796.13,1546.45,12.4671,10.628
-835.387,1608.99,11.282,10.627
-1165.46,-1192.88,14.1406,10.6268
-1701.79,387.701,12.117,10.6254
-387.159,-1621.56,14.9065,10.6246
1175.11,-1823.71,14.1959,10.6236
-552.831,1520.15,37.4679,10.6235
-1200.57,-292.909,12.3526,10.6229
797.648,-966.402,15.3546,10.6218
1372.84,-1114.37,12.2948,10.6212
-428.314,971.688,12.4733,10.621
-1777.43,1663.76,18.5881,10.6205
1406.98,-1515.56,15.5238,10.6196
203.224,-1532.7,11.7524,10.6194
350.56,-1847.09,13.7307,10.6193
-681.933,-1431.46,12.4104,10.6189
-392.257,1647.22,11.3928,10.6181
1418.42,618.197,12.8542,10.6178
209.586,-1008.67,13.9063,10.6176
-719.93,-1403.31,11.3674,10.6171
-1046.02,1170.56,12.4285,10.6161
-207.228,1662.96,18.6159,10.6137
138.861,-1788.95,11.6597,10.6136
-1553.06,-1290.17,12.4288,10.6136
-525.919,1058.42,20.0974,10.6128
1315.76,1791.12,11.8081,10.6121
978.689,-1077.81,16.1291,10.612
1838.8,-667.12,28.0581,10.6113
547.918,1164.41,12.5265,10.6098
-324.186,1338.69,18.8205,10.6094
-1151.3,795.544,14.0081,10.6092
122.333,1714.27,13.9309,10.6089
1295.14,-1539.58,17.3212,10.6089
-1649.69,656.184,12.7313,10.6087
1374.49,-1524.54,12.8946,10.608
-1417.91,1180.72,11.8328,10.6075
1186.59,-128.175,11.5427,10.6068
-1061.19,-651.479,16.3433,10.6065
-1108.09,1226.19,12.2486,10.6064
-343.587,-1255.26,14.2534,10.6063
-1393.47,-834.285,16.9234,10.6058
-1898.42,8.48018,13.9069,10.6057
1812.31,-1874.27,11.4952,10.6054
-1098.39,-1466.12,12.9306,10.6047
155.706,-1848.57,11.9595,10.6042
1569.52,-1084.52,11.9045,10.6035
-1714.88,95.3043,13.2157,10.6034
453.91,-1626.95,11.5746,10.6031
-249.288,1900.14,15.0285,10.602
-1580.27,-318.225,39.1044,10.6017
1521.75,1842.04,16.5503,10.6008
1655.05,-791.601,11.4353,10.6
-1334.37,-719.082,11.9804,10.5999
-1716.35,-462.239,12.9885,10.5989
-443.872,1777.5,12.7268,10.5987
1602.36,-1662.1,15.6593,10.5987
-1328.24,-812.61,13.5889,10.5986
1027.53,1087.23,18.6217,10.5982
-156.136,1715.53,12.0973,10.5975
1353.49,859.505,31.4555,10.5974
-1728.73,-1702.58,12.3548,10.5974
1498.07,-851.25,11.6899,10.5973
-1671.47,-1869.37,14.5645,10.5963
-1416.29,-1141.36,11.3503,10.5955
-1782.53,1500.91,39.0042,10.5955
1831.01,-1372.88,11.4881,10.5953
776.389,-1347.06,12.3695,10.5951
-1447.89,-767.898,14.9958,10.5946
1808.6,196.926,14.4837,10.593
-187.389,-952.535,11.3615,10.5924
-1388.77,304.619,11.6452,10.5917
1688.11,-1439.83,23.4028,10.5897
1380.09,-1422.07,13.6398,10.5891
-262.759,1084.84,15.0558,10.5873
1507.57,120.154,16.8955,10.5872
679.051,-1675.39,13.6654,10.5865
1626.43,-792.289,25.685,10.5854
1687.57,1194.64,13.9144,10.5852
1767.13,1714.83,12.076,10.5839
-386.699,-1809.01,11.5263,10.5829
1453.4,1022.99,12.7563,10.582
473.779,1541.25,11.4218,10.5809
1700.47,502.735,11.769,10.5808
-1556.92,-324.855,19.3197,10.5804
85.5474,-1124.02,11.5103,10.5804
-462.256,1417.94,23.0811,10.5803
-42.3188,1423.69,14.0124,10.5801
1279.37,-631.461,18.7026,10.5781
934.637,1270.29,11.5086,10.578
1234.98,1399.22,12.049,10.5776
1404.57,650.091,11.6589,10.5775
-705.653,1619.56,11.5722,10.5773
-1246.66,1496.23,11.9766,10.5773
1138.74,443.499,11.7171,10.5765
-790.648,-1444.74,12.3382,10.5748
531.791,1601.5,11.5457,10.5745
-1478.25,1332.22,11.2916,10.5743
1135.17,-496.216,14.4549,10.5737
-1868.26,-1634.57,11.31,10.5726
-1729.33,-180.456,12.6118,10.5726
230.486,-1468.42,12.8078,10.5722
-11.1021,1112.75,11.8656,10.5718
-1119.42,-1466.18,17.3571,10.5714
153.663,1057.32,15.7605,10.5701
-1501.29,970.523,15.34,10.5676
54.4,-1247.3,11.9099,10.5676
-1171.88,188.805,12.3373,10.5676
-1870.75,1672.46,11.7887,10.5675
112.773,-1607.75,13.9323,10.5672
-30.8473,-1588.01,11.6531,10.5665
1552.71,387.688,13.3845,10.566
-354.846,-1530.67,11.2653,10.5655
1623.36,-1346.58,13.444,10.5638
-1481.11,-129.357,12.1945,10.5621
-1692.67,-991.837,36.6116,10.5619
-1732.78,805.473,13.6109,10.5612
1838.94,-887.798,13.2176,10.5608
1694.7,596.603,12.1315,10.5604
1454.36,-597.408,13.5134,10.5603
991.218,-793.647,16.2812,10.5602
1295.03,1774.88,11.742,10.5597
-121.758,1048.59,11.9032,10.5595
-1202.63,966.546,15.2823,10.5594
1016.53,-1343.82,18.8999,10.5593
-821.108,1284.98,14.4077,10.5593
-735.541,1789.15,12.4401,10.5592
1735.15,-61.275,15.144,10.5577
-186.318,1140.98,11.2635,10.5571
1288.17,824.225,11.6182,10.5564
-1119.49,1881.02,18.6485,10.5563
1029.31,1632.18,12.5679,10.5557
-19.4712,1039.66,16.1803,10.5548
1222.62,1408.59,12.0199,10.5547
1748.12,-82.3805,12.5563,10.5542
1409.22,475.041,11.2542,10.554
-1250.96,-1899.81,12.1667,10.5538
-1148.5,-1560.77,11.4904,10.5526
-794.619,1205.65,16.8931,10.5515
703.346,975.267,13.9228,10.5511
-1059.53,1063.34,12.1467,10.5496
975.858,840.921,15.0596,10.5487
-85.4391,1514.31,11.9969,10.5484
61.3173,-1845.79,15.5751,10.548
1794.41,22.2502,12.7071,10.5475
228.349,1624.27,15.7596,10.5471
-964.932,1830.4,15.7997,10.5469
261.209,-1870.22,14.0426,10.5468
-1476.15,231.365,12.9789,10.5456
824.729,1419.3,28.4708,10.545
-1124.56,1072.55,12.3729,10.5443
-528.473,-1175.94,13.774,10.5435
1029.52,-1901.27,13.6817,10.5422
1685.11,1598.38,11.7136,10.5422
1585.55,-176.458,11.9959,10.5421
-1101.71,1515.25,23.572,10.541
1333.2,730.497,12.4553,10.5401
-876.845,-1901.73,11.6271,10.5389
-1429.07,-1283.12,11.7905,10.5384
-705.54,1652.69,11.8835,10.5378
-1637.29,-930.288,17.7436,10.5368
-1284.28,558.933,11.3473,10.5366
1251.59,-694.523,13.2341,10.5364
279.998,976.557,13.2644,10.5362
1103.73,-482.9,18.1135,10.5356
-977.23,-787.017,11.7488,10.5355
-1801.04,-1582.73,32.3789,10.535
1732.24,459.372,19.2285,10.5348
-879.219,1738.68,12.0527,10.5341
1601.06,1741.95,14.7291,10.5338
1284.18,-520.02,11.4272,10.5338
998.637,923.504,13.6178,10.5328
196.222,-1605.31,12.3459,10.5323
-691.497,1553.64,12.5697,10.5321
-1187.52,-977.738,13.371,10.5321
-1866.34,376.673,11.6184,10.5318
1087.66,157.469,39.5005,10.5317
1805.61,1466.95,16.4794,10.5307
1785.19,880.691,13.142,10.5306
-182.866,1821.42,11.6001,10.5294
1890.98,1023.16,12.3766,10.5282
1660.44,409.494,11.4912,10.5269
-1590.98,840.774,11.3988,10.5268
-643.767,-1233.43,13.2882,10.5252
-1174.63,1116.89,35.4244,10.5246
1407.84,-6.73141,14.632,10.5215
1268.63,-281.814,22.9852,10.5213
132.736,1847.84,11.5673,10.52
-772.571,-1831.26,12.7685,10.519
1519.07,412.459,30.3839,10.5184
-712.357,-1588.74,22.7123,10.5182
-1518.66,1620.96,12.1925,10.5182
-1497.39,191.709,13.0368,10.5179
17.7855,972.329,15.905,10.5169
1088.01,-1707.03,14.165,10.5167
-1540.53,1508.85,11.5181,10.5162
1832.12,1094.55,11.7136,10.5154
-1718.34,1840.47,12.0944,10.5151
971.015,1319.5,15.5561,10.5149
968.194,-966.896,13.836,10.5149
-517.32,1226.68,15.7042,10.5148
729.462,-1094.45,12.1525,10.5144
-515.941,-1882.6,11.9777,10.5144
-1278.09,1376.11,14.7809,10.5138
-1016.58,-1864.86,18.4388,10.5137
1032.34,-59.5788,12.208,10.5135
1490.87,-1431.41,11.4527,10.5123
-1380.87,-1581.86,14.268,10.5123
-1147.46,-133.128,12.686,10.5097
-818.164,-1531.49,17.4599,10.5096
-1880.33,-1379.66,13.8835,10.5094
1591.06,-1096.83,11.7687,10.5077
-853.456,-1590.01,15.3817,10.5073
855.534,-1898.22,15.5556,10.5065
-1498.27,-1333.22,18.6909,10.5045
954.713,437.707,15.7296,10.5044
1453.77,589.589,13.9672,10.5032
-1408.17,1383.97,12.3052,10.5027
1349.3,38.5123,12.2146,10.5013
-1290.5,-751.689,12.2504,10.5007
59.7663,-1729.86,12.2381,10.5002
-1588.49,1008.09,11.6044,10.4992
-1869.4,-1714.91,11.5638,10.4987
1501,-453.877,11.8091,10.498
-1308.75,-24.6452,20.897,10.4972
134.568,-1074.26,11.7625,10.4965
-1087.14,1464.42,15.9759,10.496
1436.52,365.713,11.3938,10.4955
306.849,-1377.82,14.2728,10.493
-1524.63,310.164,14.8265,10.4911
965.206,-1504.97,11.3526,10.4902
1000.31,-1140.1,11.2937,10.4901
-1775.97,-1790.95,20.155,10.4895
128.248,1648.4,20.2086,10.4895
436.538,1697.19,12.8385,10.4891
1290.03,1576.22,15.6827,10.4889
1631.72,500.481,17.0069,10.4883
-759.246,1505.66,15.8253,10.488
1508.11,584.706,13.0508,10.4871
86.9598,-1322.95,14.4508,10.4869
-1892.54,1230.15,12.2087,10.4869
-1027.92,-643.381,13.6338,10.4867
-1656.64,-1521.14,11.4199,10.4865
1887.82,-674.642,11.9886,10.4864
-47.023,-1641.33,14.2547,10.4858
-1903.88,-1528.97,12.9152,10.4856
316.782,-1095.62,15.5121,10.4851
1735.99,-843.694,18.0472,10.4847
-1345.59,-797.629,12.8281,10.4824
-73.8462,1164.12,11.8161,10.4814
1899.49,-1518.04,16.5533,10.4814
852.19,-1241.53,12.13,10.4813
-309.491,-1600.63,11.2797,10.4811
-1629.12,1678.35,15.546,10.4798
-224.911,1014.22,15.5144,10.4792
700.296,1130.38,11.8035,10.4778
-1374.99,613.116,12.4571,10.4778
-1598.25,1347.4,12.8584,10.4768
-798.749,1795.94,17.3944,10.4762
-298.743,1419.69,14.3276,10.4754
316.888,-1828.34,13.2862,10.4752
103.094,-1057.41,12.3861,10.4742
-1659.76,-1715.16,11.7495,10.4735
1754.37,23.3008,15.8229,10.4721
-1618.82,-1551.52,12.2793,10.4708
-122.705,1360.85,12.6527,10.4703
-666.78,-1392.4,13.5006,10.4697
-1310.28,-1238.12,15.258,10.4695
1229.46,99.1307,12.4037,10.469
-167.429,-1413.73,13.6378,10.4682
544.509,-1197.57,12.1848,10.4676
681.696,-1653.53,17.1245,10.4672
-1061.89,-201.343,14.8633,10.467
1286.41,1263.4,13.9264,10.4663
-1309.3,502.505,14.0664,10.4662
-344.312,-1261.74,11.4241,10.4658
1144.93,-1717.07,11.5399,10.4651
1445.77,-496.858,16.3199,10.4651
-809.637,-961.974,14.4041,10.4648
-322.299,1086.17,20.7215,10.4642
-642.71,1049.71,12.0228,10.4634
1452.07,-799.695,11.9857,10.4634
-125.346,1289.29,13.2351,10.4631
-1125.95,667.871,14.5772,10.4628
-1748.44,-453.347,37.2503,10.4625
1447.91,1569.88,12.1262,10.4621
1198.82,-1893.73,15.1408,10.4616
996.071,-1668.14,13.1883,10.4615
-966.23,-322.768,12.593,10.4612
-158.746,-1383.55,13.7917,10.4608
961.872,254.274,14.6319,10.4599
1461.31,-1304.74,13.742,10.4582
1310.86,-303.837,11.8005,10.4581
-972.613,-1494.07,11.7636,10.4581
1248.72,1353.61,13.204,10.458
-1001.17,-1055.2,20.9714,10.4565
1523.57,101.417,12.3238,10.4564
-1586,468.286,11.7643,10.4559
-3.54312,1438.47,14.0979,10.4551
-151.521,1307.96,21.5057,10.4541
1349.68,1275.32,11.7254,10.4527
-141.925,-1187.75,12.6101,10.4513
-1784.95,-148.366,18.3654,10.4513
1074.6,344.496,12.6908,10.4511
1897.03,-1229.28,12.4753,10.4509
-1174.93,-1329.18,12.0061,10.4508
1887.59,1254.71,11.5449,10.4507
1894.67,1494.84,11.5159,10.45
-1534.57,355.139,12.2355,10.4497
245.557,-1533.96,15.9991,10.4492
-1237.36,746.143,13.827,10.4489
1665.67,693.597,12.4541,10.4486
1411.83,-1115.29,19.7689,10.4486
-501.715,-1144.62,12.4147,10.4485
-45.9389,-1057.91,12.6825,10.4479
1096.03,-790.309,12.7518,10.4474
-1766.25,59.8853,11.6803,10.4474
-1294.85,517.374,13.9468,10.4472
946.656,-1469.75,14.495,10.4469
-1700.63,1585.07,16.6304,10.4466
1005.47,-1761.86,12.0641,10.4447
968.333,-89.8214,12.3163,10.4445
839.148,1485.26,17.0601,10.4439
-1419.33,-764.795,15.3142,10.4435
-220.653,-1485.55,21.8234,10.4434
-360.512,-1405.82,12.3204,10.4429
583.307,-946.852,20.6555,10.4429
-337.183,1229.54,12.4582,10.4422
1179.23,-927.042,14.6589,10.4411
-1906.05,-1556.3,11.4653,10.4409
-305.188,1559.76,15.4439,10.4399
-1846.84,1353.74,12.1521,10.4395
1242.6,-1391.01,14.5018,10.4388
-1592.99,-1491.51,14.0481,10.4385
1031.75,-0.269921,16.29,10.4382
1655.19,614.603,11.6085,10.4364
-1629.87,-1746.04,12.4232,10.4357
-13.2458,-1837.68,12.0736,10.4344
-1776.46,1756.41,16.1501,10.4342
1515.87,1537.06,14.8788,10.4337
28.1803,1159.21,24.9172,10.433
1743.13,1478.45,14.0474,10.4328
1689.81,-93.4229,18.5922,10.4322
1604.17,1830.04,13.5653,10.4322
734.361,-996.024,11.9466,10.4316
168.074,-970.134,12.0703,10.4315
-1581.29,1709.35,12.247,10.4296
298.997,-1759.68,25.6834,10.4294
-896.529,1349.56,15.1073,10.4294
-67.2089,1049.66,27.5614,10.4291
-1862.94,1638.43,11.6349,10.4286
-645.72,1458.98,12.9801,10.4286
-991.19,1119.42,11.2525,10.4281
-1533.42,-1772.32,12.1936,10.4281
432.294,-1489.61,11.2992,10.4255
-468.935,-1712.6,11.3809,10.4254
-1654.64,-458.844,14.1231,10.4251
-995.701,1187.57,13.2225,10.4234
1264.16,-1551.19,29.8902,10.4228
1317.96,-1802.58,11.4657,10.4228
-147.202,1819.26,14.3937,10.4179
-80.9142,1396.49,14.6447,10.4171
84.7167,-1364.62,12.7926,10.4168
1581.89,-1393.35,14.6959,10.4161
1267.32,269.551,13.0917,10.4159
-1840.57,1306.93,15.6137,10.4151
-955.09,316.696,11.8799,10.4144
1439.44,-1101.86,17.4306,10.412
328.702,-1539.59,11.4474,10.4118
-1760.94,-599.922,12.7746,10.4101
-1018.4,-1048.39,16.4117,10.4096
-1758.55,1223.89,32.7594,10.4092
-1201.03,275.848,11.7609,10.4084
-1296.19,499.626,11.7279,10.4083
-327.842,951.284,11.6705,10.4078
1030.35,1373.84,12.2356,10.4073
-1483.67,-1179.84,13.2436,10.4073
1387.33,-1031.6,15.7761,10.407
-1547.26,1043.12,13.3264,10.407
147.771,-1366.98,12.5714,10.4065
1176.49,421.542,11.277,10.4043
-1755.68,1092.47,13.564,10.4034
956.758,-888.932,14.3525,10.402
709.28,1514.6,11.5046,10.4012
-1138.68,1424.83,12.4371,10.4007
-1724.09,83.7631,20.3908,10.4001
1871.43,-268.037,17.4287,10.3998
-1235.91,484.878,13.421,10.3988
-759.653,-1511.84,11.6427,10.3983
1857.25,-1115.87,29.0862,10.3982
-986.8,-408.046,11.9416,10.3977
931.06,-1888.57,12.5535,10.3976
-14.2438,1436.44,13.3431,10.3976
1358.64,-1446.43,12.7261,10.3975
1096.02,393.627,12.6945,10.3975
-1904.97,-1546.62,11.8916,10.3963
-131.149,1659.08,14.9867,10.3963
-1379.25,630.73,16.3469,10.3962
-1605.88,603.573,13.3458,10.396
-1036.88,-34.3706,11.9822,10.3957
810.854,-1550.88,12.8073,10.3956
1231.44,41.7831,12.3625,10.3955
-549.026,1252.06,14.8865,10.3954
-1265.64,-1862.36,11.4398,10.3949
-1891.68,-1183.4,11.8505,10.394
11.6481,1438.13,12.9152,10.3919
-1699.24,-1454.15,26.3839,10.3913
-794.421,-1813.53,12.4298,10.3912
36.9118,-1027.13,13.5151,10.391
-1139.83,-238.224,16.238,10.3909
1603.73,-1641.39,17.9752,10.3904
-1019.01,447.646,17.5283,10.3904
836.223,1231.39,11.4982,10.3902
-1522.01,1677.01,18.8962,10.3899
1374.35,384.525,13.0619,10.3895
955.985,-1009.98,14.4281,10.3892
-1834.91,906.968,14.479,10.389
1665.87,-1768.27,16.0539,10.389
723.661,1815.56,11.793,10.3888
1797.33,712.272,16.8113,10.3883
741.284,1688,11.8129,10.3882
-502.399,-1416.87,12.0352,10.3878
-370.995,-1791.18,14.2655,10.3878
-798.788,1642.7,11.9793,10.3877
-1590.43,1850.83,13.8533,10.3874
-1226.44,-627.263,18.6116,10.3871
1138.18,776.262,12.3391,10.3865
-78.29,1115.05,12.1422,10.3865
-1195.74,380.19,18.03,10.3859
-1300.14,-1096.73,11.5018,10.3857
-194.609,-1312.36,15.3184,10.3856
-327.097,1530.82,13.035,10.3856
176.359,1539.83,15.9836,10.3837
1387.43,-340.469,11.4595,10.3835
1888.98,-1455.33,14.1211,10.3834
1759.13,-119.236,11.2722,10.3821
-201.486,1440.55,11.3822,10.3821
-791.46,-1612.87,11.3168,10.3812
-408.367,1389.81,13.7341,10.3809
-99.9277,-1714.86,11.3214,10.3808
-1400.99,-95.986,11.3437,10.3807
1231.99,11.4889,14.4125,10.3799
271.96,1435.05,11.649,10.3798
-1615.42,357.11,17.6948,10.3798
-1798.1,1322.77,21.8403,10.3793
1020.18,568.653,11.9565,10.3776
-412.622,1742.09,13.0944,10.3728
-1566.6,-577.566,11.9274,10.372
-724.424,-1288.26,14.5507,10.372
460.739,1015.25,11.2551,10.3702
1215,-653.203,14.1149,10.3701
-1208.02,-1820.99,13.6465,10.37
1414.87,388.048,12.5701,10.3698
1849.54,666.612,11.5871,10.3694
1031.34,-1345.42,12.8679,10.3692
55.1938,1257.85,11.653,10.3681
-1358.88,610.392,20.2587,10.3681
-1881.21,-290.288,11.6935,10.3677
1264.6,-590.124,11.8113,10.3669
-1598.49,-348.852,11.5475,10.3669
1518.58,1157.19,12.3079,10.3666
1652.53,-432.199,12.5577,10.3663
925.102,-1406.72,12.1138,10.3657
849.353,-1462.6,15.0687,10.3656
-1775.3,-38.8828,24.6387,10.3654
-1303.14,451.741,11.4347,10.3652
1120.88,-795.917,14.5047,10.3641
1442.26,1131.06,11.3198,10.3641
-1111.57,915.765,11.3614,10.3639
1594.76,440.079,14.1639,10.3613
50.0762,1296.01,12.3525,10.3603
1773.94,479.586,11.5512,10.3603
-1554.05,-1321.87,13.2049,10.359
1303.46,1364.75,14.6565,10.3589
-642.573,-1005.31,12.1438,10.3589
-1383.49,-1382.99,13.8633,10.3574
-1777.84,-851.513,12.5259,10.3566
1671.39,355.726,11.5136,10.3556
1127.83,466.69,71.3866,10.3545
1066.65,1188.85,14.9538,10.3536
836.441,-1104.75,17.5895,10.3531
1661.61,1797.03,11.6464,10.3531
588.827,955.805,21.5659,10.353
1626.57,1009.44,18.6099,10.3529
1360.86,598.524,12.2809,10.3522
-660.495,-1895.49,11.2606,10.3518
-1593.71,-1075.27,11.4706,10.3516
-1533.27,-1734.66,14.2677,10.3515
792.154,-1187.07,11.6987,10.3508
1300.59,1673.49,11.6071,10.3506
-1772.19,389.751,11.5937,10.35
1545.58,-1166.35,16.7385,10.3491
1538.71,1301.35,12.4117,10.3491
-80.2719,-974.36,12.0981,10.349
1244.38,-639.393,13.2332,10.3481
444.39,1787.23,12.0824,10.3476
-1345.09,421.81,11.6601,10.3475
-556.691,1609.84,17.8876,10.3473
-1710.1,-472.599,13.4025,10.3468
1551.19,298.932,16.352,10.3468
1091.55,40.4375,13.6733,10.3465
-592.853,1561.16,16.3371,10.3454
597.973,1205.93,20.7946,10.345
-1727.74,366.878,12.9258,10.3448
1579.85,-1218.48,12.7068,10.3435
-1488.7,1202.3,18.3044,10.3435
948.348,408.436,12.1575,10.3433
-1208.69,-1404.18,11.7463,10.3424
-1070.61,-624.993,19.0327,10.3422
-538.677,1246.44,14.5045,10.3418
-978.691,-1771.36,11.6715,10.3408
-1413.47,1177.6,14.1908,10.3407
-538.396,1103.87,11.3754,10.3404
-1747.94,-1634.57,15.9802,10.3394
-373.253,1172.46,12.9369,10.3382
1795.29,1545.95,15.1539,10.3378
-261.839,1788.53,12.4019,10.337
219.959,1366.25,15.1348,10.337
-1774.16,1170.8,13.0701,10.3351
1161.71,389.152,13.0808,10.3341
-1549.15,435.769,16.3979,10.3336
-1404.79,683.9,17.651,10.3336
-1821.79,1645.33,14.0405,10.3335
-1840.27,-366.136,11.8313,10.333
958.736,1552.06,14.1189,10.3328
-635.956,1138.52,12.6833,10.3327
-1050.59,1499.04,12.3867,10.3313
1295.67,-1868.93,11.3,10.331
-864.012,974.545,12.7596,10.331
1739.76,-1875.69,13.0567,10.3309
-1561.14,1733.54,16.1253,10.3273
-1299.57,426.827,12.1747,10.3263
-699.408,1549.24,13.3781,10.3263
-1068.86,-683.814,15.2129,10.3259
1629.51,787.158,12.1087,10.3259
1758.59,973.572,12.0332,10.3256
-1295.28,-1402.06,12.3685,10.3252
1048.15,-1707.56,12.821,10.3247
497.762,-960.304,12.5554,10.3244
-526.042,-1631.74,11.2906,10.3241
-1606.31,376.505,14.2696,10.3236
59.4686,-1773.9,11.6768,10.3233
1684.17,307.253,11.5071,10.3233
1028.03,-1198.05,21.944,10.3231
-68.6749,-1892.75,11.3149,10.3231
-761.501,-1719.89,16.8758,10.3229
-1128.99,1200.52,11.9668,10.3227
708.368,1359.13,13.7297,10.3223
-1403.82,1226.23,11.3587,10.3216
1276.59,-1468.2,12.3051,10.3215
-1220.3,1517.31,14.0985,10.321
109.521,1448.1,17.6167,10.3207
1648.14,101.165,11.3772,10.3205
-969.882,-230.372,17.6685,10.3197
-693.213,-1429.57,11.3262,10.3192
-585.788,1068.93,16.7806,10.3184
-1899.8,-171.271,15.7853,10.3182
1653.07,-746.105,21.3484,10.3161
-1022.43,-1593.02,15.1475,10.3159
1046.11,993.644,12.0833,10.3157
-1733.38,-1796,14.0107,10.3156
-1719.36,-186.019,28.8634,10.3155
1568.14,819.832,14.5969,10.3138
515.23,-1309.87,18.0989,10.3134
-1300.44,-1318,15.0127,10.3113
-1317.49,-1758.22,12.0103,10.3107
-1308.07,1841.86,13.6071,10.3097
957.069,1104.11,15.7011,10.3095
1398.35,1044.04,19.6903,10.3094
-1034.16,-1099.18,11.4937,10.309
-875.211,1671.44,12.5242,10.3086
810.226,1444.91,12.8238,10.3082
1769.26,-1295.89,16.044,10.3081
-1776.11,-194.056,14.6823,10.3081
1876.27,1255.62,16.2691,10.3075
842.055,1609.41,11.7224,10.3072
641.601,1337.11,11.7664,10.3065
-1470.76,927.817,13.9913,10.3065
1499.09,-35.9753,11.4223,10.3054
1824.89,-169.437,14.3404,10.3038
-585.252,1615.45,14.4652,10.303
-180.491,-1087.79,13.713,10.3009
-1417.93,1831.65,13.4902,10.3003
-1091.48,1493.43,13.2326,10.3001
-1571.73,-945.703,11.7144,10.299
-976.404,-545.135,13.9159,10.2972
1549.82,-1593.58,11.5714,10.2969
-1850.2,1460,11.5678,10.2967
-1195.06,-364.336,21.7722,10.296
104.002,1529.2,14.5655,10.2959
-1810.5,-763.337,15.0379,10.2957
1597.86,438.18,17.2695,10.2956
1644.67,509.541,15.043,10.2948
1612.79,925.174,16.0465,10.2935
1095.96,1779.09,12.2356,10.2935
-1883.7,-1758.06,11.9609,10.2933
-961.124,-1238.38,15.0966,10.2933
-1384.07,202.32,12.3901,10.293
-1340.06,-1661.84,11.5007,10.2929
1828.67,300.095,11.2924,10.2922
-1791.16,-1867.54,11.7484,10.2916
-42.871,-1178.1,14.8726,10.2907
75.0578,-1434.45,11.2801,10.2905
-1094.91,1312.46,13.2705,10.2905
-397.056,-1255.27,15.3758,10.29
-648.189,-1289.86,21.4904,10.2896
16.5972,1569.47,12.3124,10.2886
1871.65,-700.802,15.8571,10.2883
-41.1923,1378.61,18.697,10.2872
-98.554,-1409.36,12.4595,10.2872
-1062.06,-289.405,17.9696,10.2862
106.552,-1787.75,12.1512,10.2855
1866.75,896.4,11.2913,10.2854
1782.19,-1876.05,14.012,10.2852
883.443,-1741.62,11.5073,10.2851
-1016.67,657.124,11.2626,10.285
-331.982,955.361,11.793,10.2839
-558.651,1664.03,12.4416,10.2821
294.138,1248.9,15.0208,10.2821
988.287,1520.16,11.3532,10.2819
877.291,1305.85,17.6588,10.2799
15.8607,-1870.37,11.3846,10.2788
-487.614,1585.36,12.9683,10.2782
336.526,1392.06,12.4319,10.2779
1229.65,-41.8597,12.114,10.2769
-735.467,-1241.25,20.1358,10.2765
11.0788,-1792.44,18.1275,10.2758
1815.64,1581.91,12.1168,10.2746
997.289,1839.07,12.6442,10.2742
1569.72,-388.747,13.3754,10.2736
858.828,-1822.11,11.3935,10.2733
1030.76,1062.45,11.2514,10.2731
-413.346,1141.8,13.674,10.2722
1217.82,1590.08,14.9621,10.272
1395.89,148.23,12.9973,10.27
-1771.48,-590.999,11.451,10.2695
-1225.07,-130.813,13.6126,10.2692
-712.521,-1834.74,12.4503,10.2687
1753.38,1298.21,13.4888,10.2686
1306.03,163.432,14.5141,10.2666
-963.434,395.675,11.2901,10.2665
-959.418,1888.25,11.3781,10.2656
139.345,-1711.58,13.0687,10.265
1050.07,518.089,11.9145,10.264
447.832,-1206.78,11.6316,10.2633
1054.97,1665.93,12.9016,10.2619
-969.155,-912.626,11.8721,10.2615
-1823.44,1087.24,12.7027,10.2614
1415.39,1089.86,12.9105,10.2614
-1302.84,1313.77,11.8965,10.2612
-459.824,1738.9,12.187,10.2611
-1689.91,1804.98,14.7769,10.2608
-981.42,-1716.87,20.7082,10.259
984.332,-473.574,14.132,10.2583
1040.16,1219.98,14.1226,10.2582
-447.605,1438.73,12.7499,10.256
1126.22,-177.897,11.5227,10.2555
795.069,-1235.96,12.1733,10.2553
-213.774,-1104,15.0126,10.2549
-23.6041,-1244.83,13.5877,10.2544
1319.02,-1244.16,15.612,10.254
-1471.95,519.718,15.781,10.2537
-996.089,-1273.02,13.2828,10.2537
-615.88,963.342,14.9215,10.2526
194.135,1306.18,20.7888,10.2526
1054.82,-678.311,11.9729,10.2523
1663.26,1689.88,11.4949,10.252
1312.78,-786.616,12.3738,10.2515
617.45,-1062.08,14.7424,10.2512
-1820.75,-963.798,14.2751,10.2507
435.635,1092.97,13.2194,10.2503
-1336.53,1853.65,11.4346,10.2496
1759.32,-813.253,11.6377,10.2494
-154.719,-1623.56,17.0685,10.249
-930.794,-1211.95,12.1495,10.2489
-1565.8,-1486.49,19.0202,10.248
-1024.27,701.307,11.981,10.2465
1813.16,21.5685,11.6999,10.2462
-480.124,1815.28,13.0363,10.246
-1765.46,-1775.3,13.3095,10.2433
-1681.01,1508.02,13.0216,10.2428
1066.14,1822.98,12.0597,10.2412
-1463.56,1791.43,13.1612,10.2411
1463.48,-617.285,14.4459,10.2404
1671.89,-1328.61,12.7803,10.2394
1162.95,76.151,15.8528,10.2384
1458.13,-1778.78,15.8159,10.2379
109.814,1672.82,16.9568,10.2376
1095.12,-1410.18,16.3382,10.2374
-1798.93,-1320.45,11.7743,10.2372
-484.039,1003.55,12.1027,10.2372
-1011.41,-1030.81,11.8448,10.2365
-1291.72,-92.7149,11.3955,10.2346
-1070.66,-1279.9,20.4826,10.2314
-1481.75,1752.57,16.0926,10.2304
-923.439,1015.53,12.2566,10.2294
-1609.39,1504.48,23.6559,10.2293
-1567.65,-1895.62,11.7477,10.2292
-1090.35,-1336.17,16.0897,10.2283
1654.68,-1158.66,23.8476,10.2279
475.006,-1703.93,13.5424,10.2276
-1728.21,903.008,11.311,10.2275
-481.997,-1588.03,28.6739,10.2273
1127.72,-1481.25,12.0092,10.2269
-222.711,1078.49,11.8308,10.2265
18.9695,1039.12,12.0676,10.2263
-1286.4,1352.47,16.492,10.2253
1335.61,-1605.02,14.2868,10.2248
-802.48,1539.09,11.7694,10.2245
4.67964,-1448.58,11.6098,10.2242
-72.0969,1650.48,14.9934,10.2241
-151.216,963.886,11.6523,10.2237
-1348.69,587.053,11.8083,10.2237
1425.37,-1675.26,15.9312,10.2237
-963.358,674.148,12.6099,10.2228
-1654.36,847.635,14.0446,10.2225
-740.263,1513.96,12.5355,10.2223
-1397.79,-958.56,12.3156,10.2223
1733.19,-674.739,15.0167,10.222
-1840.59,1744.33,11.8196,10.2217
814.373,1508.53,12.4601,10.2215
-17.0657,1014.06,11.363,10.2206
-986.406,-1425.91,11.3928,10.2206
1646.82,1515.36,11.935,10.22
-1262.57,1459.67,13.9504,10.2197
-1110.74,570.55,14.4965,10.2194
1216.43,226.855,12.8187,10.2193
-299.393,-1221.02,11.2943,10.2191
-1881.48,1502.98,13.6072,10.2186
1311.64,1375.37,12.3249,10.2184
-1477.71,10.3405,13.9999,10.2183
-444.583,-1197.78,11.3503,10.2181
-1124.87,184.068,21.1171,10.2173
1602.88,-1232.12,11.9383,10.2168
-612.701,1248.75,11.4964,10.2167
1347.83,1234.43,11.6168,10.2157
-437.271,-995.258,13.4279,10.2154
1086.9,268.451,13.0889,10.2143
1669.59,1848.54,11.7944,10.2136
1203.43,86.3337,14.556,10.213
-1122.75,-916.893,11.8997,10.2124
-1481.64,-1342.3,15.4735,10.2123
-1525.22,-679.107,11.9465,10.2118
1781.2,5.43309,15.9615,10.2108
-16.9429,1753.59,15.4817,10.2106
-1583.87,1039.72,11.4747,10.2105
-1456.76,-932.63,12.8267,10.2104
-1858.08,1207.2,11.6584,10.2098
1615.68,1702.69,11.6985,10.2091
-1037.3,-423.628,11.9366,10.2081
1412.08,-504.34,16.261,10.2061
1523.84,1586.46,12.1652,10.2061
753.219,1795.12,12.5665,10.2058
1651.4,1022.54,20.9986,10.2055
-382.239,-1786.85,12.3262,10.2052
1532.67,183.882,15.6758,10.2044
-929.808,-1470.04,14.474,10.2044
278.22,1314.86,26.2211,10.204
1861.17,1628.98,12.1764,10.2029
1865.42,555.378,12.9314,10.2027
-1267.5,-1282.41,12.176,10.2026
1.30588,-1009.41,11.9807,10.2017
706.358,-1351.3,12.6653,10.1999
-687.158,959.284,21.3474,10.199
955.877,1005.12,12.572,10.1982
-908.212,-1259.97,11.4702,10.1977
-1372.14,-56.1266,13.1814,10.1976
970.495,968.028,15.0507,10.1958
-292.493,1104.55,11.5166,10.1951
-986.578,84.6905,17.4301,10.195
-1840.73,61.0347,12.9469,10.1948
1165.31,100.08,11.9407,10.1947
1648.15,756.809,11.3205,10.1944
-1073.95,-1217.61,17.9112,10.193
-682.937,-1715.18,17.559,10.192
-86.2307,1561.63,12.7985,10.1918
-802.114,-1473.99,19.7486,10.1908
279.692,1876.4,18.8402,10.19
-976.142,1010.86,11.7291,10.1895
-1740.42,1278.13,13.941,10.189
1423.91,1272.8,11.5162,10.1885
1427.21,1591.12,18.5501,10.1874
1802.15,-481.418,24.0714,10.1873
-1108.56,962.534,12.3604,10.1871
-485.251,1517.77,12.5723,10.1871
1257.78,1344.44,13.498,10.1859
-1014.91,775.386,11.8034,10.1847
-691.528,953.414,17.4541,10.1845
962.564,1614.18,11.5699,10.1839
295.376,-1163.59,12.4746,10.1827
-1317.7,-1343.78,15.8582,10.182
1212.59,-106.633,13.5508,10.1808
-51.9287,-1624.02,12.981,10.1807
-362.514,1889.32,11.4233,10.1804
-1618.55,-1735.15,28.4933,10.1787
1048.36,-533.438,21.2269,10.1775
204.921,1295.41,12.7328,10.1771
1477.54,-540.243,13.5283,10.176
-1754.33,-228.886,11.6704,10.1748
-131.296,1258.09,12.7353,10.1743
-125.711,-1676.89,24.3091,10.1743
1469.78,-367.723,14.4196,10.1742
-1476.94,1291.31,14.0231,10.174
-1638.1,-1244,13.4515,10.1739
-1321.99,-1706.35,12.8632,10.1738
-1416.81,1127.64,12.9512,10.1734
-217.524,1899.34,15.7451,10.1732
-5.89767,-1310.29,13.4098,10.1732
-258.566,-1694.37,14.2736,10.1729
5.72848,-1357.67,12.7264,10.1726
1307.54,-1567.28,11.7549,10.172
-1225.61,639.467,14.9351,10.172
-1426.69,334.146,11.5181,10.1719
-515.42,-1068.41,12.585,10.1715
893.504,1780.7,11.4245,10.1711
-793.435,-999.392,14.1934,10.1701
-994.061,728.827,18.018,10.1669
546.334,-1665.71,13.8268,10.1663
47.1796,1085.39,20.5363,10.1658
1385.17,894.571,11.7935,10.1636
1206.68,1598.53,13.0844,10.1633
-1578.65,-959.069,15.4468,10.1628
-1694.39,725.694,12.2367,10.1624
-937.924,1863.5,16.2237,10.1624
-791.512,-1256.75,17.0543,10.1619
269.905,1463.05,12.2086,10.16
902.897,1214.9,20.4848,10.1595
751.09,-1733.26,19.4022,10.1593
-294.507,-1747.71,17.742,10.158
-1287.59,-230.118,11.4273,10.1557
432.573,1242.41,11.2514,10.1555
-1821.59,920.044,13.5657,10.1553
1316.89,1640.32,11.6883,10.1533
1570.7,1280.27,13.4631,10.1532
1731.69,1344.16,15.9504,10.1528
1486.11,-1645.87,12.6846,10.1524
-1415.49,350.838,21.41,10.1516
-1135.9,1027.34,12.4525,10.1511
-1462.13,-1901.49,15.3238,10.1503
1469.18,222.204,11.9773,10.15
-659.366,-1103.54,12.0742,10.1493
-1675.83,-590.321,11.4689,10.1475
1310.96,-1051.48,16.0995,10.1472
333.15,1831.52,12.1546,10.1444
-934.38,993.516,18.2798,10.143
-1753.64,1699.91,12.1586,10.1423
-736.346,-1338.74,15.5255,10.1418
1225.28,-994.439,12.4877,10.1412
1844.19,620.547,11.4267,10.1404
1428.4,-1847.88,11.3146,10.1402
-1432.78,-671.662,16.3287,10.14
239.723,-1900.42,11.8849,10.1395
1264.62,929.97,11.5051,10.1391
-1571.62,-1144.46,11.3277,10.1385
869.457,1637.68,12.6567,10.1374
-1282.93,689.203,14.3035,10.1356
-314.667,-1545.32,12.8821,10.1356
1620.52,111.293,12.1587,10.1355
211.518,1033.1,11.8316,10.1351
-116.199,-1420.6,19.6478,10.1343
-1504.64,256.784,17.3217,10.1339
-541.173,-1734.09,11.6395,10.1333
-1682.77,-87.2944,11.3928,10.132
-1185.52,611.279,12.6378,10.1314
689.635,-1430.26,12.2276,10.1311
-189.884,-1901.2,12.5775,10.1304
1422.5,116.475,14.9244,10.1304
-14.57,986.431,14.8957,10.1303
-1493.09,1729.62,20.4362,10.1291
780.047,1282.79,11.3886,10.1287
1326.74,-1291.31,12.1866,10.1275
-960.656,550.012,15.468,10.1272
-1052.89,-387.28,19.7795,10.127
-329.155,1854.49,16.8806,10.1269
-1272.54,1195.8,17.0325,10.1262
1651.39,373.884,23.8387,10.1259
-438.836,1841.45,12.0202,10.1258
-1278.11,-1687.94,11.5211,10.1254
1624.15,-779.55,12.1028,10.1244
1199.19,-1022.11,18.973,10.1244
-1603.4,-540.244,13.4376,10.1244
319.818,1677.17,15.3012,10.1241
-650.35,1507.81,11.7424,10.124
1122.15,718.513,16.0046,10.1226
-1118.17,1857.4,42.1182,10.1222
435.866,-1807.81,14.5709,10.1221
-1462.3,-1467.24,11.4673,10.122
1500.87,-1045.11,15.3808,10.1217
-1839.42,274.164,13.6133,10.1215
-1278.39,352.507,17.0804,10.121
-706.593,-1613.14,11.5592,10.121
-864.214,-1119.31,12.1778,10.1204
905.426,-1531.58,29.0239,10.1189
1396.41,-23.0998,13.4305,10.1186
-529.047,1905.73,11.4854,10.1184
-596.909,1488.21,11.385,10.1184
506.264,1700.12,13.503,10.1181
-1093.24,830.871,12.3601,10.118
-371.556,969.263,13.9801,10.1179
-555.742,-1316.38,14.0239,10.1177
1528.82,1804.84,13.6963,10.1172
-1759.45,1830.75,12.4703,10.117
-1232.68,-1430.35,14.0387,10.1165
462.956,988.251,11.6405,10.1165
-982.44,1052.74,11.6541,10.1138
-1715.73,-1151.19,13.3797,10.1136
1157.73,329.421,11.4983,10.1134
81.2812,1724.68,11.4311,10.113
100.711,-1235.89,15.0434,10.1128
1816.94,-430.583,16.0918,10.1125
24.4516,1599.23,17.7143,10.112
-1758.34,635.497,14.8907,10.1119
-1449.85,-1168.15,12.9016,10.1113
-1342.04,1778.37,15.9142,10.1112
-1551.95,-1021.73,11.4591,10.1107
1723.49,395.337,13.7357,10.1106
-1671.48,-377.353,11.8221,10.1103
-620.368,1588.15,12.2598,10.1101
605.253,-1701.76,13.0033,10.1101
901.771,1217.49,13.8151,10.1084
-1365.3,-1802.1,11.6798,10.108
51.0496,-1566.59,12.3019,10.1079
824.39,963.084,33.5856,10.1077
1380.91,709.283,35.4941,10.1075
1792.23,938.399,11.7532,10.1066
974.398,1029.1,16.502,10.1065
1153.23,1400.19,11.9792,10.1061
-1366.06,1563.88,11.3097,10.1059
-1391.59,-1730.2,15.5359,10.1052
484.768,1583.55,14.4125,10.1049
1022.18,-1036.81,12.3322,10.1046
60.9808,-1811.91,21.436,10.1041
236.371,1579.94,20.2184,10.1036
-221.185,-1327.39,19.1345,10.1026
454.239,1076.63,11.3745,10.1023
1199.8,1673.32,31.8505,10.1021
-1891.19,-88.8714,12.1461,10.102
78.0764,-1427.15,20.0709,10.1017
1546.16,-626.161,13.4416,10.1016
1286.02,1592.05,13.0794,10.1016
-516.316,1574.37,12.87,10.1008
-425.175,1646.33,17.8699,10.1006
1901,531.218,11.2821,10.1
-1454.39,1582.19,11.6935,10.0993
1839.66,-1238.28,14.7556,10.0993
1028.93,-1198.32,11.4904,10.0991
1380.68,875.84,12.0398,10.0986
-918.261,-1697.85,14.1672,10.0984
-1696.14,-1091.18,13.2798,10.0982
1547.57,-132.521,12.514,10.0977
18.0957,-1250.03,17.9076,10.0967
645.941,1140.34,12.9215,10.0957
641.137,-964.989,12.2079,10.0952
-575.637,1879.65,18.4529,10.0946
523.943,-1793.51,12.0058,10.0929
-707.233,1897.87,14.2936,10.0925
1732.37,1224.43,12.4022,10.0923
-927.862,-1792.16,16.752,10.0923
1769.11,463.609,11.8945,10.0919
1160.12,187.239,36.1268,10.0919
-1663.47,-1214.94,11.3376,10.091
-563.644,-980.73,32.6283,10.091
-1239.53,-776.75,16.267,10.0906
-1449.16,-951.259,11.3556,10.0899
1865.25,-712.361,11.471,10.0899
-1288.96,-1403.64,11.444,10.0895
1795.94,-365.147,21.2885,10.0894
974.286,-255.543,12.8198,10.089
957.762,-1546.58,12.5522,10.0889
-1085.01,521.833,11.6286,10.0887
558.683,-1135.12,11.9334,10.0883
1877.69,1033.4,11.6439,10.0883
-592.115,1628.39,15.4743,10.0882
139.012,-1841.87,21.3791,10.0862
1502.14,-1121.66,11.9732,10.0861
-1616.54,1856.09,14.337,10.0859
-1405.61,1741.95,14.5847,10.0844
1852.84,1448.42,12.4107,10.0839
893.42,-1190.99,15.6552,10.0834
705.144,-1081.17,12.0098,10.083
1569.15,-349.36,11.3831,10.0799
-1476.28,1851.6,12.41,10.0799
868.426,-1211.45,19.1162,10.0797
29.7255,-1484.63,11.9154,10.0789
1474.68,300.753,13.2788,10.0788
459.551,1612.14,18.3784,10.0775
-808.29,-1671.54,11.4832,10.0765
-341.616,-1694.82,11.4581,10.0758
1415.11,493.296,11.3091,10.0748
-1797.67,-1593.19,12.2146,10.0747
1653.91,-1649.86,11.5172,10.074
538.099,-1371.39,14.3571,10.0733
1666.69,886.393,12.4537,10.0731
-1011.55,-1188.32,13.6601,10.0728
-784.324,-1902.07,13.4941,10.0728
1818.25,1667.06,11.6824,10.0726
1833.61,1227.43,15.6771,10.0724
-1450.09,900.047,13.4893,10.0715
-1345.47,323.51,11.4245,10.0713
1551.69,-834.593,15.6887,10.0705
-1725.16,-1614.67,13.5479,10.0688
219.944,1177.05,12.321,10.0679
1472.58,-1510.24,12.0317,10.0677
670.729,1077.38,11.5091,10.0677
-1652.67,-1736.12,12.3802,10.0674
1639.6,418.55,12.0904,10.067
-279.326,1629.49,11.4156,10.0664
923.059,-1778.09,11.9639,10.0656
-1285.92,1243.75,16.773,10.0654
-1024.07,-1105.04,13.2094,10.064
-1240.91,-478.288,11.4012,10.0618
-642.003,-1181.02,11.632,10.0617
1685.16,453.803,13.6934,10.0614
1892.36,-1780.48,11.7556,10.061
1372.77,1162.48,14.4357,10.0609
-953.363,-228.56,11.7749,10.0607
104.837,-1360.79,11.7639,10.0607
1144.75,-1435.5,11.6748,10.0603
205.155,1338.8,12.1318,10.0599
1315.68,1668.23,20.0753,10.0597
-1281.98,-1164.03,12.6844,10.0596
-1079.26,330.148,17.2221,10.0583
-1117.5,1821.05,11.6786,10.0579
887.865,-976.647,11.2528,10.0577
-1120.62,-996.596,11.7775,10.0575
-1156.12,-578.706,11.4618,10.0575
1750.71,-1492.24,11.5435,10.0563
372.438,-1441.26,21.1551,10.0551
1029.64,-63.0031,12.8867,10.055
-7.31447,-1669.1,13.2118,10.0549
896.998,-1201.89,13.9573,10.0549
368.86,-987.367,12.2437,10.054
-1028.37,-982.223,11.2532,10.054
1161.74,1234.36,19.893,10.054
687.089,-1895.49,13.2543,10.0533
-1589.67,1189.21,14.6562,10.0527
-690.193,1418.77,13.495,10.0521
-161.89,-1707.97,17.8849,10.052
1662.14,766.454,13.5559,10.0518
-1072.92,1560.84,17.3668,10.0515
1068.48,1733.38,14.6238,10.0512
997.956,-374.802,13.6338,10.0506
1077.29,661.221,13.9891,10.0503
-1547.33,-1199.95,11.672,10.0498
-1402.21,-1241.59,12.7445,10.0494
-1278.69,1416.25,11.6062,10.0491
-1574.22,265.821,12.2279,10.0491
1653.89,-729.85,21.7251,10.0485
1194.89,66.0927,11.577,10.048
-1261.22,614.083,15.4956,10.0479
-599.623,1610.29,35.3026,10.0474
1413.29,680.383,13.6247,10.0474
-1769.36,-1317.04,14.344,10.0462
848.531,1698.49,13.9103,10.0439
1633.95,1862.32,11.4155,10.0432
-434.712,-980.312,14.534,10.0422
1731.03,1730.46,17.8989,10.0418
-1026.32,-834.675,16.1807,10.0418
1419.71,1449.63,23.3014,10.0411
584.834,1867.76,18.0592,10.0404
-570.093,-1409.7,13.4292,10.0401
-1039.24,-1678.89,12.6818,10.039
402.348,1482.96,13.906,10.0385
-1565.67,-383.693,11.3844,10.0381
1900.86,-1840.2,12.1001,10.037
-600.638,1680.55,12.256,10.0366
1686.69,467.139,11.4456,10.0353
-1475.93,-126.549,12.3959,10.0349
-408.016,1587.66,13.0567,10.0347
-1669.23,290.488,11.5104,10.0345
1172.77,-1316.47,20.6861,10.0344
-556.496,1001.66,13.4671,10.0339
-1638.15,-1613.81,13.5768,10.0338
-1117,974.573,14.2897,10.0324
1720.19,1707.67,15.6744,10.0316
-589.893,-1113.32,13.4886,10.0314
-511.626,-1800.22,11.3305,10.0306
-808.01,-1491.64,12.4359,10.0278
1743.94,-515.799,49.7597,10.0273
-1259.56,-1306.32,13.3468,10.0269
-1727.94,858.981,32.2921,10.0269
-1329.74,-1108.69,16.1018,10.0268
152.51,-1751.67,12.3477,10.0262
1194.11,1880.65,11.2899,10.0261
-1181.42,233.102,13.7249,10.025
-997.014,179.501,13.1646,10.0237
1415.56,-1644.84,18.9258,10.0235
-680.399,1157.65,16.7943,10.0229
1831.5,-1827.32,11.3015,10.0229
-1497.8,-114.91,12.2055,10.0227
928.892,-1709.15,15.2845,10.022
-972.55,-86.9528,12.3262,10.0215
-1673.88,-954.677,11.6268,10.0206
260.707,1755.39,13.6594,10.0199
-1373.18,869.452,12.7516,10.0198
-1457.19,-552.105,20.8719,10.0185
-1817.19,399.827,14.1507,10.0176
1710.84,1201.55,15.4804,10.0175
-1068.28,1549.76,12.8565,10.0172
1353.33,861.165,11.5432,10.0164
1472.28,566.005,12.5626,10.016
-1429.47,161.3,13.1572,10.0153
742.994,-1540.65,12.4526,10.0145
-916.845,1151.47,11.2731,10.012
-85.4388,-1114.92,11.4402,10.0113
-890.075,-1114.23,11.557,10.0111
-1258.86,-1745.43,25.4329,10.011
873.592,1533.72,14.8435,10.0098
521.585,1296.13,11.4166,10.0098
-1721.4,-807.231,12.4251,10.0073
1698.03,1434.42,13.466,10.0067
428.82,1897.95,12.8972,10.0067
1583.04,1713.42,11.3626,10.0063
-840.814,-1060.62,12.1871,10.0061
1541.07,-207.286,13.2217,10.006
-1455.1,773.831,12.2366,10.006
1637.37,1772.87,11.822,10.006
479.494,-1795.12,21.3151,10.0053
675.968,-1825.74,11.2744,10.0053
-1721.15,1526.05,13.477,10.0048
-1876.41,-1596.02,13.5543,10.0045
-314.913,-1042.8,30.7567,10.004
-1274.11,1357.61,21.8719,10.0033
-387.57,1534.52,14.0263,10.0018
1086.6,-1296.57,18.3851,10.0016
-1217.2,-1338.1,13.3309,10.0014
-1471.07,-861.374,15.5169,2.38177
1477,873.362,13.3993,0.755077
