PosX,PosY,Diameter,Age
2944.37,-1143.78,1097.82,1068.39
-5462.45,-4979.86,1157.82,1065.12
-4225.07,4250.05,1280.78,1021.51
5946.94,2158.33,1091.19,975.236
-4972.93,3021.19,1175.44,942.02
666.901,-4923.92,1135.31,923.779
-4135.75,1710.03,1761.73,857.077
-4119.41,5760.48,994.576,849.975
-5990.47,5958.26,850.972,838.781
3892.71,-1955.88,827.717,712.665
3941.38,-1367.12,756.488,712.058
3135,3843.03,1068.59,678.022
-1126.7,-3165,1901.85,657.222
-5346.41,-1482.65,660.562,646.452
4556.37,3968.4,628.915,626.57
-6180.67,-5481.95,869.275,621.403
2355.42,-4892.03,650.624,618.874
2640.6,-3645.74,628.249,604.596
6120.92,-4327.78,729.52,597.632
-5312.35,-2707.64,594.492,590.21
-3637.31,-6524.31,633.298,573.596
4673.29,-240.641,1024.47,558.682
-4517.31,-6061.9,690.23,553.08
-1512.79,-5375.69,600.589,549.502
2754.85,4572.52,1000.26,543.527
5772.91,6851.62,626.864,543.08
4533.94,-3394.09,701.231,535.99
-3567.8,6567.67,578.899,518.56
-1062.4,4488.56,699.526,511.207
4694.8,-5633.92,602.528,503.071
-1363.95,-4952.65,521.984,494.135
5344.44,2049.96,559.949,490.291
4264.14,-510.956,612.242,486.266
6536.5,-5422.26,565.053,475.101
-3235.78,6621.8,591.745,468.618
-4412.13,698.551,505.278,466.721
-6954.99,-4935.18,458.627,449.999
-708.724,-6486.91,506.887,445.353
-1655.86,5616.31,503.53,427.051
-1108.47,-5209.39,473.903,426.569
-3555.35,-563.952,481.437,420.468
-3580.73,4227.35,410.217,405.507
-6476.53,-6280.37,430.654,396.399
4274.82,3104.4,597.815,395.79
-3639.35,6534.88,610.493,383.954
-4300.52,-5522.7,424.239,383.344
-3951.26,-3793.67,613.723,382.918
4791.34,2543.75,536.224,379.086
-5570.9,4688.96,574.813,376.209
4024.97,-3705.94,542.647,373.374
532.171,-4503.71,379.765,370.298
2918.87,-4149.77,561.547,366.129
3646.38,466.63,423.322,360.932
-6452.75,-9.50352,451.964,359.147
1566.63,5895.23,700.42,357.976
-31.4638,6693.64,409.902,351.691
-3449.58,-317.47,454.421,349.74
-1374.74,5331.56,356.712,348.439
-5784.98,865.325,353.074,347.988
6027.73,-1691.73,502.89,347.41
-1722.25,5873.1,343.181,335.406
5483.03,-1670.08,548.404,333.739
-940.383,-4269.37,587.751,330.83
3818.12,-614.235,577.259,326.476
-5796.08,2048.63,376.058,326.296
1176.34,-5546.83,629.812,325.458
6165.18,2753.89,563.404,324.197
-4458.22,6892.93,342.528,323.836
4415.75,-2461.62,322.928,321.672
3085.37,-3779,359.441,321.333
5238.61,-3998.35,484.644,320.856
5774.89,-2724.76,364.215,320.402
7057.7,3424.79,475.845,320.275
-4476.61,5120.95,438.098,318.837
-594.554,-5066.17,392.213,317.064
-7102.45,1042.7,440.76,314.121
-6070.08,5970.45,448.693,312.133
-5315.93,-2866.5,458.815,311.244
6380.03,-6757.81,397.319,308.94
-2423.98,3448.72,454.613,308.775
3439.85,3066.73,545.352,307.449
-5994.3,-2377,680.31,307.063
2155.3,-5236.93,441.01,304.785
-5691.29,-4033.49,305.755,302.419
2886.64,-4928.46,557.66,301.4
2621.52,-3980.31,384.489,298.862
808.252,-3912.44,318.635,298.422
1116.67,5687.63,402.096,295.743
5454.46,-5949.47,367.191,295.359
6522.83,1209.23,339.551,294.185
-4520.63,-3474.42,342.004,293.728
6809.4,6701.79,401.146,291.798
2667.16,-6469.67,365.211,290.391
4362.16,-5026.4,318.561,289.211
6687.74,5007.87,338.75,288.206
3549.75,-4824.19,299.031,287.547
4007.6,-4680.2,295.245,287.282
-3817.97,3698.72,295.248,286.843
6160.44,-2896.38,335.36,286.227
5320.35,-1199.43,649.971,286.187
-6897.84,3609.05,321.684,285.266
-3480.83,-5651.84,443.971,284.88
7079.48,6141.34,342.238,284.721
-5001.56,-274.571,366.379,283.669
-1695.1,-3591.34,333.786,282.605
-5625.78,-6221.5,487.199,281.968
-7036.32,2722.34,318.076,279.985
3827.72,3220.31,374.932,277.41
5034.92,957.747,948.184,276.665
-3510.57,5941.81,348.292,275.741
5896.48,-369.685,357.433,274.754
-3594.47,-227.228,277.219,271.592
-5034.49,-4012.84,313.255,269.481
5289.27,4467.07,301.335,268.734
-6616.29,-2625.15,298.739,268.138
-3543.66,-1043.2,338.177,267.784
148.642,-5427.61,281.149,267.708
1365.08,-3799.04,470.674,267.695
4145.28,-674.95,302.696,266.115
-628.913,6468.15,345.272,264.313
3764.27,-281.558,267.777,263.775
-5663.32,4495.77,319.103,262.221
6957.15,6270.36,461.681,261.452
5062.74,-4377.32,278.923,261.436
-3469.55,-5326.29,260.86,260.288
302.402,5780.51,290.369,259.757
-4996.29,-6444.18,362.516,259.712
4781.08,-4015.06,512.633,259.179
-6587.37,2800.06,299.093,258.947
-7259.65,-4013.16,318.777,258.699
-4466.15,-1026.7,273.845,258.559
5973.96,6014.82,297.61,258.43
6857.98,-5384.05,258.206,257.239
453.018,-6547.05,326.908,257.013
-4922.11,-2858.38,342.758,257.01
-6883.57,3751.95,262.51,255.336
6218.79,6321.21,788.094,254.143
-6213.05,-6670,484.307,254.02
4817.19,-146.98,272.427,252.263
7085.08,-2159.91,270.554,251.859
-5894.54,4937.98,582.934,251.292
1419.73,5058.47,266.353,250.895
6240.16,-1673.65,336.247,250.473
3853.02,4772.52,339.416,250.462
-4227.53,4334.1,269.624,250.437
-5573.57,1693.27,300.029,249.341
7326.48,-6191.89,248.948,248.774
6339.5,-4932.28,292.76,247.588
-6748.09,6265.59,338.946,246.58
-2753.5,-6670.19,320.19,245.164
-6837.02,885.287,267.443,245.105
-3545.83,3725.17,278.284,245.084
-4183.32,-957.107,604.636,244.503
6572.11,5662.77,351.794,244.1
-1504.25,-4594.06,335.623,244.035
-1336.27,4224.76,268.09,243.099
-6518.03,1060.37,292.73,241.819
-4431.22,-262.467,431.849,241.435
-7201.91,1529.91,370.478,241.302
-5808.32,2671.7,270.019,241.167
432.693,5402.96,253.752,240.912
1226.25,-7100.48,324.409,240.849
-7150.45,-7038.41,436.805,240.791
5985.11,-6800.11,307.327,240.576
5270,-6417.94,258.994,240.071
-1491.63,-4534.15,259.114,239.47
4336.44,4125.27,254.952,239.144
-5898.58,5658.78,268.654,238.907
6393.14,-2386.25,305.866,238.631
-2526.68,7255.08,285.507,237.956
6338.98,56.9949,258.489,237.79
-5529.82,3522.48,298.084,237.508
5706.07,1933.23,255.894,237.387
3209.14,-5556.6,257.414,237.017
6450.29,3922.31,338.6,236.94
-5946.35,-675.948,409.286,234.585
1397.07,6982.84,243.653,234.106
388.112,-6317.39,283.459,234.027
-4359.83,-170.084,251.963,233.446
-6344.53,-6713.08,244.482,233.24
5777.23,1496.86,241.757,232.116
5174.73,4202.49,296.958,231.797
-6200.59,2363.31,282.379,231.55
4209.13,-3594.47,366.83,230.627
4511.04,-4671.87,358.562,230.354
-971.207,-3568.73,293.983,229.657
5357.16,1674.86,234.939,229.422
4606.06,-4954.66,288.635,228.772
-937.588,-3864.66,241.712,227.75
-4723.59,-6599.33,311.304,227.189
-6831.8,-3376.49,230.101,226.629
10.7271,-7275.15,251.774,225.8
-2113.28,6081.46,262.738,224.639
5968.72,806.161,344.001,224.583
-4769.99,-1436.8,240.239,223.281
1095.95,-6452.64,252.33,222.283
-2965.9,4437.76,300.721,222.156
1026.44,-5973.91,484.726,221.506
-5776.63,5614.85,606.681,221.079
-3450.3,-6220.92,298.176,220.775
-827.205,-7136.51,311.939,220.422
-1723.73,-6687.79,333.503,220.33
2845.12,7136.49,340.554,220.242
131.758,-5551.09,342.792,220.23
-7129.77,4750.28,258.824,220.176
-1661.42,-5179.47,224.054,219.124
-4709.03,-1897.89,239.159,219.051
-6505.61,-5837.57,312.705,218.194
6944.65,-4245.95,244.03,217.948
-6235.83,-2763.04,339.965,217.168
3995.33,6780.35,229.579,216.959
-4014.41,3429.06,225.775,216.953
-5645.67,-1378.06,243.46,216.856
-5953.5,-1827.52,241.342,216.516
1043.41,-4635.31,291.69,215.867
1526.85,4474.76,236.889,215.59
5526.96,-5221.85,217.088,215.131
4411.52,3030.62,241.18,214.494
-5111.06,6655.95,220.579,214.488
765.367,5216.61,352.407,213.559
956.868,-5192.1,301.243,213.469
4019.41,-6285.52,231.517,213.02
5521.23,3543.32,348.469,212.923
1165.09,5360.83,345.058,211.592
6524.69,-6615.74,423.455,211.4
-5788.66,-6990.13,234.15,211.334
6523.88,7040.58,223.955,210.396
3900.25,3347.28,212.274,210.066
-5434.68,-879.311,392.331,208.93
5249.77,566.064,289.291,208.6
389.335,6237.78,208.693,208.394
3696.3,-3110.86,208.446,207.246
4675.99,-4535.21,286.004,206.972
7296.23,-6640.48,243.33,206.826
1407.4,-7386.69,210.883,206.778
-4915.25,6691.43,221.416,206.735
-3424.96,5613.4,267.645,204.523
5140.25,558.303,213.518,204.39
7361.37,5378.87,233.554,204.276
-5700.99,3766.67,211.932,204.229
4290.06,316.702,223.272,203.811
4495.78,5109.6,249.776,203.554
-4815.86,-5844.76,228.089,203.072
-4837.5,1091.98,212.105,202.412
7171.11,-6705.59,220.844,202.176
3582.11,5925.13,260.2,201.635
-1198.03,3703.32,230.039,201.404
-637.351,-7211.86,283.734,200.899
-2203.05,7118.1,200.889,200.435
-3380.17,1817.51,423.255,199.452
4555.36,-4530.07,409.271,194.339
5786.55,-2248.43,351.958,193.079
-4758.43,453.402,202.579,192.973
-3583.16,2337.01,218.11,192.419
-4483.42,7252.76,218.947,189.368
48.9194,-5621.41,251.44,188.739
-3289.34,-4743.13,213.458,188.438
-3250.08,-6213.67,215.57,186.865
3782.76,367.456,304.5,186.82
6810.68,-6980.89,565.865,185.055
-940.631,-6147.73,449.65,185.03
-5868.47,-3605.47,195.68,184.608
5233.63,-6157.65,190.626,184.59
5284.21,-1609.18,186.686,183.968
-5115.89,4981.53,287.996,183.81
5914.77,6307.43,195.53,182.781
-1758.75,4542.47,323.248,182.684
5441.8,-1023.21,198.019,181.655
-2115.56,3607.36,205.129,180.643
5230.37,-5382.96,199.12,180.41
-3512.22,-7009.72,347.167,178.528
-5476.02,-43.6133,339.402,178.253
1983.54,5169.73,217.661,177.697
6531.81,6249.32,198.082,176.374
-6130.57,2834.57,176.199,174.17
-4887.19,3578.99,204.836,173.24
5120.43,1640.01,192.228,173.233
4566.43,5567.66,210.763,172.895
-3497.57,-2553.94,329.096,172.044
2588.1,-4315.25,171.58,170.807
3121.84,-6775.65,188.176,170.342
-4975.34,-961.322,218.351,170.014
6656.02,-3068.1,174.927,169.332
2355.17,4048.82,206.676,169.095
5484.52,-5859.57,263.303,168.972
3195.19,6246.05,280.988,168.227
-3975.74,2560.49,168.407,168.2
1443.15,4105.36,206.184,168.133
1584.88,-4086.2,190.15,167.54
6582.45,-6984.25,167.56,167.229
3061.24,-5556.08,176.793,167.168
1327.86,4434.6,265.353,166.796
4375.77,3932.29,168.098,166.601
6290.63,-376.932,303.03,166.142
4334.02,3878.99,203.891,166.09
-5255.76,-180.676,168.758,165.124
-7250.01,-6171.93,165.336,163.668
-5000.2,-3585.4,270.242,162.815
4712.57,-382.896,342.754,162.565
5279.3,-4147.82,286.23,161.549
-1523.21,4273.92,161.974,161.539
-6135.12,6928.91,243.878,161.479
-6201.82,-2584.05,300.316,160.816
3482.73,2938.3,560.914,159.019
7441.06,5549.35,182.817,158.822
-2136.87,6271.81,188.264,158.698
-4634.14,1408.3,163.399,158.204
-6329.92,-4910.1,326.264,158.097
7010.39,-2355.63,188.038,157.175
1529.66,4376.36,164.235,156.882
-962.478,-3976.21,189.074,155.03
5399.04,452.746,218.413,154.84
-6593.06,-2105.95,161.125,154.5
-5497.51,962.055,169.59,154.474
4951.38,312.922,222.988,154.109
-6266.36,3484.49,245.858,153.54
-6501.73,1597.55,176.278,153.376
-5553.28,566.703,174.571,151.834
6809.04,-3664.48,179.881,150.518
-3924.87,-4620.47,182.791,149.926
-2158.24,5993.56,158.977,149.915
-2373.81,-5119.37,157.748,149.628
5075.83,3591.53,190.581,149.02
1417.54,-6446.58,334.928,148.816
589.02,4307.04,267.078,148.781
3064.38,-4732.94,239.563,148.724
2994.05,-4831.68,167.267,148.364
-2999.8,-7164.39,175.688,148.191
-3578.88,5939.29,210.348,148.122
5086.65,-2287.1,186.859,147.749
-1183.09,-6460.61,198.824,147.664
-5204.53,897.731,300.28,147.478
-3816.43,-6355.34,172.599,147.247
-5522.43,636.562,168.45,146.897
-7040.44,3285.88,147.339,145.876
-6187.4,6768.1,172.292,145.508
-4299.23,-4048.09,251.897,145.3
6786.85,-5441.82,170.157,145.247
4843.45,546.775,181.553,144.908
-6035.23,4773.79,190.298,144.81
5388.88,-5367.53,149.829,144.136
5888.3,-1559.83,170.029,143.76
4610.05,1855.07,176.551,143.568
3814.95,-1669.04,293.429,143.547
-1673.97,-3934.5,160.106,143.12
-7418.42,-1618.83,144.611,142.849
1666.67,4278.6,183.662,142.77
-5428.8,12.9514,164.241,142.275
4984.73,-3106.67,142.088,142.017
-5112.5,-945.552,150.32,141.975
2697.77,7152.54,170.024,141.738
-3407.83,6939.75,180.577,141.661
1985.63,-7104.4,179.669,141.596
-2329.29,-3659.74,227.864,141.027
4520,-367.124,142.558,140.953
-95.0709,-5448.15,156.06,140.452
3491.68,3853.62,151.577,140.439
-5713.03,-1097.11,140.509,140.298
4142.82,-1216.25,150.108,140.018
-4082.03,2400.7,168.978,139.994
1957.42,-3639.47,310.677,139.856
-4572.24,-1973.6,154.165,139.617
-6641.42,-5258.11,238.772,139.289
-4249.5,250.513,173.375,139.281
-6233.19,2179.39,157.54,139.256
-5842.42,-1259.92,173.542,139.211
4452.05,-1310.2,250.213,139
1916.45,-4949.57,167.257,138.836
6676.68,693.596,141.972,138.779
-4175.28,-4295.85,138.74,138.6
6708.52,-4268.89,165.863,138.505
3173.33,-6932.99,170.206,138.435
6404.23,1079.74,139.038,138.363
-6428.1,6420.97,203.507,138.059
5926.19,1646.66,195.058,137.746
-6874.5,-6638.17,195.56,137.213
-5043.39,1129.23,167.898,136.809
-6942.12,-1559.36,139.796,136.714
-2903.44,3779.52,142.109,136.477
4024.25,4445.8,164.523,136.408
-3515.85,7062.1,168.197,136.147
3475.87,7190.15,164.105,136.127
-6551.98,2133.78,161.233,136.118
-169.136,4784.42,294.794,135.37
1923.4,5776.97,225.023,135.28
-6458.25,-5551.47,143.432,134.969
2106.9,5499.42,138.6,134.731
-3758.83,-4128.8,139.212,134.568
-6308.59,2462.84,203.285,134.371
-5985.83,-3164.26,135.447,134.04
3659,-4115.79,163.63,133.636
6535.54,6716.17,140.489,133.633
-1929.95,6669.94,218.806,133.613
4595.54,4733.44,183.284,132.964
-5853.76,-673.606,164.982,132.895
-4631.48,-1938.86,133.508,132.719
4641.86,4695.9,172.942,132.71
5934.74,739.68,194.211,132.671
1687.17,4753.98,133.11,132.658
6571.72,-7010.4,156.418,132.656
3403.55,3699.87,148.399,132.444
-4927.25,1144.97,172.617,132.223
-5565.07,-4238.83,150.911,132.163
-6703.86,6831.75,146.146,131.547
-1420.67,4070.73,159.454,131.409
-3740.79,1204.02,142.749,131.184
-7466.38,-3969.09,162.55,130.956
5223.69,4006.87,160.57,130.906
-5729.32,2861.32,146.959,130.897
-5494.26,-3100.44,155.368,130.892
4118.31,2710.28,162.605,130.778
-26.7269,6285.77,210.444,130.597
-4974.89,-6812.97,157.812,130.505
-4275.09,4175.25,154.663,130.181
-195.301,-5702.76,162.277,130.105
5075.62,-3796.66,250.023,130.048
6711.09,-2393.57,130.851,129.998
7072.14,-5112.04,260.746,129.485
5861.67,-5564.95,191.863,129.241
-5344.04,765.6,207.849,129.214
-2116.03,5184.59,130.856,129.166
7147.52,487.055,163.357,129.029
5744.02,4542.79,338.999,129.001
5687.1,-2442.91,153.946,128.962
-6175.58,-4522.38,130.806,128.9
5693.97,-1257.25,143.112,128.652
-6981.48,-4337.53,131.533,128.44
-5350.12,4282.86,182.867,128.391
-5770.49,1299.78,191.091,128.157
194.111,6731.1,180.661,128.132
4682.37,-1536.04,197.525,128.105
-7416.82,-3811.07,147.538,127.924
5346.72,-1040.77,170.311,127.806
6032.97,1936.91,161.716,127.665
563.063,6477.67,146.155,127.647
2176.86,-6239.28,148.606,127.188
-4652.94,6255.54,174.203,127.063
4004.03,2734.22,137.173,127.022
6721.26,1539.95,202.707,126.73
4849.46,7137.45,174.889,126.575
6812.71,7172.02,129.67,126.317
-4184.22,2730.05,152.124,126.255
-7111.53,6949.25,248.169,126.216
-6983.11,5221.47,132.635,126.139
4570.83,3772.28,348.806,126.074
-3987.18,4766.94,162.94,126.047
2947.95,-5699.97,155.459,126.021
-3985.63,-5498.53,175.739,125.957
6824.57,-3841.87,183.191,125.335
-5843.58,-3070.43,191.501,125.261
-42.739,4763.84,255.091,124.82
-5624.34,-151.464,130.547,124.665
5107.59,-4821.39,192.416,124.616
5989.52,7204.24,232.12,124.603
-4837.87,6514.98,141.915,124.543
3467.86,-6882.49,196.435,124.462
-6005.54,120.447,147.975,124.44
6373.66,4341.22,168.509,124.255
-3703.86,6328.33,127.374,124.237
-1404.3,4015.15,193.201,123.464
-217.147,-6409.61,126.144,123.434
-7081.7,7091.49,140.12,123.375
-4155.3,212.196,161.887,123.354
-6836.03,5521.79,137.051,123.252
-6031.4,3578.65,160.07,122.977
6108.93,6726.75,175.061,122.809
-6938.77,-4739.17,163.002,122.76
5949.62,-4282.47,138.363,122.737
4142.18,-7080.85,191.121,122.542
-5559.41,-2079.08,133.889,122.381
4805.46,-6178.81,226.697,122.146
-7094.35,-888.944,180.197,122.134
-6115.62,-7168.2,134.566,121.87
-6628.95,4993.59,186.468,121.852
-1989.36,-3912.16,157.87,121.818
4727.86,-2392.4,158.361,121.804
-4229.09,-7226.53,145.724,121.715
-4029.94,-5680.87,207.16,121.713
3178.25,5090.06,156.163,121.516
-5471.24,988.914,146.557,121.35
411.603,-7337.74,152.001,121.317
-6141.24,-6058.46,138.45,121.255
4309.82,-5193.04,166.479,120.859
-1506.78,-7064.11,124.299,120.82
-6964.43,-4103.58,128.475,120.777
-2468.69,-3818.51,167.558,120.669
-5847.53,-3293.31,180.731,120.475
4749.99,1034.46,120.507,120.367
-3279.26,6670.23,167.763,120.343
-4960.13,3754.97,150.098,120.003
-7091.68,1855.67,147.73,119.984
-1914.09,5765.29,153.772,119.948
-1135.65,-3894.28,120.448,119.927
-6495.84,92.5739,136.559,119.719
409.221,-7423.4,140.954,119.506
7115.75,-7013.01,121.913,119.454
-5874.28,3770.85,158.344,119.434
5221.65,2829.71,197.433,119.028
4246.45,2591.07,214.61,118.864
5467.39,822.615,122.938,118.563
2924.54,-5131.03,175.022,118.471
5797.77,-3889.93,147.53,118.32
501.395,-3963.94,143.569,118.286
-5668.78,-5798.13,132.144,118.135
-673.526,4171.21,218.324,118.126
-5631.7,-4733.76,144.192,117.832
6972.73,-3989.37,131.422,117.746
-5515.44,3741.54,176.327,117.721
2203.63,4761.06,148.304,117.481
5984.19,-3728.29,204.484,117.405
-6690.9,3148.21,118.817,117.279
-912.923,-4033.49,135.708,117.263
-5346.12,-2217.7,172.941,117.257
-7421.05,3368.39,127.694,117.195
-2059.63,-5012.34,131.071,117.039
6661.1,-1122,128.964,116.948
-1974.21,4003.46,146.902,116.915
7499.95,-3917.87,143.357,116.833
4372.38,-2679.58,156.473,116.692
3331.91,5287.7,118.952,116.472
5915.47,-5970.55,154.087,116.394
5124.23,-7153.85,136.047,116.311
-3090.33,5112.02,144.692,116.274
-5620.96,-3063.01,155.245,116.156
-5025.79,5441.2,150.01,115.609
-5836.68,-3725.04,120.386,115.412
1051.72,6181.14,117.187,115.185
2623.84,4590.27,116.808,115.166
1294.68,-7322.86,180.995,115.124
509.898,5179.24,120.15,115.069
-6122.17,3728.76,120.137,115.01
3817.25,6098.08,203.862,114.91
-510.761,-3722.26,144.314,114.861
-5187.38,-3712.48,176.787,114.72
-7108.15,-1827.45,257.821,114.624
5811.63,-1880.7,118.628,114.56
-6392.87,-1283.07,151.673,114.547
-5736.87,-370.267,152.408,114.43
2812.42,-3765.25,137.804,114.407
1781.62,-5384.8,140.985,114.08
-5585.1,-3685.48,122.265,114.075
-3478.08,4685.01,128.195,114.07
-3952.28,-2745.29,128.726,113.932
-3384.98,7361.91,158.38,113.69
-3944.99,4452.22,126.846,113.398
6034.38,3083.57,354.806,112.956
2096.53,-4487.38,117.074,112.949
-6615.93,3754.36,134.391,112.921
-6609,-5811.07,116.4,112.866
5067.54,5489.26,116.536,112.841
1056.82,-3932.13,135.552,112.807
-7090.94,6782.45,156.165,112.746
3833.66,386.079,187.715,112.537
6395.79,-972.371,116.152,112.476
6655.33,6567.87,152.815,112.385
-4929.44,4064.28,191.098,112.345
7110.13,-4580.93,123.993,111.886
-6740.77,-5922.17,207.898,111.885
2400.94,4630.98,136.842,111.758
3978.22,2424.98,173.282,111.663
4208.73,5827.73,114.516,111.663
7016.37,1701.89,111.936,111.612
5811.37,-2219.49,116.633,111.563
4485.65,-6676.38,178.415,111.551
4975.58,-4820.52,139.409,111.472
-4639.86,-3089.55,162.436,111.349
-6570.94,-4022.81,147.424,111.316
-6635.86,7280.47,144.159,111.295
-5577.56,504.951,117.794,111.187
3257.43,-4252.4,167.37,111.016
5485.11,1006.25,112.053,110.999
4712.84,1490.05,132.63,110.912
-6663.24,-6228.14,171.632,110.845
4415.79,5438.76,111.701,110.64
117.68,-5591.89,138.164,110.248
808.202,4468.78,143.404,110.116
4674.4,-1526.25,136.769,109.785
-707.972,-4938.01,319.377,109.65
-3962.77,3313.9,145.914,109.594
7432.82,3215.57,115.978,109.418
-7456.34,5264.22,128.33,109.252
-5723.02,-4130.44,127.4,109.129
-5599.39,-6602.83,132.708,109.024
6554.77,-1852.39,153.277,108.924
-7070.4,3499.33,166.844,108.91
6740.68,4610.84,134.416,108.871
6902.86,7275.85,133.663,108.858
3903.33,-5118.78,137.423,108.852
-3144,-5668.15,199.561,108.841
6582.62,1348.95,185.465,108.663
-5503.15,6754.31,123.075,108.616
2996,-6096.88,181.243,108.372
5980.82,3374.36,159.066,107.931
-6076.87,-1258.29,168.392,107.782
-7159.48,2576.22,121.558,107.584
-5045.6,-5685.42,124.376,107.559
-3961.65,-4603.03,123.205,107.406
-1311.6,5491.08,112.022,107.317
1930.29,5917.68,134.346,107.305
705.938,6371.36,147.624,107.275
4101.88,-3072.49,171.294,107.173
-6336.07,6385.31,271.554,107.073
5087.94,-5339.18,170.529,107.064
-886.511,4627.21,337.089,106.943
5893.75,-3488.2,171.417,106.61
-6893.87,2436.97,114.281,106.597
3207.71,-4007.23,114.322,106.502
-1029.85,5569.5,172.334,106.199
6700.34,-6561.08,171.238,105.969
4869.59,7510.74,126.252,105.818
3585.36,-6679.72,154.544,105.729
-2282.32,6093.93,330.908,105.417
7519.67,-6048.1,107.545,105.362
-5016.76,5299.08,192.369,105.25
6457.02,-1666.86,119.443,105.2
-5640.26,5378.54,155.825,105.2
5275.74,-7371.14,112.428,105.193
-3282.9,-6558.19,192.657,105.002
4766.49,-4689.54,173.817,104.934
195.411,4033.24,431.957,104.741
-3209.32,-4512.69,138.942,104.728
-5824.52,1839.84,202.984,104.664
6579.11,-6785.42,113.612,104.49
491.073,3765.37,143.89,104.484
-4651.09,3156.16,106.225,104.426
7261.32,-6411.47,106.644,104.29
-3530.69,5165.49,229.042,104.284
-5653.5,937.721,216.721,104.28
5103.35,-935.047,402.292,104.122
-7467.24,4972.52,140.245,104.114
-4963.6,-1247.24,206.645,104.046
680.444,5674.67,114.162,104.042
4195.94,-6195.01,124.912,104.039
-4127.84,-2790.43,159.459,103.982
5253.44,4502.6,185.984,103.859
-6043.95,2096.58,109.243,103.624
5160.1,-7067.05,120.256,103.502
2934.24,6216.58,132.064,103.48
-4070.48,273.094,169.687,103.233
-4527.33,513.136,175.262,103.226
2521.89,-4889.01,197.85,103.14
6019.77,7357.63,135.108,103.074
-5823.1,-2500.96,159.531,103.048
-7353.63,2804.98,136.401,102.964
3161.68,7251.7,111.34,102.702
3930.85,-4924.25,111.815,102.652
162.289,-4194.22,140.991,102.557
-5719.38,-338.511,187.822,102.552
3032.29,6953.99,179.013,102.211
4983.48,-1858.61,108.487,102.185
1491.96,6937.44,106.297,102.163
4219.7,412.783,156.208,102.038
-4922.48,-4649,103.256,101.994
-6536.26,-4150.45,105.754,101.948
6746.35,-4629.46,353.466,101.898
-2805.42,6149.26,114.115,101.781
-6935.13,-6317.5,104.752,101.639
6375.27,-620.303,120.512,101.504
-6353.74,-5029.97,115.901,101.466
6792.44,130.289,152.454,101.372
5649.44,5841.21,111.951,101.325
4508.28,-5991.31,191.447,101.195
4487.34,3140.34,140.544,101.117
-5207.13,5863.49,191.769,101.108
-3914.98,1451.55,103.61,101.051
-3452.97,6286.74,109.289,100.988
5728.79,7046.79,145.916,100.87
3639.96,-2471.67,195.306,100.765
-3140.17,-4913.67,107.858,100.712
-6879.72,1829.78,154.168,100.709
5936.7,-2257.22,105.991,100.525
-2189.14,7026.77,122.468,100.511
-4972.58,-1202.76,175.34,100.494
5480.13,-6892.27,159.269,100.49
4987.54,6063.64,110.819,100.42
-6360.87,-3277.92,117.048,100.393
6819.04,5978.16,100.503,100.366
4221.14,6478.44,127.558,100.208
-413.822,-5316.7,308.43,99.9629
5548.33,-4467.48,111.315,99.9058
-2297.99,4837.4,105.559,99.7336
4271.27,-1007.6,110.665,99.6758
596.974,4618.06,122.153,99.4936
-4939.05,-2687.96,190.901,99.3271
-7519.9,-2798.63,113.925,99.2059
5759.37,-4782.36,104.438,99.1511
661.272,5474.42,112.13,99.0748
1522.47,5262.67,109.084,98.9923
4750.56,2228.11,117.199,98.8722
6562.73,6666.94,130.431,98.7102
3286.88,-6193.41,160.013,98.7013
4475.42,6305.84,112.517,98.678
-4855.3,6212.69,106.001,98.6182
7098.51,-1748.67,142.698,98.5859
2207.43,-4285.49,102.936,98.5249
-6736.88,2139.54,244.192,98.43
6697.81,3069.81,162.319,98.419
3860.33,6455.6,104.968,98.26
5669.89,121.188,149.703,98.1733
-6417.51,3733.64,119.48,98.133
-885.503,5022.97,166.22,98.0508
-980.193,6476.54,130.622,97.9922
876.061,-4176.7,109.093,97.9707
4392.73,7058.94,105.07,97.963
4367.93,-1190.84,160.822,97.8884
-1584.26,-5518.69,103.045,97.8708
4290.77,6521.15,212.567,97.8678
-6981.44,-5725.86,98.8362,97.833
-5687.7,2101.42,190.486,97.7416
6324.12,-1212.87,104.248,97.6371
-4600.28,3460.1,275.435,97.4858
-165.314,-7208.48,120.931,97.1733
3730.75,-3937.5,132.161,97.1333
-4715.61,-7437.08,103.525,97.0529
-2632.01,-7415.08,99.1298,97.0511
-3883.95,-5219.39,156.606,96.9109
1509.45,-4418.99,98.634,96.8376
-5250.03,-1229.13,107.248,96.8115
-1771.27,7233.67,130.822,96.67
-5133.43,-3786.12,113.013,96.6496
1658.61,4715.1,111.066,96.6247
-3409.15,-6534.54,105.598,96.5408
2223.08,6876.62,420.63,96.5088
5482.28,2859.8,152.653,96.4967
6246.93,3288.69,106.099,96.4778
-5711.45,-4190.14,116.054,96.4525
-5352.14,-5668.36,175.745,96.422
-6614.18,-2940.5,179.056,96.3327
-3435.36,-3822.78,109.807,96.2872
5023.61,1067.96,98.8722,96.1921
3803.44,-4785.41,179.621,96.1753
-5014.52,940.416,179.796,96.1427
-2997.5,-5623.72,113.182,96.0501
-5676.94,-2986.28,113.033,96.0086
-1055.65,5463.79,239.473,96.0002
3604.36,-1676.39,215.983,95.7511
4522.4,-3378.74,106.095,95.6996
-4968.7,-3791,106.186,95.6713
-2177.01,6264.73,102.07,95.5164
-3776.5,-5292.57,106.552,95.5021
6756.84,6734.05,100.72,95.4132
2847.82,4631.76,105.736,95.2652
-7305.51,-78.861,99.8864,95.1445
-1354.11,-6020.91,153.404,95.1144
-4666.38,2900.17,178.119,95.027
2534.03,-7021.8,109.979,95.023
-2830.3,-4945.23,100.729,95.0172
-6545.24,-2803.38,97.8555,94.9809
-7384.25,4832.54,100.35,94.9373
-1997.01,6215.2,108.932,94.9161
619.669,-4745.73,406.849,94.9064
-5405.1,1838.47,99.6829,94.831
5538.58,5159.39,176.124,94.8262
6690.72,-945.782,95.7576,94.7311
-4261.61,-2451.76,94.817,94.7301
2965.29,4910.38,146.328,94.6915
883.343,-3875.5,98.3525,94.5538
-4095.05,-3251.91,115.351,94.5032
5727.22,-3166.93,155.421,94.3904
-5207.61,38.4048,107.09,94.382
4326.82,-3068.89,151.677,94.3349
6297.08,-3323.52,142.067,94.2528
3801.11,2018.03,116.566,94.1543
-6798.41,-5212.14,144.839,94.1045
-1627.71,-4541.15,201.917,94.093
-5473.67,5679.43,176.056,94.0783
-1255.73,-4162.13,126.66,94.0579
-4519.25,2743.49,97.1658,94.0191
-5263,-2022.91,154.968,93.8706
4022.93,4833.56,94.397,93.8486
-7102.9,5054.13,105.361,93.8054
-5962.81,-2230.54,100.769,93.7234
580.073,6257.19,177.482,93.7097
2107.33,-7375.98,94.8308,93.649
3100.57,-6305.41,121.641,93.568
-6158.86,781.816,107.221,93.561
7418.39,-6762.3,93.5541,93.4741
-6596.25,-5531.1,173.913,93.472
-4084.12,-6097.69,183.266,93.4145
-6466.77,-3939.67,96.5924,93.3399
6089.06,-1743.99,180.959,93.2605
3834.6,-2926.3,128.345,93.2157
884.953,-6514.05,311.856,93.103
-3087.19,-7075.1,189.62,93.0308
4830.35,5558.32,155.189,93.0261
-6333.07,-7418.35,156.169,92.9502
-7278.57,1420.04,118.681,92.9134
-758.47,4315.09,117.077,92.8854
-4286.23,-2132,228.678,92.8695
256.614,-5310.81,125.075,92.5819
473.62,-5818.87,94.2275,92.5621
-1856.88,7064.24,149.837,92.5356
-4790.03,320.696,107.335,92.4454
5096.59,-1359.59,135.846,92.4154
6655.39,3631.48,123.077,92.3384
5351.7,-1003.72,117.616,92.2779
-5857.87,1619.3,170.672,92.2654
4121.45,-4196.39,150.056,92.2032
-5686.23,5169.24,117.224,92.1808
-3027.02,4671.21,106.985,92.0881
-2267.55,-4118.78,147.629,92.0197
-5528.73,757.878,102.411,91.8896
6205.24,2606.5,159.235,91.8761
5916.74,4584.76,105.356,91.8004
6826.96,-107.834,100.431,91.7288
7021.04,6129.29,93.3515,91.7218
-2866.08,-7053.36,91.9827,91.6393
-6248.22,-3987.12,157.932,91.5879
-1911.35,5193.44,92.6908,91.5725
2109.56,4146.78,107.003,91.5184
-4243.01,5762.06,95.7569,91.4698
5008.91,-1978.27,138.272,91.4521
-5075.26,4221.36,130.931,91.2062
3359.08,5143.03,112.694,91.0645
3097.51,-4553.64,92.3771,91.0129
-5619.44,-3430.66,144.196,90.9853
262.889,4464.72,99.7163,90.7333
2232.82,3746.37,98.9377,90.7145
-1729.96,-6332.86,167.991,90.6703
-1529.87,4690.68,103.291,90.5643
7554.14,-6256.79,95.3415,90.493
-7400.28,-7469.19,90.4039,90.3139
-4915.38,5148.07,156.834,90.1837
7429.02,3528.65,146.799,90.1698
-6676.64,589.597,104.847,90.1386
-3340.42,3743.73,194.781,90.0952
-6944.9,-789.431,93.6068,90.0066
-5279.06,1656.32,92.4411,89.8712
3315.44,7275.28,169.563,89.8613
4346.96,-5670.97,202.537,89.7875
-4816.92,1925.92,114.882,89.6426
-4978.59,1686.47,122.403,89.5868
7309.09,1113.96,98.592,89.5651
-4050.22,5963.86,137.699,89.4965
-4361.5,448.359,102.525,89.4655
-944.453,-5907.34,126.351,89.428
7270.99,-4377.15,109.069,89.4122
-7174.9,-7263.62,140.227,89.2681
4400.55,4548.88,220.866,89.2519
6535.39,5013.39,110.524,89.2396
-6185.82,-4548.92,103.556,89.1884
-4087.01,1732.62,152.043,89.1754
-1617.39,5241.18,94.7906,89.1316
4573.88,401.632,92.1269,89.1134
1352.32,-4015.4,105.916,89.0556
-1252.88,-4602.68,92.9899,89.0401
4888.96,-3966.23,133.644,89.0238
5496.25,-2822.4,171.54,89.0043
-6154.7,5024.7,199.661,88.8354
-6962.69,176.269,93.8328,88.8014
4918.24,-3419.1,99.8836,88.6052
-3951.89,1092.11,106.916,88.396
6300.79,934.987,112.19,88.3462
7338.03,6104.45,211.34,88.2526
4760.66,1190.74,197.573,88.2141
6953.06,6861.89,110.615,88.1587
-834.6,-4401.09,108.794,87.9621
5818.11,-3925.69,96.4962,87.9506
5575.03,5892.18,144.189,87.9033
-4272.2,4412.28,155.45,87.8936
7040.36,7056.52,125.226,87.8715
-4419.84,-1123.83,164.533,87.8646
-1771.7,-4185.38,95.8346,87.7874
948.884,7087.32,180.092,87.6512
-5717.14,-5407.77,142.804,87.5786
7572.21,-6168.92,88.159,87.5676
-2024.95,-5621.77,108.34,87.5154
2326.49,7152.28,93.1505,87.4884
7456.86,5144.54,151.472,87.453
-5067.59,1862.89,90.0847,87.4091
-7064.91,-7264.24,90.0153,87.3916
-6610.04,5762.44,90.2252,87.3574
-7301.78,-5600.87,140.945,87.3563
3970.79,3960.75,157.033,87.2476
5623.13,-6268.14,92.1166,87.1808
5258.99,-7227.04,127.348,87.004
-7133.46,3345.96,94.6478,86.9888
-2283.02,-5799.21,142.773,86.9421
5480.74,1714.86,134.436,86.9331
889.066,6560.26,160.111,86.7668
-6769.48,-2782.5,120.516,86.7402
-6031.39,-7406.57,126.516,86.7386
5260.32,6699,93.504,86.6428
-4888.88,-1100.89,139.276,86.4917
-6473.76,1519.22,113.692,86.4463
4175.45,-2149.44,92.4393,86.3879
-4413.1,1797.36,161.696,86.3249
-5358.61,-6239.55,91.9707,86.3248
5563.71,-5309.98,98.0226,86.3001
5245.05,1874.7,101.075,86.2391
-4140.12,-977.287,86.5453,86.1541
1800,5773.44,251.149,86.1475
6387.03,3515.3,166.29,86.1429
5687.22,6724.1,171.88,86.1315
7366.65,5006.39,124.99,86.0623
-7292.76,-4663.54,157.912,86.0529
-4636.99,-3461.43,86.4113,86.0315
-4058.41,6218.86,86.8515,85.9369
7058.38,1928.04,87.077,85.9287
2398.16,6622.83,138.498,85.9163
5320.61,-2326.61,92.7387,85.9027
6016.1,-3526.01,89.7805,85.8092
2347.02,4495.42,107.375,85.7299
4375.95,-3012.57,87.298,85.6876
4720.28,-3959.73,88.0458,85.6259
-6580.39,6077.48,87.9787,85.6138
-4221.72,-6691.08,93.088,85.5908
6765.32,-568.571,89.4572,85.5245
7401.85,-4141.86,107.167,85.4492
6939.83,-1335.89,96.8563,85.4218
-6582.86,1326.8,144.096,85.4132
2126.63,-6666.39,86.9654,85.3738
275.871,5481.15,188.411,85.3538
-5870.7,1682.38,142.413,85.3373
-1798.46,4489.7,95.1709,85.3113
4560.43,1954.42,125.401,85.1453
-5825.74,6109.23,131.122,85.0786
-305.651,6278.77,94.9688,84.9142
6536.85,-2584.86,94.3426,84.9088
4241.78,348.948,146.365,84.8149
-7128.06,-3030.76,130.103,84.7652
-4362.51,2549.22,168.541,84.6724
3357.9,4878.58,144.16,84.6692
-3883.96,784.543,87.1545,84.6664
-3058,-4839.3,89.8418,84.6528
6067.96,1831.34,89.2638,84.6194
-6526.44,5866.23,156.438,84.6163
-3922.25,-469.805,120.395,84.6149
-2608.08,4022.89,84.8499,84.5463
-3307.82,-4967.58,86.5462,84.5367
-4852.5,2448.71,138.167,84.521
7019.39,-5165.86,143.103,84.4562
-4792.52,2163.28,113.471,84.4465
1280.23,-5782.83,139.896,84.33
-5760.27,3197.3,114.695,84.3225
4381.26,2593.93,105.697,84.3
4326.55,-5478.13,108.723,84.2489
5375.46,-5467.17,153.403,84.185
6081.04,-5725.67,104.865,84.1798
-5767.47,-3131.13,141.201,84.0786
6714.54,7032.19,106.171,84.0506
-5662.51,-4539.81,97.7365,84.0313
6341.91,-4175.46,109.96,84.0152
6688.79,-7297.04,123.305,83.9871
3708.52,-5002.23,144.669,83.9784
-2107.14,-5302.17,106.604,83.9537
-1868.47,-6529.06,114.179,83.937
-7227.49,-6338.26,95.526,83.934
-5238.72,1719.31,101.831,83.9033
5227.86,-1116.38,142.8,83.8765
-6426.11,686.771,98.1316,83.8542
-1353.24,6955.78,89.0027,83.8168
-6733.22,7343.82,167.29,83.6281
-5917.98,6257.58,106.105,83.5627
5651.46,-1861.87,92.1515,83.4915
6890.82,-6987.43,85.8308,83.4529
-4000.49,-2685,133.136,83.4117
-798.486,-5844.31,204.973,83.3318
377.254,-6251.45,190.886,83.31
-922.509,5496.91,156.712,83.2984
5533.76,4469.82,144.377,83.2718
1709.49,-5717.62,158.762,83.2434
-6233.6,1291.23,128.299,83.2348
7137.24,4358.27,98.4646,83.2144
4894.56,1690.93,297.871,83.1568
5149.51,-2108.3,153.176,83.0996
2044.74,5636.22,87.3097,83.0885
-5447.49,3028.57,86.631,83.0516
6926.71,6677.04,90.0331,83.014
4268.38,1128.61,93.0681,82.951
439.49,-6036.25,112.703,82.8832
-5815.21,2853.44,93.8746,82.831
7158.94,-7388.15,102.193,82.7054
4179.95,7028.77,98.1431,82.7036
-1288.97,-5433.96,138.814,82.7018
-2327.92,-6424.46,82.693,82.618
-6788.6,268.204,206.411,82.5678
-3213.12,-7516.63,104.907,82.5603
-4272.07,-2277.69,95.7027,82.4404
6432.17,-4838.91,248.153,82.4373
-8.40976,4231.66,107.065,82.4159
-5258.78,-4940.46,144.038,82.4071
-5821.79,-2283.17,106.752,82.3871
-3884.09,-1371.97,268.443,82.3538
-6726.64,-6290.23,156.908,82.3369
2945.67,5717.55,89.9296,82.3022
6661.97,-2646.27,98.2032,82.2904
855.095,-5626.71,153.02,82.2763
4939.53,3259.8,87.4622,82.2206
-1816.73,-4773.18,115.566,82.1674
7442.26,-2246.39,85.7294,82.1492
5678.13,-1388.99,90.8972,82.1008
-1015.07,6359.61,116.651,81.9479
-7433.48,2579.29,82.6057,81.8814
-4143.23,29.8223,99.6887,81.8211
7293.56,-5858.04,98.8661,81.7776
5834.52,-1299.8,176.692,81.7509
3791.69,1719.18,102.306,81.6067
-5891.84,3299.68,105.764,81.6046
2898.7,-7302.39,97.6863,81.5741
-4388.03,154.526,91.6746,81.5703
1033.89,3940.21,100,81.4743
4851.23,6391.49,83.7563,81.2433
5540.31,3915.38,84.714,81.2338
-4657.89,-3431.77,83.6617,81.2168
-4102.14,4150.7,84.0364,81.2074
-7474.92,2485.4,121.789,81.1939
-1310.78,-6808.55,232.542,81.1051
5226.29,-4865.37,89.2468,80.9355
7190.72,-6188.97,84.4929,80.934
4846.74,-2483.93,100.659,80.8067
-6082.6,-6920.69,169.705,80.804
5994.86,-6521.57,179.737,80.7966
-5477.4,1175.28,85.2298,80.7744
140.21,6426.89,83.5792,80.7489
6057.79,-1763.81,83.5268,80.7185
6354.23,6243.6,105.938,80.7136
4553.84,826.064,83.8804,80.6937
922.285,-6196.1,89.7945,80.6118
-7118.73,-6619.6,128.977,80.5903
2278.53,-4803,161.805,80.5305
-2955.91,3873.83,90.1712,80.5036
3505.92,7197.58,130.241,80.4298
1355.29,3764.99,134.109,80.3916
-3486.87,6585.47,98.9011,80.2936
5404.04,995.678,81.0399,80.2911
-4777.21,-6463.99,80.4509,80.2811
-5193.36,-598.735,85.0568,80.2049
-1077.3,-6959.66,118.765,80.1943
-359.325,5816.16,85.4326,80.1899
-5814.95,-3694.74,105.348,80.0477
-1996.57,-5087.63,80.8644,79.9497
1404.88,-4247.03,80.6476,79.9228
-5601.13,1688.34,83.2125,79.9022
6245.87,-3523.81,86.9891,79.8473
-6029.84,-2545.19,95.2475,79.8133
-3793.37,7159.07,135.292,79.8015
-6931.43,2865.24,128.049,79.7954
2352.24,7276.65,101.935,79.7089
6300.23,-4823.74,145.22,79.6824
-400.086,-6091.16,86.638,79.6302
3577.39,-7140.08,163.018,79.6215
4068.22,2440.49,112.078,79.6013
3889.28,-3615.38,85.3058,79.5868
-306.766,5746.23,88.4985,79.5808
5366.1,-6923.14,108.756,79.5778
2895.08,5013.28,129.268,79.5625
5522.39,-1242.63,101.46,79.5399
1930.54,4918.82,163.956,79.4848
4764.8,225.206,123.458,79.4545
-3396.06,5200.81,108.089,79.3997
-2754.2,7343.53,84.9725,79.3724
6295.86,5927.15,87.2738,79.3665
-6378.08,2807.11,95.9851,79.3028
-3682.22,-4273.68,80.1498,79.2861
2669.93,-4673.08,84.8204,79.28
-1334.74,4147.46,115.085,79.201
6132.08,-1333.79,86.9929,79.1849
7353.9,1266.16,139.82,79.1604
-4711.31,-2414.83,143.705,79.1522
5333.45,1317.07,118.72,79.0342
2176.91,-7016.59,151.917,79.0069
-5231,-6795.99,92.9608,78.9434
5716.12,-7123.88,81.7372,78.9371
2519.74,5085,128.923,78.9306
4914.18,-4242.18,109.639,78.9156
2576.85,-7422.36,107.801,78.88
-5850.83,-6088.5,165.536,78.8757
4761.48,-606.32,83.0287,78.8432
-6973.75,-3790.7,95.4316,78.7377
-7105.98,5010.98,91.606,78.726
2145.51,7400.48,81.9404,78.7121
3758.39,5159.7,103.873,78.696
-6169.15,-1906.33,85.6577,78.654
-1073.34,5914.77,94.4326,78.6103
-4622.39,-2703.61,348.25,78.5984
1573,-6740.69,139.093,78.5761
2430.44,-7030.56,126.207,78.5738
6536.84,754.287,91.6564,78.5694
6660.68,6372.64,83.1837,78.4335
4699.71,-6001.57,95.3334,78.4088
-6154.04,-5507.7,114.755,78.3564
5316.19,-6648.45,150.95,78.3068
4139.21,-1245.2,84.5532,78.2887
-1668.01,6060.12,214.12,78.2764
7153.65,-4903.48,84.1491,78.2328
-271.683,-6432.41,103.913,78.1931
6912,673.925,162.326,78.186
7382.59,2885.39,110.562,78.1688
-5308.7,254.836,118.277,78.1492
-7495.54,2679.08,102.296,78.1342
6634.95,-395.644,83.6832,78.0897
7260.56,5418.65,124.548,78.0256
-752.669,5114.6,106.966,77.9543
7378.77,5872.29,87.9354,77.7627
6090.89,3110.28,188.942,77.6925
-1752.31,7453.22,114.431,77.6832
6408.5,5967.69,80.5322,77.6616
1204.79,5122.38,91.0159,77.6348
-3854.69,-1983.45,97.9653,77.5827
-3780.96,-6505.51,100.768,77.5813
-6699.29,4516.49,90.319,77.5779
-743.844,7018.13,81.4862,77.5601
-3358.96,-6842.33,169.519,77.5546
7322.19,-7553.15,82.7829,77.5476
6598.49,3972.23,79.4015,77.4942
1562.52,5428.46,82.4033,77.4585
-2052.03,-4002.29,126.515,77.4157
5372.6,6644.66,94.4405,77.4044
3963.37,2122.48,82.2651,77.308
-4179.81,-1328.77,98.0597,77.2925
3350.41,4880.22,83.9123,77.2569
5798.59,-1309.17,123.271,77.1929
-5610.41,-1578.97,209.264,77.0937
-5183.96,1349.24,149.252,77.0667
-1349.95,-4572.72,87.5101,77.0361
4959.37,-5594,85.5485,76.9718
-6401.71,-3382.99,124.309,76.9078
4169.14,7339.06,77.4165,76.8961
1861.55,4357.45,82.0894,76.8605
-4606.86,-945.704,107.543,76.8519
4206.58,-2903.28,225.938,76.8095
-4966.3,1326.77,100.08,76.802
6755.5,1532.4,89.7613,76.7755
4091.63,-3053.21,144.759,76.7687
2559.73,5634.88,79.0173,76.7591
-5205.16,-4736.54,113.105,76.7279
-5973.64,-4423.73,76.8218,76.7106
-4695.81,7150.06,145.321,76.7061
697.91,4877.38,100.504,76.6742
3744.65,1232.53,83.9149,76.6034
1116.36,6971.94,84.0073,76.5758
5617.62,-6620.78,114.626,76.5634
-3927.11,-5252.36,99.924,76.5515
4600.41,6134.65,111.745,76.5414
7060.33,1284.42,86.4439,76.535
6223.98,1660.5,83.8945,76.5288
5045.97,-4913.67,90.5421,76.5053
5856.42,-923.56,89.072,76.4656
-6392.73,-5634.03,79.1003,76.4342
-3976.99,-6412.3,163.202,76.4325
-3624.4,-7065.51,149.881,76.4202
-4943.85,3056.25,110.371,76.3929
6717.78,-2850.29,82.587,76.3649
1385.95,7295.34,124.783,76.3476
-1325.27,-5285.02,130.327,76.3181
-7258.9,7080.18,178.114,76.296
6796.45,-5388.27,133.763,76.2802
-1450.1,-6013.6,98.1591,76.2746
2567.02,7317.05,84.3666,76.2124
-4932.71,-987.693,147.911,76.1927
6152.24,-292.141,84.1228,76.1621
-4598.78,-2660.49,81.5032,76.1525
-4244.96,-3394.11,84.0454,76.1036
-17.6907,6246.02,108.23,76.0923
3428.22,-4927.22,83.1621,76.0493
-1210.49,3995.65,442.13,76.0281
-3371.74,-4360.81,76.9789,75.8999
5350.51,-4383.12,113.304,75.8098
6535.75,-174.889,82.5911,75.8041
-418.106,-7338.31,84.431,75.7877
-4712.59,-5732.74,82.0075,75.7546
-3602.52,-6124.37,85.6986,75.7484
-7434.43,-5340.24,107.901,75.7182
-2078.05,5568.21,115.293,75.716
5355.58,-6613.55,89.8668,75.6968
-2096.34,4690.37,76.0294,75.6847
754.592,7102.33,94.4306,75.5782
3302.15,7097.96,89.2137,75.5524
5807.95,-3437.14,152.782,75.5431
-7042.88,-6013.19,75.8571,75.5396
-5331.94,-6927.08,84.7007,75.5322
338.095,-7439.37,85.8848,75.5107
1833.64,-7494.51,101.652,75.4931
6669.53,1059.07,89.844,75.4835
-3530.53,4739.96,80.7967,75.4466
-4174.64,1042.82,131.071,75.377
4248.39,3892.1,87.4629,75.3683
-4767.16,7040.11,84.6009,75.3309
5837.85,-6573.83,136.504,75.219
2810.92,-6194.93,85.304,75.175
6214.96,-3458.27,89.4927,75.0121
-5376.92,5948.25,79.3313,75.0073
1153.47,-6350.68,162.451,75.0027
5002.34,-2414.85,77.1978,74.9884
5575.48,-1597.9,153.157,74.9863
-4201.48,5559.47,78.7956,74.9665
4670.31,5408.58,84.1711,74.9257
7346.12,3129.82,150.561,74.914
-1373.91,6603.14,93.2477,74.8593
-7481.72,-4986.8,107.99,74.8506
4199.64,2647.12,95.8832,74.8392
3785.12,-5773.86,81.5811,74.7879
-5352.47,173.279,109.46,74.7613
5226.46,-1233.27,137.906,74.6431
-4046.26,-5790.48,86.0161,74.6306
2920.72,-7537.81,86.6075,74.5686
3530.32,3775.65,126.658,74.5611
3997.08,802.908,82.4715,74.5253
-6453.17,-304.41,86.3092,74.5148
4816.38,-691.667,158.699,74.4707
-2461.47,-3716.83,129.854,74.3843
409.033,5938.41,89.6479,74.3274
-3417.2,7240.41,134.57,74.2365
-901.301,7272.67,115.965,74.2248
-4985.32,-1705.42,74.6423,74.1828
4089.68,6222.71,85.1469,74.1801
3125.83,-6196.7,114.144,74.1516
-4989.58,7373.78,110.605,74.133
-816.041,5967.64,103.449,74.0858
-3797.51,-6553.97,165.167,74.0785
-665.529,5051.42,81.6146,74.004
6036.64,4219.54,92.7697,73.986
2928.41,-4798.34,114.885,73.9569
4193.78,6061.39,129.046,73.929
6251.12,187.804,82.753,73.8833
6471.76,-6269.87,88.0506,73.8706
4019.84,130.762,88.5597,73.8165
-7200.88,6871.22,81.4256,73.7709
-3441.71,-5916.33,142.663,73.7275
-6735.74,-5724.89,166.932,73.709
5504.03,4523.74,178.728,73.6754
-3252.22,-5121.44,107.917,73.673
-5739.61,-2266.33,84.2981,73.6666
-1584.43,-6487.14,77.1865,73.6456
-5441.48,830.653,79.1396,73.6235
6700.93,-5968.23,77.4737,73.6186
6520.96,-4782.28,82.9278,73.6173
-2039.2,5906.15,100.124,73.5586
-4604.38,-4932.84,112.6,73.5257
-6622.17,7426.59,131.158,73.5234
1051.5,6872.08,88.9294,73.5181
-3557.8,6197.67,93.8056,73.5108
1132.29,7500.44,76.3328,73.4689
3483.93,-6470.46,81.5232,73.4458
7387.38,-4164.84,76.2,73.4441
-6805.7,690.369,84.2808,73.4183
-7253.85,5753.93,222.772,73.3922
605.776,-4106.57,187.052,73.3104
7051.37,-2746.67,101.539,73.2901
-4344.96,-7244.2,73.2582,73.2352
-6738.67,2848.33,83.3433,73.2302
-2913.1,5369.29,329.632,73.2146
-5097.43,-2585.61,74.3007,73.1911
4355.89,-2359.55,86.2316,73.1665
807.884,7212.77,76.1788,73.145
-5223.19,910.217,85.2214,73.1406
6359.11,-6927.08,87.3352,73.1389
-7393.03,-4813.32,109.478,73.0871
-6540.61,6941.01,80.8495,73.0793
-7357.82,2057.57,86.3751,72.978
3944.1,674.598,78.704,72.9657
-5736.14,-2062.25,105.34,72.9393
4032.51,206.404,86.2822,72.9141
7043.1,-6620.02,103.594,72.9058
7352.82,-1215.25,75.1571,72.9021
6182.87,2000.28,82.7553,72.8427
-1888.3,6555.56,104.864,72.8358
-4574.81,47.4414,121.38,72.8235
-3553.16,3923.78,87.6713,72.8227
-4928.7,-4753.33,89.1452,72.8092
-4848.88,-3569.36,85.4812,72.7891
3864.39,4625.43,155.439,72.7705
4239.93,-5938.76,102.738,72.7608
-4924.96,-4033.41,83.4231,72.7173
5728,-4474.17,99.8894,72.7145
-4224.08,3771.62,160.198,72.6916
6214.6,3972.72,75.2607,72.6909
4029.93,6173.68,74.865,72.6372
-2426.13,-4095.94,89.5084,72.6366
1686.57,-5216.29,77.8797,72.6124
5245.76,-876.793,74.209,72.5971
5023.56,3072.42,84.5475,72.5773
-6492.72,5410.62,81.7946,72.5731
-473.619,7261.84,73.2294,72.5726
2854.41,-4143.97,76.8657,72.5492
1208.34,-5235.76,83.2723,72.5412
5577.61,4741.28,112.704,72.525
-4288.62,5938.32,78.1285,72.4913
-6818.6,2965.41,78.291,72.4585
-3767.08,3325.24,190.642,72.4141
3496.31,-4666.6,246.069,72.3959
-2151.53,5134.35,216.049,72.3938
4809.97,-4256.68,150.706,72.3936
419.835,-7289.08,125.654,72.3935
7190.42,3046.73,78.7973,72.3906
-4373.55,839.015,81.02,72.3618
-3489.94,-6854.76,73.5844,72.3583
-1029.38,-4234.32,76.7126,72.3454
7171.33,1317.92,90.8377,72.2159
6248.2,6924.77,186.263,72.209
-2609.09,-4968.23,73.398,72.2019
1281.39,-5686.3,303.875,72.1771
6130.61,3002.18,79.2623,72.1307
-4037.8,2208.34,127.745,72.1251
-5173.78,-820.156,81.4373,72.1179
-5662.33,6267.13,90.8752,72.0886
-3921.07,583.543,76.385,72.0287
-4158.29,5313.08,84.3876,71.9778
5142.51,6180.39,134.302,71.9602
4977.32,-5154.61,94.6651,71.9478
-1674,5490.46,72.3785,71.9359
-7402.01,1326.38,86.4957,71.9244
-5566.69,2374.69,73.5759,71.9117
-5749.57,5567.11,82.997,71.9047
2904.88,5431.36,87.0367,71.8943
-6206.44,-3136.36,73.4466,71.8626
-3662.96,-5160.89,101.501,71.7851
4360.06,-4862.96,82.4544,71.6769
6840.2,309.651,79.9,71.6704
-6648.06,4306.03,89.6339,71.663
-3865.19,7533.05,74.4292,71.6556
7090.98,-4061.55,75.5201,71.64
-7454.63,-316.254,74.5406,71.6355
7092.1,-1744.81,80.0771,71.632
6433.63,-2991.96,77.0235,71.583
-268.563,6622.05,88.0723,71.5503
-495.668,6718.25,87.4461,71.5269
2704.03,4924.72,106.844,71.4737
-4031.42,-6147.59,84.137,71.4711
-342.928,4692.5,77.4502,71.4191
5870.13,491.174,95.8,71.3581
2177.45,6257.14,94.7563,71.3293
-3473.3,4466.86,74.2103,71.2787
6746.05,-4031.1,71.9552,71.2612
-5577.53,-2921.11,108.182,71.2466
4987.38,-608.179,154.527,71.1714
164.179,3771.77,73.795,71.1592
1288.52,-3793.79,134.247,71.1552
4085.69,-4262.03,87.2541,71.1473
4357.25,6004.87,85.7846,71.1447
-6182.91,2860.95,83.7841,71.1141
4712.44,1365.46,110.103,71.1116
6428.9,-514.192,78.6937,71.1099
3662.67,-4434.45,117.316,71.1072
338.303,-6092.82,139.746,71.1024
6691.23,4926,185.845,71.0572
-7344.86,-6264.7,76.8407,71.0384
4184.01,-6885.9,83.8173,71.0329
6883.39,-2264.87,100.483,71.0018
5382.08,-178.893,95.7907,70.9623
-307.266,6143.03,78.8676,70.9541
-855.11,3794.22,79.5364,70.9402
-5878.77,-7185.55,83.761,70.9357
-3161.22,4076.75,86.0327,70.9196
-2958.1,5689.75,77.6315,70.9004
5426.97,-4242.88,85.2367,70.8778
5926.97,-2153.6,77.3506,70.8717
-5447.96,1933.29,75.5149,70.855
7332.17,-2010.4,113.874,70.8425
3864.85,4760,89.5654,70.8144
7507.02,-6730.1,135.539,70.8088
-1294.49,-3923.53,74.0502,70.8083
4010.66,7130.01,75.0311,70.7869
3435.36,-6511.9,74.2377,70.7816
5697.07,7368.71,76.4271,70.7778
6039.9,-4270.1,109.65,70.7604
770.823,-4146.21,77.3,70.726
-503.928,-4025.67,74.4003,70.6915
3784.18,5625.53,76.4339,70.6871
2972.47,-5682.67,116.312,70.6598
-4112.19,1982.92,82.631,70.6069
-5382.96,1749.84,284.024,70.5764
-2503.61,5416.1,73.362,70.5385
7448,6530.35,72.4493,70.5258
-5969.35,-7166.83,74.9335,70.4955
-4736.14,-5276.17,88.7501,70.4843
-7371.82,-367.262,72.2386,70.4303
-4081.93,128.309,123.936,70.4297
-4240.49,-7181.88,72.2814,70.4143
-3074.91,6700.01,164.254,70.3491
6171.91,-5488.5,218.722,70.3387
257.01,4405.38,110.408,70.3085
-4796.69,4639.34,75.2354,70.2589
-630.473,4038.99,90.1686,70.2523
-1307.02,6379.38,74.8776,70.2468
6341.77,7076.73,100.124,70.2394
894.522,-5142.84,71.385,70.2346
-3558.95,-5024.84,133.214,70.2278
6297.27,-5848.19,104.354,70.1962
-5572.26,-6220.58,85.915,70.1862
-2667.3,6163.92,142.834,70.1792
-6043.63,-512.08,70.9305,70.1452
-7227.81,-4036.19,111.833,70.1353
7158.9,-1379.91,99.1746,70.0979
115.521,7457.86,74.7872,70.0872
5936.59,2791.63,72.7618,70.082
-7419.08,4149.29,73.2944,70.0806
7110.92,-5576.2,72.7813,70.0626
-2009.82,6262.38,74.3722,70.0601
224.101,4612.13,172.757,70.032
-3409.88,-6248.32,118.77,70.0187
3914.62,3838.03,85.4806,70.0004
-4805.48,-5358.61,129.781,69.9487
4833.14,-5603.29,74.2665,69.9484
4427.77,-454.889,96.3758,69.9013
-5860.35,-2526.48,77.7385,69.8666
-5599.72,1929.47,85.1977,69.8575
-3825.66,-5178.93,71.1995,69.827
395.384,-4615.82,83.8906,69.8184
-5148.65,5376.74,159.231,69.805
4159.91,839.157,70.4756,69.7747
286.358,-5156.49,74.8119,69.7559
-3629.95,3720.71,114.323,69.7417
5276.38,-1496.48,109.172,69.7389
5208.04,-4270.91,104.309,69.664
-4366.36,5825.02,76.185,69.5878
6903.27,4173.22,70.1136,69.5581
-2789.08,-4865.67,88.4437,69.557
612.194,-5044.06,72.4768,69.5449
2010.22,-7454.91,73.6531,69.523
4831.45,-2520.59,116.318,69.5215
1472.04,4012.38,69.8797,69.4937
4598.1,-4875.69,75.9846,69.3913
-6978.63,2813.28,75.979,69.3861
-4106.04,-4848.89,91.5459,69.3695
-5393.4,4861.37,85.4141,69.3632
1218.6,6531.96,83.3443,69.3586
5775.71,502.808,71.9124,69.3376
-7308.22,849.487,71.9477,69.3367
3808.2,-6198.6,73.9324,69.3235
-4255.33,-6789.72,96.1176,69.3176
4252.07,6831.41,134.913,69.3073
2983.96,7246.72,88.813,69.3063
6505.12,-327.523,69.4267,69.2659
611.341,4546.82,91.9104,69.1795
-4693.15,-997.363,118.844,69.1675
-1140.98,-6942.82,70.1272,69.1553
-2836.44,-5880.93,82.7901,69.1423
4193.1,6864.29,148.232,69.1292
-4801.83,3979.67,90.1934,69.1217
5284.95,-7395.87,81.0295,69.1118
2347.92,-4984.54,154.096,69.0938
-2521.45,-6045.04,71.3033,69.0912
5672.08,-6704.27,71.1997,69.045
2210.28,5834.21,216.816,68.9162
-6119.51,4072.58,101.043,68.8893
-5348.55,-624.671,186.785,68.8293
-4778.64,-2787.98,70.0458,68.7482
-7555.88,-1496.93,79.8603,68.7298
6239.76,-1563.17,89.8544,68.7113
1720.98,7211.52,72.1026,68.7106
-5374.12,-6965.95,153.591,68.6803
-455.347,-3924.63,161.25,68.6557
6322.54,6748.66,70.9753,68.6266
-934.437,-4670.23,80.3491,68.624
7125.68,-5773.04,212.985,68.6076
6830.32,-1299.42,86.0714,68.565
6733.81,6664.78,161.538,68.5579
-4034.33,4256.8,70.1102,68.5333
-6678.48,-4594.81,123.434,68.487
5556.56,-5991.52,97.7804,68.4795
500.115,7197.98,110.395,68.4668
-4957.19,4848.71,78.8965,68.457
84.631,7317.82,87.1577,68.4292
7557.52,3294.26,69.8371,68.4261
-789.258,6081.19,76.0064,68.4164
6026.38,506.555,73.3473,68.401
6138.61,5225.23,87.346,68.3952
2097.59,3692.66,283.547,68.3946
-958.57,-5184.04,97.2446,68.3674
-4959.58,-3010.65,80.7139,68.3487
-1403.13,-3937.14,72.892,68.335
-1654.84,4518.18,75.1537,68.3011
3946.95,6961.23,83.4581,68.2882
7285.17,1610.41,75.5138,68.2799
-7076.32,-5673.59,92.1307,68.2768
-3108.67,-5752.2,83.7978,68.2354
-4724.26,884.889,71.1818,68.2274
-1327.53,4810.77,85.048,68.2043
6414.74,6129.21,143.48,68.1597
4662.08,-1318.78,68.9794,68.1567
6874.04,-4008.45,73.3959,68.1555
-3216.66,6357.36,73.7948,68.1532
-2283.27,5493.24,170.94,68.1323
2759.51,7230.86,80.2644,68.1211
3496.02,-7452.8,68.6845,68.1124
263.063,-7493.67,110.633,68.1109
544.707,-5538.3,77.3394,68.0974
2744.9,-6106.83,96.061,68.0927
-7035.6,-5427.39,71.5362,68.0586
-131.927,-5343.73,77.9638,68.035
3914.54,479.147,136.616,68.011
-4773.46,-5855.35,161.096,67.9973
552.484,3969.53,70.9519,67.9851
-3896.54,2717.68,71.241,67.983
-6216.9,-1186.72,69.4095,67.9818
-5770.78,-338.241,86.9794,67.9796
-4462.68,6290.19,70.9645,67.9545
-4830.29,-1037.58,220.353,67.9384
2708.81,-4913.78,75.3742,67.8949
-1274.42,7034.12,67.9987,67.8826
-5100.07,-112.462,82.8339,67.8203
5004.21,-6191.61,165.021,67.7571
2273.56,-5523.55,118.931,67.7469
6506.08,4358.03,173.664,67.743
-4852.61,-6807.86,94.9056,67.7352
-4127.29,-2605.92,72.058,67.7282
4245.88,-594.59,78.7217,67.6543
4282.1,-5372.93,72.407,67.6456
5336.83,-7305.3,78.668,67.5351
-2726.65,5692.67,119.594,67.5092
7120.43,-5652.53,123.184,67.4873
-4822.57,-890.774,85.4283,67.4719
4573.89,-1127.35,127.773,67.465
5182.82,-5743.28,330.912,67.4584
-27.3497,-3992.41,75.4301,67.4551
-4222.95,-3294.61,80.0527,67.4489
3306.27,7581.37,70.0444,67.4431
-5495.54,-6370.03,71.8324,67.4102
5675.79,-3375.25,73.995,67.3426
5034.8,-7389.45,67.8521,67.3313
5490.74,1056.03,69.647,67.3306
-4350.3,192.133,84.1303,67.2953
-1297.5,-3708.95,146.623,67.2867
-5522.68,4742.71,85.7431,67.2557
-525.765,4219.14,71.6594,67.227
-2510.93,-3910.03,74.6474,67.2129
4744.13,-4193.76,85.6281,67.1927
2150.19,-7146.82,72.996,67.1545
-6342.19,5927.1,86.9975,67.1108
-7372.21,3785.01,73.6792,67.1054
3647.51,-7095.63,80.4585,67.0883
1916.45,-7012.88,74.4677,67.0723
-2100.29,5450.79,97.0236,67.0454
-2940.69,-7259.24,70.6581,67.0435
-1840.07,7072.22,80.3798,67.0347
-7370.16,-3546.14,74.1516,67.0109
-3484.71,-7489.36,91.902,67.0074
4239.9,-3178.5,76.0115,66.9881
1171.13,-5894.34,69.9481,66.9438
7196.1,-6753.51,76.3077,66.9426
3930.18,-3626.41,79.4777,66.9338
-5380.96,-4305.49,75.2664,66.927
1356.75,-6299.81,80.8945,66.8173
-4859.52,1106.64,117.202,66.7955
-1174.57,-3789.04,71.7208,66.7607
-6454.15,6891.41,74.9218,66.7315
6494.83,3100.1,116.696,66.7174
-4940.33,-4560.3,72.8737,66.6964
-5788.91,-4268.51,73.3741,66.658
4861.73,-1426.35,81.8035,66.6567
6624.97,-5680.85,137.145,66.6345
34.2791,6930.07,74.0737,66.6009
5338.28,466.054,81.0945,66.5365
5740.1,4487.01,72.6256,66.5116
1687.14,-3921.74,70.7346,66.4928
-5497.51,-51.4281,85.6214,66.4756
3478.72,6276.47,67.5573,66.4731
-5669.53,-1939.23,121.888,66.4543
5994.62,-7448.3,73.3968,66.4447
4818,411.42,108,66.4044
-3039.88,-6484.12,92.6339,66.3792
6068.79,1746.82,90.8226,66.364
4834.59,3598.86,69.8701,66.3594
-3851.44,-5465.88,66.5528,66.2991
2816.68,5181.71,104.78,66.2798
4160.46,-6902.51,125.571,66.2627
7465.98,7229.96,67.1667,66.2157
7488.74,-986.379,76.3201,66.1992
4212.31,6649.44,74.498,66.1819
-149.61,4515.62,75.8502,66.1616
5198.17,5182.18,69.5094,66.0464
4567.79,-7357.66,77.2698,66.0406
516.976,4937.21,107.997,66.0156
-4420.54,-4017.12,77.5266,65.9934
-6110.92,6461.01,71.5273,65.9856
52.7383,-4113.47,68.935,65.9732
4304.01,-1844.87,151.196,65.9658
6243.45,4987.17,68.3482,65.9424
-6257.22,-2625.73,72.9433,65.9412
-754.333,6462.67,71.9787,65.9139
3896.07,1202.32,70.247,65.8625
-3101.22,-4307.84,121.458,65.8512
-4084.07,3193.53,76.795,65.8363
178.351,-7451.78,71.66,65.8314
-2785.73,7167.07,81.6396,65.7842
4242.1,5477.87,66.046,65.7638
-6396.45,644.044,82.0423,65.7572
2315.98,-5645.64,70.1245,65.7449
7157.05,-4020.83,126.218,65.7428
-6246.06,-4185.14,80.1554,65.7166
4947.15,3779.73,74.1713,65.7097
-7471.64,-7223.78,67.5387,65.677
4065,-810.584,85.1927,65.6626
7018.02,-7030.88,80.2122,65.6548
5693.19,7004.92,85.1322,65.6476
5009.92,-6343.48,68.0613,65.6375
5179.65,-1541.29,284.036,65.6141
-5792.23,2161.78,298.639,65.6093
4874.25,5231.63,73.4693,65.6056
5569.73,-6684.14,66.7309,65.6032
-6976.41,5524.82,107.929,65.5958
-7576.56,4785.39,71.2436,65.5439
3483.67,-5548.14,73.784,65.4656
-4576.52,-605.044,84.8397,65.4229
-3922.03,-6993.25,165.149,65.4169
3086.67,6629.24,84.2333,65.413
-6835.05,-4980.84,67.5442,65.3677
-6118.55,4386.61,76.7355,65.3601
-5724.08,4780.64,79.8756,65.3291
1072.08,-7199.37,71.9975,65.3207
-7178.6,-6130.83,70.6965,65.3071
-5288.8,-2688.14,72.2909,65.2998
699.802,-6324.11,71.7924,65.2358
4695.48,3533.82,115.662,65.22
-7410.5,-1430.56,67.2247,65.2178
132.527,7454.85,68.1639,65.213
769.401,-5942.73,147.907,65.2081
2284.77,3837.76,88.5725,65.1974
-3765.09,7457.82,89.6208,65.1735
4735.71,-1663.94,74.6199,65.1565
-1620.98,5520.49,77.5165,65.1475
3984.51,1717.17,112.735,65.1415
-185.517,-5207.43,69.8681,65.1398
262.614,7345.38,72.3245,65.1011
5070.21,4824.48,68.1702,65.0991
-4697.26,-7445.98,68.6767,65.0915
-711.93,-4903.69,69.0764,65.0705
1382.17,-3896.07,75.893,65.0293
4906.86,-2006.89,83.9679,65.0243
-4138.65,2893.17,72.3059,65.0241
-5259.24,-246.904,72.1461,64.979
37.1318,6584.21,133.55,64.9759
4955.79,3778.45,74.7299,64.9718
729.927,4263.89,68.5831,64.9695
-6661.96,2175.37,70.7697,64.9533
-2388.18,-4462.86,65.038,64.9463
-5920.08,2297.9,75.5197,64.8744
-5611.49,2506.39,101.335,64.8494
-5701.24,-5682.31,134.802,64.8332
2543.53,4539.47,81.5981,64.8313
4089.21,248.808,94.4541,64.8151
-5688.08,-3300.43,156.242,64.7697
-6284.45,-4017.11,76.8633,64.7308
-4114.96,2980.48,100.232,64.7286
546.497,-5985.67,68.4438,64.6453
-6409.79,4259.63,67.9471,64.6445
-3725.36,-696.417,66.8349,64.6163
-3370.59,4822.14,91.198,64.6076
-2863.02,7407.28,84.9693,64.5938
3250.53,6313.17,90.2559,64.5865
5452.6,-1167.61,110.843,64.5566
-6875.04,-104.322,72.2776,64.5512
-5236.83,1540.74,291.008,64.5299
871.763,4761.99,89.7314,64.5169
4471.67,-167.348,159.916,64.4911
-5213.75,-6384.3,67.6611,64.4524
6016.68,-1957.94,96.2981,64.3815
-4803.39,4793.44,72.318,64.3666
-5286.32,6053.81,120.965,64.347
-4517.02,-2458.37,80.6995,64.3246
-7420.3,-6386.92,119.47,64.2645
-2548.01,6419.46,83.7076,64.258
-559.06,6976.39,86.041,64.2327
5228.07,5859.94,67.0072,64.2307
4015.96,1445.31,153.55,64.2271
-6551.88,-6182.95,76.6695,64.2194
7336.81,2105.41,76.2845,64.2125
581.028,-6735.27,76.2544,64.2067
-794.515,-7522.16,70.3907,64.197
6840.61,-6313.36,89.3735,64.1903
-7420.1,189.62,66.9664,64.1847
6771.02,3724.67,169.038,64.1781
4880.44,-4214.81,66.8355,64.154
7493.82,-5036.56,96.513,64.1516
467.944,-4829.81,73.2051,64.1504
4092.55,1814.46,115.884,64.0614
-7109.15,-5670.06,69.0357,64.0362
-559.779,5097.74,84.4111,64.0215
5190.92,-2688.4,75.2554,64.0065
2092.35,-5739.86,112.928,63.9708
-1246.33,4490.57,82.7793,63.9685
-6928.12,3251.13,111.725,63.9463
-6166.4,-1635.08,80.2244,63.9381
5982.76,-2172.34,68.3542,63.903
4899.29,-7571.25,74.7572,63.8984
-5730.64,4744.07,68.9537,63.8815
297.286,4915.72,76.4151,63.8488
-3797.1,-3782.48,84.4194,63.8436
6529.68,-6257.82,83.9489,63.8349
6890.41,3167.19,142.955,63.804
-4186.4,5867.66,71.0124,63.8005
-5914.7,5897.33,70.9096,63.7875
-6857.54,-6120.91,94.6169,63.7855
-2113.39,-3936.89,81.6912,63.7764
-2470.77,-4886,71.5876,63.77
-6305.72,7007.56,77.9052,63.7685
4034.67,-7028.14,125.709,63.7182
-4351.54,-7590.94,72.7401,63.6947
-4298.41,2939.94,73.4833,63.6845
6615.19,6720.2,65.6445,63.6638
5449.28,5371.44,84.3149,63.6545
678.311,-6701.54,82.0029,63.6411
6601.49,-7110.89,76.5831,63.6343
-3020.43,-5680.33,66.4495,63.6044
5958.57,-563.543,76.8119,63.5657
6297.56,2027.73,68.7665,63.5581
7473.63,2161.95,67.4824,63.5329
4090.24,-1501.29,85.9242,63.5256
-2005.49,4659.8,80.936,63.5127
5054,4112.34,74.3757,63.4783
-5021.27,2287.32,70.5353,63.4494
-5744.41,-345.326,73.0301,63.4333
-3330.02,-5480.09,78.1976,63.4098
-4065.37,-4189.78,82.5305,63.3984
4600.2,4686.66,83.3664,63.3853
4947.85,1444.11,81.9146,63.3822
4932.92,2042.98,73.9144,63.3312
-5502.96,85.6279,64.0579,63.3199
-2329.2,-7435.2,72.7969,63.3133
-3812.67,-3997.44,65.0735,63.3108
5246.49,705.539,413.158,63.307
6014.61,-7033.18,78.8026,63.3058
6902.73,581.716,73.7809,63.2541
-859.505,-7117.28,74.0565,63.2419
6637.35,-370.249,160.106,63.1949
-3976.25,2126.54,83.9295,63.1702
-476.858,6311.25,225.606,63.1518
2452.92,6468.33,70.6884,63.1264
-5751.33,-3307.92,67.4811,63.1178
-2284.98,-4321.94,64.5147,63.0817
7189.65,-3772.09,91.8969,63.0724
-7133.83,6546.7,68.2771,63.0631
-5486.73,-3672.02,75.177,63.0491
-1767.55,-6671.29,76.8361,63.0441
-2669.2,-6700.57,73.4267,63.0424
-6822.63,6013.73,63.1243,63.0235
5666.47,-6942.38,100.584,62.9998
5408.34,-5042.53,79.9777,62.9931
-6291.98,7458.96,63.0674,62.9877
-6076.07,-7194.71,73.2004,62.9799
-1929.13,5129.01,82.3402,62.9647
1528.71,6357.37,79.8701,62.9569
-7311.7,201.675,78.2234,62.9284
-1395.46,6250.64,72.4473,62.9268
6525.89,-1415.88,69.3622,62.9091
7474.43,-3288.67,76.1135,62.9004
4571.6,7576.03,72.0754,62.8947
7483.9,4963.51,73.4492,62.8806
-4521.2,-875.527,85.8864,62.8402
-6587.62,5867.69,71.3001,62.8277
6806.22,-5364.11,102.899,62.816
-6464.16,720.601,148.258,62.8017
3444.96,5709.11,63.0319,62.7848
4426.33,5620.41,96.4699,62.7724
-312.378,-4430.22,80.754,62.7599
-5645.03,-872.091,75.4839,62.7533
4314.01,-6970.91,64.8739,62.74
2007.78,-6115.92,68.7249,62.7209
7467.82,3259.87,88.7986,62.715
-5177.23,3067.89,85.8581,62.6881
-5115.95,-1717.87,90.4646,62.6834
5515.52,3515.51,75.4329,62.6733
4011.59,-5829.7,68.1051,62.6574
6694.2,-2576.24,76.3846,62.6412
-5000.95,7159.81,65.095,62.6003
6503.65,5992.8,69.0448,62.5632
-418.866,3932.05,293.507,62.5466
4776.67,2560.44,162.287,62.537
5333.96,-5301.34,64.1814,62.5285
-94.9243,4904.65,70.0467,62.5275
-5091.48,1289.45,65.7088,62.5063
929.801,-4094.68,64.2813,62.4945
-4560.72,5790.84,64.627,62.4802
7401.39,-69.6884,76.9414,62.477
-5799.54,3166.89,117.08,62.4644
6181.32,1641.04,123.198,62.4496
-5092.67,2579.79,64.3191,62.4421
-3744.61,3158.34,80.6723,62.4103
-7327.24,-2065.41,66.0547,62.4089
1095.02,-5647.81,126.388,62.3693
-6337.1,5167.51,217.705,62.3554
-2645.57,7049.7,83.7865,62.3447
1362.24,6730.97,63.2311,62.3414
4331.15,-1154.86,92.8122,62.3277
-173.345,5034.79,155.428,62.3258
-3766.03,6463.85,200.701,62.3112
-7013.9,-7221.11,63.8645,62.2946
-6744.12,-5873.19,63.0709,62.2923
5643.63,-4994.46,102.133,62.2835
-1169.02,-4277.67,65.7591,62.2553
-687.324,-3892.9,71.8284,62.2368
595.092,-5731.26,83.009,62.2197
-3982.89,-3185.83,69.9798,62.211
-6108.03,-1219.44,64.9225,62.1851
2392.47,-6737.35,72.0877,62.1813
2251.83,5949.93,102.065,62.1708
-2156.76,-4360.08,78.3847,62.1578
-5340.51,-2768.55,64.8542,62.1259
-4784.93,6834.68,74.3058,62.1203
-6982.1,5466.42,62.3679,62.0463
4026.55,-7343.71,76.9601,62.0252
3823.9,-7356.68,76.23,61.9935
5993.28,-1229.63,87.4149,61.9931
-6154.88,816.656,65.8349,61.9807
7441.8,2147.31,92.3598,61.9667
2753.59,-4428.97,169.253,61.9644
-4049.5,7486.62,71.5792,61.931
5083.98,-489.482,80.2193,61.9272
-1597.36,6465.25,65.8611,61.92
-5531.63,-579.756,65.7568,61.8945
4645.81,-7083.08,63.774,61.8756
-2451.03,5345.52,86.5903,61.8443
4150.08,-798.633,108.103,61.8357
-5509.88,-3892.25,120.151,61.8303
6531.03,4353.57,76.0217,61.8102
-7370.53,-5116.47,69.1025,61.7942
1522.65,-4441.79,64.1688,61.7791
6742.04,1794.58,70.9857,61.7775
1140.06,5917.32,66.6488,61.7724
4570.37,-7484.66,135.231,61.7636
4591.42,1436.73,88.6035,61.7279
-3202.69,-4671.79,63.7854,61.7034
-6265.95,4249.47,106.901,61.6903
7426.66,6727.02,104.693,61.6778
-5492.51,-3043.91,63.5152,61.6553
5914.86,2654.89,76.7114,61.6466
-5916.56,5952.06,77.1104,61.6184
-6330.25,5545.56,67.1996,61.6023
-5580.64,-2324.47,63.0949,61.5972
5658.94,-3672.04,74.527,61.5854
-5861.84,-3255,91.08,61.5618
3023.65,-6065.02,77.8117,61.5177
-4790.59,4277.24,86.9489,61.4764
4456.36,-582.04,110.81,61.473
-595.49,-4938.09,73.6876,61.4238
1962.62,5662.36,75.7202,61.3751
4346.48,321.829,66.6149,61.3595
6842.03,932.556,141.054,61.3498
7473.89,4237.28,76.1005,61.344
-6153.33,1046.92,187.766,61.3368
-2929.01,-5849.82,64.9202,61.2609
6227.68,61.6092,89.6341,61.2455
-5829.78,5504.58,103.15,61.2409
-3094.35,-5117.67,140.133,61.2032
-1739.02,-5107.89,84.3538,61.1922
-2488.26,-5425.99,78.6117,61.189
-5422.56,5725.49,64.2546,61.1869
-620.675,3942.3,86.6698,61.1685
-1484.08,6648.89,63.6561,61.1476
1429.2,3971.35,157.499,61.1386
-1229.09,-6343.25,81.2119,61.1332
-7146.96,453.767,77.324,61.1314
-7115.13,1031.35,86.0251,61.1044
4181.22,5859.77,66.1919,61.093
-5217.39,-5178.36,62.4311,61.0861
4225.14,671.01,80.1288,61.0587
2421.92,6930.93,61.9891,61.036
-3799.34,-706.314,121.795,61.0346
-6182.51,-4049.6,77.1023,61.0301
3848.07,2088.64,70.3808,61.0108
-4814.17,-3029.02,80.5482,61.0004
4687.82,195.372,86.441,60.9726
-4755.13,5221.47,142.313,60.9714
-5408.22,4970.93,63.5178,60.9365
-4167.26,2204.87,66.9821,60.895
733.129,-4508.87,88.937,60.876
-4477.09,-6440.11,71.407,60.8543
-4327.65,2836.37,83.8388,60.807
5576.45,426.619,85.2699,60.8045
4341.34,6498.14,69.1037,60.7952
-7087.93,-4716.28,68.1162,60.7451
-7267.88,-3114.97,84.8177,60.7432
5992.59,-6873.95,91.2337,60.736
5290.94,1208.53,66.2735,60.7326
-742.972,7326.73,77.8464,60.7191
471.43,6784.89,98.4666,60.6903
-3839.58,1213.15,85.6005,60.6699
5022.89,-3992.55,84.5089,60.6359
-7212.11,3276.51,66.2941,60.6219
-6535.52,6397.72,60.9802,60.5752
537.707,-4441.52,64.5039,60.5565
5949.31,5007.72,70.1335,60.5437
-390.839,-5080.4,69.6189,60.537
3784.08,-1226.66,66.6246,60.5335
-3427.37,-5535.57,61.4594,60.5123
508.6,4300.5,117.228,60.4944
-4888.35,-892.399,66.4471,60.491
6399.19,-74.9228,71.0526,60.4842
6596.29,-6506.12,72.2421,60.4707
3702.72,6425.1,62.7687,60.4598
7280.72,3145.51,69.5515,60.456
5568.2,-6625.28,67.1646,60.4439
7530.77,3613.39,60.6603,60.4355
623.437,-4056.41,66.5769,60.4331
-2082.2,-4766.83,110.954,60.4166
-4861.33,2015.76,87.3175,60.4159
7023.44,-6732.22,65.0148,60.4084
-1007.33,-6057.33,67.0038,60.3957
-3425.17,-6218.42,71.7797,60.3889
-4461.63,-6918.64,71.5751,60.3498
7033.62,5252.05,77.7753,60.3341
3762.25,5084.14,87.8203,60.329
3097.07,4040.2,82.9009,60.3203
-3403.98,7483.76,64.7136,60.3189
6435.69,-809.792,82.5298,60.3188
-68.6448,-5879.96,144.998,60.3082
5675.33,-7209.42,71.2116,60.2894
-7397.46,5774.26,62.2911,60.2858
6457.12,-5724.82,62.47,60.2734
-3407.23,-5154.95,101.551,60.2503
-2736.76,-5468.6,81.0461,60.2414
-4463.07,-1266.53,65.3825,60.23
-3703.91,5108.99,73.0037,60.2169
-1598.51,-4393.69,114.087,60.2112
-3674.09,-5522.33,72.3979,60.1985
3769.88,-1409.85,60.5995,60.192
7049.14,-368.031,148.984,60.1685
2303.78,-6071.83,79.1331,60.1536
-5251.87,3644.77,84.9544,60.1474
-4697.01,-2046.96,60.797,60.1466
-1658.55,4681.62,82.6239,60.1448
-4358.08,-3634.56,78.9081,60.1365
-4713.74,-6858.19,79.2409,60.1173
-1877.58,4725.51,74.1679,60.1033
6655.15,6990.17,172.807,60.0371
-7096.27,1245.56,78.7762,60.0183
-5620.2,712.202,66.1175,60.0084
-4849.87,6129.76,75.1117,59.9905
7095.66,87.2825,110.445,59.9883
7155.86,5263.03,317.661,59.9793
-4898.11,2382.4,87.244,59.9393
7543.32,7524.21,70.6698,59.9333
-6192.03,857.83,75.3398,59.9261
3878.91,6036.59,177.877,59.9142
73.5208,-5610.45,83.1962,59.9037
-6758.61,-862.675,69.6517,59.8674
679.145,-7221.82,64.9919,59.8661
2541.15,4922.92,116.053,59.8541
-7067.25,-4269.62,82.7274,59.8207
-3349.68,-7151.49,64.2674,59.815
-6723.08,-2271.03,87.0611,59.7926
3870.52,-780.706,76.5347,59.7687
4393.49,1352.09,61.5293,59.7651
-2007.46,4620.09,64.1267,59.7642
-5846.85,4242.37,87.6399,59.7586
-3835.24,-1644.13,171.704,59.7577
2565.42,7144.04,66.1368,59.7516
1094.09,4867.43,77.1278,59.7407
2114.9,6271.42,73.2574,59.7344
-200.801,-5334.37,74.8703,59.7244
-1798.04,-6538.5,67.3225,59.7149
-7511.5,2922.35,114.626,59.7138
-1955.48,4960.58,87.3014,59.7023
1216.26,4886.38,67.7166,59.6964
4256.46,-5931.24,64.533,59.6819
-4919.22,4219.92,64.6557,59.6616
2453.45,7013.47,68.7242,59.6359
-739.111,7357.52,64.427,59.6017
7040.63,5961.08,68.2099,59.5959
5891.32,197.033,63.2921,59.576
4408.57,6658.31,169.436,59.5568
4005.15,-597.555,73.8399,59.5471
1997.85,3842.83,66.9208,59.534
7429.88,-1245.79,78.5077,59.5113
-5411.64,2652.12,75.8476,59.5045
-720.142,-6280.97,75.1585,59.4726
5635.06,3304.18,90.5603,59.468
-2220.23,7402.92,82.1667,59.4462
4816.94,2707.48,59.8336,59.4132
-722.243,-4181.11,133.032,59.3963
-5907.85,-2577.39,63.1017,59.3895
3447.35,6658.07,65.2711,59.3824
-5737.94,-781.72,95.9127,59.3749
3473.61,4380.72,61.9202,59.374
-4428.8,1457.14,83.7678,59.3613
5808.24,-6643.66,84.0785,59.3361
3693.61,-6900.86,61.2157,59.335
-4921.12,-1672.86,66.1998,59.3206
-7308.74,1516.69,108.967,59.3193
1439.89,-6985.23,65.7925,59.319
-3447.48,4057.48,64.6054,59.2996
2290.02,4934.03,74.4295,59.2781
-5801.77,-3528.2,94.4773,59.2587
-6791.4,3607.44,67.9057,59.2487
-5603.39,-925.029,167.207,59.2392
4481.7,2113.98,67.757,59.2211
-1225.49,-5684.63,72.0559,59.218
313.228,-5368.23,68.6053,59.1678
-1736.99,-6554.72,88.3417,59.1636
6074.54,-7299.06,91.1309,59.1518
4417.69,246.503,64.4959,59.1482
6528.8,1141.08,62.1348,59.1142
3771.41,-5730.51,104.133,59.1082
-5384.63,941.277,77.2789,59.0952
-4362.58,1106.04,81.302,59.0883
7545.88,2883,80.5638,59.0773
-7196.66,3852.89,89.4706,59.0545
-5061.86,5158.31,80.2277,59.0511
-1045.71,-6657.84,97.0588,59.0496
-6696.42,5262.84,70.5884,59.0357
-6781.72,3786.63,71.3976,59.0257
-6668.5,-7497.82,82.3172,59.0097
4391.72,-1537.66,129.665,59.0087
-832.159,5241.7,61.6697,58.9969
-1752.75,4586.5,75.0156,58.9761
6109.13,-1680.12,79.6411,58.9747
3934.83,-5384.77,68.3663,58.9705
-2047.46,-6999.66,64.0646,58.9253
-7405.41,2032.76,93.7608,58.921
6298.57,2287.46,63.6925,58.9082
4594.08,4330.93,114.201,58.9076
-5789.97,-6.63983,59.8837,58.9002
-5715.49,-1274.11,233.536,58.892
4929.53,-105.062,59.7827,58.8812
6965.02,-4757.51,61.1284,58.8786
-3853.67,-1283.12,64.2392,58.8483
-6990.55,2860.82,79.3433,58.8306
4764.98,532.499,66.2797,58.8167
848.868,-6257.11,155.286,58.8162
839.343,-4715.89,59.954,58.8069
-2371.4,6070.89,60.452,58.8025
-4730.32,-3942.55,78.941,58.8005
1877.79,4167.61,63.2383,58.7822
-3748.29,-1208.65,67.1445,58.7775
-1916.76,4124.52,69.5919,58.7721
6049.89,-342.827,64.2724,58.7641
4303.85,-2817.09,81.9114,58.7407
-5941.24,1212.69,66.7314,58.7355
4211.07,5602.89,71.0832,58.7181
5641.67,-3786.41,69.0396,58.7049
-1791.03,-5879.39,66.1775,58.6971
2911.16,5840.57,165.75,58.695
-4033.89,1695.75,187.523,58.6819
5966.89,3035.24,89.3003,58.6539
4063.67,322.881,81.9647,58.643
3672.53,5236.55,142.522,58.6419
5254.48,-7011.76,139.42,58.6279
-3322.82,-3851.3,62.7937,58.6078
-4632.93,-4724.9,59.679,58.6051
-1978.89,-6640.05,63.8593,58.5997
-7044.15,-5308.37,155.509,58.5643
3066.22,-7439.07,71.69,58.5611
6447.96,6787.79,87.3871,58.5593
5113.55,769.984,146.417,58.5562
-7445.98,-2008.7,76.1069,58.5294
-4825.69,-2549.61,124.093,58.4892
393.264,5387.57,69.0778,58.4849
-1532.36,5133.78,76.734,58.474
-4463.48,6801.83,67.6424,58.4707
4450.6,-126.169,72.55,58.4398
5095.36,-951.657,122.72,58.4196
-3156.36,4100.22,59.9417,58.4101
-2230.84,-5289.39,104.264,58.4077
-7475.06,1817.59,120.352,58.3903
-3714.19,4799.27,100.985,58.3878
-1681.72,-6979.11,99.3775,58.3867
7054.14,2486.59,81.366,58.3771
3575.23,-7137.8,64.7294,58.3688
5278.33,-6598.47,135.315,58.3656
-1729.66,-6724.31,84.3564,58.3593
6386.76,7200.92,58.5361,58.3442
-5627.94,5423.78,81.5429,58.3391
4229.42,-2233.18,78.5404,58.3208
4977.26,5772.31,70.8924,58.2981
639.041,5138.06,58.8939,58.2831
6649.84,-3607.29,68.2933,58.276
-5846.98,5287.78,59.898,58.2723
-2065.39,-5550.21,69.2324,58.2429
-5409.35,-1922.9,77.8481,58.2177
-6992.87,3688.85,93.5165,58.2005
-2217.65,-6100.77,66.2435,58.198
-6210.58,-3927.49,66.3967,58.1959
7225.69,1144.48,59.44,58.1602
5941.74,-1225.72,75.3021,58.1427
6502.25,-1124.88,59.1584,58.1413
7290.73,951.076,82.8313,58.1364
-5246.72,2043.85,60.0305,58.133
5480.08,2427.5,60.4869,58.1228
5664.19,4196.95,150.436,58.1142
5329.38,2770.83,68.1641,58.1007
5350.19,507.295,64.5253,58.0887
-6292,-208.95,110.786,58.0855
5093.89,2900.38,77.1818,58.0755
-4990.13,5448.41,86.3595,58.0317
3521.55,-4381.82,125.751,58.0202
-3877.59,4330.71,86.9585,58.0176
5830.27,149.937,154.715,58.0106
6138.3,5523.35,63.8091,57.9836
-6053.46,-7417.5,63.267,57.9806
-4389.9,1153.61,83.217,57.9462
6267.54,1486.07,72.2459,57.9286
-5037.65,2970.73,90.3258,57.9281
1454.6,6971.71,142.417,57.9181
-1606.94,-5674.29,83.3767,57.9065
5650.4,1442.98,93.379,57.9019
1738.77,-5858.53,61.1734,57.8639
-189.712,6237.13,62.1176,57.842
4696.18,-3367.53,73.3282,57.841
6262.01,-5319.06,61.4465,57.7771
-1183.72,-7577.31,63.2333,57.7761
-7319.73,7239.18,62.4797,57.7702
5043.05,3863.4,76.3771,57.7276
957.171,-4871.46,101.647,57.7183
-5644.64,426.578,70.0016,57.6878
-5477.31,-6624.49,68.1948,57.6817
-2368.76,-6109.34,105.481,57.6675
5587.69,-630.693,67.5061,57.6547
-78.9889,-7044.72,62.3227,57.6407
5459.05,-3619.19,65.9281,57.637
-4140.08,6637.71,100.959,57.6346
3078.78,4912.88,62.7135,57.5957
-6444.09,-6083.75,62.809,57.5913
-5280.9,6062.05,57.7757,57.5894
5297.58,18.4544,90.8371,57.5632
1932.63,-4450.87,85.7469,57.5628
-6864.12,-524.141,58.6439,57.5217
4692.74,6994.06,63.3749,57.5094
5367.66,7042.32,81.0784,57.4793
1973.43,-7426.56,70.3578,57.4708
1523.59,5916.18,67.523,57.4561
6542.12,1210.27,67.8448,57.4023
5208.5,-3734.11,98.1816,57.4004
-5860.75,4852.19,75.4582,57.393
-3528.32,5173.25,81.6828,57.3822
1257.41,6113.02,67.6869,57.3702
7080.59,5189.84,74.9436,57.3415
-4250.1,4541.88,76.0353,57.3268
-7361.78,3748.62,82.6841,57.3191
6249.32,3462.03,76.6744,57.3104
6436.8,-1322.58,68.576,57.2943
-3186.82,-6698.01,67.0781,57.293
4297.3,6233.29,58.3974,57.2582
-5808.5,1733.38,84.3448,57.2367
-4403.98,-6426.61,64.7074,57.2114
6745.63,3926.96,57.4803,57.1876
-3930.5,3417.37,61.6783,57.1816
6729.4,-3903.02,67.8433,57.1625
453.714,6542.53,67.682,57.1431
7203.67,1148.76,71.8229,57.1341
5331.76,920.06,63.8086,57.1283
6069.71,117.208,89.0898,57.1138
4430.82,1001.45,97.2304,57.1128
4899.11,2125.58,102.772,57.101
895.401,-5681.61,63.8571,57.089
-5418.67,6335.5,149.342,57.0889
-1292.44,7502.18,63.129,57.0887
-4673.28,7524.82,76.625,57.0655
7409.39,2970.8,67.4445,57.0604
-1906.87,5550.04,81.1895,57.0466
-6018.69,-3970.5,64.4849,57.0441
1589.01,3860.88,82.3301,57.0377
-5271.35,3119.5,57.1033,56.9776
-6580.29,4259.96,61.0718,56.9385
-1732.37,-7577.64,60.663,56.9361
-5596.96,3265.59,66.1204,56.9317
-5724.17,4610.7,80.5611,56.926
6701.44,1167.13,85.8459,56.9241
5948.79,-5137.89,64.8578,56.9089
5628.58,2183.74,149.988,56.8968
-6712.25,-3970.45,88.82,56.8963
4414.07,1960.1,130.781,56.8942
-5546.77,-5239.17,88.431,56.885
5805.17,1756.68,60.5772,56.87
272.724,6415.2,70.5929,56.8656
-4681.78,-702.095,78.3171,56.8449
1694.99,-7118.2,80.27,56.838
-7446.75,7.76089,73.0747,56.8337
3891.5,1365.29,120.977,56.831
-3628.88,5552.59,66.3947,56.8206
3607.06,-4780.61,80.9313,56.8106
4325.19,3509.64,81.7019,56.7524
-1418.61,-6872.38,113.626,56.7193
3417.96,5462.28,95.3675,56.715
-3152.51,6731.9,68.2044,56.694
-5169.59,7001.33,66.5418,56.6722
-2262.24,6368.44,57.1368,56.632
2472.45,3800.77,75.7173,56.6302
3613.12,-5639.77,83.5691,56.6129
3832.51,3394,59.6332,56.6109
6720.1,124.377,80.1965,56.6088
6016.43,-5362.26,61.5471,56.6064
7423.89,6651.05,76.117,56.6004
-6021.56,-3054.38,76.1505,56.6003
3570.97,-3879.14,68.5534,56.5771
4173.92,6368.36,172.504,56.5664
6090.28,-3519.28,74.7443,56.5575
-4740.31,5041.47,69.6145,56.551
7223.8,-7335.55,60.7078,56.5343
6388.25,5758.92,59.4274,56.5322
-3743.25,7250.62,100.929,56.5176
2794.63,-4708.35,69.6366,56.4965
-2845.88,-6373.38,63.416,56.4933
-1886.25,4064.92,148.207,56.4529
3981.17,3470.67,65.6885,56.4232
6300.85,736.446,58.2773,56.395
5467.97,2539.55,78.2014,56.3812
-60.5333,-3928.28,73.912,56.365
-7115.13,-2130.44,56.4752,56.3535
5333.18,-1404.78,59.7166,56.3526
6532.42,-7292.23,67.6993,56.3523
5791.88,-1109.02,69.5744,56.328
-7445.42,5875.61,62.4552,56.2969
-4589.2,7007.21,72.343,56.2878
7377.44,-4579.51,89.3173,56.2856
2380.64,5516.23,72.8479,56.2812
-1226.69,-6593.74,56.5384,56.2752
5719.99,-254.496,103.155,56.27
-1590.55,-7165.76,60.8709,56.2595
3291.64,-7592.39,69.0754,56.2332
-4675.7,1753.02,56.3155,56.2172
4458.11,1965.77,69.1377,56.1834
-3809.45,4609.87,64.7774,56.1604
2573.37,-5831.63,133.744,56.1519
-3788.05,-2395.92,87.8826,56.1199
5553.87,1722.38,61.8953,56.1166
5042.43,1377.08,59.0568,56.1093
6557.75,3529.88,59.132,56.0978
-6434.47,3892.38,58.8074,56.0945
5455.28,-5139.43,85.1381,56.0608
4994.74,2203.38,119.705,56.059
-5069.55,-4297.26,83.2525,56.0587
-3122.29,-4615.55,60.9689,56.0469
2931.75,-6123.01,87.5557,56.0405
4032.61,-780.61,90.5309,56.0376
-7380.31,4980.37,67.0658,56.0321
6861.22,3270.94,131.976,55.9961
-3742.02,4567.58,195.671,55.9886
5459.35,-4644.25,63.2355,55.9866
1010.25,-4026.99,88.0403,55.98
5580.26,-3658.13,100.396,55.974
5100.09,2093.87,65.9351,55.9299
845.681,-4911.4,102.042,55.9178
-1112.46,-5223.01,65.7675,55.907
6697.85,-3270.98,85.9666,55.891
-6256.76,4812.45,147.713,55.8258
-7303.15,-2848.04,80.1382,55.8165
2135,-5456.67,90.0107,55.8113
-5135.19,2558.34,60.9114,55.7782
872.849,4732.31,59.7563,55.775
-6264.42,-7064.05,143.721,55.7703
5116.22,-7061.45,56.5631,55.7674
1238.95,7458.95,97.3397,55.7299
-1662.03,-7238.99,77.7941,55.7278
5275.36,3898.08,66.1078,55.7196
-2828.91,-4497.29,71.2497,55.7
130.155,4295.34,59.5603,55.6974
-7513.03,-478.943,84.5867,55.6791
3018.28,6676.18,77.6396,55.6781
1272,5819.81,110.711,55.6541
-6098.63,-1770.16,117.188,55.651
-1042.03,4248.85,55.9587,55.634
-4233.3,2360.74,64.6055,55.6225
-6521.95,-4914.84,77.8981,55.5892
212.498,6977.67,57.8849,55.564
-836.071,4121.37,80.0763,55.5637
-4243.07,-1302.95,59.0947,55.5517
-3472.41,4789.93,67.269,55.5428
2312.52,7138.61,118.067,55.5254
5613.71,2378.88,57.4978,55.5136
-5996.49,6954.3,78.0828,55.4842
-7446.85,-6479.12,105.443,55.4746
6134.16,-7037.56,56.0376,55.4692
808.385,4947.97,174.66,55.4637
-4398.73,-1889.42,61.378,55.4396
-4538.49,90.8542,64.0201,55.4351
-4178.78,2406.18,96.4182,55.4327
1055.2,-4488.55,69.9717,55.4256
3652.75,4095.62,76.2523,55.3948
5931.1,7174.13,178.165,55.3869
932.544,-6923.45,69.3618,55.384
-917.321,6752.26,62.586,55.3826
-405.74,6119.34,63.5888,55.3648
-6997.34,194.497,63.4262,55.3622
-6704.42,2941.8,59.1026,55.3563
3784.81,2625.71,67.652,55.3433
-5946.37,-5010.49,65.4908,55.3218
5680.81,397.56,55.4011,55.3174
-5162.49,4536.61,67.3338,55.3146
4047.38,1257.99,65.4505,55.3113
-7442.25,-7241.54,83.5078,55.2917
-3126.97,6031.72,58.4778,55.2913
-1614.15,6354.73,65.6553,55.2881
3944.16,6605.06,103.267,55.2875
-6825.68,3939.56,70.0326,55.2718
-6114.4,1375.08,71.4244,55.2524
5133.1,-618.964,59.4233,55.2408
-4947.18,1931.05,72.9636,55.2342
6147.39,-1411.03,73.4812,55.2132
4168.5,5926.87,137.425,55.1654
4492.84,4852.24,76.673,55.1571
-5563.4,-4881.05,64.7376,55.1529
-4924.24,-4367.57,63.9322,55.146
1842.87,5649.91,121.273,55.1443
3525.19,-4072.97,75.4311,55.141
3775.95,1003.16,65.8124,55.139
-5185.17,-4863.03,74.1272,55.127
6411.81,-7496.91,61.6018,55.1236
5496.32,7585.89,57.1089,55.1221
-4206.43,-2633.81,55.1613,55.1144
3562.12,-5642.48,56.2242,55.1125
4030.99,-1766.57,334.364,55.1082
-1201.38,5938.87,137.965,55.1013
3649.29,-5423.72,100.685,55.0944
1298.97,7508.45,57.9112,55.092
3066.55,4925.96,58.0626,55.0867
-5427,5763.06,70.6332,55.0825
-3842.64,-3725.98,86.7041,55.041
5830.67,-961.313,62.7237,55.0303
-6115.33,1642.49,61.9508,55.0214
-7353.12,3243.66,79.0781,55.0213
3730.61,-7049.24,85.5042,55.0126
5224.65,-6459.09,70.862,55.0081
-1643.4,-5018.48,161.215,54.999
-4416.66,6779.76,60.5975,54.94
-6142.11,167.069,79.3985,54.9263
3733.84,6663.76,75.2514,54.9051
7579.88,5224.5,64.6821,54.8848
-3115.2,7111.37,103.788,54.8834
-6204.49,-1148.46,56.9918,54.8444
2415.5,4385.93,63.9277,54.8311
-254.619,-5499.41,88.2926,54.8192
3535.48,5491.38,73.6158,54.8173
-5853.92,3884.33,88.883,54.8166
3880.73,905.118,72.1927,54.8146
1179.01,4280.64,57.7423,54.8002
-2900.82,5075.57,64.4088,54.7742
-7408.66,2166.08,73.727,54.7465
3528.86,-5757.53,59.75,54.7229
-4533.83,1949.24,72.1787,54.7032
-1995.01,5861.4,55.1255,54.703
-1237.81,-5318.45,106.833,54.6955
3588.87,4946.18,81.652,54.6869
-882.725,4142.3,101.689,54.6827
4133.9,1838.13,69.437,54.6796
3962.83,6212.39,55.8379,54.6676
-7387.23,-1543.87,64.6444,54.6639
-1723.85,-6999.42,74.2782,54.6346
4104.06,-2818.26,149.291,54.5944
-508.16,-7022.06,123.463,54.5918
2340.18,5765.64,59.0562,54.5685
-7279.65,-5510.99,110.459,54.5638
4668.76,1923.74,106.682,54.5368
5063.79,2604.83,60.3634,54.5252
3947.52,2126.78,113.802,54.5222
6416.33,3821.07,135.817,54.5187
3784.49,4162.51,67.9614,54.5181
-6621.4,-1092.42,84.6723,54.5168
5335.28,-848.827,67.0773,54.5059
1788.47,-6872,61.5459,54.5047
3721.96,-4865.26,70.3372,54.5033
-3813.81,6164.77,70.3218,54.4649
2043.86,-4786.06,71.9553,54.4632
-4238.61,1118.91,60.7058,54.4623
3810.41,-6654.12,71.4218,54.4575
7470.76,-2311.53,90.289,54.4512
7422.13,-7115.36,67.0444,54.4492
604.516,-6146.26,96.5716,54.4276
1852.38,-5421.99,61.7127,54.423
3084.21,6476.04,77.1415,54.4217
-6545.02,-912.201,69.6059,54.4211
3375.69,-6474.46,57.1399,54.4132
-4957.73,-6255,99.5638,54.4057
6823.84,4287.2,66.349,54.3863
-2711.17,-4297.95,72.0951,54.3744
7179.87,249.76,107.164,54.3658
-4951.93,-1489.39,83.8452,54.3478
1582.55,4414.89,150.025,54.3284
-5997.03,-1477.69,59.4767,54.3265
4394.74,-5574.07,85.6685,54.323
-141.092,5039.5,112.44,54.3153
6132.89,-4156.16,57.1673,54.3148
-7074.76,1109.38,83.293,54.2929
-2891.77,-4062.42,93.6652,54.2899
-4992.99,-1582.86,57.6029,54.2822
7324.73,-3431.51,60.1389,54.2721
6310.09,-5676.51,60.3712,54.2709
-5291.25,-2492.97,59.6356,54.2529
-5765.69,-7571.87,56.9965,54.2275
4505.74,-6161.09,58.7715,54.2247
142.302,-4334.69,102.158,54.2181
4248.05,27.9241,100.434,54.2037
-2181.25,7033.58,80.5623,54.1969
6251.01,-3064.47,67.5666,54.1685
1883.91,3793.3,57.5458,54.1636
-7426.67,-3385.04,56.185,54.1635
-7037.73,-3509.44,57.5758,54.1538
1522.44,-5444.56,60.7748,54.1474
7003.96,-2958.9,139.031,54.1258
2412.02,-4699.12,77.4639,54.1225
-336.126,-6813.04,65.3216,54.1145
3211.8,4289.09,211.26,54.0655
325.253,-6355.35,75.2118,54.0624
7124.22,-4905.17,77.1462,54.0455
-45.6634,-6199.11,60.1552,54.0419
-7273.19,414.585,177.536,54.0356
2786.32,-4923.41,76.8647,54.0081
-4603.14,-6373.42,98.0744,54.0066
4702.54,6622.28,122.008,54.0058
4907.42,5394.22,55.6597,53.9727
-753.784,7147.47,61.2271,53.9591
-6947.76,5447.12,85.4064,53.948
-2855.92,-4495.02,148.114,53.947
-1190.85,6190.89,109.898,53.929
5464.43,-1057.98,70.4609,53.9236
3404.27,-6307.76,133.919,53.9201
6240.38,-6506.14,71.9419,53.905
-7461.76,1646.09,129.834,53.9019
3970.4,-2002.13,64.2936,53.8473
5341.68,-2754.26,171.973,53.8391
4552.87,6843.1,62.6193,53.8334
6320.45,-4818.33,58.9246,53.8332
6651.8,3940.47,127.113,53.8237
5419.81,3607.43,85.931,53.8206
-3676.79,7356.32,66.4142,53.8128
-3789.04,3925.58,66.9101,53.8088
-5884,1757.38,83.2868,53.7853
-119.546,7586.62,61.548,53.7837
6825.98,-3236.52,59.563,53.743
-3734.39,-267.314,131.959,53.7415
1060.72,-5192.29,55.4208,53.7331
-4615.63,632.329,55.3939,53.7197
-5748.87,-1105.04,88.1019,53.7118
-5163.64,1708.76,59.1059,53.7102
5442.19,-56.821,75.1749,53.7019
5651.01,3335.97,146.362,53.6839
-4004.59,-62.8346,57.2116,53.6661
3666.93,-4270.82,83.8895,53.6336
5092.64,-2241.76,64.6049,53.6295
3833.17,-6135.54,69.5215,53.6284
1490.19,-6664.47,67.7135,53.622
5705.94,3314.91,108.99,53.6201
3740.37,2132.72,89.5512,53.6029
3049.44,-6163.07,60.7848,53.5954
6060.99,-2864.3,75.476,53.5952
-1774.4,3944.27,64.0441,53.5909
-3818.58,4950.44,72.6004,53.5783
5546.38,5024.83,78.4467,53.5629
5282.49,-2508.89,58.8605,53.5515
-3652.45,5118.1,70.3162,53.5425
-5342.78,-2782.29,66.7158,53.5344
7348.88,318.681,70.5868,53.4984
6718.2,-5836.04,67.0534,53.4861
5858.85,5073.55,59.9252,53.4651
6195.53,-5939.45,77.8711,53.4481
2785.96,-4738.12,81.2879,53.4387
2347.6,4350.67,60.7702,53.4365
5924.56,-2752.05,60.2455,53.4345
-1105.29,4322.16,69.4553,53.4318
5160.79,1979.39,59.7258,53.4317
-4436.15,3044.99,56.7934,53.4317
-5470.34,-7293.84,66.7989,53.4255
-5918.43,5013.91,54.917,53.4176
624.281,-6696.3,99.4576,53.4166
-6268.14,-1015.07,64.1843,53.4095
-7575.58,-5825.02,55.1227,53.406
4852.52,5526.95,89.6405,53.3922
-6998.6,-2761.27,88.3394,53.3854
5080.75,6914.54,62.8393,53.3804
5156.53,-4392.35,53.3856,53.3755
3105.2,7271.31,81.231,53.365
5364.85,-1337.89,62.0141,53.3511
-6397.15,4918.21,86.6165,53.3432
3967.71,785.123,54.5261,53.3417
-554.29,7481.74,83.8364,53.338
3645.89,-5756.38,61.457,53.3343
-141.832,6792.07,61.9177,53.3206
-5051.32,-5999.65,85.3006,53.3054
-2478.95,-6603.1,78.1723,53.2792
-4257.91,-1702.75,65.2314,53.2624
5214.6,2458.12,62.128,53.2586
3531.89,6761.23,371.662,53.2527
5956.5,2252.75,73.2758,53.2524
620.807,-5784.32,54.1405,53.2418
6418.1,296.506,64.7253,53.2408
5171.42,-5928.5,61.4362,53.2371
7565.81,2150.28,57.5977,53.229
7198.67,-1559.91,58.7799,53.2273
6897.5,1497.29,58.4271,53.2249
-3978.46,-5946.99,62.8694,53.2151
-3725.15,-4315.14,79.5316,53.2137
4574.92,5797.58,56.0596,53.1959
-2560.5,5400.5,71.962,53.1812
-629.802,6263.45,76.5297,53.1473
1944.15,-6561.9,115.225,53.1408
-1729.77,7352.63,142.617,53.1356
-4666.29,-982.064,65.4452,53.1119
-5878.4,-3787.65,73.5191,53.0958
7193.21,-3773.12,80.799,53.0757
6335.71,2020.29,80.6774,53.0567
-64.7239,7019.05,70.5128,53.0506
-992.257,5498.62,56.4724,53.0501
-4849.17,-4841.12,59.5212,53.0435
2465.06,5016.57,60.5567,53.0428
-7310.14,1112.41,78.1568,53.0314
7539.52,-1239.48,57.0175,53.0264
-6400.8,-5922.8,66.5685,52.9925
-2734.58,4708.93,76.7781,52.9653
1800.1,7480.09,56.9089,52.942
-5449.06,-2385.75,107.841,52.9275
-705.726,6394.34,61.6797,52.9192
4365.61,6003.71,82.2183,52.9027
-6343.77,-3688.41,58.7789,52.8945
4584.49,-160.441,53.9235,52.8927
-4116.8,-210.05,60.7322,52.892
4157.41,-4034.49,53.9983,52.8878
-7021.22,3256.71,59.0718,52.8869
-5635.67,-3476.02,70.4958,52.8659
71.4131,-6392.81,161.287,52.8601
4350.2,7569.29,57.7893,52.8474
6239.18,-5919.1,126.793,52.8459
-5476.72,5881.11,88.4614,52.8312
4376.05,-200.932,99.968,52.8289
-4777.86,-3894.08,61.1242,52.8263
2233.69,-6933.03,58.6673,52.8137
-3844.82,-317.226,63.6026,52.8049
6512.47,5252.5,57.3393,52.7928
6210.19,-316.369,55.4766,52.7724
5955.6,6072.87,77.5104,52.7655
7536.53,-6632.35,62.9765,52.7619
5479.83,1533.75,60.7163,52.7602
-4134.69,7362.34,146.202,52.7562
-5529.17,807.532,59.5718,52.753
4320.02,1196.2,56.5598,52.7475
5083.52,807.808,58.2208,52.7427
4355.57,4476.8,54.552,52.7413
-7344.25,-7272.26,92.2643,52.737
-1394.1,6995.3,73.5993,52.7141
5361.55,4890.94,178.894,52.685
4397.68,-4482.42,67.3647,52.6765
-1541.55,3950.6,52.9795,52.6722
6253.44,-4893.16,84.1266,52.6527
6660.38,-2369.36,60.5063,52.6384
-672.072,7524.04,113.513,52.6273
-4098.29,3608.31,74.3664,52.6269
5840.42,-6418.5,83.9013,52.6228
-616.115,-6965.26,68.8974,52.6123
-6084.73,3248.12,85.4941,52.5527
-923.73,6643.35,61.9929,52.5366
-7182.34,1557.33,56.9616,52.5315
-453.919,-5006.46,79.606,52.523
1896.65,-6853.36,80.0374,52.5148
-5825.73,442.026,146.302,52.5121
-179.032,-6438.25,314.215,52.4986
-6200.13,5058.16,60.6108,52.4671
733.336,-3918.93,53.4282,52.4663
5957.82,-3355.48,56.0527,52.4631
7430.56,-3791.17,75.7898,52.4602
-3923.34,-4523.42,82.8997,52.4487
5391.14,-5734.76,71.2795,52.444
5093.04,-4354.96,62.6521,52.4215
-3973.73,5687.06,154.477,52.4203
5001.72,1704.54,57.7662,52.4202
-3855.08,7562.16,81.7898,52.4178
-3170.15,7458.26,55.256,52.3999
2592.49,7027.72,70.8444,52.395
-1748.86,-6995.25,71.2977,52.3916
5509.03,-3621.76,111.15,52.3907
-5258.4,-5226.92,75.8517,52.3738
6614.78,1774.34,85.3912,52.3692
4951.68,-2554.67,77.0491,52.3589
4578.23,5393.37,59.3434,52.345
-6166.73,-2716.99,58.7729,52.3327
-5018.12,3786.87,59.1778,52.3289
7346.86,1142.19,71.7028,52.3286
-7014.92,7182.06,77.9874,52.3096
-2640.86,5167,75.5106,52.3066
-6214.51,2581.84,69.6814,52.305
-1346.77,6401.41,88.2458,52.2948
-2529.98,-3898.39,61.2345,52.269
-2767.16,-7125.6,55.0933,52.2616
2423.64,7353.37,107.292,52.2509
6437.86,-1828.7,52.9178,52.2358
5358.31,-5747.34,70.895,52.2153
5979.74,-1598.69,88.607,52.1716
-2409.4,-5999.23,74.2103,52.1698
-1906.56,-7589.97,66.0359,52.1691
290.963,5854.33,62.5395,52.1607
-4630.58,5178.23,59.1142,52.1594
-4007.47,-1498.35,69.3034,52.1479
-3636.9,-6198.15,71.2791,52.1355
-6441.42,1884.72,57.728,52.12
4997.72,-459.174,194.065,52.1056
-209.974,4871.64,67.8223,52.1024
-4073.08,-1040.15,62.2693,52.1011
-3943.84,-6870.56,142.289,52.0877
1178.9,-4203.1,58.1219,52.0863
1957.47,-4173.84,62.146,52.0854
4401.85,2225.97,52.6427,52.0461
-3360.49,5683.07,66.3136,52.042
-6351.19,6193.78,165.525,52.0266
-4303.39,-1784.53,55.4976,52.0203
711.51,-6813.77,80.5634,52.0197
-3894.57,-4098.3,66.3875,52.0147
-7360.14,3697.96,72.8377,52.0103
-4273.78,931.239,79.7993,52.0101
195.156,4503.32,64.9861,51.9929
4138.73,1544.34,70.6766,51.9668
-5949.83,-5266.71,62.931,51.9371
-7022.55,-4457.64,69.2853,51.9257
1682.23,-4936.61,55.7619,51.9226
3812.87,6110.66,61.7815,51.8718
-3958.54,-2215.72,59.6112,51.8628
2910.92,-4311.53,53.1528,51.8586
-7105.2,-7161.32,60.5273,51.8516
-145.665,-3922.51,167.158,51.8435
5969.89,57.5202,91.8277,51.8402
-6367.34,-5211.57,88.1852,51.82
-6672.43,-2306.42,53.3114,51.8156
-926.221,-7325.45,63.0285,51.8071
-3748.15,-7130.46,56.9116,51.8019
-4966.64,-865.408,52.3106,51.798
7214.97,6891.94,70.1311,51.7965
-5433.2,-2561.36,73.454,51.7825
-4455.06,-1463.05,76.1392,51.7785
882.215,4685.12,142.118,51.7645
-4898.4,-6604.35,82.8653,51.7419
-6468,1988.79,58.9451,51.7317
4957.1,-6381.1,66.7859,51.7122
3799.4,5248.02,75.1464,51.707
2205.91,6020.42,63.7114,51.6961
5567.04,4486.33,95.4148,51.6757
-6583.81,3085.68,83.0444,51.6743
6789.19,-5182.88,56.5111,51.674
-5812.7,2439.39,67.8225,51.6715
4454.31,6618.34,52.9468,51.668
-6477.27,4198.87,161.829,51.6633
-3394.76,-7172.44,72.2215,51.6524
412.994,-5890.26,59.1983,51.6498
4781.56,5361.5,91.0709,51.649
-5158.8,-1385.78,54.368,51.6435
-29.8949,-5772.12,53.4523,51.6419
6490,2248.11,61.7665,51.6321
6838.31,4373.04,127.677,51.625
-717.899,3742.29,170.532,51.6226
-5709.87,5723.27,63.8641,51.6148
-4432.95,5336.67,158.825,51.6043
-5119.98,-5365.5,65.5877,51.5998
4716.24,2876.55,53.5534,51.5939
7420.25,-4957.17,82.8871,51.5896
2440.8,4182.86,51.7773,51.5846
7476.68,4388.76,61.772,51.5705
-5571.18,-7272.69,203.085,51.5595
353.172,4751.48,59.6039,51.55
1073.39,-5894.37,57.0398,51.51
1432.73,4001.19,52.2835,51.5033
-3836.81,560.977,82.4068,51.4883
338.639,-4169.16,60.3115,51.4775
-5429.64,5065.61,63.6586,51.461
6671.53,-5868.3,52.8512,51.4484
1428.58,4732.63,111.549,51.443
-7198.55,-7062.35,54.5339,51.4369
-1915.84,3915.55,51.6719,51.4351
-4869.16,5688.27,52.5514,51.411
2745.46,-5827.82,55.3958,51.4079
3784.56,3907.32,66.1447,51.3909
-4189.33,-2087.83,52.9957,51.3748
-4934.51,-3333.32,61.8837,51.3745
7161.43,5875.91,66.0529,51.3689
6507.77,3031.47,63.6122,51.3581
-2577.93,5063.63,53.9037,51.3525
-3997.69,-6629.39,54.3208,51.3512
4071.2,6767.33,71.1396,51.3478
-5604,-4299.81,59.3118,51.3391
1160.87,6679.07,75.7346,51.3181
-5409.9,-7077.13,59.0842,51.312
-1595.34,6571.14,68.7863,51.3116
-7162.54,-6851.8,118.01,51.3021
2160.34,-5762.12,51.939,51.2995
6755.76,4904.4,66.7774,51.2935
-2087.41,-4716.91,55.6352,51.2822
-5843.34,-5335.71,52.7103,51.271
-7400.33,5819.45,101.84,51.2405
407.059,4249.15,57.0989,51.2213
739.69,5116.08,64.4418,51.1931
-7257.95,-7538.14,58.9469,51.1833
6965.87,5824.53,61.4947,51.1583
4806.99,-6689.32,95.7948,51.1561
1869.65,5245.58,56.9229,51.1546
-2387.65,-5275.26,78.6213,51.1427
-926.401,-6813.92,72.6895,51.1371
-5225.42,5676.92,69.5282,51.135
-4643.33,-3231.94,160.708,51.1291
3355.76,4606.4,51.3974,51.1262
-2045.12,4627.56,211.002,51.1149
-3185.13,7122.87,173.534,51.0991
-6045.78,-5249.57,101.97,51.0881
-7543.6,2907.03,62.7863,51.0847
-2434.74,-7570.11,64.3881,51.0803
-7396.21,-7180.76,62.0865,51.0718
4143.55,-1871.88,52.7382,51.0575
-5060.23,-2450.22,52.4814,51.0546
-2575.44,5014.52,54.8692,51.0528
-1026.27,5423.88,67.868,51.0336
-4969.88,6298.85,59.8744,51.0176
4986.17,-5047.52,72.2157,51.0135
-5664.01,-6127.31,57.0881,51.0058
-4939.89,-3681.8,62.5376,50.9987
-3303.01,-5465.22,58.0631,50.9935
-5201.51,-7170.47,68.0237,50.9932
-7213.75,5031.35,69.5268,50.9923
6916.98,6989.79,56.6191,50.9923
5110.46,1907.43,54.9159,50.9915
5955.14,-6822.67,53.1077,50.9893
-213.96,-4455.72,73.5873,50.9794
1295.69,-4219.17,57.7682,50.965
1804.38,-5207.09,61.6618,50.9605
6531.45,-6126.16,53.3324,50.9599
-6066.55,2722.61,58.4659,50.9573
2587.31,-6983.73,62.0403,50.9517
-4265.74,-5274.58,62.5665,50.9466
-5666.02,-5646.84,59.9346,50.943
992.277,5899.19,52.8981,50.9395
4420.64,2432.59,161.496,50.9372
-2876.34,-4553.86,58.6228,50.9272
1845.91,-4011.25,69.4961,50.9113
6846.77,-2344.89,58.4945,50.9043
4871.57,592.122,70.599,50.9033
-5805.39,1868.83,138.092,50.9021
-4010.43,-3102.77,79.4995,50.8908
-4130.73,-3824.24,60.6312,50.8879
-6222.17,4867.93,64.3353,50.8438
98.9025,5075.66,55.4914,50.8404
-44.0974,-7432.19,56.9878,50.8397
-1497.63,5920.64,57.2795,50.826
-753.253,-6793.6,54.7316,50.8144
-5912.66,-5966.23,102.17,50.8051
5163.57,-2177.93,111.324,50.7844
-5051.17,767.972,80.4465,50.777
6918.96,-6086.03,86.3621,50.7764
1605.16,4195.12,80.4114,50.7744
-5449.56,-2687.56,145.383,50.7685
-2196.78,4327,55.2859,50.7673
6245.01,-3661.15,345.731,50.7591
-6403.85,627.796,56.3015,50.752
-595.372,-6980.34,58.532,50.752
7326.24,-4098.14,58.2183,50.7471
-1343.04,-6695.49,63.0091,50.7439
-6071.95,1156.3,71.5426,50.7398
-6068.31,-6111.59,55.8772,50.7115
5407.22,-5410.72,104.556,50.7095
-6089.36,-4675.45,65.5094,50.7051
-3776.51,5083.22,79.9977,50.689
6289.62,-2550.86,54.2626,50.6882
935.676,-5697.76,64.1019,50.6782
-4814.94,2164.34,51.4745,50.6746
6798.81,-6147.99,54.4944,50.6722
-2962.68,-5360.12,56.7647,50.672
-240.352,-4494.94,133.325,50.6515
1159.58,-7386.3,62.2666,50.6513
5399.97,2365.65,55.8068,50.6305
-6996.17,3699.33,178.495,50.6265
-1944.71,-5593.8,80.2426,50.6253
-5577.26,-2507.72,89.2132,50.6213
3901.68,-2725.87,71.2587,50.6211
180.508,6133.08,53.9776,50.5947
-6236.59,5545.19,52.6336,50.5856
4899.57,-4388.12,63.5151,50.5851
6959.26,5555.3,73.6296,50.5806
6687.91,6350.88,59.6528,50.5642
-1505.53,-4828.22,54.4981,50.5638
6783.95,3454.27,60.5382,50.563
-1376.8,-4055.68,50.952,50.532
4722.28,4198.38,51.4702,50.505
-4205.78,-4727.21,55.55,50.5022
-7378.51,-6351.48,54.776,50.4992
496.097,7069.93,77.4481,50.4819
-4203.18,878.477,63.4884,50.4805
-3883.66,-1189.76,59.3035,50.4781
-2818.17,-5537.16,54.4851,50.4781
2456.38,-4176.2,53.58,50.452
1707.12,-5289.56,76.9259,50.4441
6212.65,3129.06,68.7748,50.4382
6179.04,-940.876,71.7367,50.4362
7339.58,-1821.6,56.268,50.4174
6446.85,6950.93,70.6309,50.4148
-5655.94,6302.78,52.1943,50.4136
-5236.46,4715.69,118.516,50.402
6013.21,-1200.53,128.571,50.4018
321.679,-5961.64,63.7188,50.3855
-4954.07,-5045.36,63.3358,50.377
-3344.73,6577.1,55.0074,50.3713
5339.91,6417.51,91.8943,50.3538
4231.9,5326.13,56.6281,50.3504
5681.88,-5155.08,57.8657,50.3346
-2723.84,6573.71,51.4383,50.3168
-583.638,5857.9,52.2337,50.3022
-4907.55,5956.26,53.2042,50.2898
5977.46,-1342.9,55.671,50.2832
-4485.61,5973.48,55.8757,50.2826
3062.97,4341.5,60.7668,50.2649
4589.67,-4510.72,50.5218,50.2402
-7404.93,-7033.79,63.0538,50.2347
2880.37,-5333.88,51.4555,50.2337
-4209.8,219.243,63.7668,50.2335
-1049.53,-7074.08,81.0861,50.2318
-1960.54,-7567.96,58.6138,50.2251
-6289.43,1581.72,57.9171,50.2025
2758.96,4428.66,59.6405,50.1836
833.118,-5895.04,72.3759,50.1765
-6744.63,-2262.29,56.6928,50.1711
1824.9,5393.58,83.7703,50.1556
-5704.59,5472.91,51.146,50.1336
6397.56,3742.13,87.8898,50.1286
6974.56,7321.36,78.0321,50.1234
5897.65,1139.15,88.3072,50.1209
-4694.33,-4896.25,100.234,50.1035
-1088.59,4690.53,51.1757,50.0856
6517.14,-3032.58,101.438,50.0644
-1488.77,4340.62,61.5389,50.0509
-7372.65,-2362.63,68.9027,50.0259
2155.63,4166.89,51.6335,50.0238
-6964.61,1328.97,83.3652,49.9838
-5215.97,-5951.15,59.2067,49.9793
-4858.58,5332.61,63.4995,49.9681
-988.392,4983.65,53.1307,49.9659
-6475.91,3052.61,92.216,49.9622
4536.72,-6606.04,85.7549,49.9516
-645.308,4737.46,77.6039,49.9412
7521.98,4948.13,57.7211,49.926
6725.53,2015.32,56.7558,49.9122
-1749.16,3978.98,57.4589,49.8936
2274.42,4153.54,57.9404,49.865
6802.23,-2198.2,64.0769,49.8546
6381.46,-6710.43,52.7673,49.8539
-6012.73,2946.28,74.098,49.8504
-571.231,-7112.99,52.2501,49.8479
-6419.62,-1722.78,50.8424,49.8362
-4945.02,6256.29,90.164,49.828
-3576.8,-6257.6,58.3531,49.8166
3837.96,-2018.17,54.4403,49.8158
-4600.19,4307.81,80.5893,49.8125
6333.37,2940.69,73.6477,49.8097
-5095.02,3591.93,60.1031,49.8096
-2997.6,-4342.48,57.0482,49.7997
-5844.56,-6515.46,49.8767,49.7719
-3596.38,5880.78,98.4194,49.7676
-965.197,7482.04,53.785,49.7515
7032.6,-3842.95,61.7098,49.7386
-2421.35,5874.12,55.8451,49.7261
5362.38,-2999.87,59.417,49.725
-5765.77,5170.74,316.337,49.7238
-3041.55,-6559.51,80.3331,49.7037
-1833.97,-6997.23,69.3003,49.6936
-7126.62,-6802.17,76.2787,49.6888
-6987.53,-4228.09,91.4234,49.6846
6237.23,4915.62,61.5496,49.68
5161.84,-788.401,49.9895,49.6615
4469.41,-7040.22,68.413,49.65
-5062.75,-5687.12,75.1093,49.6434
-6361.39,2446.29,56.2291,49.6399
-3343.55,4971.33,61.918,49.6285
-148.679,-6094.42,60.4678,49.604
-2404.37,6407.41,66.8656,49.5948
-2120.23,7234.64,52.3405,49.5795
-5986.34,6675.08,54.1567,49.5788
-4609.97,5252.05,51.0559,49.5697
-1135.45,-5317.01,75.5806,49.5657
6314.34,6712.79,49.9709,49.5617
6663.24,-3230.94,54.1103,49.5345
-1334.82,5668.58,78.052,49.5287
2593.92,-4400.51,55.9934,49.5278
5944.5,951.853,55.0627,49.5251
-3786.19,-4164.94,61.725,49.5133
-977.333,-4416.98,49.9523,49.5078
4349.24,-5658.26,68.8386,49.5077
4497.92,-1081.01,68.0505,49.4636
-2598.53,4434.45,66.4749,49.4569
-4580.68,3054.06,50.9764,49.4554
7184.71,-359.682,54.9893,49.4458
4303.02,6259.1,101.453,49.4383
-5264.01,5633.06,73.6883,49.4258
-6766.27,4475.33,69.4166,49.4223
5307.5,12.9636,90.6671,49.418
-5383.93,296.297,52.6186,49.4079
-5869.75,653.425,69.0254,49.3913
7065.37,4582.73,82.9718,49.3786
4780.69,-668.013,52.3481,49.377
-6685.4,5934.99,70.2989,49.3758
1628.11,-4457.63,82.4736,49.3755
-4853.48,-3096.02,62.6722,49.3752
-2835.78,7485.9,92.4434,49.373
6128.04,-7002.79,61.9802,49.3639
3773.96,6850.76,72.484,49.3636
-5043.03,-863.758,74.2092,49.3619
1727.99,-5544.78,64.4758,49.3553
4271.15,5617.86,69.01,49.334
-6588.05,4059.83,53.1711,49.3315
5928.49,5811.97,61.1647,49.3286
1617,5364.26,69.8668,49.3275
3740.36,6020.28,70.8313,49.3231
-4120.14,3908.81,63.4566,49.3219
-4560.34,-5923.12,89.6707,49.3167
810.079,4265.85,73.6164,49.2961
-6894.12,-2015.79,51.6063,49.2913
5144.29,-2718.35,50.8747,49.2885
3724.85,1823.24,106.154,49.2808
-7108.16,-7429.24,51.3939,49.2791
4393.41,-65.7842,60.4174,49.2764
-5848.94,-5750.01,49.5287,49.2702
-504.531,-7508.79,84.1317,49.265
7301.44,-5896.95,54.3024,49.2611
3853.42,-4108.6,103.87,49.2433
-7580.44,-6828.24,53.5553,49.2416
631.858,5779.01,53.2555,49.2342
-6713.42,1554.47,61.8555,49.2229
-2151.39,-5655.89,63.2577,49.2195
-3897.83,-1326.25,61.5513,49.2184
-7257.36,3056.25,66.7074,49.2073
4477.31,-3423.93,84.5774,49.203
1842.34,-5611.77,80.0857,49.2018
-3125.64,7477.61,74.6783,49.1875
-123.666,5466.19,67.5577,49.1875
4044.31,3401.8,49.4361,49.1752
-4484.66,-2621.12,69.2745,49.1722
3423.8,-4494.48,94.6632,49.172
1352.26,6774.31,65.4784,49.1558
-4066.2,621.721,55.4091,49.1555
5494.15,1983.62,58.641,49.1542
-7111.57,1891.8,49.5428,49.1416
968.88,-5206.63,59.7588,49.1194
-6526.54,2932.91,51.0682,49.1173
-6377.02,-2412.6,59.011,49.1124
5697.55,6531.87,117.424,49.1012
-930.118,6774.21,61.7466,49.0926
-722.139,4248.38,51.016,49.0887
-1598.9,-5434.28,149.07,49.0877
5657.73,-7234.91,163.605,49.0705
-5651.55,6503.21,51.9881,49.0558
5894.21,5158.63,97.0926,49.0543
6943.64,-3096.23,83.2109,49.0517
-5520.04,960.085,140.738,49.0513
-5738.95,2301.25,138.266,49.046
-5814.88,4179.34,56.423,49.0458
-7006.32,-7603.86,52.5193,49.0365
-6473.28,2769.35,60.8021,49.0303
-6684.24,4383.05,64.4604,49.0296
1141.97,-5604.98,54.5384,49.0263
-1087.65,-4126.42,141.658,49.0209
-4089.33,-4750.87,79.9563,49.0123
-5956.64,-6993.04,53.3763,48.9812
6904.08,387.861,57.7283,48.9774
-5574.31,-6355.09,50.8703,48.9766
7130.63,6612.82,152.032,48.9619
-4323.35,3346.69,63.9468,48.9583
3858.13,-6816.39,54.1457,48.9503
-6334.4,4429.68,78.9733,48.9056
6594.48,-4821.47,81.3494,48.9053
-5366.65,-4912.75,64.7301,48.9048
2112.92,-4976.41,54.2768,48.9013
4657.89,-2523.79,68.3087,48.901
6570.89,-3365.81,116.678,48.901
7091.02,5581.14,49.6687,48.8973
4705.13,-5492.85,63.4967,48.8967
-4351.95,-109.809,49.3416,48.8882
-2870.61,5848.59,129.385,48.8866
-6583.75,-3497.56,78.233,48.8858
-3684.61,-4709.29,272.018,48.875
6141.99,-4182.72,84.6298,48.8679
-6857.05,-2180.18,62.2619,48.8514
1029.63,4073.41,51.3793,48.8377
6200.45,956.412,159.645,48.8197
-4541.73,-7173.28,66.2796,48.8022
-2184.78,-7057.33,70.3637,48.7891
3014.12,-5922.13,69.1777,48.7888
-1263.43,5399.82,91.4829,48.7701
4442.33,-2690.46,83.9001,48.7637
1839.86,-6880.93,73.782,48.7599
5263.79,5813.4,56.6894,48.7515
7222.87,-2126.45,82.0495,48.7399
4615.83,-3983.96,78.1516,48.7391
5198.67,-4746.57,63.0823,48.7377
4940.13,-4117.93,51.474,48.7313
4791.25,-2347.01,91.3968,48.7292
-843.235,6770.7,60.5416,48.6951
-4320.02,4291.16,69.5147,48.6826
1062.12,4959.98,76.9147,48.6565
7095.91,282.93,64.9885,48.6553
2997.9,-6354.92,50.0377,48.6544
6001.61,-4744.46,56.2974,48.6503
-765.981,6654.68,76.8664,48.6491
1638.54,7180.2,80.9241,48.6445
-4477.1,1240.29,54.2764,48.6359
5299.18,7418.25,80.9258,48.6334
-5699.02,6362.03,48.8833,48.632
-7462.93,-958.672,49.2424,48.6311
5033.79,6358.32,98.4716,48.6228
-4488.12,-2005.25,53.093,48.6201
-5723.26,4578.25,83.2857,48.6152
-5770.72,-450.227,52.9984,48.6058
6457.39,-217.315,52.616,48.6023
-5530.51,-4754.91,52.0024,48.5884
-2884.64,-4773.81,99.2543,48.5767
2000.63,5269.18,73.1481,48.5682
7020.37,-6371.12,63.2256,48.5548
5441.3,4449.14,99.9607,48.5341
-6788.57,-2409.42,120.183,48.5051
-6603.6,451.804,55.991,48.5037
-3904.04,-7226.25,54.9851,48.5029
-3715.79,-5615.77,87.8925,48.4759
-6708.16,-2342.59,79.266,48.4757
3009.7,7116.24,103.599,48.471
6159.84,1079.31,50.3557,48.4615
3694.26,5662.29,51.4301,48.4416
4203.85,2872.84,85.455,48.4386
3805.31,1653.92,57.4223,48.4364
7009.21,-6256.07,53.3146,48.4359
6934,-2791.84,223.632,48.4289
-1883.73,-6590.42,53.2868,48.4247
-2161.27,-5234.23,57.803,48.4143
-3952.58,-2349.69,50.3028,48.4113
6280.33,4805.74,74.1683,48.4049
5342.18,-7063.64,68.6416,48.3906
-2436.86,5468.58,50.5235,48.3856
-5625.28,-5630.25,65.8305,48.3847
-3364.47,-7408.32,49.0919,48.3816
4613.57,-2045.89,81.6848,48.3784
3777.56,-5200.51,64.7945,48.3648
-6916.19,5067.8,62.5946,48.3614
4887.98,4930.46,61.7437,48.355
-4254.53,345.735,145.985,48.3416
-6256.62,6205.99,85.2097,48.3317
5776.05,4362.46,102.286,48.3133
-3600.27,6662.52,54.7175,48.3048
5762.24,-4431.48,62.0766,48.3035
6339.23,7590.86,50.8402,48.2993
-6331.59,6671.43,109.117,48.2889
5537.06,456.389,65.5295,48.2734
1144.71,-6957.01,150.922,48.2715
-188.846,6782.42,59.0574,48.2686
-4811.34,-4647.82,67.3281,48.263
-3191.61,-7369.54,59.7929,48.2594
-7134.55,5090.8,70.188,48.2533
-4511.46,-2991.61,81.5191,48.2521
-6148.99,4174.27,73.8653,48.2519
4681.41,-4155.66,50.9047,48.2255
-4085.33,-707.881,124.315,48.2174
-6297.5,6897.84,54.6429,48.205
-4137.31,1553.67,58.2014,48.2027
5571.41,7108.46,79.678,48.1953
-5781.1,-836.149,63.7275,48.1934
-4837.72,-4624.35,63.3466,48.1545
-5274.3,-693.489,57.3272,48.141
5907.76,-6503.9,69.6035,48.1365
-4526.89,-6323.89,80.5322,48.1346
710.003,-5931.88,81.7982,48.1334
4359.17,-1752.91,57.9099,48.1247
3906.41,3170.94,70.4745,48.1205
4051.76,-701.146,57.571,48.1204
-1802.57,-7549.3,53.9407,48.1204
2721.36,7522.54,59.5727,48.1161
-4141.06,-3443.32,70.3931,48.1144
-7179.61,6580.05,124.985,48.1109
-4753.69,5698.89,76.351,48.0776
2033.6,-5986.86,68.2468,48.061
7140.65,-4554.94,54.3949,48.0609
6404.25,-3304.48,75.0082,48.0477
-4586.33,-7172.06,80.0969,48.0409
2606.05,5093.57,52.49,48.0277
4593.37,-6875.72,73.9275,48.0199
2665.51,6007.41,53.6352,48.0103
-419.033,-4399.71,54.3751,47.997
-6384.28,-5241.86,48.7915,47.9931
-5046.03,1407.17,50.2067,47.9871
-2489.57,4097.78,50.6941,47.9736
5347.15,-2979.05,49.9732,47.9688
7491.93,3704.7,126.709,47.9609
-6229.57,-3162.28,77.4903,47.9537
849.597,5848.65,66.1843,47.9528
-3362.86,6024.23,59.6376,47.9492
-7600.35,-3657.14,52.7128,47.9387
-4157.64,-2054.76,78.5532,47.9168
2899.51,-4578.1,54.6271,47.909
-6345.56,-4748.02,57.0182,47.8972
5386,-6350.27,54.8446,47.8948
-3773.97,5032.86,52.8508,47.8926
6477.68,-367.674,53.2974,47.8864
-5585.19,7413.95,72.6785,47.8736
-1861.27,5822.79,119.503,47.8513
-7042.14,3691.79,49.0855,47.8311
-3973.72,-4359.09,55.6647,47.8267
6818.23,2844.85,57.8464,47.8242
3241.01,4204.36,57.0731,47.8168
3909.69,-582.813,50.0598,47.8042
7110.76,6217.72,50.0785,47.8032
2600.55,-4207.75,50.4882,47.7735
-2361.89,-6729.43,61.8894,47.7722
5911.49,-1963.25,60.315,47.7653
2660.1,6780.87,112.338,47.7489
-5294.83,522.57,128.552,47.7418
-3818.56,-4552.95,154.534,47.7299
-5859.06,-319.636,56.1395,47.7192
-564.354,6888.65,54.2171,47.7086
-5749.86,-3894.45,62.3011,47.7067
4953.32,968.028,66.4509,47.7039
-2155.83,-5257.35,56.1504,47.6838
5475.03,-1707.42,53.4078,47.6799
3783.78,1359.15,55.1173,47.6791
-4627.59,5579.88,65.1159,47.6785
-6736.31,6237.69,52.6992,47.6702
-6530.62,-3067.95,79.6196,47.6594
-6395,-6745.51,67.7551,47.6557
7200.8,-4443.72,50.1562,47.6526
2126.76,-6332.68,60.0217,47.6057
-4039.63,2567.81,58.038,47.605
-4815.27,6019.55,70.2175,47.6025
-6467.08,-812.198,110.763,47.5862
-6207.46,-4117.53,66.8132,47.5797
-5681.62,-1260.05,84.7194,47.5765
-2763.26,-6116.3,58.2505,47.5742
-5774.02,-4940.2,54.3916,47.5725
7134.14,-3314.89,62.4251,47.5665
5494.07,-2297.48,57.0097,47.5597
-4003.31,3019.13,153.547,47.5573
648.997,4214.71,48.7505,47.5447
6120.03,-6135.34,48.3274,47.5434
-4629.01,5464.41,54.9526,47.5314
-5943.72,4527.31,56.0117,47.527
-2684.76,-5438.32,78.9456,47.5127
7347.51,-2556.25,90.0748,47.5064
7393.85,-6826.49,72.2821,47.499
-1071.12,-5706.54,47.8521,47.4969
4187.86,-6524.52,87.1503,47.496
2468.11,-7544.65,75.0191,47.4886
3907.63,6015.62,59.1893,47.4762
2801.87,5283.68,53.108,47.4719
-3270.65,-5078.4,53.6316,47.4643
-4198.9,6829.44,78.4442,47.4635
-3635.14,-4297.54,64.6541,47.4556
-6165.78,3141.42,53.4191,47.4514
-7102.31,-356.953,69.5604,47.4503
682.13,4315.45,48.9306,47.4358
4540.78,6450.92,48.4328,47.4341
5434.76,-4584.93,51.7639,47.4289
1273.2,-4783.24,67.9862,47.4278
-4301.34,1192.69,55.281,47.4107
4600.14,-4874.3,58.366,47.4029
-6482.29,5369.92,48.7937,47.3976
-5127.9,-230.52,49.7286,47.392
-6826.63,3626.55,54.8025,47.3884
7350.68,-272.983,52.3148,47.3614
7253.89,949.421,58.1515,47.3607
4004.59,1648.54,122.992,47.3436
2043.31,-5602.56,52.7258,47.3415
3908.15,4408.15,66.2856,47.3367
5155.76,7462.65,63.4322,47.31
4385.7,-6226.81,62.7842,47.2994
-5325.49,-593.983,75.4666,47.2957
-4112.09,-3943.94,237.189,47.2943
6808.78,-1873.73,57.088,47.2846
-6992.86,-6235.61,67.9748,47.2837
-7474.4,-5023.88,62.8653,47.2797
215.933,5454.93,49.2923,47.2774
-4827.45,3858.89,50.6046,47.2765
5435.69,1459.25,95.2936,47.271
-1839.62,4125.2,47.9489,47.2564
-6017.5,-2389.63,76.2091,47.2541
2215.84,-7458.18,81.8548,47.2527
-4970.21,-7565.92,56.4803,47.2348
5463.81,-5021.81,75.1738,47.2222
1021.12,7236.57,103.959,47.2156
5116.55,379.941,115.407,47.2141
872.371,-5928.26,51.4675,47.2058
571.803,4843.7,47.5896,47.2007
4792.35,58.9701,48.355,47.1941
-919.36,-5849.96,78.919,47.1788
-2132.16,7018.62,71.6234,47.1779
-4281.53,-2532.92,129.911,47.1649
6132.33,-5841.99,68.0248,47.1373
-7090.82,3126.2,55.7943,47.1282
2568.07,-6666.1,65.2869,47.123
6490.39,-5540.22,58.624,47.1184
5798.24,-1080.43,68.678,47.1123
-4182.3,-248.834,59.9922,47.1091
-7349.38,-4986.12,143.396,47.1085
-6953.98,1928.41,47.1845,47.1051
-3420.9,-4452.97,49.1881,47.0873
-3760.42,5689.6,53.8462,47.0852
3038.14,-4173.76,50.5961,47.0769
4101.51,-2226.8,77.0061,47.0764
-1837.87,4032.91,63.036,47.0698
-920.769,-6131.54,51.7473,47.0689
2287.28,-5695.8,82.1886,47.0683
7495.59,3988.07,48.3104,47.0587
3454.52,6168.54,47.1666,47.0135
6379.36,6307.19,156.592,47.0045
3114.4,-5504.1,50.1646,46.9856
3713.68,7394.64,68.329,46.9839
9.96871,-5263.99,54.5156,46.9736
6819.49,3520.51,62.7047,46.9711
-7560.68,-1927.76,51.0829,46.9462
-6123.41,586.719,75.3457,46.9367
-4864.45,-3792.71,50.9241,46.9363
-4334.3,-356.34,150.054,46.9293
-1197.41,-4653.83,63.6114,46.9246
423.074,-7215,47.5646,46.9232
4487.71,-4817.69,62.076,46.9098
-5402.5,766.489,63.1171,46.8883
-4636.2,-3250.38,61.8823,46.8753
-4804.29,6833.13,254.815,46.8744
-6222.69,-3633.02,54.4756,46.8738
-82.1351,5638.61,50.3794,46.8579
-7354.87,-1709.03,69.2591,46.8475
-1012.58,-7272.83,51.6179,46.8423
-5217.07,-7433.73,67.7741,46.8374
-1551.73,-7573.33,83.4844,46.8189
43.4337,4459.17,55.1819,46.8066
-49.3793,4828.38,55.8176,46.7847
5479.13,5201.8,61.7419,46.779
5145.82,-2184.94,50.4241,46.7632
4916.81,4032.83,48.0646,46.758
-4507.12,-4033.27,54.5585,46.7564
4144.32,-1493.11,83.8146,46.7423
-7321.89,5540.17,54.0808,46.7402
3189.18,-4611.89,68.4791,46.7382
-397.621,-5253.32,83.8488,46.7324
6024.52,-4308.3,70.1393,46.7259
5786.63,4148.1,48.2508,46.7244
3741.43,-7383.9,63.2662,46.7243
967.693,4659.69,50.2357,46.7221
-4087.23,-229.753,49.8054,46.7067
6139.47,-1876.52,50.6537,46.6894
-5757.14,1300.94,52.4922,46.6793
1145.7,-7144.56,52.7768,46.6658
7448.06,4758.29,109.811,46.6528
946.77,-5044.53,76.7803,46.6472
-4953.17,6673.02,99.4396,46.6462
-1755.82,6854.63,51.3212,46.6384
-5599.08,-2977.33,100.288,46.6338
-5387.79,1761.44,67.4314,46.631
7194.39,-6247.45,58.1025,46.6247
6243.33,4262.95,47.8692,46.6206
-5136.42,-1564.33,49.1252,46.6172
447.001,6983.38,78.1267,46.6156
4923,-6948.1,71.6742,46.6155
-3852.63,4716.61,84.8489,46.6155
4004.4,-2563.82,89.4541,46.5913
-6267.3,1039.07,74.6942,46.5844
-6370.45,2200.15,47.0155,46.583
6102.61,6571.18,50.4373,46.5563
-7464.14,5407.09,61.8046,46.5486
-6143,3299.72,56.0038,46.5472
5463.44,-2913.29,56.4844,46.5442
-719.248,5413.21,63.0188,46.5412
2055.99,7088.71,50.5759,46.5384
-3435.16,-7096.83,81.5374,46.5339
-3999.51,2517.89,66.0989,46.5181
-590.92,5749.28,57.5711,46.5155
-5788.35,5891.84,67.0763,46.4705
2359.11,-5912.04,46.7819,46.4508
5351.03,2486.4,54.4947,46.4349
-4775.03,5461.72,88.3651,46.4254
3717.54,6281.94,58.3784,46.405
56.8211,-5969.46,53.9685,46.405
-5444.95,7480.38,47.6151,46.4034
-6793.8,3416.68,50.0883,46.3983
-6599.37,5444.25,49.4693,46.3845
-6542.89,4905.76,50.4114,46.3741
3828.51,2776.3,50.3861,46.3734
-7062.61,185.083,66.3373,46.3556
1863.49,7230.91,55.7151,46.3543
-5843.62,676.663,48.5669,46.3483
-2293.89,-6963.5,68.1179,46.3312
5246.97,-227.471,53.1893,46.3211
3908.62,2480.17,49.4817,46.3069
2656.76,-5971.51,57.4485,46.3002
-4507.94,4504.02,82.6621,46.2946
6012.37,6918.61,52.7123,46.2879
5904.1,-4405.57,52.4205,46.2608
4988.79,-642.916,57.2674,46.2602
-3122.1,4553.73,52.1978,46.2522
-7116.15,-625.026,63.7174,46.2518
6077.3,-1928.8,50.2409,46.2495
4578.2,-5303.34,60.5132,46.2476
-6211.2,6225.68,78.0193,46.2408
-7256.04,-2743.47,71.8157,46.239
7082.03,-2013.15,51.1031,46.2322
-3020.4,7495.74,64.856,46.225
2561.2,7014.62,62.4915,46.2209
-4995.03,-1673.27,54.8732,46.1998
-7567.65,6548.65,51.1187,46.1929
6450.71,-7309.73,107.394,46.1906
2079.14,-6225.16,49.6608,46.1897
7008.35,-6628.6,65.69,46.1791
2313.71,4867.21,81.311,46.1566
-293.127,5550.87,66.8164,46.151
-5829.65,-2717.8,53.2565,46.1439
7456.24,5338.36,180.062,46.1258
7440.56,6729.77,49.753,46.1186
-5409.88,5819,59.8658,46.1179
7132.75,3021.19,47.9511,46.117
4022.6,3970.02,47.3679,46.1016
1441.64,5217.84,52.2721,46.0985
5419.91,-5305.73,52.8802,46.0982
-2687.07,-5520.64,50.5139,46.0972
521.465,4447.72,70.8443,46.0927
-5303.15,-6368.71,59.0457,46.077
834.613,3966.29,89.2171,46.0745
-6816.11,-1323.68,46.9276,46.0743
-6112.71,380.87,52.2794,46.0735
787.129,4894.05,103.01,46.0484
4012.91,-3624.4,62.4525,46.0387
5179.12,3476.64,52.4225,46.0332
-1198.74,7361.79,50.1287,46.029
4706.24,5313.56,58.247,46.0188
5546,6786.18,68.3643,46.0137
-6589.36,619.68,88.5756,46.0051
-5798.9,5763.17,65.058,46.0006
-5351.98,1944.65,114.636,45.9992
-5078.66,6412.51,47.1229,45.9974
6210.22,2082.4,65.6038,45.9842
-4807.29,-2225.5,67.8296,45.9799
309.398,6741.35,50.375,45.9748
-1428.95,6321.02,47.6477,45.9707
-4724.15,-5796.59,56.2077,45.9681
-4484.97,-2589.98,110.685,45.9592
825.412,-7108.46,49.768,45.9576
4588.44,4964.83,67.3545,45.9518
5997,-6959.03,56.9841,45.9481
-1782.74,-7228.16,104.575,45.9369
-4432.82,7211.89,47.1039,45.9345
5170.24,3495.19,62.8698,45.9285
-6927.48,1682.63,54.5394,45.921
6697.32,-3011.12,63.3939,45.9052
-5839.85,-1170.96,89.3953,45.9042
-1916.7,5084.47,46.7786,45.8879
1653.11,3866.68,98.0013,45.8802
5799.54,-851.66,49.7372,45.8747
4572.66,-4536.54,47.8705,45.8726
-4059.45,7402.84,75.9899,45.8688
5737.83,-3040.65,71.3161,45.8676
-1435.68,-6266.77,50.362,45.8644
2423.39,-7303.65,90.7536,45.8625
-6903.38,2890.18,48.55,45.8293
7169.14,2440.66,54.7755,45.8271
-1421.35,-4792.54,56.2546,45.8233
-1751.68,-5036.63,50.7533,45.8161
7454.36,-1721.15,53.4453,45.809
-1521.69,-3860.84,56.3636,45.8076
-5353.58,5701.98,76.7578,45.8002
2622.84,-7213.55,71.6733,45.7976
-5600.06,-2001.22,51.1536,45.78
-6236.74,-1368.82,49.3203,45.773
-6186.23,-1085.19,46.2578,45.7627
-3898.67,-2124.24,141.999,45.7585
-5239.73,-6032.92,62.9303,45.7361
70.0363,-4725.9,45.8441,45.7295
6701.84,5723.93,88.2555,45.7294
4356.49,-4686.42,84.0942,45.7245
1283.52,-6813.81,103.264,45.7241
6666.71,-1298.74,47.4581,45.7161
-4663.97,-1163.52,63.4652,45.7124
5239.35,-6894.32,52.081,45.7106
7004.29,-6881.09,49.761,45.6832
-6410.55,-4363.77,57.1116,45.6831
6199.27,-6748.69,55.749,45.6735
5404.41,2580.22,74.6083,45.6711
-1720.27,-7288.01,61.0048,45.6681
733.941,5726.57,58.3174,45.666
-7267.88,-4949.53,66.0047,45.6639
-4041.3,-6943.88,55.2487,45.6602
7313.08,-3017.71,59.5838,45.6566
-389.065,5914.39,123.345,45.6504
7415,5501.99,47.1628,45.6475
-1430.44,4042.22,89.974,45.6429
-2082.4,-5787.97,62.6898,45.6243
-591.068,-5005.72,63.1946,45.618
-6735.24,3096.55,65.1541,45.6178
6747.56,-487.813,49.472,45.6084
-2547.18,-4087.27,53.178,45.5814
2738.59,4674.61,51.4509,45.5728
1186.09,-4964.87,59.7225,45.5711
-6244.56,3265.98,114.644,45.5664
-3847.06,374.235,52.0242,45.5555
-6335.97,5521.77,46.8749,45.5394
-1292.81,-6066.48,66.8328,45.539
3761.93,-31.5168,49.973,45.5353
-3741.2,3941.53,54.8917,45.5306
7271.43,-366.712,80.9702,45.5245
3484.16,-7020.6,53.3923,45.5219
7014.53,-5532.75,46.4309,45.5201
4595.08,3265.47,53.5784,45.5149
-6375.18,2354.53,53.5973,45.5135
7334.76,-3738.05,60.7128,45.5088
-1145.99,-5321.05,62.8015,45.5003
2036.56,-4571.83,50.2103,45.4937
6828.72,-236.078,46.1475,45.4902
1007.04,5252.09,126.635,45.4786
2566.07,-7425.08,45.8335,45.4524
2728.97,-4534.66,93.8944,45.4485
-1956.87,4952.81,52.2925,45.4363
-4788.74,-508.512,120.513,45.4357
1024.44,-5152.59,69.6241,45.418
-2934.94,-6448.62,70.5342,45.4086
5784.92,810.03,72.4986,45.4022
4643.34,193.014,54.8277,45.3998
-4288.98,-1432.91,68.3393,45.3998
-4130.09,-1864.53,51.4958,45.3973
-3896.7,5549.57,81.0726,45.3758
5484.37,-782.888,46.8055,45.3751
1263.09,-4374.56,121.324,45.3751
7141.62,-2226.74,64.2014,45.374
387.152,7331.42,66.7872,45.3611
-1738.64,-4251.01,47.6989,45.3562
-3615.61,5106.17,85.8742,45.3519
754.779,-5722.04,58.0566,45.3503
-4814.79,6341.04,50.322,45.3473
6033.94,733.276,47.7773,45.3429
7136.14,-5942.34,53.4267,45.3381
935.918,-5508.43,49.3697,45.334
-5083.63,-1068.95,56.701,45.3339
3156.55,5090.08,62.014,45.3305
7545.38,-6891.47,55.9523,45.3173
5721.11,-7460.37,88.3359,45.3055
-5438.49,3776.57,45.3472,45.3
5329.73,-7553.6,48.2502,45.2951
-5717.65,-1820.26,118.223,45.2894
-7202.42,2352.16,53.2635,45.288
-889.804,-5585.21,48.071,45.2834
-1891.33,-3927.96,76.4606,45.2809
-6293.28,-1644.35,70.5036,45.2634
-592.656,5226.01,74.527,45.2631
4423.21,-6645.02,119.474,45.25
4274.04,-4878.6,47.6818,45.2388
4899.12,5317.05,52.6541,45.2361
-6987.69,-6668.36,57.8875,45.2353
-5662.83,7408.53,80.5612,45.2321
-1884.18,-7115.35,69.8863,45.2261
5411.52,7109,83.8646,45.2199
-5054.73,4351.16,53.6451,45.2133
-4627.79,-3871.18,49.483,45.21
-2782.35,-5492.62,49.7263,45.1935
-5308.1,6930.83,61.5527,45.1858
-150.781,5455.82,81.8033,45.1713
4541.31,-5303.04,61.3154,45.1674
-1653.97,7252.56,82.8734,45.1652
5806.99,-4096.21,51.9186,45.1591
-6267.1,7398.43,49.0919,45.1588
-3271.43,6714.73,48.9282,45.1214
-2253.57,5848.48,57.5646,45.1174
-2714,-4951.85,47.9736,45.0961
3829.93,-7466.01,60.4619,45.0942
5392.02,-2306.38,105.887,45.0941
5571.8,-525.628,60.4571,45.083
1217.02,4554.51,57.2518,45.0793
5077.7,112.92,49.3131,45.0681
5070.47,-492.534,104.87,45.0604
7553.35,33.937,72.7705,45.0556
4563.19,-3541.15,46.9637,45.0481
-6290.89,3634.64,89.3477,45.035
-4974.3,-5475.96,58.856,45.0251
6721.4,6786.26,75.5958,45.025
-7560.9,-730.243,78.8404,45.0244
4807.96,4554.89,165.59,45.017
-4815.55,3505.64,65.4739,45.0133
3977.33,-618.183,45.9462,44.9902
3945.09,1222.11,49.5166,44.987
-6169.34,-3656.34,77.0402,44.9822
993.979,-5895.6,123.078,44.9728
-7497.76,3125.11,82.8833,44.9707
141.637,-5686.72,45.4855,44.9693
7475.75,21.9746,62.1727,44.9605
4139.7,-4275.36,48.4572,44.9537
6243.39,-1735.95,50.4162,44.9461
7260.93,-3057.8,45.5849,44.9438
-1650.64,4571.17,46.3157,44.9227
-4024.49,997.797,103.27,44.9218
-4861.91,-4090.27,75.5522,44.92
4745.5,-2676.43,59.0538,44.9148
-6159.95,2302.83,48.2164,44.9137
5065.03,3913.14,65.9499,44.8926
-5787.49,7115.19,111.246,44.8904
-1404.17,4621.64,183.341,44.8847
-5745.25,-6182.15,56.3492,44.8795
-5663.94,4268.06,49.7991,44.8785
5974.64,-3486.65,70.3936,44.8578
-4837.69,5152.17,51.0359,44.8553
4008.07,2413.02,48.7918,44.844
4061.88,-1064.93,55.6032,44.8323
4848.19,345.039,75.788,44.8303
-6750.68,-1600.95,61.9554,44.8281
-2748.07,-7595.3,45.6575,44.8241
5756.85,-762.998,78.5208,44.8221
-4959.52,7559.69,45.3346,44.8206
-4408.05,-4021.94,70.4457,44.8173
-5865.58,3096.72,51.4441,44.8161
-5481.09,2617.2,63.0508,44.8128
2846.54,-4657.27,162.723,44.8114
5033.26,-4764.21,47.1272,44.8003
3016.36,-6054.72,60.9979,44.7997
-5134.18,3446.74,46.2927,44.7954
6127.64,2254.89,105.794,44.7836
2852.3,5224.25,50.6141,44.7773
7603.5,1327.97,61.0667,44.7727
7004.22,3575.94,49.4735,44.7717
4230.21,-5783.64,128.706,44.7697
-5865.05,-4930.89,56.0925,44.7673
-146.362,-7497.87,55.9935,44.7665
-2823.46,6820.59,51.054,44.7542
-6655.83,5189.94,58.1903,44.7521
2807.67,5228.15,72.8886,44.745
3288.49,6235.07,45.4406,44.7135
-3969.84,6988.65,197.923,44.7058
-2103,-6460.24,55.8255,44.6924
-4453.81,2947.83,47.1408,44.6905
-2697.15,4787.1,61.7807,44.6793
3534.73,6468.1,88.4366,44.6649
3036.42,6676.75,168.158,44.6468
2545.17,-7606.91,48.1712,44.6422
-6031.77,58.6493,55.534,44.638
4756.43,6491.31,59.8807,44.6354
4474.96,-4695.89,49.4203,44.6354
-1757.34,7267.3,97.5408,44.6347
-6166.57,-7469.35,81.4261,44.6298
1746.39,4644.04,54.5855,44.6166
-385.038,5804.7,73.9259,44.6134
4927.38,12.4951,56.0993,44.613
6969.44,6553.47,46.0698,44.6083
-1889.3,5202.46,87.1722,44.595
-3022.05,6612.15,68.2226,44.5809
4600.34,391.131,94.7774,44.5781
4191.27,-4490.03,75.4062,44.578
6837.9,-6268.01,74.2052,44.5747
4701.6,5742.97,54.0412,44.5732
-970.787,-6538.03,49.7775,44.5712
-1869.58,-4321.19,48.5182,44.5636
-5090.14,-4916.23,73.9808,44.5598
4107.93,6163.34,58.9325,44.5587
5004.35,-6771.6,46.8563,44.5499
-4183.65,-4777.11,56.5708,44.5445
4272.35,-1634.06,51.5314,44.5436
5210.01,-5658.21,65.1595,44.5395
-6008.06,-1679.49,59.4624,44.5332
-3143.9,5466.58,51.572,44.5322
191.781,-6110.44,60.9006,44.5287
-5582.54,2168.62,76.1641,44.5113
-6385.69,-3720.19,65.2933,44.4944
-5927.8,1936.45,66.7391,44.4791
6140.92,3418.87,50.5909,44.4649
3876.71,-7388.46,79.4802,44.4374
-4187.04,1897.01,65.4064,44.4356
-1746.77,-4561.04,54.8418,44.431
-4728.3,-2264.05,83.7182,44.4263
-6981.24,2789.01,45.2829,44.4228
-3662.64,6528.78,47.4731,44.4226
4877.62,1711.21,60.0799,44.4163
-4621.21,-940.475,55.2204,44.4028
7158.19,5061.31,48.5937,44.4015
-6830.86,7109.64,80.708,44.4013
3739.16,-6214.03,52.5379,44.4008
2718.64,-3914.7,71.7436,44.4002
-5047.52,2578.2,49.1899,44.3944
-6274.22,5576.44,125.979,44.3889
-2730.08,-5077.26,50.4163,44.3819
2658.34,-4812.96,46.0126,44.3779
-6629.28,2127.08,62.9118,44.3745
4718.45,-2352.41,55.1031,44.3693
4037.28,-1327.07,59.315,44.3496
-619.013,7079.78,48.8085,44.3483
909.702,-5180.09,154.072,44.3461
-1990.29,-7229.26,46.1353,44.3346
-4197.85,-6156.62,55.7124,44.323
-7039.6,-2472.83,169.346,44.3132
2203.97,3929.32,60.9847,44.3085
-1531.26,7174.09,85.3621,44.3005
2029.79,-5899.42,51.4009,44.2994
4289.53,-408.638,45.6029,44.2868
-5245.19,6554.01,52.7662,44.2788
-6383.05,5653.8,45.0674,44.2754
6336.97,-4100.82,45.7443,44.2609
1587.94,5722.65,54.059,44.2555
971.666,5397.51,59.4406,44.2519
-6757.24,388.954,78.6633,44.2405
-6710.3,-6352.74,48.5174,44.2306
-309.817,-6200.66,45.1394,44.2264
4405.05,709.039,85.7678,44.2204
5790.06,-4847.34,124.873,44.2141
-1929.53,-6710.5,57.2879,44.2019
2846.6,-5458.91,51.3116,44.1948
-4491.89,-4538.97,53.218,44.1826
3962.31,737.784,77.145,44.1757
1478.15,3880.32,48.2104,44.1706
1475.88,-7026.37,45.0848,44.1625
-3128.43,-6272.37,92.4735,44.1477
-4091.17,2923.46,46.9212,44.1452
1174.57,-5326.75,45.3031,44.133
7380.93,3725.76,51.2485,44.1304
-4564.52,7001.13,72.4175,44.1185
-3407.91,4884.34,79.7916,44.1184
-6089.27,-2675.3,56.2024,44.0963
-3655.22,-4090.56,55.0275,44.0913
1204.16,4419.62,59.6708,44.0876
-5229.82,1083.3,51.5035,44.0816
-801.966,7547.39,78.7251,44.0792
-4182.03,-4150.92,97.3051,44.0775
-2825.79,-5834.5,54.4192,44.0632
5574.18,1326,51.5775,44.0483
-6027.12,2840.84,90.873,44.0313
-1607.67,-7479.7,66.4633,44.0276
1753.12,-5781.99,63.6683,44.024
3499.93,-5983.24,52.7985,44.0168
6652.02,2229.28,59.1405,44.0114
2796.45,4347.85,56.661,44.0104
-4095.11,-115.137,46.7255,43.9955
6598.55,5784.2,51.9337,43.9912
855.748,6802.5,77.3135,43.9831
-1310.9,7403.76,70.5919,43.9803
-1033.84,4632.94,82.0247,43.9758
-5881.14,-2254.12,55.1341,43.9691
-2817.04,5862.63,47.9927,43.949
4275.17,-1060.9,68.9954,43.9475
-3506.59,4528.42,67.6368,43.9446
-3771.81,5240.8,48.5692,43.944
4155.57,-2859.31,69.651,43.9351
-6615.47,-4083.26,62.4208,43.9305
6847.86,5429.4,46.7342,43.9292
-3377.54,-4713.32,121.976,43.9231
6179.77,-704.152,55.7362,43.9144
-4442.94,-2639.7,45.8302,43.8914
1298.64,-6050.69,45.7502,43.8715
5153.01,-4602.28,104.443,43.8672
-4219.03,-4880.19,48.0988,43.8531
7445.1,-3718.29,69.7701,43.8503
6335.72,5345.07,64.6655,43.8487
983.082,-7346.04,65.6187,43.8458
-3934.52,1312.38,47.4102,43.8276
3692.09,3919.45,60.3167,43.8276
4866.17,-4927.29,59.383,43.8254
2131.24,-5786.48,58.4685,43.8185
-7268.85,6687.69,62.9434,43.8116
-3690.43,3814,84.5653,43.8085
-1827.66,6352.47,51.5464,43.8059
7277.62,-1918.48,56.3877,43.8055
-6926.28,-6581.78,65.1223,43.8002
-1581.81,-7050.87,58.5725,43.7878
5958.93,1256.19,46.9915,43.7805
7079.41,-7012.47,56.3663,43.7717
6136.32,-5194.04,71.1138,43.7666
6329.73,6744.17,50.5288,43.7402
1608.84,4621.84,54.6774,43.7345
-5173.77,-1982.5,53.2991,43.7331
6909.74,-2985.71,57.905,43.7327
-6352.08,-2130.59,48.6645,43.7325
-7510.57,-2483.49,46.1589,43.7317
-3741.55,7324.23,45.3115,43.7225
-3090.73,-7354.38,89.2918,43.7122
-6684.76,1559.15,77.3471,43.7003
6538.77,3176.13,48.3255,43.699
-7540.17,-2444.23,82.0064,43.6979
2503.02,-4156.39,67.5388,43.6977
6667.57,-1634.01,48.4609,43.6878
-7529.2,-5175.43,67.6198,43.6734
6485.38,2478.74,79.1048,43.6699
6120.31,3390.86,67.1834,43.6655
-910.167,7314.12,47.67,43.6645
3824.76,7294.61,96.2072,43.6631
-1454.33,7060.2,51.6289,43.6577
4364.12,-656.887,60.0115,43.6555
-6407.41,6857.76,48.7835,43.6539
1373.09,-4464.62,68.4951,43.6502
-2009.57,-4218.42,45.309,43.6385
-3821.07,-2475.03,72.432,43.6351
4612.93,1265.75,63.9886,43.635
4445.48,-536.01,88.8506,43.6299
-4894.88,6044.74,98.3925,43.6252
-5457.03,541.869,104.406,43.6183
2640.51,-3968.73,49.1391,43.6131
4043.51,920.333,47.9112,43.608
-50.2212,-5152.97,50.1988,43.6
-5778.42,-2556.91,55.3366,43.597
7570.82,828.021,65.2458,43.5718
3324.05,4690.68,81.71,43.5647
-3228.33,6317.35,47.1165,43.5521
2654.81,5143.99,65.9601,43.54
5128.25,-3749.23,51.0763,43.5396
2867.39,-6208.36,48.9211,43.5333
-5194.37,-4081.85,55.0074,43.5271
4901.88,-5232.18,148.491,43.5203
-6965.5,-3611.67,48.5307,43.5029
-4841.49,-6639.1,59.2506,43.4991
-588.558,-4303.52,55.8867,43.4953
-5348.3,3421.29,55.5198,43.4864
-7039.95,-6410.76,54.9946,43.4839
6216.79,1816.38,113.948,43.4775
-3245.94,4748.01,66.518,43.4651
3845.91,2192.23,152.505,43.4646
6062.51,-353.204,62.3068,43.4618
6401.14,-7025.39,61.4241,43.4558
-5246.73,-3249.86,45.0277,43.4538
-5012.51,-5903.86,48.8692,43.4476
-2635.91,5372.32,77.257,43.4397
3460.71,5968.68,70.7998,43.43
-6230.19,6195.06,54.3601,43.4218
-284.864,3799.82,64.7152,43.418
6860.38,-1697.86,48.5893,43.4097
5713.76,-1006.92,65.8011,43.4031
4260.29,-461.426,75.7484,43.3986
4830.04,6115.04,46.8268,43.3936
-6875.6,4139.54,76.834,43.3886
5310.2,-5505.82,58.3693,43.3875
2843.3,5687.13,86.2067,43.3867
-3439.35,4040.48,55.1137,43.3606
3475.02,-4643.18,62.2331,43.3537
3963.83,1494.56,54.7876,43.3515
-5574.34,-2975.29,87.7107,43.3507
-2224.55,-5567.27,98.0799,43.3505
4745.21,-7443.52,63.7405,43.3466
-1254.98,-6764.17,54.1094,43.3379
-4083.98,-2192.71,84.0496,43.337
-6320.94,3530.88,86.6735,43.336
1558.32,-4191.16,46.5895,43.334
2894.83,3775.59,76.9037,43.326
-3031.53,6313.31,60.5134,43.3134
-746.129,-6957.41,72.2786,43.2986
-7244.76,-214.983,97.4081,43.2953
1591,6706.99,55.4097,43.2888
-2669.12,4635.7,45.1452,43.2872
-6823.57,2573.85,100.473,43.2695
3795.37,-5777.36,54.1652,43.2693
1116.39,-6019.35,52.7458,43.2588
-3528.19,6867.86,48.1392,43.2561
5575.26,1927.13,52.6874,43.2557
-5303,5978.62,89.0388,43.2396
-2638.31,4926.42,53.1215,43.2162
5411.14,-7065.41,59.5961,43.2047
1038.64,6058.1,63.3306,43.1991
-7478.56,996.565,113.752,43.1848
-7180.67,4028.76,49.7487,43.1847
2744.26,4177.29,86.2244,43.184
6028.65,502.092,53.9345,43.1797
-5264.74,7249.69,54.1014,43.1686
2491.5,5769.47,74.8594,43.1656
4790.44,-886.44,68.9124,43.1639
4966.03,-5530.98,84.8554,43.1598
3179.62,-4532.61,50.9243,43.1387
-1816.43,5350.52,75.5255,43.1275
55.1113,-4456.75,45.0483,43.1244
6423.01,-2645.38,52.9191,43.1156
-5489.83,-4279.06,68.9035,43.1138
-2038.01,5277.14,51.5043,43.1134
2447.73,-6807.32,49.3535,43.1098
-6671.09,6340.31,52.365,43.1065
-3365.08,4682.65,83.751,43.0984
-174.377,4944.53,107.202,43.0921
-6744.66,4712.51,56.0707,43.0913
-5768.18,-2715.52,125.733,43.0778
5453.23,3415.13,52.9369,43.077
-3783.66,6607.35,52.7285,43.0763
-4753.62,-6779.91,49.1664,43.0722
303.084,-6725.98,62.1345,43.0672
-1241.46,-3849.92,47.0714,43.0617
-6183.85,2391.64,77.0689,43.0532
-6271.83,-1725.18,59.2295,43.0439
5799.36,-5147.96,49.1889,43.0231
6027.03,519.333,52.6632,43.0224
-7049.5,-6231.29,45.4058,43.0147
5088.55,-2603.26,68.4534,43.0068
-2177.47,6046.88,55.6871,43.0053
6508.21,-729.784,47.5398,43.0042
-656.083,-6578.06,48.7615,43.0041
-4504.55,1816.16,111.802,43.0034
-4716.63,-6413.74,49.8569,42.9996
-3170.5,3948.66,47.5911,42.9893
-2909.06,5520.51,48.9578,42.9885
6957.82,-452.91,56.3012,42.9804
-4679.6,-4791.27,56.5393,42.9787
-5546.04,-5931.01,73.2437,42.9718
2477.14,5300.84,49.6114,42.9659
2591.37,7345.6,61.0337,42.9641
-5876.56,-726.827,94.431,42.9471
-6559.36,-3874.98,59.4803,42.9353
225.647,4364.72,46.6605,42.9271
5483.11,-1282.84,55.2057,42.9241
-7234.86,-3547.48,64.6134,42.9058
-6130.23,4882.05,54.0231,42.902
-3071.62,7277.58,55.3696,42.9017
-6958.8,-5424.78,49.7905,42.8992
6961.56,5069.49,68.6994,42.8991
7367.38,-6841.15,46.9281,42.8989
4821.46,-7028.35,47.9592,42.8944
-1676.94,-5190.2,59.7168,42.8764
5399.49,-1571.57,49.2358,42.8657
-6044.44,-4302.21,102.214,42.8643
-3121.43,5988.52,69.2788,42.8593
4140.99,-1235.64,48.2514,42.8583
-5578.89,263.305,51.3148,42.8561
-6739.54,-5180.36,58.4003,42.8553
729.174,-4840.29,59.2402,42.8536
7414.89,-4921.37,144.794,42.8461
-4605.48,-5869.4,63.8296,42.8457
5417.11,2453.34,49.2284,42.8403
-450.21,4690.61,56.7726,42.8381
-5339.53,-7092.28,145.813,42.8352
3707.42,6770.96,54.6942,42.8261
-1820.79,-5239.86,60.8534,42.8257
940.335,4682.71,68.9904,42.8195
5666.87,5541.18,61.0257,42.8107
5743.6,3803.49,45.1109,42.7787
6760.31,-4896.42,59.5214,42.7762
-5315.31,5286.12,132.725,42.767
3808.85,-47.4468,56.7236,42.767
-3075.66,6092.66,80.431,42.7665
4914.13,6111.07,46.5677,42.7587
-6643.03,3573.66,57.0587,42.7551
-4625.69,5265.71,50.3357,42.7495
-6766.41,-1404.02,52.5839,42.749
3901.41,-95.2027,46.4017,42.7396
7307.6,1484.02,173.82,42.715
3900.92,-3426.75,79.265,42.7069
-1036.41,-6839.63,63.8608,42.6984
5152,1435.71,128.422,42.6863
-562.352,7559.75,53.6287,42.681
5201.9,-5883.37,64.409,42.6768
5207.28,1696.37,55.836,42.6761
-6314.28,6749.22,270.676,42.6655
-3747.34,-3876.62,45.3488,42.6651
412.889,-7389.63,49.1419,42.656
-6512.45,1556.74,107.975,42.6455
-102.844,-4365.94,48.0826,42.6353
964.457,-6084.68,50.2615,42.6192
-615.663,4588.87,74.7034,42.6154
-2037.48,-6731.05,109.178,42.6068
4106.11,-951.849,110.822,42.6059
6724.7,-787.041,123.087,42.5895
-2744.25,-6662.03,50.5437,42.5869
1977.06,4585.24,50.2528,42.5766
-4512.11,-371.485,145.622,42.5699
-5328.67,3847.6,47.0414,42.5643
-540.212,-4881.78,46.8478,42.5593
-5038.53,1309.7,199.032,42.5369
-7259.53,-3044.77,77.9939,42.5287
-4791.66,-1058,63.508,42.5273
-7110,-5244.93,46.0234,42.5254
1881.74,-5220.05,93.048,42.5094
3090.79,-5068.03,57.1303,42.4953
3837.42,6768.53,57.918,42.483
6531.29,-4996.82,45.8341,42.4748
-6145.48,5228.09,51.0779,42.4681
6059.42,6781.34,49.0773,42.4616
-5333.72,6917.42,58.589,42.448
1597.43,6236.69,99.7692,42.4396
4238.91,-987.124,47.6948,42.4323
-2718.8,-4993.93,60.8813,42.4259
-1562.85,7326.91,80.282,42.4234
-2852.87,-6227.56,57.4311,42.4223
-5069.01,6990.82,53.2244,42.4158
-5998.3,-183.194,45.0783,42.4069
-3710.95,5066.3,45.8395,42.3941
-6823.58,-6954.35,56.9369,42.3847
6246.1,42.0259,54.1222,42.3749
6599.59,-4422.96,144.819,42.3737
-1965.88,4449.24,66.7816,42.3661
6509.82,6398.6,62.5415,42.351
62.1835,-3917.39,48.0487,42.3405
4128.12,5040.62,115.179,42.3375
-6222.19,-2897.2,47.2155,42.3368
4963.12,-6115.88,65.2639,42.3331
5256.86,4444.35,78.2199,42.3308
6948.08,1606.95,48.5324,42.3266
-2214.45,-6662.64,72.2748,42.3255
2104.01,-6857.12,61.5812,42.3249
-5403.81,-1419.7,68.1299,42.3148
4055.49,-170.717,48.2107,42.3119
-4254.05,-4757.69,59.8487,42.3097
2458.44,-6229.97,97.2572,42.3053
7042.47,-2087.56,68.242,42.2968
-7317.97,-5424.83,49.9417,42.2896
3397.88,6104.85,91.5261,42.2758
1264.31,-6190.04,49.0708,42.2754
2728.59,4084.89,52.1493,42.2701
5200.59,7299.69,50.7753,42.2665
-5487.74,-809.359,56.757,42.262
-4206.91,2898.17,81.8648,42.2508
-6900.33,6671.56,45.8925,42.2487
5846.24,1245.33,50.4014,42.2462
-6179.72,-2115.36,73.3435,42.24
-4840.74,2687.87,55.1442,42.235
5420.83,-3905.63,56.5898,42.2344
-5517.98,2650.05,47.1127,42.224
4630.62,-2030.48,49.6191,42.2235
1541.29,7111.1,64.9248,42.2181
639.199,7178.43,61.0974,42.2175
7461.68,6151.66,71.3397,42.2149
-238.739,3916.57,51.1956,42.2063
-471.625,-4513.56,59.5412,42.1825
2932.1,6231.3,46.6026,42.1737
-3039.52,5676.08,48.1649,42.1623
373.758,-6253.78,75.9359,42.1598
-6202.97,5518.93,82.4471,42.1523
4824.99,262.362,67.5847,42.1477
6831.63,3492.76,54.7219,42.1351
-3964.97,-6306.75,50.517,42.1341
1403.38,-3788,63.5734,42.133
1582.87,-4686.92,74.0712,42.1309
-7513.73,-1103.44,52.7604,42.117
-4355.72,-6385.42,48.1528,42.117
6366.94,-7011.84,52.5678,42.1024
-6586.76,-2734.37,46.0603,42.1001
-4853.17,-5301.81,81.1709,42.0981
2177.75,6512.58,51.9346,42.0966
3685.08,-6572.15,49.1406,42.0961
-2031.03,-6259.12,77.3495,42.0729
-1087.37,5579.79,58.7105,42.0676
-3927.7,5539.99,62.5623,42.0638
1413.53,-5728.14,73.8815,42.0611
-417.88,5860.2,46.5187,42.053
-1458.93,4768.37,53.4493,42.049
6111.11,-7267.71,98.9611,42.0419
5844.04,-7402.36,67.7016,42.0404
-6649.39,5715.12,70.3499,42.0338
5396.72,6359.99,52.268,42.0264
-7170.53,5498.35,76.1191,42.0175
-892.713,-4225.47,82.5749,42.0071
7078.49,-3433.61,60.0934,42.006
6530.58,-2130.38,236.729,42.0015
-7351.45,5411.69,53.2364,41.9957
-3731.33,-4414.15,48.8934,41.9884
2929.56,-7272.5,71.1892,41.9829
4644.7,-3925.63,48.7246,41.9747
6022.14,6956.09,45.8033,41.9362
-1231.25,-7226.22,98.6316,41.9348
5668.69,-5945.12,50.8942,41.9172
4252.66,1448.23,68.3016,41.911
-6729.94,-4153.31,51.992,41.8977
5186.42,4018.38,94.1771,41.8955
4237.49,2712.84,74.4344,41.8912
7206.45,-251.951,55.4346,41.8894
299.402,6407.73,51.9874,41.8883
-7482.07,1775.37,63.0344,41.8803
-1019.68,7034.47,169.573,41.8755
-3305.5,4541.55,83.4008,41.8737
4464.33,-4224.14,75.1853,41.8646
1218.49,-3875.83,61.465,41.8645
-5901.36,5607.07,58.997,41.8272
-4055.51,-1285.02,46.3929,41.819
-5348.27,963.852,50.4389,41.8155
5574.53,-2055.65,209.415,41.815
-2143.82,-4297.16,52.9725,41.8137
-3080,-7386.13,47.6091,41.8131
4928.22,5309.12,60.0726,41.7949
1649.03,-4636.62,77.9407,41.7786
-2200.08,-4639.26,63.1936,41.7666
6537.97,-2194.55,46.988,41.7641
-5901.87,-2024.17,54.0231,41.755
-1377.91,-5972.58,66.9781,41.7508
-941.554,-7378.89,45.9242,41.7443
1888.55,4702.82,62.1178,41.7433
-5743.92,5116.46,163.441,41.7405
-3640.19,-5896.84,46.4986,41.7293
3530.42,-4128.89,47.7737,41.7269
4505.1,6510.29,49.966,41.7229
-2791.78,4262.54,49.0948,41.7194
5207.4,4825.02,58.2055,41.6888
5523.97,-1909.18,58.0773,41.686
194.312,-6816.3,95.8749,41.6848
-3847.89,-2308.26,61.4883,41.6807
7530.08,4634.25,84.635,41.6666
1671.13,-7352.66,62.3185,41.657
3060.15,-5280.3,128.585,41.6462
3850.41,2592.9,97.3942,41.6245
-1206.34,-6958.6,59.5045,41.6055
4325.25,1776.64,52.8187,41.5887
6590.87,-462.102,63.7666,41.5795
-3649.82,-6078.37,77.5288,41.5767
-7209.48,-5446.58,55.0319,41.5687
-4901.44,-5300.83,93.0263,41.567
4599.92,3142.92,91.8146,41.5646
-780.548,5337.56,78.6415,41.5551
1372.04,-5626.98,63.3133,41.5543
3109.66,-4216.43,199.52,41.5505
5123.38,-7418.85,48.0001,41.5505
-7297.35,6067.96,48.5693,41.5427
-5111.81,-3577.08,80.4875,41.5352
-5874.73,-2815.71,45.6512,41.5318
-2670.37,6356.46,47.9244,41.5285
-134.901,5244.64,65.6909,41.5169
-1499.03,7030.8,59.9575,41.5145
4665.64,3830.35,88.8236,41.5048
-4055.29,-620.359,75.5344,41.4968
7469.03,3759.84,52.6149,41.4967
-798.95,-4924.87,62.0522,41.4862
-3277.24,-4093.6,63.3957,41.4846
6003.69,1717.46,47.3181,41.4724
5171.21,5520.71,51.8833,41.4624
-569.514,7115.71,47.8679,41.456
7273.03,1888.53,53.3695,41.4552
-5423.28,7103.04,51.198,41.4287
-5567.2,2718.91,45.3268,41.423
-5962.66,3733.48,49.1547,41.4204
-5864.19,3643.64,77.0703,41.415
4722.65,7361.38,47.2042,41.3977
6130.55,1539.28,74.8448,41.3756
-2408.32,6486.96,68.0583,41.3742
6439.74,-3582.79,59.1352,41.367
2189.37,-3911.1,47.4959,41.3508
-3460.84,-5163.21,60.8662,41.3287
-485.19,-5804.15,77.2183,41.3219
5672.19,-4359.06,117.254,41.3196
968.291,4908.1,45.8408,41.3144
-5832.46,2015.29,52.175,41.3109
6969.13,-2237.87,67.8246,41.3056
5048.5,1415.12,47.8368,41.3001
7445.57,-19.9157,66.5682,41.2733
-4948.48,5059.9,60.5159,41.2625
4132.52,685.129,56.7732,41.2482
-1028.53,-5739.23,47.9687,41.2415
4965.8,-6187.89,58.3141,41.1966
-30.794,-3764.37,63.0602,41.1942
-3820.66,-5692.44,66.2168,41.1813
-606.673,4409.61,78.5925,41.1779
-4892.32,-6845.92,114.331,41.1709
758.457,-4456.26,63.0567,41.1706
-1742.21,-4843.95,66.7622,41.1653
-5934.24,-4532.09,53.3372,41.1644
3857.54,5494.21,48.7198,41.1433
-3484.51,-5856.34,45.7277,41.138
5911.72,-2032.09,52.843,41.1154
6521.01,4822.56,53.4534,41.0985
5221.86,6889.14,52.6907,41.0858
-6959.41,2315.91,58.6708,41.0822
7237.63,-34.8695,47.0063,41.0435
4531.94,-3214.85,73.9657,41.0358
5676.03,1863.14,49.9971,41.0086
-520.842,6881.58,57.3617,41.0075
-2405.19,-3995.43,79.4097,41.007
-4408.81,-3762.73,68.0624,41.0033
-4980.33,-1853.24,52.4563,41.0008
-7562.55,-57.877,46.1272,40.9965
-6633.23,1587.44,49.7824,40.9938
-5076.44,-2283.42,98.256,40.9868
2184.28,6663.01,60.8714,40.9837
-2405.23,4524.62,81.2745,40.9812
6378.72,5187.15,86.2015,40.9771
-7423.1,-1574.66,45.3999,40.9686
5337.05,-7582.87,48.4816,40.9641
-681.146,6581.6,48.0801,40.9549
-1781.94,-4076.6,64.1955,40.9517
4989.97,6784.94,139.232,40.9468
-1209.53,5379.83,45.1463,40.9413
-6348.37,5512.22,45.8063,40.9236
-4737.35,31.4293,61.8312,40.9041
5132.11,-4713.98,64.4532,40.8978
-5417.34,3419.11,56.5969,40.8901
-4902.28,6909.66,55.3418,40.886
3929.31,2730.17,58.3265,40.8825
5233.41,5476.51,89.7893,40.8755
4980.05,-3622.61,66.7462,40.8676
6473.78,-255.499,48.3826,40.8603
-5412.4,7127.7,63.2055,40.8464
2443.06,-4346.88,65.5364,40.8447
7106.98,5362.46,49.0097,40.8342
-121.989,-3835.57,50.9211,40.831
434.708,-6754.41,52.2347,40.8204
-6204.87,4936.52,95.0762,40.8193
4067.25,-4269.96,54.3961,40.8174
93.6017,5166.97,77.3966,40.8084
6511.86,3397.99,62.9187,40.8
5096.05,-5538.09,80.3062,40.7966
1224.1,-5388.83,45.7565,40.7965
-3671.47,-5784.78,55.9481,40.7786
-4502.78,6492.4,51.1013,40.7727
3436.13,-5490.77,54.4236,40.7682
4727.6,2557.75,72.5762,40.7634
-488.05,7345.62,134.341,40.7548
-1346.42,-7206.03,51.3168,40.7471
-781.406,-3956.97,47.6742,40.74
3954.77,122.149,67.0655,40.737
-354.764,-6199.96,227.463,40.7356
1366.59,-6454.24,48.1888,40.7321
-4628.62,-1609.29,53.9867,40.7295
6910.14,2581.96,79.762,40.7287
6141.75,-1183.81,77.1111,40.7246
4803.98,-2960.26,70.8439,40.7158
-4036.26,5075.27,117.985,40.7043
2001.54,-3784.74,43.0699,40.7041
4127.55,6955.21,75.8896,40.7024
-7465.18,5088.56,56.1945,40.6922
1551.91,-5966.37,60.5081,40.6902
3933.51,-1122.5,59.06,40.6833
-3052.99,-4394.36,105.776,40.6787
-5056.97,-1907.9,104.955,40.6609
4985.67,647.482,74.6582,40.6604
5231.44,-2753.34,86.702,40.6576
-3856.71,4914.99,46.0677,40.6573
-2583.88,6446.77,60.7004,40.6497
3143.51,-6606.76,56.0379,40.6486
3596.99,-6215.09,73.5566,40.6445
-6585.56,-1702.67,63.2057,40.6443
4025.23,-7146.38,118.278,40.6439
-1422.86,7391.23,46.1305,40.6376
-6118.71,-7612.1,54.6261,40.6314
2743.52,5433.37,46.0499,40.6135
833.438,7078.89,48.869,40.6107
3671.21,-3474.62,87.9682,40.606
-4425.16,-351.105,54.8361,40.5949
-7098.84,2389.65,61.2926,40.5931
5678.94,-1976.39,57.2825,40.5891
-676.3,-4248.57,68.9906,40.5873
6514.4,-5656.98,61.8488,40.5863
2208.78,4875.84,55.3263,40.5836
6083.74,-5060.59,59.6213,40.5805
-2354.66,4266.31,144.479,40.5691
-3849.48,-4364.96,45.563,40.5628
-6900.58,-311.909,54.0262,40.5623
-4405.11,-3250.4,130.672,40.5552
5724.07,1020.85,165.786,40.5478
5055.23,-2331.28,46.8863,40.547
-7187.54,-2992.43,46.5357,40.5447
-5081.63,4694.25,66.6474,40.5213
3860.82,6830.45,51.5703,40.4922
-1720.16,4557.28,50.3208,40.4813
-6338.97,2184.37,48.9144,40.4656
-6339.12,7341.63,46.3788,40.4334
-253.972,-6017.68,47.3177,40.4241
1472.46,5271.38,64.9108,40.4178
-7442.45,1240.94,50.3304,40.4172
2854.81,6349.42,56.4108,40.4147
4597.75,5160.26,64.7043,40.4129
-4945.72,2880.9,55.0896,40.4121
-7.23453,5098.78,59.1027,40.4113
-3699.61,5029.46,87.3135,40.4065
817.392,-7002.16,61.7316,40.3996
772.208,-4381.35,46.3615,40.3924
2411.11,7303.41,106.892,40.3912
1119.62,4280.97,67.5061,40.3898
-4112.87,5647.48,55.8075,40.3887
-6387.99,7254.38,70.4356,40.3862
3536.4,-6404.65,48.0308,40.3801
-4064.92,-4865.85,89.2508,40.3653
343.508,-4500.32,58.3372,40.3591
-211.677,7545.21,63.8226,40.3504
-331.286,3865.25,95.147,40.3365
5104.82,5748.61,56.8645,40.331
7187.26,1896.45,68.9564,40.3308
-1757.73,4314.69,58.5568,40.3293
-1959.25,-5457.07,54.1648,40.3231
6215.55,485.102,80.5848,40.3127
-5552.41,5020.16,47.4323,40.302
-763.056,6399.71,123.071,40.3017
4198.2,-435.885,96.3803,40.3011
-6041.46,-1375.25,65.8583,40.2995
6777.7,6938.72,86.9976,40.2922
6923.14,-7270.79,64.9753,40.2915
363.261,-7424.44,46.7357,40.2912
31.5226,-4838.36,174.1,40.2848
-6380.16,-5810.58,45.9141,40.282
-3631.58,3585.01,40.9078,40.2771
-2966.83,4064.71,47.3696,40.2763
3361.39,-5537.11,79.3303,40.2752
-4790.96,-1869.34,56.4315,40.2745
2065.79,5468.21,53.1521,40.2634
-2293.8,6568.01,62.6415,40.2509
5037.79,3844.18,61.8389,40.2413
7591.49,1193.06,67.5966,40.2404
-5370.59,-4775.92,81.6395,40.233
-5687.29,-7530.21,50.3589,40.2228
4814.27,-2338.61,84.5601,40.2161
4498.39,-1883.45,100.662,40.2065
-1407.96,3786.68,46.9808,40.2034
6434.26,1627.05,89.4799,40.1976
-4966.87,3541.84,56.7875,40.1926
-5163.62,7265.29,61.1495,40.1829
2558.15,5523.72,54.8809,40.1788
5278.82,6233.08,62.4465,40.1775
7286.11,2919.6,49.0427,40.1759
1636.03,6675.27,68.2734,40.1729
-2690.49,-7339.54,46.0035,40.1706
-6908.54,-1448.9,129.814,40.1533
6911.46,-4368.27,54.466,40.1425
5937.22,6987.45,51.9906,40.1404
-1686.73,-7277.18,50.4076,40.1385
-4221.08,-1929.7,75.1307,40.1344
-7524.34,5786.55,54.8269,40.1154
3595.5,-5640.98,70.716,40.1052
7415.68,-6448.44,48.8212,40.0954
-3832.99,-2911.09,65.1108,40.0942
-847.888,6081.06,101.232,40.08
6947.68,-5987.71,45.8336,40.0751
1068.78,-6432.24,56.0003,40.0708
-7334.12,-5630.7,46.4629,40.0659
-4073.96,5229.64,61.8663,40.0657
6940.4,1973.86,64.3349,40.0651
-5814.15,1137.97,62.8286,40.0594
7327.28,6677.72,53.5685,40.0581
6014.25,5954.81,75.1272,40.028
6492.91,-5480.2,72.0918,40.0273
6954.82,-5016.44,48.9421,40.0265
3848.64,5622.84,47.7963,40.0033
-7396.45,161.571,100.437,39.9959
1741.89,-7339.47,51.3437,39.9884
-5848.95,1476.11,49.7095,39.9773
-2376.4,-5755.58,50.8924,39.9729
-4429.99,2733.43,59.6529,39.9675
6324.78,-2986.65,111.156,39.9613
-6196.55,6922.52,66.4864,39.9579
1000.02,-4181.11,54.5916,39.9558
-62.1148,-7428.02,45.302,39.9507
-5257.39,6038.01,46.4935,39.9367
-3072.02,6307.41,61.5277,39.9286
7115.48,-329.053,79.5291,39.9281
5554.64,2590.57,47.7316,39.9203
4060.91,-1150.85,79.7844,39.9043
-4661.75,7010.09,55.7386,39.8969
-5141.17,-6396.68,47.1624,39.8909
5235.28,5083.8,159.293,39.889
-5553.16,6075.14,49.6305,39.8859
-6027.64,2500.23,54.0029,39.8791
-7066.97,531.541,81.4242,39.8717
-1011.52,-4517.21,88.3769,39.86
-4155.55,7521.89,50.2917,39.8487
6294.04,-3338.54,55.9497,39.848
-6022.72,-6783.78,245.751,39.8466
4965.78,6450.9,119.996,39.8466
-6266.43,3488.15,52.6117,39.8349
-2145.13,-6354.06,61.2167,39.819
733.584,-4445.35,88.8843,39.814
4914.79,-4433.37,58.1234,39.8042
-4201.66,-523.405,72.4016,39.7995
-5206.11,1413.77,46.5012,39.7888
7367.35,4036.04,51.2031,39.7759
-3588.6,-6137.38,46.0654,39.7743
-7383.77,4895.14,112.306,39.7724
-3758.27,4634.57,154.535,39.7592
4949.6,-6890.16,62.6278,39.7563
7026.89,757.113,51.3442,39.7513
-7247.62,7289.79,282.634,39.7486
5569.88,593.815,45.2469,39.7403
-4125.51,4405.8,52.9021,39.7337
5944.58,-4776.58,69.4936,39.7213
-2154.88,-6601.35,45.5733,39.7209
3499.67,-4927.95,81.7807,39.7089
-4169.35,-500.718,60.7795,39.6972
4052.5,5143.03,56.5773,39.6938
6270.7,-3446.09,52.9916,39.6861
-4129.24,2119.07,60.9636,39.6728
-1129.22,-6996.38,71.1832,39.6572
5713.44,404.987,97.8879,39.648
-7429.67,-2172.99,46.3958,39.6415
4552.51,2721.52,56.2986,39.6363
6005.06,-6152.7,49.8193,39.6335
6618.21,-4595.15,51.2956,39.6301
-5522.94,2282.12,74.8567,39.6262
-6322.48,4803.16,51.9083,39.6203
7522.29,-4426.68,53.1614,39.6166
94.4618,4210.26,74.8452,39.6106
517.357,3856.92,53.9042,39.6086
6101.88,-4676.01,56.1682,39.6011
-5003.03,6275.09,45.9367,39.5955
-6712.43,1586.92,92.8183,39.5773
4021.41,-4804.11,62.8071,39.5763
-2442.57,-5860.67,54.9558,39.5737
-8.30438,5116.45,46.2292,39.572
-4484.58,-2901.6,51.6764,39.5709
-7133.92,-4003.14,59.5696,39.562
-1716.96,5731.69,56.4302,39.5479
661.146,4857.28,55.2956,39.5418
6228.95,3935.19,68.9937,39.5393
-4669.11,-6517.09,62.4275,39.5327
837.739,6260.88,76.5338,39.5321
-7533.52,4136.33,68.4154,39.5288
-2294.57,6955.62,95.6386,39.5237
-6049.69,13.006,50.5538,39.5203
6369.68,-1415.76,48.9023,39.5197
5911.57,-5991.24,50.4912,39.5145
7011.23,-7552.17,58.1261,39.5101
6075.4,182.823,70.0319,39.5056
5343.41,5753.76,47.9422,39.4982
2759.8,-5133.8,68.4089,39.4598
3328.5,5785.05,48.9948,39.4543
-7126.97,5435,70.2785,39.4421
-4855.36,-5396.6,47.6011,39.4313
-1025.99,-3933.34,62.1558,39.4222
-6863.61,2464.48,57.883,39.4167
-3983.52,-968.41,61.2154,39.412
4416.73,-2160.16,54.2818,39.405
-3281.1,6116.34,62.4917,39.4047
1305.98,-7074.84,99.852,39.3985
-6160.43,-1237.49,67.1845,39.396
6079.73,-6034.81,46.085,39.3926
2349.93,-7482.52,51.4288,39.3917
-7560.64,-6698.53,99.1567,39.3852
6460.32,2774.32,57.3041,39.3778
-3399.66,6815.24,61.271,39.3683
5465.73,5511.34,72.0118,39.3676
4734.88,7163.16,85.4495,39.3518
7023.51,-5458.48,53.1488,39.345
3544.42,4521.05,45.7577,39.3331
-6734.38,-2583.51,79.4804,39.3295
1214.35,-6468.73,53.3167,39.3218
4800.59,4050.05,68.2785,39.3218
5968.98,6351.06,64.1152,39.3178
4119.06,2038.1,47.3777,39.3143
-6697.45,2835.69,56.5534,39.3118
-7485.02,5926.83,63.6744,39.2855
-2193.5,-7114,59.307,39.2839
-4328.95,-945.252,47.2502,39.2788
-5962.09,5531.52,68.6777,39.2723
-7125.9,3753.18,62.5522,39.2633
6599.53,2378.77,54.2916,39.2583
-7190.02,3943.97,49.551,39.2553
3942.83,-1208.14,46.4627,39.2494
-6035.93,4504.23,70.7733,39.2467
6827.67,-6330.36,47.7937,39.2458
-6654.71,-4975.34,90.3455,39.2384
3793.28,-6547.34,82.0005,39.2286
-1749.21,4245.71,50.3788,39.2092
5197.9,1663.73,57.3404,39.2054
2786.91,5203.63,107.467,39.1928
7470.5,1508.95,60.2318,39.1856
2510.84,4878.86,92.6844,39.1808
-3570.49,-4259.12,51.3694,39.165
552.35,-4579.45,46.2456,39.16
-5342.68,-2145.98,61.792,39.1592
4165.34,-6880.43,52.891,39.1471
-1009.53,-7333.72,55.0515,39.1443
-7529.74,4914.08,45.5378,39.1405
-5814.74,-2487.66,55.5477,39.1402
5267.73,-2529.49,83.5203,39.1363
6372.79,5730.47,51.0562,39.124
6902.45,239.397,51.5312,39.1208
-7254.43,2881.15,123.474,39.1139
-6909.12,133.553,52.588,39.1133
6340.76,1671.51,45.0188,39.1123
-3314.68,-3897.9,55.8851,39.1106
1161.08,-5383.9,62.9043,39.1012
4569.43,2124.23,253.244,39.0996
4628.62,5324.71,236.339,39.0992
-7264.08,-6518.88,87.7858,39.0884
-951.562,6763.98,57.6487,39.0838
-5280.36,-2573.73,54.3919,39.0803
5209.14,-3185.75,49.9429,39.066
4156.57,132.161,112.246,39.0609
4556.14,-2806.54,85.9534,39.0567
4082.52,-6604.45,50.2501,39.0465
-3080.04,-4623.55,74.4803,39.0395
6355.65,-1890.5,66.235,39.0391
-508.501,-6172.9,51.4684,39.0355
2622.69,-4809.32,50.0091,39.0339
5642.09,270.592,150.143,39.0234
3380.88,4187.23,57.1867,39.0225
3393.45,5816.04,56.8274,39.0209
-5688.2,1898.26,61.7377,39.0191
-1117.48,3864.97,106.764,39.0188
-4335.4,2507.26,51.0732,39.0138
-2480.99,4131.7,45.2985,39.0038
6463.52,-3880.14,57.6421,38.9975
5661.68,7529.94,68.7337,38.9951
-5725.84,-4304.42,61.6232,38.9886
1472.03,7274.59,93.0925,38.986
5057.16,2612.62,96.8935,38.9852
-4906.95,-4066.51,134.153,38.9813
-4180.89,3634.96,46.087,38.9792
7201.63,-4197.76,84.8733,38.9789
6869.81,6989.73,49.7802,38.9593
2174.14,5628.51,52.3837,38.9511
5158.94,-6277.74,59.6253,38.9501
1478.95,6094.43,65.3463,38.9447
7336.08,6188.23,50.4214,38.943
5047,5230.31,57.7868,38.938
7430.91,3367.49,49.7243,38.9169
-1926.39,-6489.73,63.7867,38.9099
-6985.93,-4131.33,142.662,38.9093
-4526.7,-6158.82,63.4093,38.9004
7004.89,5026.92,68.6563,38.894
5736.45,-7006.52,84.7767,38.8891
-7498.26,1689.78,61.1378,38.8875
2514.11,5075.42,82.7088,38.8832
6158.88,5714.41,49.6807,38.8796
-1002.79,-5314.4,50.6028,38.8626
-6525.61,-683.521,47.2417,38.8602
7536.44,4989.1,46.5846,38.8557
1052.38,5697.95,57.6047,38.8537
6432.27,-5009.54,64.6027,38.8523
-4442.17,-632.854,80.7021,38.8505
3853.28,942.689,56.6552,38.849
3216.98,7038.66,64.2383,38.8447
5560.17,6278.59,159.595,38.8387
110.182,6098.67,65.3965,38.8348
6548.48,-4651.92,79.4755,38.8203
4064.72,-5414.47,47.558,38.8103
-3706.85,-128.3,43.5535,38.8052
7281.18,-4567.5,50.3251,38.8031
6510.52,3450.93,51.1182,38.8002
4810.01,1331.87,60.2745,38.7758
742.226,-6139.06,52.4883,38.7734
7299.4,-1796.31,66.2931,38.7639
5125.81,-2865.63,45.9077,38.7618
-3185.29,-4458.98,58.8902,38.7454
-2953.15,-5692.24,49.1054,38.7349
5445.87,-6072.21,63.4818,38.7257
2088.74,-4103.29,68.2362,38.7124
-2505.65,5379.11,64.2278,38.6998
3321.08,6742.18,89.9578,38.6909
-4435.34,-1707.46,70.1088,38.6891
3082.52,7348.47,58.4563,38.6785
2333.83,5809.66,45.0096,38.6718
1616.1,6408.99,50.4999,38.6684
-7183.76,-5425.28,81.1006,38.664
3847.46,-3169.97,64.4958,38.6585
-6437.69,1278.58,57.0943,38.6465
4957.97,3047.74,120.508,38.6394
-5997.69,3726.64,46.7826,38.6382
-3996.68,-2857.56,46.3336,38.6332
6204.28,6286.13,62.1288,38.6331
7294.75,1468.76,46.9305,38.6279
-5115.69,809.85,84.4759,38.62
6670.33,-5502.15,148.718,38.6063
-4411.23,-713.597,112.307,38.6019
5828.73,2572.55,64.9398,38.5894
-2849.49,5130.68,58.1472,38.585
5825.46,-101.318,45.2388,38.5747
-6146.28,3372.7,46.1357,38.564
-5943.6,-7346.57,57.0937,38.5635
-5296.36,-3214.94,61.158,38.557
6140.5,-1898.37,52.3838,38.5565
4195.26,2113.09,49.3544,38.5495
6726.33,-2665.3,54.6463,38.531
-4583.04,-4545.11,45.4641,38.5304
3828.62,-4430.78,47.4981,38.5269
-7584.73,2577.35,51.522,38.5174
-4720.9,-6045.6,47.7333,38.5114
-5980.25,-7476.92,48.6016,38.5076
-6017.72,-5080.34,231.212,38.5062
4714.1,158.016,55.1962,38.5049
-389.381,6017.07,53.644,38.4937
3329.8,4937.07,85.6584,38.4865
7270.13,-4922.45,82.6465,38.4855
-6281.59,-95.2351,97.4127,38.4854
4174.79,4042.87,81.7959,38.4807
-3618.7,7081.08,64.9474,38.4521
326.201,-5134.66,76.3791,38.4274
-6621.73,3816.83,45.3186,38.4247
-5016.5,-4904.52,107.026,38.4208
-4977.23,3877.85,52.635,38.413
-3853.98,-4031.31,75.5368,38.4105
4732.13,-3463.96,45.6909,38.4033
-1952.64,-4454.16,61.1254,38.3916
-4231.14,-6302.39,108.001,38.3858
4114.88,4559.43,57.8114,38.377
-5669.8,-5908.26,46.7894,38.372
-4050.08,-4917.73,49.3202,38.3703
-6754.53,-3156.62,77.7454,38.3673
7101.29,6933.34,77.8661,38.3577
6045.3,-7056.13,52.2722,38.3511
2325.48,6984.74,73.0376,38.348
7199.69,3157.89,47.6752,38.3364
-6401.21,5586.04,55.4036,38.3219
6257.45,1702.22,48.3693,38.311
5168.92,-5179.38,46.1274,38.3035
-7353.65,-3022.2,48.9497,38.2985
1446.69,6213.71,52.9088,38.2979
2272.06,4440.08,47.7437,38.2841
-7446.12,-7541.21,51.8133,38.2808
-5241.23,4692.15,61.5243,38.2805
-6357.83,-2132.43,57.7091,38.2666
-889.575,-4547.76,88.0868,38.2649
6342.41,-5989.44,54.4844,38.2611
-6731.98,3625.88,63.1168,38.2488
1090.02,7194.38,67.532,38.2419
386.651,5082.47,99.2574,38.2355
-659.564,-5827.61,68.8066,38.2352
1046.91,-5714.77,48.4048,38.2172
-3988.79,2272.64,52.5783,38.202
1561.96,-4928.29,64.9162,38.1902
-1031.8,-7110.84,50.0275,38.1788
-5625.51,5425.54,48.0628,38.1736
-5953.03,1817.75,49.031,38.1689
-4661.97,4834.14,55.5469,38.1674
4079.79,5733.15,93.6061,38.1615
673.074,5050.2,59.1444,38.1615
5753.92,-5486.78,49.4205,38.1526
5675.92,6328.3,45.3006,38.1526
5496.89,-783.443,70.2894,38.1478
-4804.93,6172.89,62.4568,38.1475
-3192.54,-3932.69,77.2775,38.144
-1326.53,6833.4,81.8317,38.1309
-7606.89,-500.416,48.0444,38.1294
3796.42,6002.43,54.4943,38.1258
-831.567,5438.46,57.4283,38.1244
3731.92,4735.8,62.5948,38.1157
6494.32,-6063.5,48.0125,38.1068
-1401.66,-4237.45,66.0781,38.1057
-5695.03,-6331.74,145.333,38.1056
6633.62,459.348,74.8633,38.1035
4138.37,4715.09,66.3485,38.1031
784.202,5356.43,64.6855,38.0843
6003.78,5976.52,80.4937,38.0738
-1190.01,6678.9,64.7072,38.0713
5405.4,3540.53,60.7038,38.0672
3052.22,5078.1,46.228,38.065
5426.89,2228.6,102.861,38.0642
-5240.62,7244.01,58.3372,38.0591
-4886.09,4731.8,60.8502,38.0546
-634.439,4652.07,52.5154,38.0438
-4705.34,4735.53,60.1456,38.0292
-4097.24,-5855.36,153.759,38.0263
5965.46,-5936.71,63.9864,38.016
4021.62,1358.95,45.996,38.0146
-4116.21,-441.915,53.4595,38.0146
5898.43,-5568.17,55.2951,38.0082
2208.27,6515.82,86.4039,37.9967
-6493.68,1880.09,46.8014,37.9937
-606.058,6756.93,48.4719,37.9824
6731.8,1776,50.0623,37.9603
-5717.65,705.02,45.3311,37.9481
2235.03,-4809.65,46.7907,37.9406
5142.67,4106.95,65.7894,37.94
-7066,3982.49,62.1531,37.9341
5589.04,2813.08,68.9135,37.9315
-5356.11,-4193.65,50.8135,37.9301
-4488.12,-4308.83,95.0834,37.9208
-1006.75,-4492.7,55.2506,37.9186
7149.76,5247.33,53.3628,37.9113
-7444.29,7141.64,46.1517,37.8997
-5066,-855.278,68.1763,37.8986
5745.88,-5979.07,86.6452,37.8878
-7124.62,-4625.23,48.5984,37.8877
4008.54,-2643.7,59.7435,37.8845
5643.73,-1050.14,48.6816,37.8831
2261.31,-5244.07,78.1163,37.8774
4888.79,6222.67,70.6122,37.8549
5558.92,4216.01,64.7373,37.8497
-6970.69,3247.72,79.3314,37.848
-2815.46,-5595.4,135.546,37.838
6698.36,-714.134,51.729,37.8295
4759.96,2010.26,62.2739,37.8137
-2594.05,6208.28,47.872,37.8098
-6514.55,-430.962,75.4131,37.8085
6694.94,159.487,57.0896,37.8081
2066.32,-7342.41,54.8194,37.8055
-4600.04,-469.459,50.7986,37.7983
-1551.87,-3750.27,39.7285,37.796
973.715,-5210.72,55.2559,37.7832
310.049,-6128.15,94.4458,37.7832
-6221.45,-6093.19,62.1864,37.7783
7432.67,-6818.09,46.2401,37.7716
96.9722,7148,48.3073,37.7694
-2183.46,-7399.47,87.6577,37.7668
6399.67,-913.896,54.326,37.7659
5500.61,2901.33,50.5564,37.7617
-4098.91,4645.36,62.0564,37.7615
-1153.71,-4407.57,49.7423,37.7532
-7104.9,5788.59,82.2977,37.7489
1567.82,-7524.65,45.3674,37.7474
3973.55,-3138.72,52.8862,37.7455
-5187.99,-5598.01,53.1598,37.7437
-202.276,6260.14,45.2497,37.7378
-5472.36,-2125.98,45.4073,37.735
-5511.76,-1886.06,48.9192,37.7285
-457.025,-4125.71,55.9004,37.7212
-7287.3,3249.38,47.4271,37.7126
7286.61,6463.03,45.8084,37.7028
-7133.3,-6711.53,74.5801,37.7022
-6597.84,-4628.49,91.1192,37.7016
7325.55,-6709.93,50.4545,37.6994
-4900.48,-5496.19,50.4621,37.6957
5726.07,1161.34,65.142,37.6935
5109.11,-7470.08,47.4751,37.684
-4114.25,-5568.88,66.4375,37.6824
-3818.27,-2517.87,127.025,37.6778
-6575.21,-3494.62,126.285,37.676
571.797,-7204.63,57.5138,37.6691
4243.63,6079.05,55.1266,37.6638
-7205.75,1846.58,52.9484,37.6588
-136.521,7579.16,68.1114,37.6342
-4485.71,-4164.08,67.8092,37.6242
4848.29,-2795.51,112.743,37.6198
3820.1,1732.85,94.2082,37.6136
6295.21,-513.622,65.7313,37.6101
-5188.56,-3145.64,79.7591,37.6083
-6770.03,-1515.61,52.5423,37.6047
-6864.96,1480.1,88.9473,37.6032
3463.15,-4667.59,56.0682,37.5988
1438.16,-4597.54,45.6611,37.5985
-6343.51,4386.68,49.3781,37.5977
945.693,-6243.86,77.5451,37.5955
4123.17,-2986.61,51.8483,37.586
3808.44,5325.49,57.0946,37.5841
3529.81,-5757.59,45.5136,37.5834
3691.16,4615.97,51.7614,37.5824
7037.16,694.755,76.1725,37.5735
6483.36,1945.25,71.214,37.5456
1647.95,-6240.46,58.468,37.5414
-6892.05,4197.59,83.2065,37.5381
-6829.9,256.038,59.5023,37.536
593.83,5357.06,75.1329,37.5317
-2418.89,7498.51,79.1405,37.5153
-6689.46,-1601.72,142.738,37.5134
-5600.72,6815.37,51.3433,37.5079
-3800.69,-5.43121,121.281,37.5059
-1133.02,-5926.86,60.3811,37.4977
754.767,-5334.57,59.9431,37.4975
-3378.32,6055.21,59.1882,37.4912
-4634.2,-1703.45,45.219,37.49
6067.28,-2305.2,59.0026,37.4873
5551.56,7438.37,102.35,37.4768
-251.972,-6238.99,47.841,37.463
6977.09,-567.221,72.1656,37.459
237.894,5487.6,53.8659,37.4424
-3820.87,-2881.44,68.4542,37.438
-4315.4,3570.48,57.3021,37.4198
5965.49,3153.79,57.05,37.4179
-5413.95,-2993.88,53.972,37.4169
-1905.8,-4268.64,96.5436,37.4074
-2947.82,6513.45,60.6422,37.4065
1038.68,-6806.19,68.3254,37.4008
-7251.38,7098.12,79.9894,37.3921
-5900.11,7365.53,62.7171,37.3909
-5429.32,7084.37,86.1515,37.3884
-4460.96,-1495.86,84.5364,37.3847
-5902.69,1986.21,101.048,37.3699
-5415.08,-1753.86,47.899,37.33
4236.1,3091.2,171.335,37.3269
-6597.79,-3118.58,48.8627,37.3249
296.097,-6441.37,55.0286,37.3241
-6655.63,4340.54,57.7737,37.3156
-6763.18,4877.44,47.3743,37.3127
-5480.59,6148.2,90.9668,37.3088
5947.94,3483.4,58.5817,37.2931
-4744.73,5736.86,77.3092,37.2924
5691.94,-5518.48,49.7308,37.29
2681.95,-5284.52,126.42,37.2883
-435.675,-5675.48,79.3308,37.287
-6408.08,-2249.34,86.2854,37.2861
-5547.64,6804.27,75.3898,37.2701
5675.28,-3452.34,94.9401,37.2581
-3812.01,5554.86,56.492,37.2512
-5156.01,-5078.79,45.8674,37.2497
1130.76,5932.58,60.2519,37.2295
-4160.64,2702.44,70.9416,37.2165
-2096.94,-5803.17,60.3459,37.2148
-4870.41,1535.12,52.4922,37.2034
7253.89,7576.75,75.4619,37.1983
780.478,7204.08,59.2607,37.1952
-4439.96,2342.96,149.357,37.1911
-4248.76,471.404,49.5908,37.1873
-7298.88,-6702.9,47.5676,37.1815
-6034.11,4353.88,67.5254,37.1751
5101.42,-1461.04,163.52,37.1745
4872.76,-3668.27,71.2672,37.164
-6987.46,-4064.08,47.4628,37.1554
5391.58,6994.14,53.3003,37.1509
1777.99,-5872.46,66.2595,37.1502
-6505.81,-2782.02,61.1759,37.1446
-453.67,3901.96,82.2928,37.1369
4749.39,-3307.97,59.759,37.1325
4531.23,360.495,50.2337,37.124
4048.82,1340.24,48.3151,37.1138
-7335.2,2198.89,57.5223,37.0921
-1976.69,-5576.77,78.3609,37.0915
1156.85,-5635.56,48.3124,37.0876
4145.14,5571.34,61.46,37.0803
2545.38,-4949.14,45.3925,37.0758
-5483.42,4443.09,56.5859,37.073
5464.91,622.299,54.6786,37.0624
4545.65,1898.98,80.6042,37.0607
4909.74,1704.25,47.8905,37.0553
7299.7,5139.77,46.9915,37.0533
6844.76,-6231.07,107.938,37.0446
4638.38,-6392.61,65.7883,37.0348
1234.29,-6133.42,61.4561,37.0331
4021.5,541.138,84.8663,37.0287
2166.16,7041.18,50.0812,37.0189
-7123.08,2262.8,59.3299,37.0156
3767.22,4483.86,52.7456,37.0103
-3498.21,-4210.25,77.1574,37.0075
-1057.68,-6707.71,60.0932,37.005
-3733.05,-5141.56,49.6021,36.9886
-4943.21,-6850.07,48.5332,36.9381
-5141.33,-2382.99,53.9318,36.9359
6136.96,1498.5,51.9146,36.9242
-7009.22,1460.07,46.9185,36.9226
-4691.5,927.443,49.1952,36.9225
-4820.61,-4742.29,48.6522,36.9188
6043.19,-7338.17,48.6147,36.9131
-6714.58,4362.43,53.3628,36.9087
4515.58,-7591.95,46.6701,36.8985
5242.11,5645.22,80.188,36.8943
2476.86,-4025.93,58.1501,36.8933
-5580.3,1538.59,73.5006,36.8873
7580,3150.27,46.7896,36.8841
-7208.45,-634.035,79.8522,36.8797
-1709.09,3902.54,45.8177,36.8782
-7359,-5071.72,50.1621,36.8753
-6063.02,7297.42,46.0878,36.8571
7246.02,-5466.7,60.5593,36.8544
-6175.64,-7539.44,81.4209,36.8479
-2237.79,-4362.49,49.2316,36.8469
6481.49,-5589.22,80.7402,36.8459
3654.97,4796.65,64.4956,36.8429
-6982.73,-2907.15,45.7392,36.8399
-3800.78,-454.582,57.9634,36.8137
-1161.56,4907.54,91.8206,36.8128
-5376.53,-7543.47,64.6518,36.8019
-6162.91,5143.92,77.2758,36.792
3621.13,-7303.66,54.4585,36.7752
-4311.05,-4538.76,64.4073,36.7677
4981.23,7024.61,60.0754,36.7162
577.955,-7452.44,45.9155,36.7146
-1876.28,6563.72,207.119,36.7078
-4379.13,1328,47.9773,36.7069
-4461.19,5899.88,75.2433,36.7047
6649.7,-1105.96,51.3973,36.6834
-5371.88,-1399.37,81.711,36.6727
4902.55,2208.83,154.391,36.6555
-1509.63,-6525.36,50.88,36.6375
-2662.57,-6913.97,48.6113,36.6372
6356.24,6309.41,45.6581,36.6176
4009.29,5745.43,57.631,36.5932
6708.61,-358.537,75.2174,36.5821
4171.24,-4694.72,120.711,36.5701
-3112.18,-6989.26,52.902,36.5698
-2361.19,-4533.68,54.214,36.5642
-1469.96,-6481.82,66.122,36.5578
6837.02,-4166.98,76.6189,36.5517
4305.88,7477.78,76.8182,36.5508
4550.61,-1632.95,56.0989,36.5494
-6641.74,3789.75,53.8153,36.5492
6495.62,5402.64,48.6574,36.5448
-7598.67,-42.7022,51.6829,36.5397
-1933.87,-6317.42,46.0312,36.5361
-4300.14,-1851.49,75.2371,36.5338
-1643.1,-3966.09,49.7579,36.5302
6549.42,-5413.65,54.2678,36.5266
-3794.69,3221.89,65.3316,36.5192
4029.83,-2860.59,115.599,36.5162
1127.32,-3961.12,213.82,36.5028
1525.52,5725.92,64.4425,36.4966
2543.47,-5375.1,117.761,36.4907
-5490.22,4437.35,65.9696,36.4873
-804.372,4738.79,68.9453,36.4789
7512.21,-324.625,80.6858,36.472
-5705.07,4683.36,52.9375,36.462
5394.77,-3432.74,65.2422,36.46
3718.53,-4004.45,47.5273,36.4552
4114.51,-4945.99,120.475,36.4372
-4726.43,6602.06,52.9074,36.4343
-1543.8,7328.1,83.9979,36.4337
-1077,-4259.47,52.6146,36.4323
-2760.61,4705.4,49.2497,36.4186
745.701,-6280.71,67.1495,36.4125
3369.39,-5780.2,90.5988,36.4095
-6431.48,1791.32,115.826,36.4071
1873.09,-5820.13,78.4286,36.4016
-6648.91,-1036.33,72.3315,36.3928
-2818.02,6794.93,83.0249,36.3911
-4723.36,6575.32,73.1841,36.3883
1162.84,4339.53,64.3378,36.3752
-1403.3,-6310.96,46.5469,36.3645
-4448.81,-3112.21,52.1335,36.3599
-5509.86,-4445.19,54.9297,36.3595
3726.81,6922.33,45.6147,36.3563
3411.46,-4187.29,53.6015,36.35
6896.49,-4428.23,51.5538,36.3499
6009.51,-289.164,74.1777,36.3492
-2585.93,-3970.92,48.3128,36.3376
6638.68,2040.5,46.7098,36.3337
-6097.01,6915.4,47.0058,36.3297
6509.08,-579.497,48.3815,36.3013
6265.85,-6643.22,84.5376,36.2937
1058.1,-4793.31,54.2005,36.2902
-5936.44,-3835.32,48.2597,36.2865
7250.47,-2469.26,62.7764,36.2852
-7216.44,4825.52,78.7956,36.2839
-1752.34,4201.54,73.8962,36.2698
-4916.53,-7042.87,58.1313,36.2659
-7133.28,1353.39,50.8883,36.2656
3827.46,1070.44,74.919,36.2505
-5927.71,-1331.93,67.9169,36.2462
-1214.82,6672.18,69.9956,36.245
1696.96,3929.58,74.7112,36.2449
-6524.61,-7102.35,47.3316,36.2434
382.232,4889.58,60.7762,36.2424
-7391.47,-6098.26,46.8892,36.2275
-4684.65,-6725.54,48.6659,36.2189
7217.93,-3289.97,76.6216,36.2188
-3174.44,4801.74,58.4925,36.206
-720.687,7310.29,56.3173,36.2053
7280.63,-1250.87,52.9374,36.2039
3416.37,-4354.16,57.7751,36.1999
-5136.23,-2641.18,48.8229,36.1896
-465.731,6217.4,60.3405,36.1891
-6941.09,-924.749,56.5006,36.186
-1749.97,-7242.54,48.0809,36.1851
-5087.19,3551.17,104.163,36.1738
2044.69,4572.35,85.5957,36.1733
7059.73,5524.66,66.5216,36.1553
-6611.21,-96.2312,61.1102,36.1537
-5708.23,5480.43,64.9763,36.1518
-4569.13,-7078.48,64.5246,36.1506
6638.86,3904.62,47.2457,36.1496
-7100.81,-5193.33,56.3399,36.1252
-3550.49,6079.59,51.36,36.1202
-6658,5391.55,68.9398,36.1043
-4145.19,6373,57.859,36.1033
6824.69,805.301,51.6743,36.1017
-489.945,-6204.5,79.9288,36.1007
138.167,7059.93,64.2708,36.0807
4773.35,-4826.92,157.832,36.0737
-4273.56,5634.09,53.5923,36.0718
-4873.14,-1842.77,51.2371,36.0714
-4715.58,-7585.72,51.6453,36.0709
5217.35,5580.12,59.8742,36.0663
6807.66,1914.94,77.9908,36.0637
-4918.75,-4404.48,48.5296,36.057
4774.3,-2629.69,47.1623,36.0497
2342.39,4632.68,53.7196,36.0397
5943.24,-2725.59,69.4465,36.0394
-2416.87,4015.46,50.1607,36.028
7266.77,-935.596,49.938,36.0146
-1466.82,4416.56,47.1731,36.0081
6805.62,-2154.13,59.6674,36.007
-3921.97,2929.09,62.162,35.9926
3792.4,-4959.2,66.438,35.9876
5360.35,-6531.3,69.7284,35.9857
2655.87,4414.08,48.9944,35.9738
347.699,6451.23,52.2147,35.9678
-3834.7,-6578.55,106.474,35.9627
2274.13,-6942.4,49.4724,35.9296
-7438.09,6182.5,73.7785,35.9295
278.641,6276.18,78.6791,35.9287
4415,-5395.79,63.4566,35.9226
-5114.95,2053.2,47.1024,35.9112
223.316,-6508.88,56.7704,35.9073
2288.1,6650.98,58.7714,35.8941
4846.94,-1983.09,49.8935,35.8919
3945.13,6325.78,163.78,35.8906
2976.3,6484.49,54.9563,35.8853
2801.52,-5072.9,84.3644,35.8819
5499.53,1385.3,64.0368,35.8793
6988.1,-1803.58,74.1002,35.8763
4777.19,-5502.61,53.4857,35.865
-5464.71,-1802.98,54.2025,35.8584
-5757.8,-143.297,113.218,35.8492
-5270.17,3794.36,83.027,35.8469
4377.23,3527.8,51.6992,35.8406
4211.38,-32.9291,200.497,35.8304
4583.56,1734.67,67.2612,35.8171
7330.31,641.709,45.1376,35.8157
-6420.02,5969.55,50.3705,35.8118
-4314.8,3553.48,49.2505,35.8089
-5591.72,2575.21,58.9139,35.7898
5861.68,-2177.65,88.4945,35.7814
5395.21,-3309.66,48.5834,35.7787
4525.18,3988.9,68.6948,35.773
5701.32,-1919.9,49.5921,35.771
-5444.49,2407.22,71.5633,35.7692
2085.14,-7534.03,58.74,35.7681
6309.77,5825.91,61.4235,35.766
-1214.56,6494.61,56.9144,35.7657
3214.53,-6219.37,60.0985,35.7628
-3516.78,-6389.72,71.2985,35.7615
6796.09,-7023.31,52.2014,35.7549
-3795.02,5399.94,83.7173,35.7537
-4647.46,-6861.13,49.6571,35.7501
5946.61,6196.66,64.8458,35.7484
-4637.54,4308.27,60.5466,35.7472
-5070.46,1722.53,109.519,35.7421
-4895.57,-4719.55,74.772,35.7351
-5866.04,992.285,60.9941,35.7296
-7432.95,-7176.99,203.684,35.7286
6457.47,-4401.32,52.4934,35.7265
4782.34,502.929,132.263,35.6976
1438.29,4420.06,76.8024,35.6905
2905.88,-4056.6,95.1344,35.6877
-5795.19,-884.295,61.2986,35.6848
-7595.21,-1314.44,52.0046,35.6836
7002,5192.94,47.993,35.6638
-3353.08,-5298.21,73.4575,35.6634
-141.264,6114.78,50.7059,35.6556
-4935.46,6808.69,89.6195,35.6496
2736.19,5760.26,148.464,35.6384
-6429.11,-4110.92,47.075,35.6376
-7286.21,-5193.94,53.303,35.6374
-5894.64,-7452.1,46.3423,35.6363
-7075.86,3485.42,95.0064,35.6321
-5231.13,-3405.64,87.5118,35.6299
-7201.93,-532.795,58.5938,35.629
-5151.23,4424.17,47.5595,35.6098
-1238.08,-6802.37,45.3245,35.6023
-7363.73,-1015.28,66.0702,35.6005
-731.978,6503.89,104.998,35.5967
-2357.43,3850.87,61.2599,35.5894
-2080.34,-5983.85,59.2213,35.5862
756.183,-4116.27,46.2329,35.5835
133.547,-4947.91,89.9826,35.5595
5046.51,-1498.29,51.5475,35.5546
-5834.98,-5880.06,61.2195,35.5505
-1506.56,7545.16,60.8913,35.5445
2977.8,3907.33,61.254,35.5415
-4343.85,1713.51,55.2778,35.5351
-2053.3,-5965.87,88.3257,35.5247
6351.45,4366.86,47.8759,35.5246
-1003.04,5533.97,58.5781,35.5106
5760.68,-1810.68,54.8422,35.5055
-6051.35,-5417.79,53.0161,35.4968
-1939.19,5162.23,77.98,35.4921
-4357.6,6803.89,63.1634,35.4864
-730.868,-7195.43,47.6109,35.484
1725.26,-6577.97,52.3652,35.4813
4967.75,5489.58,52.122,35.4721
7544.17,-4679.11,45.7484,35.4691
-4244.79,-86.2002,57.3379,35.4647
4667.52,-6682.62,52.9354,35.4598
4876.92,-3162.74,47.1648,35.4533
-7000.22,599.218,52.5977,35.445
-7523.42,-4535.48,58.6533,35.4418
329.067,-5211.32,48.1127,35.4393
-4677.16,864.047,57.5189,35.422
-6181.08,-6432.45,136.837,35.4152
3897.14,3936.55,80.7011,35.4134
-3107.91,-3826.5,52.0543,35.4092
-7371.61,2849.55,46.5004,35.4074
-6631.19,5590.92,54.0345,35.406
-6894.7,-2926.14,45.8679,35.3977
3819.59,1829,53.7621,35.3975
6227.1,1672.06,63.0474,35.3925
-5956.97,5048.98,53.9664,35.3896
5239.74,2349.33,55.5737,35.3861
3596.27,6885.48,66.1701,35.385
2491.79,4118.45,57.987,35.3807
1162.33,-6011.94,89.4559,35.3789
-1522.48,-4499.75,56.7865,35.3769
1282.85,7559.66,60.5193,35.3753
-2663.59,-6339.47,53.0623,35.3711
-343.962,4562.51,57.9583,35.3584
-4306.39,-441.69,71.6298,35.3507
-7472.44,-4733.46,78.5548,35.3419
5929.45,5735.56,45.5009,35.3299
-5251.07,-1862.93,56.7731,35.326
-498.137,4812.27,53.7597,35.3258
-3364.14,7576.45,62.4283,35.3169
-1761.92,3832.97,69.7689,35.312
1389.41,-4677.61,85.0438,35.3107
-7423.18,4906.27,85.5058,35.3066
-1294.93,4600.69,57.985,35.3043
-7140.6,-485.334,45.7272,35.2985
-4445.62,-3628.89,140.07,35.2844
-6511.6,-5599.52,46.4774,35.2822
-5323.95,982.934,50.281,35.269
-4846.89,-7207.05,51.697,35.2621
-6220.13,113.07,48.8703,35.2574
-6593.37,-7321.63,121.696,35.2444
-3859.21,-5033.03,53.197,35.2357
-6682.5,-1703.94,166.33,35.2236
5552.89,1238.03,67.4885,35.2234
-7235.27,3373.73,199.564,35.2225
1127.67,6633.35,60.1939,35.2048
592.725,-5826.56,45.9374,35.1925
2328.01,-6325.4,85.8281,35.1922
566.224,7584.05,64.5997,35.1811
-2291.54,7194.16,49.8755,35.1801
-3021.54,6591.36,62.737,35.1747
4003.07,6108.95,54.6552,35.1716
5867.01,-5930.09,50.8422,35.1679
-6595.81,3059.32,60.6497,35.1646
-5041.4,-2950.87,54.7414,35.1583
7149.98,-6106.72,45.689,35.1554
-6838.8,3446.94,45.8761,35.1491
6080.37,-2834.2,59.8513,35.1489
-4996.51,4474.57,51.1858,35.1368
861.964,5403.68,57.6492,35.134
6139.4,-369.363,69.0872,35.1303
-2098.61,-6885.66,64.6572,35.1261
-7073.67,-161.003,55.5144,35.1166
5528.09,2189.88,49.5954,35.1014
-1734.92,-7287.61,52.3765,35.1013
5322.43,-1135.45,67.0211,35.0987
6931.34,-7365.2,65.9241,35.088
4304.41,-1796.97,88.0377,35.0844
-7479.89,6912.92,74.7748,35.0834
-6582.27,5909.63,63.3694,35.076
1663.56,5670.54,65.7619,35.0656
-2220.87,6885.48,88.1908,35.0615
-7418.03,-630.478,56.7875,35.0588
-259.18,5481.02,49.221,35.0491
-6482.56,5275.11,111.633,35.0455
7065.32,-769.794,74.0073,35.0454
-6160.95,6161.1,87.7289,35.0447
6449.51,-1529.02,48.8624,35.0391
3985.28,-1715.44,51.8471,35.0384
-3865.72,-3113.03,47.5505,35.0345
-4676.84,-3341.23,47.7739,35.0342
5158.46,3864.04,131.205,35.0321
6490.95,1779.84,76.9331,35.0296
6289.84,2707.39,54.513,35.019
-1228.21,-7073.99,51.4893,35.0172
-2832.57,4172.9,64.551,35.0123
6169.75,1343.09,89.0307,35.0098
-2979.52,-6737.55,47.2057,35.0042
6558.76,7597.19,46.9033,34.9997
-2095.07,-6231.6,146.702,34.9682
-6517.54,-6849.89,64.9597,34.9441
7016.49,2782.44,66.7914,34.943
3947.88,4555.62,58.7959,34.9342
-439.35,-4187.35,62.4419,34.9187
6121.19,-5186.29,63.3106,34.915
4834.31,5566.78,57.711,34.9063
4432.69,5615.85,89.6946,34.898
6865.94,6238.1,64.2908,34.8946
4003.92,-1441.97,55.7298,34.8825
1073.79,4742.18,82.8798,34.8673
2400.38,6649.14,45.9852,34.857
795.822,5843.32,68.2203,34.8557
3732.8,-3694.11,107.172,34.854
-4568.95,-4768.07,201.993,34.8407
4971.59,1301.1,63.0757,34.8334
-5676.05,-30.9775,57.4311,34.8311
6137.57,-7166.17,71.2567,34.8278
-3907.52,1088,59.9228,34.7964
6739.93,-2230.99,52.3216,34.7934
5720.46,3204.24,47.1118,34.7699
4924.63,6511.52,49.948,34.7685
4080.21,-7071.42,88.0195,34.758
-76.5861,-4865.05,57.7907,34.7484
-7568.06,3737.71,51.252,34.7371
2301.83,5891.63,47.5832,34.7366
5005.18,-1800.56,87.523,34.7339
-2480.3,-6823.94,47.1321,34.7315
5764.77,5696.54,48.2886,34.7313
7443.36,5621.5,45.3931,34.7198
5052.79,5819.55,153.694,34.7131
-5958.74,5921.44,61.4461,34.7115
4603.33,6077.57,66.4367,34.7025
2775.05,6960.03,46.2692,34.6948
5797.89,3878.55,52.4891,34.692
2580.86,4510.25,49.3523,34.6831
-7176.6,-4812.89,54.3203,34.6714
5999.89,6880.37,47.6274,34.665
4864.75,588.889,53.6724,34.6583
-6757.48,6964.62,47.2601,34.6569
5239.08,-6549.48,53.0599,34.6543
-5397.04,1934.13,108.202,34.6501
-5880.34,1142.95,62.7741,34.6485
3105.91,-4821.36,73.0484,34.6373
-4678.01,7004.09,89.6166,34.6242
-6003.16,-3230.53,63.7697,34.6097
-4095.66,165.139,81.3572,34.6096
-6369.41,-5205.74,163.705,34.6047
-3256.61,5394.15,73.0329,34.5884
3210.57,-7045.4,50.7213,34.5764
3718.94,-3574.31,154.619,34.564
4864.15,2054.45,49.19,34.5288
-3614.7,-6453.8,50.495,34.5193
6751.02,7107,48.3015,34.5076
3607.85,-7546.7,50.848,34.5067
-3681.31,-3891.34,61.5365,34.5015
-142.964,7059.64,52.7715,34.4897
5054.95,2176.51,54.9365,34.4778
5987.92,516.552,51.8661,34.4765
-1541.01,4852.81,77.041,34.4674
6248.69,-1313.08,50.8318,34.4668
-2377.82,6672.2,46.965,34.4641
-7051.12,5291.61,47.1254,34.462
621.58,6219.72,71.1137,34.4564
5604.18,-7227.05,73.0214,34.4511
-7239.91,278.677,70.8069,34.445
5414.38,4850.55,58.9373,34.4406
-4133.89,5275.93,59.1732,34.436
-3793.77,1389.37,46.8199,34.4348
4926.29,-570.48,48.8346,34.4335
4046.11,-7052.71,60.9693,34.4324
2370.98,-5405.01,49.5111,34.4028
-4743.69,4831.14,52.2569,34.3892
-2314.19,7163.51,54.1132,34.3867
660.153,-4107,85.3919,34.3862
5074.14,-804.421,48.4885,34.3843
-1646.54,-4863.53,56.7279,34.3813
6853.25,-2920.42,68.2689,34.3812
-7377.46,-5183.83,54.877,34.3686
-4340.98,-6953.62,48.6038,34.3666
-6858.24,-6539.65,58.7902,34.3607
-5326.96,-1152.97,59.5507,34.3481
7380.79,-4404.11,52.4749,34.3433
4877.58,6407.44,63.8377,34.3414
1015.79,-7449.88,64.9998,34.3183
5329.77,-6791.86,49.1146,34.3134
-3829.16,-2237.59,50.6271,34.3126
4573.82,4946.67,46.3535,34.3114
-2991.07,-4879.86,76.0021,34.299
-6796.63,-2666.69,77.226,34.2976
-1280.97,-5311.43,52.8982,34.2957
4160.8,2528.77,93.0559,34.2701
-5272.01,-4024.9,68.2809,34.2633
-5945.2,-6615.01,53.733,34.2619
-2335.21,7063.37,75.3105,34.2479
-7369.9,-3917.52,47.7005,34.2432
-7617.73,4044.47,50.1534,34.2404
6127.06,-253.123,56.9172,34.2358
-3801.43,739.098,53.8902,34.2292
5175.99,5939.39,64.0717,34.2215
-5234.16,-6691.36,65.5071,34.2009
-418.589,-3895.21,72.8799,34.2006
5399.29,-6850.32,45.9843,34.1924
-4175.66,-5813.5,67.3179,34.1856
3179.83,-4748.62,155.917,34.1835
-4641.45,-5439.42,61.6112,34.1813
-5276.09,-946.624,72.5568,34.1764
-6728.58,2607.59,48.0284,34.1761
-291.958,-6887.24,53.449,34.1703
-6486.45,-710.564,63.936,34.152
3218.48,6793.24,49.5005,34.1439
-5379.51,-3478.15,46.3809,34.1398
7146.75,-449.761,62.2629,34.1291
4649.21,-112.437,64.9285,34.1256
3516.7,7502.11,55.846,34.1184
781.566,-6414.83,47.2992,34.1015
-6909.03,360.672,57.7773,34.0966
6521.26,-6728.81,46.9513,34.094
-370.421,5562.23,54.8552,34.0932
-4913.87,-2741.06,55.1278,34.0909
-6857.94,-14.6289,89.677,34.0854
1395.04,6174.94,47.307,34.0655
2327.63,6600.4,59.0746,34.0642
7499.12,155.508,96.0028,34.0586
4714.08,2311.38,77.7095,34.0532
5338.82,-1613.86,81.7678,34.0359
-605.934,5300.2,49.8751,34.0317
-6101.74,6336.94,62.391,34.0204
-3643.45,7014.47,65.5823,34.0182
-4058.53,7044.19,66.0287,33.9898
3663.75,7164.42,64.5032,33.9864
6830.32,2392.22,87.1299,33.9848
-570.11,6810.05,63.2671,33.9683
6333.95,3282.87,74.3391,33.9588
4919,5228.5,46.802,33.9556
-1433.26,4447.81,68.3956,33.9461
5624.79,3795.85,71.5389,33.9455
5935.41,-5036.38,48.9111,33.9446
822.379,-5895.6,50.6818,33.9347
7351.16,5893.99,68.5969,33.9221
6139.96,6199.92,78.9939,33.9175
-7277.75,-3561.49,47.863,33.9146
2667.51,4159.22,88.2923,33.912
4971.29,5701.26,75.4147,33.9099
6744.17,6552.06,46.7909,33.9074
-4808.57,982.604,51.3906,33.8985
2693.64,-5851.71,78.2229,33.8981
-4149.42,-5256.65,55.3829,33.8904
-3981.83,-6239.19,122.328,33.8878
47.7089,7450.97,77.3662,33.8762
4431.09,-1218.38,55.585,33.8652
-250.857,-7269.02,102.125,33.8649
-5301.16,6846.03,92.7943,33.863
-7034.85,4236.44,62.3749,33.8558
684.93,-5869.08,83.4369,33.8471
-5707.23,6155.61,65.7646,33.8455
-4495.69,5570.66,47.5033,33.845
6910.28,-4109.1,58.5193,33.8417
-7594.92,-2621.43,57.284,33.8027
4309.59,4272.49,54.6561,33.7991
-5116.33,-1612.78,143.267,33.7977
5824.82,-3514.35,59.3516,33.797
4903.1,4470.3,57.8619,33.7957
-1929.13,3960.88,105.926,33.7763
-4913.04,3677.81,45.2422,33.7658
2074.42,-6658.21,53.7066,33.7603
4848.51,-2916.98,50.4734,33.7433
-3071.21,-4036.52,88.4351,33.7348
4513.8,-7399.11,56.34,33.7202
-4371.2,-1178.73,47.2006,33.7158
3213.52,4754.07,53.361,33.714
-5260.41,3081.13,157.191,33.7131
-1560.64,-4827.98,47.7583,33.694
-4494.29,1312.56,117.997,33.6791
-2235.65,-5845.25,62.1937,33.6767
2268.27,4068.36,89.9442,33.664
5459.07,-2754.44,79.1832,33.6538
7491.29,-7295.17,47.4678,33.6519
-6344.19,2614.7,78.4419,33.6519
-5942.84,730.093,50.3582,33.6497
-4681.74,3475.32,48.994,33.6388
-5940.69,7528.93,50.6982,33.6385
5150.6,2164.32,61.252,33.6233
-5632.32,-7049.14,147.455,33.6218
-4569.75,1218.3,53.8579,33.5956
-5550.25,-5259.55,50.2651,33.5885
-6068.98,-1433.31,45.7791,33.5729
-3082,-6395.27,55.2385,33.5571
-5447.5,-993.92,103.672,33.5556
-3853.1,-912.149,47.6328,33.5527
2814.31,-5827.39,45.5846,33.5413
5657.71,4076.76,115.541,33.5317
-6460.39,7276.68,52.7319,33.517
4879.09,6141.09,60.1915,33.4925
-4220.7,-3813.41,50.2705,33.4914
-4913.48,2839.37,49.2955,33.4906
-4545.02,-1043.65,79.6892,33.4807
-7160.63,6170.95,122.201,33.4726
-5020.17,-83.7462,47.619,33.4724
-2735.24,4756.31,53.2749,33.4692
-6513.51,-6868.18,97.7882,33.4497
-7525.92,-5013.18,62.5764,33.4491
-3966.28,-6251.79,156.934,33.4441
6901.84,-5686.17,54.7546,33.4377
5481.56,-57.0166,45.7291,33.4361
-5898.73,-3220.57,61.4864,33.4346
3978.33,7230.26,90.8022,33.4297
-6384.07,-3407.1,63.3273,33.4236
4995.51,-924.834,61.0846,33.4219
-7068.13,3007.1,45.1292,33.4192
-6368.09,7522.61,48.4753,33.4175
4196,-7359.33,61.6967,33.4172
-6134.1,7235.39,62.4909,33.4169
4434.35,4836.03,53.9414,33.4103
5905.5,788.93,67.1794,33.4057
4598.79,1817.43,63.6695,33.4023
3060.8,6227.46,74.6041,33.397
-1050.32,-4982.19,62.8202,33.3872
5301.11,-783.371,82.4403,33.3863
-3077.07,-4423.06,64.1922,33.3858
-4214.15,-5436.72,65.7348,33.374
-3899.92,-177.462,49.6081,33.3678
-4997.51,5610.51,45.3487,33.3642
1606.66,-4630.18,200.525,33.3641
7334.49,-6586.75,54.0486,33.3588
-6238.12,-6727.82,71.9417,33.3395
3380.42,-7193.42,59.3251,33.3345
-2374.45,5410.84,65.6574,33.323
1673.99,-5279.47,45.7612,33.2998
-6275.86,-468.018,48.9737,33.285
-4257.27,-5712.19,55.1929,33.2719
-5331.25,-2682.9,58.1795,33.2717
3825.5,-2082.47,78.0545,33.2662
-1022.26,-4851.34,47.2267,33.2609
-5473.26,-1280.52,45.7001,33.255
-1640.46,-3866.78,49.225,33.2541
-4912.52,-1494.59,58.8474,33.254
2734.45,5784.05,78.6454,33.2427
3078.76,-5596.41,119.327,33.2413
-1780.04,-7400.24,121.205,33.2404
-2328.89,-4491.89,105.092,33.2402
2501.18,-5758.39,49.0884,33.2357
4107.12,441.606,45.491,33.2307
1168.72,5527.65,89.5649,33.2271
-6618.56,670.632,52.5962,33.2238
-6407.69,-1280.23,115.919,33.2206
4013.42,-7110.66,63.7673,33.2141
3542.74,-5355.98,50.6476,33.2133
4328.42,-6607.77,51.6854,33.2074
-3707.33,-62.3638,34.6286,33.1957
4671.21,-158.23,56.2792,33.1743
2515.51,-4964.54,60.0652,33.1736
-5803.51,1515.14,125.35,33.1587
4634.91,5767.26,50.8955,33.1568
-5347.74,-3165.82,47.6238,33.1462
-6999.63,2808.39,79.2408,33.1402
-5871.92,-3757.99,88.1484,33.138
-6597.35,-6257.77,50.6194,33.1326
-3186,-7571.52,48.8026,33.1325
4260.79,-2778.3,82.8723,33.1313
-7252.51,-3691.33,45.8421,33.1209
-6476.56,184.401,61.317,33.1151
2366.81,-5156.74,57.2523,33.1131
-2495.27,7381.32,46.9315,33.111
5513.41,6860.38,50.3396,33.1053
4670.27,-6973.54,81.9448,33.1022
6482.66,1401.26,136.243,33.0921
-480.752,-6158.97,62.297,33.088
122.675,-5113.54,70.7007,33.0778
-6298.98,-6482.68,53.0454,33.0669
-5929.15,-5487.4,70.7726,33.0666
-1943.23,-4012.51,62.3211,33.0647
-6284.87,4520.3,54.4031,33.0634
6983.57,4244.22,65.9942,33.0633
-167.228,-4315.43,56.7679,33.0577
5962.22,-7068.88,74.7136,33.0562
6238.78,-3523.71,47.7659,33.0541
-6301.62,-4314.38,65.0188,33.0533
3359.22,6111.19,54.4108,33.0444
-4487.6,2775.41,202.455,33.0329
-3915.48,-3549.39,60.2157,33.0312
-757.182,4596.48,57.2894,33.0287
3879.5,-2162.17,61.9135,33.0121
-7265.84,6754.92,58.1295,33.0102
-3329.48,-5655.75,52.3821,33.0074
-4958.16,1612.11,74.7929,32.994
4441.71,5483.22,56.4933,32.9913
505.68,5136.6,59.8388,32.9752
6452.58,-1638.87,63.8096,32.9728
4653.2,2639.96,66.57,32.9691
-4599.73,-6064.57,58.9201,32.9563
1701.81,4904.99,55.5673,32.9525
7591.68,7582.04,69.0415,32.9402
2169.95,-4097.8,103.16,32.9349
-3580.61,-4768.13,51.5154,32.934
-4340.22,-6917.31,49.4007,32.9141
6554.76,6312.37,48.8998,32.9115
5075.31,1397.01,136.527,32.9032
5901.76,-30.0411,85.4764,32.9032
174.394,5760.7,54.4776,32.8876
6711.25,5317.62,59.996,32.8868
1826.97,-7494.43,92.0336,32.8841
6005.98,-2103.87,45.0235,32.883
-936.55,-4934.13,47.6357,32.882
6386.49,-1732.67,122.095,32.8814
6672.46,769.487,71.5991,32.875
-2397.5,-6813.71,56.169,32.8632
3732.93,1708.29,98.4389,32.8486
-5550.6,5221.41,86.7778,32.8403
-5281.54,-5766.59,62.1455,32.8342
4540.07,-5367.84,123.265,32.8186
-2389.7,-7192.46,50.0756,32.8164
-5935.58,-2931.7,64.0241,32.8014
-5886.75,3654.8,52.652,32.7957
7099.01,6927.9,46.1276,32.795
6786.76,5372.95,49.2419,32.793
-3999.53,1703.41,74.2582,32.7777
-897.32,7150,56.0216,32.7669
5834.46,-1395.32,90.8768,32.7584
-3511.73,4662.66,45.2374,32.7561
5177.19,6659.51,86.8874,32.7439
-6201.22,-4663.21,67.1079,32.7434
-6824.07,-1155.63,46.5956,32.7396
16.4995,4206.45,46.0325,32.7363
5994.94,4893.84,47.8261,32.7354
1540.61,-7037.38,45.9783,32.7292
-5932.15,6967.86,49.3846,32.7292
2806.59,7057.65,52.3699,32.722
1045.46,-6145.45,78.72,32.7165
5140.27,-3264.3,104.924,32.7113
-5270.68,-378.411,47.2706,32.7092
-6420.48,3753.58,55.8261,32.6947
5603.22,-6434.79,76.44,32.693
-4170.08,-5521.5,85.9174,32.6847
-3684.79,7131.25,135.484,32.6786
1974.31,4678.69,58.3921,32.6745
7459.96,2697.32,56.4966,32.6713
4121.55,-5531.59,45.3283,32.671
6170.82,-6699.61,103.695,32.6658
4442.98,-7379.1,45.7471,32.6567
4020.56,6360.08,48.5767,32.6484
-6460.21,898.484,64.3945,32.637
1978.68,-4550.31,103.091,32.6331
-4477.45,-4317,48.3921,32.6311
6710.96,6383.49,58.7833,32.6284
-3946.56,-5004.92,49.1991,32.6208
-6489.38,-6706.12,45.6423,32.6181
4716.38,5014.28,93.5531,32.6062
4432.72,-5999.52,67.1565,32.6028
-221.652,7041.82,47.4305,32.6014
5918.67,-3636.3,65.2275,32.5953
-7249.18,-7007.58,49.9907,32.5939
-2175.43,7267.79,64.5348,32.5937
-6839.66,-5418.42,57.5731,32.5873
5607.15,-1270.09,81.5985,32.5836
-3564.3,-6122.28,45.221,32.5737
-5073.6,3277.97,47.0395,32.5664
4607.62,5384.69,81.4824,32.5655
-3905.07,-1055.69,83.6474,32.5599
-5603.26,121.079,144.309,32.5552
1537.83,-3813.99,66.2725,32.5502
724.086,6078.94,51.4887,32.5469
3680.67,7058.27,67.171,32.538
6962.37,-5175.04,71.7157,32.538
4626.74,-1380.17,48.3474,32.5307
6502.2,523.758,75.525,32.5219
-1182.65,-6195.41,72.1785,32.5197
176.689,6941.42,49.4087,32.5008
6473.35,-1077.5,53.0498,32.5008
4811.28,774.39,66.6579,32.4985
-1486.95,-4293.86,54.6,32.4821
-2885.35,3922.99,83.3865,32.4761
-930.397,-3780.81,35.2273,32.4665
7372.6,7470.36,50.4054,32.4644
-5084.68,-595.202,51.6728,32.4603
7096.82,-1802.03,74.538,32.456
7375.6,7364.87,48.6654,32.4498
-5116.52,-2873.83,80.4457,32.4402
-5222.93,-239.456,55.8315,32.4361
-6357.26,1040.55,60.1457,32.4293
4931.05,6595.48,49.5867,32.4227
1341.02,6824.17,52.3235,32.4203
5944.1,-5438.53,75.9656,32.4147
5708.96,7208.79,80.611,32.4141
1732.42,5411.58,52.5759,32.4112
-5776.48,-1479.43,71.0317,32.4077
-6333.37,-2188.01,48.9829,32.3943
-7202.43,21.6244,117.197,32.3922
2923.93,-4476.17,53.8213,32.3886
-3021.77,6583.43,56.6042,32.3871
-2119.87,3828.47,63.4362,32.3773
-1592.26,5581.33,67.5267,32.3639
6434.37,-1745.54,46.2598,32.3597
-5378.76,3410.94,49.2899,32.3505
-7120.47,6694.27,63.5096,32.3363
-7072.14,-6907.68,45.6054,32.3262
3623.79,-6241.59,51.1394,32.3218
6367.14,-5165.17,50.609,32.3076
6955.11,5765.63,57.3532,32.296
7383.33,6620.12,60.1394,32.2913
-2004.52,4362.5,45.1202,32.2809
-4150.23,-5117.03,82.979,32.2708
106.408,7102.93,78.597,32.235
6989.28,-2427.03,58.6175,32.235
216.433,5819.39,88.4743,32.2225
-7079.14,-714.008,46.4858,32.2207
4669.34,1378.86,70.7142,32.2153
6529.57,-7153.57,78.6066,32.2095
6699.66,-4846.53,46.0229,32.2008
3002.58,4207.37,91.6611,32.1925
-7044.25,-3100.66,45.8905,32.1902
1818.54,7322.19,45.2069,32.1809
2279.68,6324.07,48.955,32.1793
355.7,-5448.11,134.309,32.1756
-3503.78,-3795.99,34.8412,32.1747
-6726.29,-4348.55,46.7065,32.1695
-5644.94,6295.27,87.7525,32.1641
6539.78,-2126.97,84.7407,32.1583
-6470.88,-6447.98,66.582,32.1583
5678.33,-122.924,69.9643,32.1508
4245.52,7047.15,51.9724,32.1475
-6563.44,3682.32,50.1228,32.1421
-622.22,5343.79,74.6699,32.1196
7328.79,-2951.89,69.2856,32.1148
5300.81,-2284.55,89.5967,32.1146
-3082.94,-4747.62,52.3837,32.1116
4083.29,2302.56,92.1785,32.1073
4200.32,6243.3,50.4226,32.0948
3039.24,4189.38,47.0314,32.0941
-333.32,-7293.4,66.4162,32.0933
-4724.5,-2797.99,48.7468,32.0926
-4953.88,-5296.87,52.2508,32.0832
-30.713,5017.17,57.5261,32.0711
6757.1,3752.79,139.595,32.0691
5536.23,1294.18,56.2056,32.0678
7139.57,-3039.21,45.1525,32.0605
-6433.66,5186.86,49.5446,32.0594
5984.9,6733.51,122.671,32.0528
4169,-1217.56,200.731,32.0404
-5064.51,2754.64,68.2981,32.0399
1710.02,6554.75,68.2662,32.0347
-3656.99,4692.28,82.6178,32.0315
-7121.74,-5943.77,74.3891,32.0311
-4741.07,2335.27,46.108,32.0305
6035.31,5739.14,75.5375,32.0246
263.203,6506.41,59.5931,32.0199
4580.82,-6526.36,114.926,32.0081
-6879.5,-2061.08,50.1031,32.0012
-1124.06,4045.82,45.6906,32.0007
-3986.15,1131.68,63.4335,31.9959
-4979.69,-811.441,53.8601,31.9852
-2842.45,-5585.77,144.164,31.9843
-671.432,4981.86,53.9471,31.9823
-4520.15,4758.9,50.0623,31.9766
6648.8,-7581.62,59.4791,31.9679
-1632.37,7303.64,121.657,31.9657
3930.77,955.71,76.4823,31.9595
913.796,-5821.61,62.3198,31.9492
-5857.06,-2062.44,54.6016,31.9199
7572.58,1310.75,58.4509,31.9097
-1070.43,-5045.45,78.8996,31.8992
713.279,-3750.77,49.6343,31.8989
-4672.4,-1680.04,52.266,31.8979
4819.86,5143.07,48.0479,31.8957
-4461.02,-4238.89,48.4903,31.895
-4195.12,-2886.67,50.8405,31.894
-3407.46,-6472.68,75.635,31.8913
-4461.54,-6765.52,62.0269,31.8879
2475.74,4252.73,48.8994,31.8856
-93.3377,6374.87,56.4823,31.8751
3866.22,-4796.82,108.008,31.8729
-3342.04,4808.72,87.7435,31.8715
1053.06,4243.19,56.2923,31.8567
-7222.04,-1918.21,61.3628,31.843
-6069.92,7299.95,59.6842,31.8394
-5846.69,7484.69,49.4649,31.8368
-6914.11,-6958.15,48.5169,31.8325
5691.82,-5132.21,119.066,31.8306
-2166.07,7069.2,57.6889,31.8269
7416.5,-788.484,77.803,31.8093
4301.39,-1852.32,45.1281,31.7968
3382.28,-5236.03,45.2398,31.7898
-6474.42,3988.63,83.372,31.7896
-7503.82,1477.61,47.2038,31.7764
-6461,6974.55,193.854,31.7747
-4296.31,3218.35,51.3023,31.7673
-5262.07,6149.03,50.2817,31.7672
-234.614,4513.94,50.7293,31.7487
-606.263,4116.43,64.3744,31.7375
6020.9,-6525.5,68.5235,31.7366
6277.05,-7598.44,48.3983,31.7248
-7391.59,583.141,47.7743,31.7126
2566.01,-5057.58,47.3978,31.6975
4435.41,-7516.88,45.5208,31.6962
5191.58,7267.14,63.5653,31.6932
-4908.07,2520.04,53.2996,31.6874
6998.22,-148.463,57.776,31.6866
-2112.6,4603.78,67.714,31.6853
1416.24,4633.7,70.6986,31.6816
-4242.55,7594.15,65.0656,31.6752
-4567.13,3507.68,95.3846,31.6406
4648.12,-2255.22,51.2482,31.6357
124.202,6183.01,75.3883,31.6214
-2531.02,7224.23,63.3633,31.6152
-130.013,-5067.02,120.112,31.6129
-5138.56,6060.38,67.653,31.5996
-5800.46,1626.15,50.3289,31.58
-6348.3,845.562,63.0104,31.572
-5659.29,-2833.69,67.089,31.5653
7323.19,-2927.99,66.4894,31.5417
6719.27,2196.74,74.0411,31.5263
748.424,6795.48,62.3418,31.5216
-6134.9,-1962.26,76.0252,31.5179
-334.637,-7295.49,56.9003,31.5086
5159.89,7280.38,82.1762,31.4825
6406.83,2652.65,46.2345,31.4777
1020.43,-4526.64,57.4884,31.4775
5247.97,481.805,54.109,31.4741
-5050.06,4966.03,50.4431,31.4473
1188.05,4045.59,52.6419,31.4355
-4905.08,2073.1,54.769,31.4142
4382.56,-4793.26,45.9281,31.4123
5672.8,-5390.68,50.239,31.4091
-3516.35,6009.87,60.6708,31.4064
3126.11,-4127.9,93.7281,31.4062
-6940.22,-7106.01,61.5086,31.3963
5572.87,2894.23,59.2077,31.393
4580.67,-4656.14,88.3884,31.3896
-6815.7,4651.9,86.8911,31.3838
-5921.54,-4311.37,48.2494,31.3778
7116.9,-2478.97,47.0686,31.3752
-3888.36,-7600.23,54.0569,31.3732
-3336.44,4408.1,56.5717,31.3634
-1943.61,6386.85,165.086,31.3517
-5793.69,2970.92,80.8418,31.348
1259.55,-6734.75,118.35,31.344
-4274.3,1624.24,45.7941,31.339
-3750.91,3621.4,63.8225,31.3365
-7385.91,-4756.69,46.2454,31.3276
6719.13,-58.7265,48.6934,31.3244
137.818,6520.57,52.4647,31.3145
-2452.24,-6615.4,66.514,31.3145
7302.01,-1798.47,45.3533,31.3122
5407.61,-966.049,80.1948,31.2997
6879.24,3805.76,58.8611,31.2937
6426.93,-901.907,55.2594,31.2893
-318.123,5733.53,56.6018,31.2858
-4047.34,-7125.49,45.8822,31.2784
1555.15,6759.06,45.0344,31.2664
5300.16,6851.68,62.4709,31.2569
-5133.46,-7441.27,61.6585,31.253
5128.49,6541.7,84.9544,31.2497
2540.35,-4495.79,61.7821,31.245
5552.53,-2028.91,47.334,31.2364
-6789.33,5569.39,69.9505,31.2233
2093.72,-3983.09,64.1634,31.2187
-4852.97,5580.8,54.4942,31.2187
2291.12,5653.43,79.0742,31.21
-6122.83,189.631,49.2142,31.2096
7120.04,-4151.57,56.0114,31.2079
333.93,-7152.62,48.1889,31.2044
3907.91,5769.22,85.2992,31.1979
336.55,7094.6,73.6439,31.1952
-6496.81,-1140.83,52.4443,31.186
2495.92,-7239.31,84.3212,31.1806
-6090.7,-5466.6,68.936,31.1764
-1769.45,-6297.74,55.0449,31.1711
2901.75,7444.16,45.2941,31.1424
6556.49,-6504.35,179.424,31.1352
-2337.11,-4229.27,46.0861,31.1328
-6038.29,4752.22,102.681,31.1308
-4475.83,-2973.68,57.8336,31.1111
6646.48,-1829.95,48.6026,31.1102
-5372.95,4773.54,50.7754,31.1032
-4315.11,6843.14,85.6109,31.1009
-6298.44,3482.97,45.9913,31.0877
7129.51,5002.08,63.4461,31.0805
-6976.04,-2261.52,47.9294,31.0666
1560.17,6491.07,45.172,31.0486
4122.6,-4830.66,51.1406,31.0331
1959.39,7119.03,60.2133,31.0081
-2219.82,-6131.06,66.5698,31.0053
3496.46,4104.97,46.8119,31.0018
4052.17,-3954.39,45.8417,30.9929
3477.25,-5920.07,70.7996,30.9917
-6606.95,3657.02,60.0752,30.9907
-170.66,6171.97,67.2984,30.9819
-5616.46,-6677.12,50.0787,30.9716
4633.26,-7610.33,46.2162,30.9668
3743.58,4524.53,110.59,30.9643
3189.01,-7125.64,105.265,30.9503
5858.85,844.305,45.5614,30.9451
-6234.47,-6090.56,47.0959,30.9062
1875.46,-4111.53,66.909,30.9017
-5302.98,-695.977,114.616,30.8998
5982.84,-4980.68,70.1415,30.899
7462.65,2859.24,54.979,30.8959
-2793.36,-6435.29,48.9592,30.8932
6663.67,-7599.7,48.186,30.8866
-5599.92,7148.18,49.9723,30.8837
5022.76,-6978.23,49.2686,30.8826
3630.1,6096.88,62.9655,30.8659
2264.77,-4925.84,47.4414,30.8614
7318.2,-3725.32,59.7184,30.8606
-3495.91,4532.41,61.5333,30.8457
5775,5971.17,83.1628,30.8407
6211.19,3823.44,74.9119,30.834
-6483.99,-2619.71,48.1945,30.8324
2139.69,-5278.76,49.7342,30.8294
4211.86,-5945.7,70.8561,30.8254
3856.75,-779.906,53.0845,30.8169
4221.23,-5238.58,45.2861,30.8162
4164.12,4671.9,60.2752,30.8129
-6938.45,-3890.07,70.056,30.8065
788.749,7520.07,68.2406,30.7969
3862.39,-5788.11,50.303,30.7967
265.613,-4122.96,59.161,30.793
4928.33,-1319.92,216.693,30.7918
6310.16,5860.85,147.246,30.7801
-5037.69,-4703.96,64.5211,30.7746
4593.09,3778.1,91.7872,30.7671
6241.14,-4752.38,86.9094,30.7548
-4838.39,-3994.81,65.435,30.7478
4207.04,1307.52,56.4272,30.7444
-5954.54,-7611.56,48.328,30.7274
2152.41,-3939.39,53.0994,30.726
-4969.45,-7046.42,68.8127,30.7233
4214.14,-4631.05,56.7356,30.7174
4288.42,-473.924,51.9352,30.7096
-4593.08,-5916.09,69.3117,30.7028
1560.21,-5641,104.185,30.7026
4730.31,2173.14,58.8819,30.6961
-6516.13,-5700.49,62.9122,30.6798
6566.49,7384.25,54.535,30.6662
6086.24,-6905.24,67.1632,30.6649
3828.58,-6297.83,54.6189,30.6621
6854.05,6850.77,56.7961,30.6554
3835.84,-1611.67,109.968,30.6512
1896.29,4850.46,46.6307,30.6489
-5552.07,7453.42,53.4559,30.6463
-7153.26,-929.386,75.7253,30.6233
-6879.1,-5688.41,52.9539,30.6153
-5322.8,6656.01,48.8969,30.6087
-4681.99,-4129.73,59.7499,30.5987
-2680.99,5874.57,67.8885,30.5963
-2613.86,5546.13,62.844,30.5862
-508.284,-7017.23,60.0432,30.5779
3373.05,-5989.82,64.8431,30.574
7394.78,-6640.05,88.8698,30.5713
5538.92,2217.63,61.3875,30.5454
-4608.06,7222.1,54.695,30.5313
-1764.56,-6688.57,54.4149,30.5181
-7061.85,-7113.28,47.322,30.5017
-6324.83,5004.23,71.7218,30.5011
2331.64,5024.94,71.0054,30.491
848.634,4479.54,55.8148,30.4818
4780.33,6612.7,58.7238,30.4761
4019.72,192.368,51.2181,30.4748
6542.01,-7288.08,53.9431,30.4718
6342.15,-6615.39,55.8076,30.4541
-3844.31,4048.26,86.1327,30.453
3908.21,603.836,48.9487,30.445
7210.42,3268.61,50.7831,30.4433
3270.74,-5674.15,51.0932,30.4276
-7414.38,4484.54,85.5516,30.4254
-6270.07,6789.61,45.1677,30.4159
-1878.01,-4886.28,83.9905,30.4131
2321.86,-5563.47,55.6242,30.4089
6494.46,-4879.89,47.5993,30.4033
6311.18,-5470.61,141.227,30.3984
1914.29,-5434.57,48.3921,30.3983
-3058.2,3910.79,60.4959,30.3974
-6025.56,-3912.5,83.8283,30.3955
-6310.4,526.506,98.1404,30.3918
-4185.26,-4179.67,47.6483,30.3866
2068.05,4745.5,50.6683,30.3848
-5826.47,-3966.18,56.8447,30.3798
-6864.12,-1808.08,50.4072,30.3797
6850.93,-2254.99,57.7841,30.375
-5057.88,-1252.76,45.9013,30.3728
-4514.99,-6453.63,65.7194,30.3641
1335.91,-5016.04,51.0686,30.3612
-5404.72,5806,66.0975,30.3588
-4574.09,-182.733,47.3176,30.3413
2958.37,5752.87,49.7269,30.3379
-1313.21,3865.5,68.8236,30.3365
63.5633,-5641.69,80.5568,30.3318
-2460.19,-6800.57,86.3136,30.3255
-5956.18,-2796.81,75.5768,30.3227
-7034.92,4011.19,89.2816,30.3215
7136.19,1443.95,68.9499,30.3154
3936.84,7542.17,63.5788,30.3142
-473.618,7513.94,51.3012,30.2965
-1011.76,5284.97,50.2617,30.293
-4010.86,507.605,59.4322,30.2837
3433.07,-7297.13,73.0339,30.2804
-1356.91,6519.25,73.0282,30.2779
-1117.91,-5473.19,63.3407,30.2737
-4594.18,2148.63,57.6018,30.273
6251.78,1780.78,261.595,30.2594
-3711.7,7044.31,95.913,30.2576
6078.01,320.437,47.1261,30.2476
6168.64,-7241.1,64.4104,30.2455
-1284.75,4267.55,74.9114,30.2454
1010.33,-5144.04,61.6042,30.2374
-7477.38,-6468.82,72.3647,30.2322
-4613.47,-3182.29,50.4505,30.231
4051.97,-1088.98,74.3432,30.2269
-5690.47,306.842,65.0547,30.2127
6201.99,-6807.89,52.6665,30.2097
-5690.29,-1092.46,69.5569,30.2087
-5441.8,7501.28,90.1253,30.2071
159.6,6639.65,51.705,30.1749
-4677.59,-2582.08,121.728,30.1744
3736.19,-5968.44,58.1483,30.1738
536.249,-6568,78.6516,30.1612
-5105.47,-1494.51,61.0754,30.1583
-5732.29,1029.09,48.0154,30.1449
-7503.68,-2785.94,50.6139,30.1398
-1944.91,7559.16,65.2188,30.1371
-5248.87,3254.16,53.6999,30.1352
4792.05,-2368.37,47.622,30.1346
-4700.16,4376.03,67.4843,30.1337
5814.04,-3887.89,87.6825,30.132
5042.7,3005.88,48.4596,30.1284
5851.97,-7372.37,83.243,30.1142
2909.32,-5251.59,59.6582,30.1133
7055.28,4072.51,49.158,30.1025
3818.26,-5225.64,45.3566,30.0952
-6327.49,-4239.83,53.7747,30.0945
4014.82,-7039.75,55.4222,30.0933
-5887.29,912.107,53.0507,30.0903
1937.17,7391.59,88.9763,30.0842
-2599.41,-6576.84,84.0946,30.0792
-6178.38,3429.27,87.7175,30.0784
-6171.19,-1777.49,53.2904,30.0732
7431.49,190.211,46.7571,30.0604
-5379.08,-5373.27,64.886,30.026
-6173.25,-2324.2,50.3426,30.0227
-1823.56,4464.93,67.116,30.0214
-4881.43,5930.03,54.2526,30.0208
4348.58,-782.327,63.28,30.0206
-5732.31,4005.83,79.7727,30.0182
3890.91,-3101.33,48.0617,30.0135
-558.646,-4671.77,79.2234,30.0135
5488.26,-156.064,49.8968,30.0033
5681.87,-4832.79,46.6369,30.0016
-7108.29,4849.82,86.82,29.9896
5936.77,-1685.48,50.4634,29.9865
5464.21,-5924,76.1364,29.9767
-5943.96,-2588.99,46.3821,29.9729
3980.6,-642.02,108.389,29.9363
-3745.29,6821.14,51.0891,29.9246
-4438.13,-5898.8,61.5958,29.9208
-2074.44,-5023.91,77.8342,29.9139
-168.441,-7527.59,49.7489,29.8893
-2186.82,4748.31,67.5747,29.883
3212.21,-6246.97,471.731,29.857
-6502.76,1431.7,47.2997,29.8554
6248.88,4705.91,50.4587,29.8459
-3478.54,-6599.97,53.3726,29.8457
-4624.56,4035.41,98.5131,29.8404
2081.48,6907.37,66.7862,29.8363
4255.52,-1390.85,72.6294,29.8334
1488.75,6033.26,47.6849,29.8273
3027.29,-6288.04,53.1274,29.8251
5871.44,-4606.01,45.6272,29.8115
6735.5,-2432.38,47.2504,29.8111
-3918.77,-5058.29,46.0227,29.8104
-1433.69,-7263.26,51.6322,29.8076
3090.93,-6771.57,95.5726,29.7969
7490.12,-6555.89,73.5179,29.7946
-7554.11,2636.69,78.2829,29.7876
4650.99,-4160.45,52.1861,29.7831
-3054.91,-6920.66,54.5736,29.7795
5688.24,782.617,45.4059,29.7762
2202.98,-4828.54,75.8536,29.7738
2430.57,-6621.53,85.5797,29.766
-2477.21,5204.65,71.1076,29.7658
616.555,4990.03,50.073,29.763
-3810.29,-6737.51,101.552,29.754
-2155.24,5110.76,70.0739,29.7454
6998.06,284.363,45.3955,29.7411
7506.87,-2099.04,68.9323,29.739
-7224.72,2793.61,49.5364,29.7385
6076.77,-1297.72,46.5558,29.7043
4694.47,-911.324,89.9155,29.698
2789.26,-4293.75,46.1672,29.6962
7377.46,-4602.36,49.8809,29.6909
-5338.47,-6251.72,45.9449,29.6749
-4265.38,5786.25,55.9871,29.6744
1526.25,-7387.8,61.5152,29.6652
2930.47,-7379.83,91.5785,29.6635
-5341.82,-7417.53,74.8095,29.6576
-6139.16,4401.67,84.3723,29.6552
7449.83,5802.91,45.7917,29.6548
5899.88,-6290.98,66.0659,29.6365
-6348.87,4978.13,45.1675,29.6343
-976.061,-6210.44,61.1577,29.6171
-829.599,-5495.17,84.8059,29.6132
5732.8,-6639.54,83.6734,29.6096
-6291.81,-1707.9,161.803,29.6082
-5427.55,2200.38,53.5437,29.6006
-5295.3,67.036,49.6166,29.5895
3554.03,-3909.28,74.6241,29.574
-3310.5,-4589.76,68.8366,29.5657
1156.42,7442.24,65.2318,29.5456
-3381.15,5478.42,48.1338,29.5456
2795.49,-6723.62,69.8832,29.5455
-3041.16,5474.91,61.9664,29.5392
-3659.85,-7181.35,49.1239,29.5376
188.553,6701.13,90.6707,29.5309
6933.72,7170.72,51.953,29.5277
4714.24,6192.37,59.3716,29.5228
6360.92,-6279.73,91.6913,29.5211
5554.62,5279.87,47.627,29.5167
7177.43,-3667.74,53.6777,29.5155
-4837.02,946.593,59.5572,29.504
6377.29,-593.078,113.67,29.5034
-2145.94,-3883.99,46.396,29.4901
3707.75,5198.1,64.0714,29.4886
-522.182,-6336,69.0092,29.4861
3021.75,6930.44,55.71,29.4765
-4873.01,-1316.86,76.2106,29.4749
4460.83,-475.039,72.3069,29.4676
4952.17,-5180.59,51.9153,29.4588
3416.63,-4453.37,45.0661,29.4568
-7114.52,-4279.22,127.027,29.4524
-4585.45,5790.78,60.3695,29.4465
4009.54,555.183,66.1573,29.4357
-7396.16,-2776.34,45.1322,29.4307
-1911.67,-4079.6,108.7,29.4223
4100.66,4382.8,72.8118,29.422
7472.34,-5093.12,65.9441,29.4146
-2371.61,4543.31,62.2041,29.4009
5411.77,-2698.03,57.0994,29.3967
-60.8565,6106.71,73.6803,29.3941
-4356.52,4841.25,45.4118,29.386
5590.79,3833.95,77.0545,29.3816
-7224.63,-6859.26,61.842,29.3751
469.401,-5036.47,57.1503,29.374
-4893.03,-5054.97,52.0367,29.3718
910.92,5386.64,45.9383,29.3655
5206.98,463.389,65.7593,29.3479
4890.21,-6722.89,52.3055,29.3403
-3967.41,1702.4,74.8147,29.3208
-1406.44,4864.33,63.2963,29.3184
-5183.94,-4295.75,47.8016,29.3153
4214.94,1639.06,110.781,29.3149
2014.98,5573.96,71.1836,29.3143
3554.74,-6927.27,68.0975,29.3062
6525.85,-1208.45,48.4808,29.2983
7334.66,-6502,50.6669,29.2783
-5530.37,-4403.5,58.7715,29.2783
-4960.27,-1377.78,55.2088,29.2688
6775.59,4514.28,51.1085,29.2635
5522.24,-5385.76,45.1275,29.2615
6987.17,382.575,48.0218,29.2507
-1262.73,-4565.08,54.8221,29.2437
6462.99,647.793,50.727,29.2354
-6068.65,4803.83,121.954,29.2279
4328.4,-201.297,51.2556,29.2261
5991.91,-179.819,57.3808,29.2257
-943.453,-6405,84.0093,29.2246
-4491.34,-6099.33,86.8791,29.2232
-3744.61,-5853.41,65.9989,29.2096
704.4,6537,59.7147,29.2047
-5671.36,6718.41,61.946,29.1942
-5132.13,-1359.42,47.9294,29.1902
3805.17,2163.73,52.3019,29.1754
4900.55,-1962.21,89.1483,29.1724
1948.82,6680.3,45.8422,29.1504
-2997.62,4863.39,57.7486,29.1252
370.539,-4682.32,51.2171,29.125
-1909.47,-6408.91,56.1864,29.1215
-3068.16,-4344.06,53.0508,29.1115
-5041.28,490.633,47.1238,29.1095
-7560.08,1311.23,62.6208,29.1039
-7526.49,-1160.5,45.1166,29.09
-2726.86,5561.44,50.1619,29.0877
-4326.67,5015.11,48.3305,29.0838
-5676.95,-548.557,73.4633,29.0799
3048.74,4619.25,137.149,29.0787
7013.91,5248.68,46.9501,29.0699
7487.81,4520.31,72.1324,29.0465
-1631.97,-4383.74,69.7949,29.036
-1992.11,4480.26,45.9948,29.0123
-5107.51,2117.31,90.2245,29.0116
4266.75,-1573.61,48.7309,29.0094
-5799.78,-7512.91,96.2448,29.0088
-4096.23,2061.75,80.9464,29.0067
5886.69,-3901.41,75.9961,28.9739
-4037.76,2375.98,96.0156,28.9704
-4516.26,400.284,58.8969,28.9683
-6306.09,-5897.55,46.0153,28.9583
-1925.94,4165.86,62.6044,28.9563
-339.536,-6205,172.66,28.9471
-3937.3,6584.73,49.2297,28.9444
-6284.01,-4823.73,48.9885,28.9361
-2441.36,-5645.6,58.2693,28.9243
-2133.4,6160.73,46.4551,28.9175
5579.48,-3716.05,59.4574,28.9134
6099.59,1038.45,282.966,28.9122
-6321.1,5221.62,50.3393,28.9092
-3946.96,4978.11,68.0955,28.8941
5266.9,-727.139,48.3286,28.8936
7581.42,2862.23,51.4881,28.8848
5118.65,-4685.18,53.7751,28.8825
-1011.22,-6766.91,63.4636,28.8732
-5962.62,7220.49,56.2991,28.859
-3553.03,6447.77,105.219,28.8479
-2797.61,-7262.58,62.1173,28.8429
-6060.43,-2878.9,46.4789,28.8327
-934.572,7169.55,63.0473,28.8246
2882.89,-6542.01,146.758,28.8165
-6202.32,-73.1085,126.94,28.8092
-7392.21,2989.04,76.6414,28.8063
5049.94,5825.74,49.114,28.8055
4261.57,-1279.36,111.998,28.8054
4222.38,-7354.81,95.5692,28.799
-4138.26,4553,75.8342,28.7933
-5687.73,3561.44,53.0151,28.7813
-4493.25,-392.302,149.279,28.7728
5337.36,-3192.5,135.762,28.7552
-4399.37,2958.9,151.248,28.7474
6811.08,6191.25,45.7343,28.7363
-1576.26,-4718.35,46.2618,28.7341
5590.31,7103.72,84.8466,28.7315
-4259.6,-4240.69,45.9648,28.7296
-2614.16,6739.49,45.044,28.7286
-325.36,4071.77,55.4181,28.7244
2281.28,-6815.7,49.406,28.7113
3945.1,-360.914,104.164,28.7093
-7545.29,-800.194,70.6427,28.6825
-2516.57,-5824.11,48.5214,28.6803
-3789.13,5597.8,56.4988,28.6784
-4966.05,3764.4,70.6664,28.6758
-1398.67,-7312.46,45.8388,28.6623
3070.52,6999.02,46.1029,28.6607
4533.17,-803.901,109.46,28.6489
2489.44,-6145.41,47.3933,28.6108
6085.57,-3319.16,70.8563,28.6103
-5161.65,-2934.32,67.0276,28.6053
-4020.26,-1359.25,76.3492,28.5997
7016.06,5788.41,53.8477,28.586
4019.71,-6006.89,64.3975,28.5852
-1817.28,-6297.13,50.9995,28.5803
-4361.56,4725.82,48.3559,28.5768
-2802.08,4903.42,76.2364,28.5654
5205.95,-3658.67,75.6928,28.5591
6966.48,-161.975,45.7417,28.5515
5564.94,3514.84,54.7748,28.5284
-543.649,4399.82,49.2256,28.5268
4167.67,-6468.99,78.6174,28.5238
2817.44,4228.89,46.4687,28.5233
-2887.88,5364.54,68.1315,28.5169
3033.4,6055.82,69.506,28.5106
7212.32,-1505.92,49.8556,28.5041
-6196.95,7522.96,89.8333,28.4925
-1253.62,6385.77,54.3237,28.4834
-6043.29,14.0947,48.3964,28.4661
3254.74,3874.33,60.4643,28.4594
720.064,6699.9,45.3735,28.4519
-4025.87,-5255.26,49.568,28.4503
-118.261,-6572.75,48.2393,28.4486
-3719.72,3758.99,42.7675,28.4392
2606.6,-5686.17,55.538,28.4325
5911.37,-2749.33,58.8178,28.4225
1808.79,6572,97.6093,28.4063
6642.81,-6708.75,48.929,28.3942
-2122.01,3964.04,71.0102,28.3826
-6998.21,7265.48,46.3569,28.3679
4163.8,1245.33,45.0367,28.3655
-3582.31,-5893.28,50.6678,28.3503
4091.89,6204.84,53.8436,28.3479
-6975.97,6243.32,54.0243,28.3422
4681.63,6283.77,75.8259,28.3285
-3126.72,-6657.62,51.982,28.3207
5393.45,1319.34,58.7607,28.32
-2472.35,4155.89,57.9187,28.3165
2268.18,-4266.06,106.081,28.3158
6793.31,-6415.45,63.5698,28.3149
6867.88,5764.15,52.6275,28.314
4499.33,-3840.87,45.6871,28.3138
5835.08,7354.76,49.4639,28.3033
-6468.8,2384.27,161.98,28.3003
6548.38,-6750.8,68.1074,28.2904
-931.613,7277.67,50.968,28.269
3803.64,-5004.15,59.0373,28.2613
-5107.5,-6343.55,48.0732,28.2324
3168.09,-5161.45,46.8659,28.2313
2163.47,6635.77,70.6571,28.214
6441.07,-4081.89,49.1716,28.1773
-4708.62,1919.68,58.689,28.1684
1591.87,6112.83,74.0866,28.1679
1656.41,5428.64,200.984,28.1612
1996.02,-5645.64,139.786,28.1525
4922.22,427.699,79.2485,28.1425
4743.73,-3114.94,52.3166,28.1418
-938.622,-6484.47,48.5299,28.1393
7444.72,7512,75.7383,28.1363
1674.48,-6829.38,77.8412,28.1317
-5413.2,4382.74,50.8133,28.1299
-5822.24,6512.02,89.8286,28.1199
-558.284,-4274.99,78.7605,28.1189
-3934.96,-553.707,73.6824,28.1114
-5318.62,-1829.39,52.2085,28.1082
-6035.41,2886.2,51.9219,28.107
-7094.55,-1038.12,48.251,28.0993
-281.233,5572.68,54.3292,28.0874
7238.24,-1370.65,66.0635,28.0866
6592.25,1642.72,152.236,28.0794
-4368.23,-7450.41,94.4901,28.0793
4036.07,6771.65,50.976,28.078
4842.32,-1268.39,47.9624,28.0745
3341.81,-7297.08,46.989,28.073
2862.85,-7501.06,45.0044,28.0635
5830.12,-7344.44,55.9507,28.0625
5209.11,-4386.87,79.3288,28.058
4207,5706.01,46.0391,28.0487
6943.55,7222.81,46.4043,28.0387
3095.39,4050.39,75.6205,28.0306
-5092.98,3798.02,54.7666,28.027
6028.39,5647.33,48.2825,28.0059
5058.27,-7196.91,200.299,28.0035
7551.75,-4243.5,45.9634,27.9999
-295.277,6127.16,105.801,27.9959
-6275.52,4242.01,56.5975,27.9949
-6442.09,-488.093,54.0953,27.9869
-4501,-6062.9,50.9639,27.9775
4393.22,-2335.97,58.4341,27.973
-6977.98,728.448,53.1735,27.9726
-7463.11,3548.13,65.3908,27.9488
5849.33,-2521.35,57.0229,27.9356
1085.04,-4255.35,45.0578,27.9353
-5846.3,4609.75,71.3673,27.9173
2017.38,4937.19,113.255,27.9168
-3064.75,-5643.3,47.6228,27.9152
2272.47,-4783.38,46.8958,27.9082
3710.12,-7258.55,66.7843,27.8983
6361.65,-135.618,69.9798,27.8981
-2994.47,6879.58,58.43,27.8941
5178.66,3847.83,51.2716,27.8923
6698.61,3252.34,67.17,27.8796
-4409.94,-3808.99,110.231,27.8773
670.684,3888.53,83.424,27.858
-2421.18,5833.08,67.0426,27.8579
1451.9,4738.98,53.8948,27.8508
1921.81,-5501.39,52.4941,27.8418
-4620.82,-1100.04,61.363,27.8393
-4170.97,-7528.57,60.4145,27.8323
-7590.14,5984.96,46.2723,27.8318
7326.39,699.636,74.4727,27.8228
6995.51,-6496.74,65.6583,27.8172
-7433.1,-1717.39,113.031,27.8096
4402.2,3314.94,54.9834,27.7958
-2349.12,-5584.65,56.9809,27.7904
-1568.84,5578.36,112.489,27.7873
4317.36,638.747,60.6286,27.7721
7470.3,1317.6,58.1281,27.7701
4145.82,3297.3,62.5755,27.7609
-4476.1,-2834.8,48.6153,27.755
5498.31,7255.1,52.6279,27.7517
-5479.74,-3619.22,50.5472,27.7489
-5777.17,2027.97,81.7114,27.735
-4464.69,-4833.19,53.6188,27.7312
6631.4,-841.385,58.4395,27.7221
1165.8,5819.59,59.5271,27.7171
5978.85,2315.33,64.5386,27.715
125.275,-5308.19,51.4097,27.7123
5479.85,5423.36,46.4139,27.7104
-5892.89,-3150.68,47.6997,27.685
5074.44,-5023.22,76.4828,27.6812
-1030.83,6763.62,51.6727,27.6707
2085.01,7019.26,64.5205,27.6675
2178.89,7265.02,47.9244,27.6659
-3882.03,6679.01,52.718,27.6596
-6786.93,-695.92,64.0474,27.657
7531.27,6702.77,47.161,27.655
4790.86,955.343,47.4868,27.6444
6776.38,-2630.01,67.2759,27.6377
3879.62,-6016.93,47.7488,27.6362
4055.94,6313.87,51.3782,27.631
-5540.79,1917.7,148.056,27.6103
6482.53,7394.79,57.5752,27.6095
6564.57,220.742,66.9802,27.594
-6796.13,-4005.2,58.136,27.5916
-1881.92,-5925.63,68.1651,27.5902
5874.93,5025.5,53.3703,27.5887
-4561.45,4324.98,87.9879,27.548
2444.14,-6242.54,53.8708,27.5461
1903.94,5644.15,65.1665,27.5455
-3440.76,-6015.32,110.542,27.545
-7081.57,-14.4678,72.517,27.545
5619.07,6776.32,52.5479,27.5303
2275.5,-4263.6,68.5499,27.524
-1649.33,7301.52,75.2346,27.5146
3119.88,-6443.38,82.8672,27.5146
-6373.44,3042.31,183.715,27.5119
4125.26,-7394.3,74.7936,27.4774
-1939.94,5529.93,81.3395,27.4766
4991.45,2488.77,51.2457,27.4601
4886.03,2804.43,46.3118,27.4599
-6601.95,-7158.68,50.9278,27.4495
6661.4,4701.53,74.3097,27.4356
5519.64,-6273.05,56.6082,27.4308
-4284.6,1582.01,51.839,27.4291
3920.76,4155.75,52.4441,27.4241
-3641.61,-4847.9,65.2979,27.4229
7403.87,5729,60.395,27.4162
6478.94,-1180.28,51.4504,27.4161
6726.81,-5002.39,48.4528,27.416
-1269.64,7193.97,63.3978,27.4027
5155.8,-6379.52,51.5053,27.3802
-4632.51,2774.3,147.693,27.3765
3744.5,-4404.34,75.5395,27.3522
4118.37,-1809.31,53.683,27.3316
5252.52,5570.57,58.5961,27.3272
1610.76,-5012.29,71.5834,27.3237
-559.742,-6325.74,63.9705,27.3125
3171.19,-7314.68,48.3298,27.3121
3203.7,4773.8,84.8792,27.3105
6935.71,626.736,63.7281,27.3031
4417.95,-0.536883,78.8607,27.2955
7135.05,3376.36,54.7047,27.2846
-5463.53,-5284.28,191.853,27.2842
6485.02,1041.35,73.248,27.2765
3613.24,-6738.98,55.4646,27.275
2166.16,-4616.4,53.971,27.2733
4793.03,-2750.33,55.9332,27.2681
-2311.73,-3938.42,65.5364,27.2546
4971.65,-1831.59,72.2601,27.2493
4144.83,1264.11,50.42,27.2461
1813.26,6991.91,51.7148,27.2255
6830.13,-1101.95,50.3954,27.2051
35.3547,-6800.39,61.8455,27.197
-6511,-5851.83,67.5603,27.1864
-4024.1,-5000.12,77.8849,27.1616
-5762.66,-6000.05,83.9925,27.1583
-5912.19,-5574.51,85.8381,27.1582
-5059.11,4448.76,71.4213,27.1573
4367.89,918.724,45.9965,27.12
4983.72,521.737,54.0891,27.1081
-5854.33,724.724,47.8432,27.1065
1957.76,-6874.83,84.993,27.104
-3371.62,-5797.84,48.6099,27.0964
-5302.49,-6548.17,45.4685,27.0931
-3483.71,-3803.56,28.1909,27.0791
-5776.44,-602.05,171.874,27.0744
-7570.35,-2002.24,47.1282,27.0527
4311.46,-2468.54,69.5641,27.0525
-6417.34,7085.43,53.7316,27.0516
4962.83,1630.08,62.3938,27.0389
1551.22,-5427.26,71.1189,27.0377
-5639.56,3100.24,56.5179,27.0289
-6892.01,-2735.53,67.898,27.0274
2421.97,7135.14,55.9955,27.0269
-1242.98,-7467.19,53.4416,27.0243
1078.73,-5095.03,51.7416,27.0192
-5455.03,6498.58,53.6613,27.0132
6368.04,-1723.17,53.6741,27.0103
-3915.13,6340.05,53.1069,27.0067
-6794.74,3701.82,92.2015,27.0048
7493.93,-3023.46,45.7103,27.0032
-7249.9,-3377.19,54.1497,27.0013
5683.46,6380.27,81.8673,26.992
3544.36,5427.85,50.7922,26.9918
981.44,7423.34,62.054,26.9858
-5678.2,2194.89,59.3833,26.9819
-3059.64,-5629.67,54.7011,26.9734
-812.609,7072.92,64.85,26.9612
2154.12,-7531.12,52.8655,26.9582
6341.75,5847.16,54.3204,26.9479
4316.66,-583.412,51.0923,26.9464
6436.96,-436.694,53.1768,26.9439
3632.81,6629.38,66.2688,26.9387
-710.483,7220.27,53.8219,26.9319
1793.39,-5894.65,65.1469,26.9308
-1192.54,-4830.54,76.6174,26.9299
2381.77,5849.26,52.1792,26.9245
6038.91,910.427,76.268,26.9181
5135.23,451.456,140.144,26.9142
4245.2,-1399.6,76.9306,26.9061
-2834.1,-7274.54,46.2451,26.9056
5950.81,-2456.28,53.032,26.9047
6184.12,-6287.21,49.5202,26.9033
1303.82,6615.95,99.3825,26.8958
-90.3022,7538.92,56.4427,26.8953
-239.876,5806.36,70.3087,26.891
-14.3361,4079.46,51.0185,26.89
1052.79,-4587.04,72.9375,26.8875
2000.87,-6473.95,54.5952,26.8869
6415.45,-6706.32,52.756,26.8865
-7190.79,445.714,50.9984,26.8718
-6238.57,-6179.7,65.9987,26.8713
-6850.86,7217.5,48.4708,26.8708
1572.67,4302.42,59.1311,26.8698
-4583.89,3286.03,47.4945,26.867
5694.54,3754.67,66.5277,26.8592
-704.058,-4497.21,69.6074,26.8445
5959.23,2612.32,97.507,26.8364
-951.237,-5607.56,59.4297,26.8357
6729.77,7050.98,68.7232,26.8292
-7293.03,-3037.65,69.4596,26.8239
4795.78,-1169.39,81.6608,26.8227
4249.98,6034.21,46.2822,26.8141
5915.16,-66.0028,282.168,26.8138
4735.87,-2135.97,50.0943,26.797
2732,6062.58,75.2255,26.794
-3995.79,-4835.73,68.7111,26.7863
5661.7,-2312.88,51.14,26.7761
-5770.63,-7505.04,60.1508,26.7738
-4760.32,-1945.41,55.7561,26.7695
1399.34,-6283.21,84.9555,26.7616
7470.96,823.43,55.1967,26.7563
2631.7,7557.54,65.2142,26.7546
5683.43,-4971.08,54.3242,26.739
475.474,3798.75,52.602,26.717
-4619.58,4274.39,58.225,26.7116
-5054.91,605.371,50.3789,26.7078
3648.24,3752.22,29.3027,26.7007
-4918.26,-5862.71,50.2838,26.6775
-4026.52,7464.21,51.4056,26.6633
-1279.67,5613.64,48.8272,26.6622
-5431.07,3271.03,55.1678,26.6582
-4764,-3531.93,70.5719,26.655
-5129.32,-5030.16,55.9508,26.6521
-6909.31,2744.21,48.7971,26.6435
-5880.1,6738.43,63.737,26.6422
-1800.22,-6431.46,49.9239,26.6333
541.81,6140.24,84.5904,26.6244
-5159.89,-320.108,52.612,26.6243
4663.28,1321.08,46.9241,26.6121
7093.17,265.654,55.6635,26.6108
2536.04,-5008.97,48.4896,26.6069
-3805.3,-2022.81,27.1341,26.5977
-4228.5,-2017.36,102.807,26.5816
-427.065,6024.63,76.491,26.5731
-6962.19,6945.36,72.688,26.5686
-5101.18,1482.7,49.2578,26.5647
-3038.29,-4110.76,75.3426,26.5565
4128.69,-6444.35,71.697,26.5536
-5133.5,780.457,69.6929,26.5493
4298.36,3503.2,59.3744,26.5418
4499.37,369.85,203.946,26.5397
3816.81,-871.886,56.2887,26.5185
-2883.79,5666.39,47.045,26.5184
-6866.58,-732.54,52.8485,26.5163
-5440.92,-6174.13,46.5997,26.5163
-6438.92,301.062,59.0644,26.5117
5903.48,-1556.14,54.0531,26.5022
5671.83,-7117.64,69.4285,26.4997
5104.58,3833.02,61.1566,26.4943
2205.11,-7184.57,47.478,26.493
5397.15,-3388.63,108.698,26.485
-3671.78,-5278.83,53.1821,26.4763
-4859.42,4985.15,66.3513,26.4594
-252.947,5272.07,63.8258,26.4511
-4885.39,-624.517,46.1118,26.443
754.54,-3793.67,36.0318,26.4423
4685.48,2717.07,85.0836,26.4406
-4219.92,-5356.42,74.4961,26.4368
-6236.55,4082.7,74.0139,26.4337
-6342.21,3057.28,58.9698,26.4251
89.6325,-6957.4,53.7472,26.4248
1357,-7515.66,45.6631,26.4197
-202.827,-6767.88,59.5792,26.4125
-4112.8,2033.4,62.086,26.4101
2916.88,-6679.52,64.7856,26.4083
3584.01,-5354.03,90.3247,26.3827
-1843.76,-3810.25,48.271,26.3734
3276.68,-4816.59,59.0314,26.3731
-7213.45,-1630.09,46.3656,26.3711
6657.28,4345.82,52.5456,26.3551
386.591,-5862.2,45.1539,26.3515
5787.7,4518.22,50.0649,26.3489
3794.31,4991.32,59.2503,26.3447
-5394.55,1896.4,45.991,26.3417
1915.12,-7490.88,58.8879,26.319
6632.16,4678.56,48.165,26.3141
-3125.2,-7076.32,77.455,26.3115
-3782.19,25.4821,51.174,26.2825
-5438.16,-853.412,60.2365,26.281
-5554.76,-588.747,98.2803,26.2789
5858.62,3025.62,57.9036,26.2729
-7372.41,-2626.66,61.4645,26.2709
-1292.43,7312.57,50.2238,26.2667
-2189,-6826.02,100.429,26.2604
-6993.54,-417.291,54.1034,26.2575
-3608.96,3787,412.198,26.2512
7461.78,1813.49,47.6935,26.2474
7078.01,-2175.36,46.0196,26.2452
-4863.91,-2597.88,45.3045,26.2412
124.676,-6851.99,54.6124,26.233
-3766.89,-5711.6,69.1074,26.2237
-7252.61,3612.74,52.4413,26.2235
6936.08,-5515.29,55.1301,26.2228
-6427.42,5007.6,82.6296,26.2124
1712.55,7111.89,54.5968,26.2117
2798.75,-4034.57,54.9384,26.1387
4796.42,4972.83,61.1009,26.1348
-146.572,-6486.64,49.9008,26.1342
5718.58,4317.64,65.5049,26.1242
-3811.58,-2048.13,56.4948,26.1241
7209.05,-2453.8,145.058,26.1106
3729.07,-3931.08,67.0256,26.0998
2922.7,-5650.14,109.338,26.0613
4362.02,-1716.68,69.6805,26.0551
-1579.18,4552.86,66.4572,26.0525
-4812.71,-5405.46,77.3313,26.0517
4870.04,1845.58,89.1807,26.0516
-5122.53,7332.94,141.17,26.0499
4252.34,-1899.61,80.1985,26.0496
-4962.15,4526.47,61.1272,26.0356
-5410.39,-828.479,65.9957,26.0321
-4918.7,-5931.68,65.2367,26.0277
-1182.54,5137.61,55.1614,26.0171
2769.65,-7104.09,107.544,26.0085
-4631.43,-3388.54,97.7888,26.0081
6639.53,3095.96,51.7907,26.0032
6846.7,-6600.15,55.0207,25.999
-7408.38,5249.2,73.0981,25.9987
4291.81,4575.87,111.687,25.9986
3593.58,6250.39,53.6629,25.9983
-6163.52,-5327.29,65.3942,25.9982
-1666.35,5650.04,54.8064,25.9786
3236.68,-5525.25,112.165,25.9741
-1479.63,5151.95,47.0698,25.9697
-2327.91,-7457.47,59.0314,25.9508
6643.53,6825.53,87.3692,25.9477
-5245.82,-6814.84,63.4501,25.9467
-3590.77,-4727.51,58.7754,25.9464
-6992.35,-6050.07,49.9959,25.9366
7412.89,-3993.32,71.0348,25.9302
699.702,-3782.72,32.2525,25.9267
4721.02,-3242.14,57.6372,25.9244
1627.81,4527.01,56.4821,25.9207
6056.04,7592.45,49.7238,25.9122
-3963.47,4150.79,46.8385,25.8918
-6535.3,351.919,50.1265,25.8909
3951.32,-1006.26,48.5466,25.8904
4920.64,-5724.66,65.1121,25.8891
-4837.34,3211.15,46.0577,25.8847
-6546.36,-6659.69,57.8997,25.8714
-4602.96,1699.83,48.7355,25.8705
-5503.93,-5844.96,55.74,25.865
2915.31,-4874.05,46.3105,25.862
5506.81,1331.52,51.2431,25.8507
-4297.49,4310.08,57.7262,25.8469
-2729.59,7520.38,73.2403,25.8368
1098.52,-6462.43,60.2118,25.8167
-6567.65,4950.62,50.7978,25.8152
-4148.76,6857.72,152.024,25.8007
-2377.35,-6852.96,46.7303,25.7925
5195.77,-6201.17,66.6774,25.79
5195.26,240.315,82.3669,25.7854
-6370.08,1727.39,58.143,25.7733
-4170.08,6998.06,72.1636,25.773
4358.04,-6262.34,45.3205,25.7678
-6754.19,5140.93,45.119,25.7641
-6304.66,-4000.76,46.7505,25.7563
4748.92,195.684,89.8695,25.7544
4541.01,-1965.71,61.9494,25.7531
586.408,5618.32,82.007,25.7469
-3234.64,7135.27,45.4521,25.7436
950.123,-4092.55,47.6482,25.7409
6364.94,-1774.07,56.667,25.7405
-6420.54,785.371,59.2737,25.7334
-5909.42,-1737.85,82.1685,25.7326
5759.23,-4226.4,54.5777,25.732
2072.46,6837.65,74.3107,25.723
-4669.25,5354.19,45.16,25.7066
-4538.95,-2093.76,46.6208,25.7053
7060.53,-3220.76,64.8603,25.7023
6379.42,5820.66,59.4873,25.702
733.925,-6202.39,124.751,25.7016
1303.94,6113.82,52.3516,25.691
6176.93,439.047,49.0297,25.6853
4533.26,6793.54,183.817,25.6813
878.451,-3750.02,26.0433,25.6733
5709.52,-5554.27,66.2707,25.6716
6393.85,2066.12,50.3242,25.6559
5422.26,4443.01,112.379,25.6362
3577.15,3585.86,40.2786,25.6307
7260.02,4138.47,65.5459,25.6267
-7207.14,-6193.33,95.3357,25.6194
-3218.79,4525.15,47.4382,25.6058
7243.25,-7246.95,65.2077,25.59
2598.19,-3741.22,42.0612,25.5893
2596.79,-3831.65,71.7509,25.5866
1746.18,-4376.91,62.9795,25.582
-1124.29,-6300.65,92.5339,25.5812
7252.97,1674.11,52.9007,25.5786
6155.54,3543.41,56.6285,25.5774
-3941.11,-7230.01,69.3349,25.5698
-6304.81,-1351.22,45.4046,25.5682
6683.34,5157.56,54.5494,25.563
7583.55,6904.65,51.61,25.5599
5847.22,-4927.78,81.6966,25.5399
7268.99,-4222.73,46.1118,25.5286
3990.96,3110.88,56.9355,25.5281
-6923,-4729.57,54.3354,25.5279
-6301.58,-4081.82,78.7615,25.5245
2841.45,4468.71,65.7198,25.5162
-3330.85,4722.95,69.315,25.5151
-7248.82,-929.981,66.871,25.5127
4807.71,1447.38,47.7021,25.5084
-4414.25,-197.621,67.2091,25.5065
-5790.9,-1930.83,51.051,25.4919
2012.02,-4653.63,96.6968,25.4829
-5337.16,-3174.72,50.1525,25.4806
-5553.59,783.183,49.0401,25.4688
-4789.35,-371.726,52.4347,25.467
3472.77,-4356.6,49.0452,25.4467
2058.3,5824.17,47.4198,25.4457
-3618.02,6566.16,52.6183,25.4454
2065.09,6659.27,57.0019,25.4448
4281.9,-7265.7,46.5486,25.4355
-7118.74,-7429.76,53.8503,25.4321
1214.63,-5866.63,72.0739,25.4311
7525.63,5708.79,60.1124,25.4189
3959.76,-4219.21,77.2704,25.4177
-5212.83,1827.9,47.2427,25.4128
3968.35,818.03,54.053,25.4096
536.455,5333.38,52.6399,25.3951
-4729.19,1601.3,52.6318,25.3822
5669.97,3213.86,65.7741,25.3698
6919.38,2869.13,64.8192,25.3672
2362.76,4303.09,50.0843,25.3664
-7464.59,1305.26,49.2626,25.3563
-2233.5,-6697.38,101.144,25.3453
3564.2,3571.52,29.6675,25.3451
-2501.34,4053.2,64.2256,25.3342
2508.14,-6080.84,53.9837,25.3241
6503.26,-4738.34,47.572,25.3222
-1496.78,6461.56,52.9531,25.3092
-2580.62,6711.59,66.5494,25.3071
-4772.95,5537.81,62.4379,25.3058
-84.8818,-5769.67,81.757,25.3033
5653.05,-6510.63,51.9389,25.2932
5557.81,96.4148,72.3989,25.2923
-3127.11,6054.51,77.5302,25.2828
7487.24,3982.31,83.5528,25.2799
-5041.42,4231.34,55.3211,25.2754
-5054.3,-7572.8,76.6645,25.2679
-6301.01,1839.3,53.9759,25.2632
-3638.96,7026.99,52.0553,25.2624
-2712.76,6402.39,62.3111,25.2545
5987.5,3482.69,59.9563,25.2473
6938.87,4507.11,95.0057,25.2413
396.4,-6898.15,51.267,25.2267
-5541.32,-486.465,80.4559,25.2266
-7498.24,1112.84,52.0308,25.2227
2320.39,6716.91,51.4794,25.2172
-2677.35,4231.38,70.0669,25.211
3256.51,5654.54,51.0537,25.2035
-2384.55,5072.19,112.551,25.1886
770.493,5371.09,73.2919,25.1858
3585.83,-5452.23,130.058,25.1853
2615.82,7380.42,113.766,25.1771
2860.37,-6029.22,50.7808,25.1726
6322.92,-180.129,62.801,25.17
-5368.75,5482.28,60.6652,25.1602
-5040.47,4162.41,50.2693,25.1537
7044.36,1495.38,83.8249,25.147
5516.97,-7059.72,56.6037,25.1392
5722.6,5043.94,82.0487,25.1284
4074.97,-5815.34,53.3826,25.1133
2782.75,6563.42,46.7475,25.1119
-6952.35,1672.99,65.8281,25.1047
-1110.25,-7306.83,58.6494,25.0992
-3685.76,-6836.67,153.328,25.0828
-3693.87,3956.45,46.7352,25.0818
5091.21,4716.29,61.6017,25.0698
6689.61,2069.28,48.4191,25.0677
3942.56,3138.6,59.0766,25.0577
3146.2,-6706.42,109.781,25.0518
-6728.03,-3656.31,51.6471,25.0464
5511.49,-7355.4,70.6979,25.0286
-3614.81,-3916.85,56.8026,25.0194
-2861.3,-4650.56,60.785,25.016
-6428.94,-4561.62,145.78,24.9964
5742.93,1655.44,52.9191,24.9955
-5248,5158.09,62.9734,24.9918
-2769.84,3869.27,47.7918,24.9901
4695.16,2182.21,130.619,24.9598
-7541.2,-992.485,55.8421,24.9484
3706.54,4384.78,52.9794,24.9484
-5604.29,-42.6926,59.6179,24.9407
5174.08,4562.86,57.963,24.9374
5138.88,-6287.92,68.1026,24.9297
-667.029,-7361.27,75.4255,24.9291
-6405.72,-4813.81,56.3859,24.9125
-5453.27,5731.79,107.105,24.912
4466.94,3517.93,88.2121,24.9091
4997.67,1755.46,56.0601,24.9073
4131.16,-3827.43,52.2985,24.9066
5389.76,136.788,50.7239,24.8919
-4895.46,-1504.58,314.565,24.8864
6261.83,-3288.92,88.298,24.8777
-3686.79,5749.21,72.0995,24.8762
-991.851,-7488.5,51.2669,24.8734
269.023,-4235.25,62.1837,24.8683
2537.22,6497.17,76.6052,24.8648
5024.9,4819.46,48.9878,24.8637
5866.82,-3128.22,131.18,24.8426
-2457.55,-5178.73,54.8262,24.8379
289.319,5927.76,53.5459,24.8213
7293.21,3213.48,67.9926,24.8211
2020.99,5491.16,64.8269,24.8171
3665.58,5356.84,49.1746,24.81
-2183.78,-7223.39,48.5815,24.8062
6813.71,-125.233,50.2033,24.7999
4753.63,3700.87,56.1502,24.7951
-2800.4,6399.38,53.5341,24.7923
5091.02,-6308.66,50.1392,24.7806
2998.8,4137.67,51.931,24.7747
6842.15,3669.35,46.1663,24.7738
-3885.19,-7300.19,110.549,24.7571
-7337.36,-7278.09,45.2785,24.7535
5416.86,3102.66,66.5103,24.7205
5427.05,7093.39,80.6675,24.7169
2490.02,6304.54,77.166,24.7107
5295.73,3412.13,85.3354,24.7104
5149.23,5443.11,69.5769,24.7089
-2655.51,4844.76,63.2757,24.7068
-22.6231,6248.23,70.7964,24.7002
3398.67,-4369.04,47.1454,24.7
-2029.9,-4137.68,54.0255,24.6989
795.381,4192.72,121.346,24.6891
4821.84,-1323.03,69.1582,24.6818
4860.3,-2621.78,86.6543,24.6643
7551.91,2272.48,45.9642,24.6635
-3639.69,6493.3,51.0791,24.6526
1810.78,-6345.79,69.6528,24.65
6702.93,1655.35,46.0616,24.6485
5114.49,1524.06,47.5151,24.6454
-6079.03,-589.254,82.3661,24.6439
6709.91,5324.31,46.018,24.6332
799.145,-6405.31,83.8905,24.6256
-3153.07,-6542.55,78.008,24.6142
4903.12,2314.59,53.2052,24.602
3645.22,3556.84,35.1005,24.5938
5521.23,-2186.17,49.6544,24.5511
-2646.21,-7354.57,79.8674,24.5368
-6020.17,-6036.04,48.2851,24.5301
7098.27,-6783.91,50.0716,24.5276
-6918.33,-5995.77,84.5629,24.5017
3399.49,-6579.8,48.9578,24.4961
-1701.65,-4486.43,47.858,24.4823
-7423.28,-4062.04,77.1444,24.4803
-4086.47,-1535.58,51.6511,24.4746
-810.923,7304.19,65.9466,24.4745
2916.05,-5838.51,62.3541,24.4743
3945.76,-1517.79,49.121,24.4434
-4560.09,-6679.91,60.6591,24.4337
-1053.35,5716.24,63.7122,24.4272
3871.76,-4451.75,69.0581,24.4269
-5788.09,1510.07,55.5979,24.4158
-4665.98,7487.86,69.0253,24.3973
6537.12,5563.85,59.8868,24.3932
-6236.91,2517.05,59.3129,24.3913
-6779.53,1018.58,57.8634,24.3839
5011.74,1436.3,53.3722,24.3738
4076.26,3245.4,49.2419,24.3737
-2890.67,-5377.14,72.8889,24.3716
6095.3,4165.24,56.698,24.3597
5238.12,-4560.96,79.352,24.3299
-3324.11,-7140.25,50.3638,24.3265
-5472.73,-5767.52,120.549,24.3214
-4623.92,-4957.63,75.8443,24.3124
-4226.51,-2894.42,51.4531,24.3111
-4542.11,-891.874,45.4297,24.308
-6497.03,-5467.32,61.2034,24.2977
1693.58,-6427.14,53.7915,24.2935
-5014.71,397.549,54.0508,24.2889
4954.81,3392.61,50.9763,24.2774
-4684.51,1403.73,78.9067,24.2761
7409.63,2917.36,55.9987,24.2755
-4978.81,-322.955,87.8312,24.251
-7527.07,41.3891,54.5413,24.2467
-4799.54,5102.03,48.8368,24.2394
-1617.82,4615.77,147.736,24.2328
-3791.85,142.278,46.7368,24.2312
-5932.76,-6752.62,45.5874,24.2141
4686.28,-3830.73,48.1684,24.197
-4101.03,-7438.15,75.6926,24.1892
-693.33,4604.8,61.4028,24.1889
-3246.05,5390.07,78.3179,24.1716
-5106.43,4115.56,55.7822,24.1707
-5306.75,-4446.26,48.9723,24.1573
-7351.89,-7465.81,56.4395,24.1503
-7269.98,-7367.03,71.2365,24.1467
-2097.72,6618.56,71.4313,24.1418
-6443.91,6214.3,74.6212,24.1411
-7090.25,-4735.62,82.8666,24.1316
1693.29,-5857.21,67.5954,24.1312
2003.29,-4444.35,47.6765,24.1292
-3104.12,3773.12,35.1204,24.0977
-4947.06,-4687.64,49.3376,24.0882
-1655.47,-4813.88,59.5618,24.0751
6207.54,-2742.69,58.5372,24.0703
5328.11,-4136.87,48.3927,24.0576
189.414,4386.62,51.1888,24.0545
5529.85,1945.58,47.3861,24.0544
4702.27,5237.2,46.3112,24.04
4887.26,3833.7,83.6497,24.0353
-3432.7,-5959.37,64.3856,24.0237
-2351.98,5371.66,46.1448,24.0178
-4695.45,5415.44,68.1617,24.0137
-6974.33,1810.26,62.5882,24.0073
-3732.26,-4270.18,45.0448,23.984
-7128.92,4218.78,54.3221,23.9828
-5303.36,2354.36,49.3302,23.9825
4665.73,6239.57,77.228,23.9669
-6479.32,-3875.43,52.1154,23.9601
6919.65,-4206.54,54.6424,23.9587
-5648.44,66.7767,65.6316,23.9583
-1573.84,6574.43,52.1873,23.9556
-434.007,5161.15,60.4709,23.9524
-3098.11,3781.77,50.9884,23.9464
-4998.43,-4798.15,49.3008,23.9413
5123.89,7271.16,107.719,23.9411
-3626.2,-5329.31,55.4565,23.9325
2876.96,-5021.43,62.9096,23.9191
-6431.15,4104.79,157.108,23.8998
-4584.06,-5629.58,388.326,23.8962
6161.39,7466.31,51.1919,23.8959
-884.063,4325.4,87.7069,23.8944
1084.74,4422.69,50.2295,23.8801
-5320.38,-3218.37,53.9444,23.8686
2277.6,5704.59,53.3658,23.8634
5268.84,1723.58,62.8853,23.8634
1154.48,-6549.42,56.0086,23.8385
3993.92,6273.96,87.9227,23.8262
-4909.81,-6196.8,47.1848,23.8109
-6085.48,-3310.21,56.136,23.8093
6883.99,-7591.58,56.4659,23.8051
4158.04,-1292.84,128.296,23.8046
-4311.99,2543.54,47.615,23.7999
7222.39,6857.89,49.0649,23.7987
6811.36,6804.78,61.0715,23.7981
1687.47,5107.8,49.7029,23.7879
-5689.89,-1081.97,74.3884,23.7858
-5416.56,3695.26,63.8872,23.7858
-7504.69,6685.94,83.4136,23.7851
4646.02,-3168.86,63.6989,23.7833
-4203.13,7075.43,56.8983,23.7731
499.605,6410.86,51.0908,23.7617
5170.98,6032.89,55.4006,23.7578
-6764.66,6087.25,64.2329,23.7349
-5000.67,-7314.49,73.5163,23.724
-1989.39,-4408.64,87.5829,23.7059
-2404.83,5386.09,47.9369,23.7047
-3342.87,-4574.69,52.9705,23.6953
-7376.77,-591.079,50.4387,23.6902
5049.64,-4384.83,69.1244,23.6896
-2866.05,-6462.08,76.3308,23.6896
3090.43,4166.67,54.9762,23.6848
3957.84,7032.36,63.3611,23.6685
2020.11,-6605.94,51.0854,23.6645
-5325.47,6634.31,74.4241,23.6575
2483.49,-5996.74,70.4198,23.6545
7471.39,918.466,89.318,23.652
6540.99,-3673.47,75.7128,23.6514
4276.37,-6045.74,50.4277,23.6508
-1945.79,-7246.72,89.3871,23.641
2829.43,4891.4,51.2762,23.636
-4770.97,-329.138,70.2769,23.6245
-7531.5,-918.031,47.4928,23.6053
5931.8,-5455.14,65.2484,23.5964
-6791.68,4665,46.7978,23.591
4179.36,4501.17,80.5047,23.5851
7341.15,-832.5,66.219,23.574
2137.52,-5445.67,63.3795,23.5633
5522.51,-6563.32,105.153,23.5551
-2861.13,-5891.33,86.8119,23.5369
-7348.04,7493.04,64.1664,23.5318
1545.53,-6119.79,156.272,23.5273
7478.03,-5659.24,65.9618,23.5234
1653.57,-5776.21,64.0238,23.5176
3556.36,4173.32,60.7473,23.5148
-918.519,-4364.25,75.5783,23.5148
-7178.67,3030.31,71.5497,23.5092
3876.4,-4445.14,66.1131,23.5062
-4474.7,5679.35,80.417,23.4824
2406.19,-6215.29,52.3127,23.48
-1483.18,-7296.98,95.4097,23.4786
5853.01,6128.83,52.0864,23.4706
-4944.76,-6816.64,66.5339,23.4662
6559.2,-646.292,51.1897,23.4542
4493.58,3649.49,46.8641,23.4393
3496.62,7285.2,69.0291,23.4315
-2773.31,5546.16,56.2789,23.4298
5564.64,-4156.53,50.6974,23.412
-6995.19,-2163.51,64.813,23.3891
4849.13,6164.31,71.9984,23.387
-4024.9,-2630.21,46.1345,23.3777
-6450.8,1487.91,54.758,23.3726
-7341.47,-3968.07,46.2323,23.3559
-5669.86,6504.6,52.994,23.3536
-5890.21,-1004.39,59.9785,23.3526
2985.7,-5160.84,47.6848,23.3513
-3094.9,5807.07,56.4074,23.3315
2064.6,-5412.25,71.6462,23.3305
2848.78,-6155.89,47.4622,23.3303
-5634.68,1006.38,53.6091,23.3225
-2601.19,6535.88,60.0576,23.3185
-3695.79,-6018.17,91.5329,23.3175
5394.45,647.284,66.1843,23.3126
7080.35,5972.64,51.0925,23.3085
-1415.97,-4312.81,50.155,23.3072
6081.26,5266.8,133.788,23.2924
-5198.34,-4199.23,48.1483,23.2795
2692.21,-6409.28,46.8683,23.2589
6735.96,-4096.89,51.878,23.2558
-6209.76,-7102.67,66.5126,23.2543
7195.5,-4158.8,50.4918,23.2501
3095.03,6699.15,64.4033,23.2417
6193.73,-1622,104.25,23.2417
-5980.39,7183.19,51.3035,23.2408
-4576.41,-22.4309,45.0499,23.2381
5319.22,5586.94,49.0695,23.2237
4591.1,-1261.42,49.2453,23.2188
-2124.51,4024.4,80.0861,23.2079
-5934.38,-3231.47,45.0949,23.1986
-2179.23,3998.5,119.777,23.1693
6379.15,-7049.01,66.0472,23.1648
4898.61,4740.11,46.4635,23.1353
4065.84,7263.04,70.8504,23.1347
-1064.9,5690.73,69.5398,23.133
-4949.23,5763.55,94.8754,23.1323
6291.6,3054.64,72.1474,23.1246
7252.84,-2659.66,54.0978,23.1232
1.24931,-4559.9,52.5092,23.1154
-1665.85,5467.35,68.3878,23.1126
-3996.49,-4258.71,48.9976,23.111
-5104.88,-6795.16,46.7935,23.1062
6407.43,1374.21,47.0832,23.1051
-4637.02,-6775.9,62.8188,23.1024
-5474.26,-6620.73,61.1962,23.1013
-4565.2,-7060.9,70.5828,23.0992
-6396.53,-3059.18,51.7199,23.0974
-3968.3,-3065,61.4232,23.0881
5254.14,-4705.53,112.923,23.0876
-4349.43,936.65,66.2217,23.0825
-5986.38,-495.955,47.1203,23.0732
-7459.78,-1691.65,53.798,23.0601
-1618.1,7392.24,60.2166,23.0456
7186.13,-4972.23,45.281,23.039
-6929.35,6802.89,59.6573,23.0341
4237.16,-3992.44,83.1207,23.0323
3142.81,4236.15,68.6304,23.0066
-3665.22,-178.211,40.3806,23.0028
1698.66,5706.42,65.1579,23.0011
-5504.01,-2200.16,45.8417,22.9823
-5836.53,6117.94,55.2198,22.9794
2674.44,6140.23,56.7249,22.9773
-2204.9,-6594.23,74.2112,22.9732
6752.04,1303.3,71.9487,22.9514
3461.47,3970.27,49.2958,22.9501
1038.03,-5034.65,131.652,22.945
-5874.27,5856.82,74.1862,22.9428
-2168.27,-5905.74,53.7847,22.9393
6832.62,-5796.59,47.2863,22.9389
-5836.73,-2564.43,59.6351,22.9373
-5903.34,363.614,55.9716,22.9321
581.791,-5151.34,48.5647,22.9279
-752.31,-5542.39,52.6067,22.902
-6153.47,-5101.98,59.9371,22.8975
-3511.75,4448.72,59.2861,22.8942
-2051.56,5037.84,67.5869,22.8814
649.552,6901.84,75.939,22.8764
-5787.18,4840.27,56.6498,22.8748
-7406.28,1071.46,88.9487,22.8721
-1810.43,4665.85,46.7775,22.8703
4004.41,-540.607,51.1479,22.8627
-7385.66,545.4,49.751,22.8624
-6855.99,-3616.07,118.013,22.8536
5124.63,-1121.94,81.3849,22.8528
4696.07,5014.8,146.195,22.8519
-7610.86,-2987.66,54.7551,22.8512
-16.6005,-3991,49.4274,22.8404
2541.7,-4248.52,132.332,22.8251
5668.08,-4274.2,65.1057,22.8153
1830.59,4118.2,55.1373,22.8137
869.438,7614.64,45.9697,22.8124
4382.78,6471.49,79.7553,22.8105
7567.33,6048.34,45.8653,22.8049
-6041.41,-5102.28,55.9097,22.7993
1182.95,5858.73,45.0248,22.7903
4676.66,3860.25,60.8676,22.7715
5936.45,-1385.16,65.4116,22.7612
-1785.59,-6710.89,66.6082,22.7571
-6435.11,-5250.92,56.0604,22.7496
4909.79,2832.23,79.7008,22.7452
7125.78,427.06,51.548,22.73
-7047.11,1147.58,96.8868,22.722
-5107.76,4110.55,53.946,22.7191
-3852.07,2212.95,88.0925,22.6899
-2324.3,-6202.52,74.8104,22.6816
-1077.41,-6430.8,47.1091,22.6782
5599.97,-7130.81,58.5759,22.6772
-5839.94,-7490.59,82.5666,22.6453
2411.59,6441.47,215.654,22.6348
7168.08,6118.65,60.5146,22.6261
-3302.99,6612.43,45.7747,22.6063
1081.72,-3947.77,159.455,22.5764
2292.22,-3916.43,53.6304,22.575
-6378.51,-6390.75,74.4531,22.566
-4667.29,-4664.42,59.3816,22.5591
4504.34,-5584.09,84.8844,22.5551
-6491.07,-7049.32,61.6419,22.545
7519.49,-1074.23,55.611,22.5251
2989.69,-4645.97,81.6358,22.5039
744.556,6825.46,49.5189,22.4972
-4862.02,4341.01,56.0087,22.4936
4669.99,2728.49,48.5231,22.4921
-508.488,-5947.73,85.3747,22.488
4747.45,-2264.97,52.2829,22.4769
-7306.68,5181.31,77.1266,22.4748
5672.06,-7322.28,50.5857,22.4724
5675.53,6069.74,56.9424,22.4708
4515.77,5444.53,47.6736,22.4536
-5370.21,-6298.13,92.4414,22.4513
-172.647,6582.1,46.3274,22.4467
7465.1,3678.88,52.7226,22.4387
-2393.71,5116.69,66.8505,22.4341
4061.74,-6347.55,47.5462,22.4293
7189.8,-701.381,49.3654,22.4291
7417.64,3525.32,48.1861,22.4174
1308.24,4958.04,79.3868,22.4033
-4923.2,-4469.58,66.4422,22.3974
-4887.85,-434.413,56.42,22.371
2836.46,4351.49,45.0878,22.3665
-6320.19,7375.28,122.043,22.3657
-5344.35,95.5935,48.9868,22.3533
5894.58,-6225.02,79.2252,22.352
460.716,-5435.1,66.8387,22.3357
-4220.45,-4784.07,51.8718,22.329
-6219.36,7156.31,106.535,22.3279
-5803.16,-1622.85,58.9138,22.3138
2589.79,-4140.04,56.953,22.3105
7208.55,-4916.51,68.2225,22.3044
-6503.67,5489.91,67.9899,22.3005
-6558.94,3887.79,65.2722,22.2912
452.101,4554.15,253.507,22.2818
-2193.25,7369.31,84.6311,22.2711
1666.46,5483.12,53.3069,22.2698
-971.286,-6910.57,80.6383,22.2593
-5860.55,5868.92,48.3757,22.2549
5174.4,-2780.75,76.9915,22.2416
-5337.28,-1163.35,50.6397,22.2324
-7018.33,-5139.01,65.4688,22.2306
-919.325,4480.87,130.855,22.2235
7122.61,4168.34,52.0369,22.2021
5283.19,-7520.9,62.1895,22.1965
-1016,5952.41,53.1685,22.1896
7572.34,-2273.62,54.4646,22.1795
-7014.87,-2576.93,58.5509,22.1613
-7020.04,-57.9495,114.461,22.1576
-7200.06,1603.18,51.4901,22.1493
5892.35,-3112.36,194.173,22.1463
6186,2235.42,66.2835,22.1452
4376.22,-3699.18,48.2048,22.1425
5429.75,7273.44,74.628,22.1271
-6383.29,-2286.27,105.972,22.1248
5369.45,-2958.2,85.687,22.121
-3721.22,-99.8254,22.9051,22.1121
-7211.2,-388.048,47.4151,22.112
-4140.08,-5972.54,64.1536,22.1099
-935.355,-5579.29,62.728,22.0855
2363.33,-4465.64,80.8663,22.0825
-4653.91,-3362.5,48.3714,22.0751
1988.64,-3826.53,58.0841,22.0497
80.6629,6045.22,107.47,22.0478
5782.4,7149.77,47.2016,22.0353
5307.42,-235.932,56.7094,22.0264
-7305.53,3828.06,104.811,22.0182
-6972.59,1004.07,76.9172,22.0163
4936.4,1643.25,52.0887,22.0133
-3089,7304.1,92.0264,22.0012
5089,5662.69,58.7522,21.9985
-72.4792,-7056.43,78.6092,21.9949
-4466.53,-1658,55.0268,21.9746
-4545.51,3143.03,55.5533,21.9713
1375.97,-7112.9,52.9426,21.9673
5337.67,6874.99,48.8665,21.9653
5746.11,-6958.13,65.239,21.963
3850.73,-3598.03,57.8733,21.9594
-6598.85,3453.24,214.524,21.9572
-7494.26,-7215.69,70.8673,21.9481
-2792.05,7484.37,48.2678,21.9379
6023.33,6924.77,116.444,21.9354
6542.2,-4544.63,45.9741,21.929
-4855.64,-210.055,52.2409,21.9219
4021.73,-6885.39,59.0245,21.9212
-3031.37,6788.15,67.1125,21.9202
5770.61,4934.59,56.4882,21.9081
4375.39,6204.26,52.3001,21.8994
5408.85,-7229.99,50.3863,21.8934
-6586.58,2055.8,78.1662,21.885
-5176.39,4866.58,47.2642,21.8843
-7065.11,-3043.21,55.3084,21.8818
-5681.11,5423.44,89.6866,21.8707
4984.5,114.207,67.9215,21.8636
3445.41,-5997.79,69.5833,21.8631
-4067.68,-657.444,81.7088,21.8373
527.656,6091.43,51.8055,21.8371
-7453.58,5431.26,74.0314,21.8355
3680.3,5427.48,46.3349,21.8279
1652.87,5197.13,47.252,21.8251
1367,-4190.11,49.0544,21.8217
-5306.68,7123.48,45.7403,21.8166
5874.19,3904.87,49.626,21.8039
6129.53,-531.438,142.9,21.794
1107.43,4380.06,71.4293,21.774
-4959.92,6776.46,56.3777,21.7724
-958.433,-3787.85,67.3173,21.7674
7009.78,-724.076,65.1267,21.7643
2911.06,5173.13,62.8425,21.7598
-6849.14,-982.121,49.2516,21.7589
-6631.44,-6443.64,64.0404,21.749
4535.35,-2692.96,85.6125,21.7363
-3567.34,-5813.62,77.0017,21.7319
6204.46,-6817.75,59.8073,21.7218
-4520.33,6172.22,45.1366,21.7182
7502.67,-7007.6,45.0471,21.7157
2672.69,-7422.2,48.3411,21.6997
-2168.84,-5631.59,76.201,21.6984
-3153.1,7467.01,68.7903,21.697
5368.46,-5343.2,72.4838,21.6916
-6654.45,1796.52,51.023,21.6884
6078.22,2317.36,49.0141,21.6857
-7566.58,1211.15,64.7148,21.6801
-761.53,4945.39,75.6812,21.6799
-7179.65,6933.04,62.317,21.6761
4258.92,-2146.34,47.1372,21.6745
7545.17,1881.69,51.581,21.6697
4424.31,-97.6402,51.6736,21.6562
-1294.84,-5541.82,45.8367,21.6479
-1425.82,-6440.06,101.178,21.6432
-5705.22,-1953.01,70.6866,21.6317
1325.36,7065.01,51.2075,21.6174
-4687.15,-5995.36,59.7425,21.6127
7552.78,6624.55,66.8476,21.6096
5657.43,7354.09,57.5334,21.605
-2080.56,7404.85,77.0045,21.5723
2082.59,7348.49,51.5247,21.5674
-1926.35,-5239.04,59.9924,21.5623
-6072.41,1681.99,63.8183,21.5386
-310.874,-6217.4,46.6386,21.5345
4316.33,5118.84,75.4022,21.5285
6276.84,862.405,106.078,21.5272
-5146.15,6621.12,74.9345,21.5054
-7118.43,-4561.4,48.9314,21.504
6449.3,-2649.25,64.0042,21.4974
-1476.7,-7351.28,50.1366,21.4935
-1414.39,6597.02,45.072,21.4723
5408.38,4518.05,59.6655,21.4706
-5932.21,6910.23,57.3366,21.4517
1939.55,6788.06,269.428,21.4478
6356.9,-1218.94,70.5969,21.4465
-4518.92,2699.06,56.0365,21.4444
-54.424,-5119.46,56.37,21.4093
-2253.89,-6347.68,67.7083,21.402
-7292.73,6715.2,70.7886,21.4009
967.277,6923.78,72.6474,21.4007
5081.17,6726.76,55.9967,21.3949
6548.01,176.309,52.233,21.3906
6079.68,-1549.73,128.146,21.3846
6721.51,573.029,109.621,21.3707
-7056.32,964.581,47.7171,21.3683
-3119.93,-6361.28,72.0997,21.3663
2681.97,-4243.89,56.7552,21.3638
-1951.84,-6503.02,45.2512,21.354
-5365.26,-1447.44,46.8236,21.3482
-2368.15,6448.21,63.8557,21.3457
3059.85,5961.35,54.4543,21.345
297.534,-7345.26,82.4075,21.342
-5384.51,-2910.69,52.3094,21.3246
-2561.91,4395.99,57.5901,21.3214
-5558.21,1545.89,53.501,21.3164
3526.44,3664.96,33.084,21.3079
4160.96,48.8265,106.731,21.3075
700.992,4577.62,124.401,21.305
-5819.65,5781.66,87.2889,21.2979
3517.44,-5445.14,64.2337,21.2936
-6097.32,2721.2,68.3969,21.2931
-6952.91,-1100.45,54.8708,21.2902
-5323.77,-3228.21,55.7712,21.2706
-4998.3,-290.512,48.9648,21.2698
7599.08,4132.39,63.1257,21.2552
-6389.09,5289.32,75.4863,21.2483
-1134.78,6534.91,70.5237,21.2474
4451.39,1117.91,58.0168,21.2427
-6800.16,3738.44,47.3578,21.2392
4955.93,2558.62,83.9231,21.2328
-6045.69,-845.815,49.544,21.2252
1117.46,3895.41,129.403,21.2237
5172.05,6583.62,82.5944,21.2192
2387.45,7175.86,52.6139,21.2074
3486.23,-7231.37,50.5923,21.1968
-3955.73,-2119.87,50.8725,21.1824
7456.76,-3494.77,53.5304,21.1807
6267.73,-3218.38,51.3735,21.1778
55.9662,-5190.12,46.8326,21.1559
-6023.96,-2781.09,61.3047,21.1461
-2593.69,-3863.42,88.4421,21.1452
6653.95,4783.14,53.0342,21.1403
4737.6,-2323.03,51.2937,21.1343
-5995.67,-1304.94,50.6231,21.1107
4395.79,6399.23,47.0406,21.1059
3153.43,-6312.66,104.726,21.1059
-5951.58,-180.535,45.3321,21.1057
7530.99,6880.98,49.2993,21.0837
3961.56,6931.93,68.8899,21.0817
-5630.22,-34.216,56.5606,21.0779
-1245.13,4669.7,66.1338,21.0736
-1323.9,7539.47,72.9351,21.0714
5420.25,-66.7874,57.8117,21.0676
-6405.29,-242.307,107.671,21.0623
-1686.85,7472.67,53.4848,21.0595
6518.89,-6098.99,102.822,21.0512
-2681.28,5915.04,48.4181,21.0476
4241.11,-5477.92,72.0971,21.0409
2101.42,5746.94,45.2955,21.0309
-5554.5,118.273,47.014,21.0171
3859.24,5201.23,45.8727,21.0153
7169.58,4838.42,124.688,21.0057
6723.28,1595.42,46.8763,21.0051
-92.251,-6428.75,65.9352,20.984
-5928.72,-4154.17,88.797,20.9746
1445.72,-4444.93,53.0278,20.974
1146.19,5502.28,92.7106,20.972
-78.1955,-7095.3,48.9213,20.9596
6753.88,-3202.3,47.719,20.9517
7203.85,-393.014,100.181,20.9501
-4775.36,-6771.52,59.9581,20.9422
-4217.97,2460.94,84.8128,20.9266
-7605.66,3154.92,50.4609,20.9097
-1078.07,-6411.49,72.4743,20.9095
5511.47,-200.004,54.3491,20.9077
-7017.36,-41.5065,48.183,20.8994
7075.28,-2026.99,61.5289,20.8946
-5406.69,-4430.95,85.4485,20.8943
5128.61,-148.741,93.4172,20.8933
5924.65,-2628.32,46.8025,20.8883
-3736.56,-151.138,185.334,20.884
4469.96,1981.05,81.2875,20.8837
-4323.33,1606.79,63.7979,20.8816
3536.75,5325.75,197.199,20.8796
4650.31,1921.16,47.6048,20.8695
5131.03,-4914.93,52.7461,20.8537
-5470.06,3143.44,65.0331,20.8528
-7509.83,4681.93,47.0402,20.8517
-5420.01,-4590.37,67.6105,20.8511
6937.79,-3136.28,45.4424,20.8297
-4058.85,6944.54,46.7802,20.8093
-1835.48,-7216.33,97.1684,20.7995
2182.17,5648.88,79.8589,20.7861
5665.48,1532.97,46.2111,20.7737
5717.25,-7530.31,46.4606,20.7678
-5350.74,1759.94,51.829,20.7653
7001.68,3147.68,58.0522,20.7644
802.685,5484.21,86.7403,20.7549
-6130.12,-5644.36,60.6033,20.7492
-4597.45,-1382.96,49.4163,20.742
-6310.33,-6855.46,77.7583,20.7417
-226.737,4488.02,58.6315,20.7233
-5730.1,4545.84,50.789,20.7124
6329.49,6444.74,56.5082,20.7096
6034.25,5319.36,49.9652,20.7047
-2750.62,6321.2,86.1183,20.6842
5698.94,-2269.08,64.3912,20.6587
-1710.17,-5562.83,48.3561,20.6587
-5604.09,7083.44,56.3226,20.6425
-7279.73,2113.3,47.4228,20.6423
1486.87,-5026.17,62.3909,20.6299
-6313.12,1221.24,58.1569,20.6199
2975.37,5858.4,58.8239,20.6198
7099.19,-4205.75,48.5562,20.6124
6131.81,-5877.39,63.1779,20.6098
4819.92,-306.59,50.0705,20.6049
110.216,6271,77.0126,20.6039
6031.87,-843.671,62.9181,20.5728
-2133.93,3822.09,45.6771,20.5723
-6880.6,5693.53,52.3018,20.5628
-4912.17,3012.91,48.5941,20.5579
2258.54,6811.22,129.593,20.5373
6006.23,-6138.22,53.4959,20.5328
-7468.98,-1445.17,76.309,20.5273
-6721.09,-4034.97,64.1711,20.5058
-2531.57,-7168.41,62.1566,20.5056
6298.81,-4859.94,53.7069,20.5021
-5232.48,5662.32,84.2341,20.4929
-3442.04,-4354.94,62.9501,20.4927
-5648.32,2554.25,81.3938,20.4855
-5672.29,282.559,54.121,20.4854
594.401,-4742.31,62.2025,20.4756
-5714.33,2373.71,46.875,20.4666
911.477,7083.16,51.4637,20.4658
6742.02,1098.45,52.3102,20.4655
7464.73,-754.105,89.8409,20.4577
-2151.58,3867.74,81.3218,20.4575
3108.08,-6453.95,47.3646,20.4427
5617.34,-6191.13,48.1714,20.4378
3806.13,1476.53,25.3102,20.4347
406.479,5706.03,55.9135,20.4332
-835.395,4910.58,110.057,20.4208
-6648.88,2719.93,51.1308,20.4143
7301.19,-6765.11,70.3521,20.4072
-2969.27,-6481.47,93.6774,20.4046
7147.25,-7131.14,66.0559,20.4021
-4612.7,-5713.78,46.5781,20.3874
-3698.36,4915.5,64.5164,20.384
3946.83,7042.51,94.3177,20.38
-619.458,4530.46,53.4648,20.3679
-4637.05,5804.35,54.3361,20.3563
2208.72,5148.75,63.354,20.3549
5215.04,2163.62,50.0438,20.3522
1666.05,-7338.79,52.6618,20.3499
-5552.75,-2586.51,50.9391,20.3492
4494.13,-4495.35,56.9737,20.3474
-105.516,-3829.99,113.395,20.3372
5585.28,-4891.11,55.6535,20.3368
-6864.72,-5333.63,49.9406,20.3353
-3954.28,-4780.32,81.2815,20.326
7280.94,-5955.38,80.9309,20.3111
3257.71,5024.46,61.9113,20.2901
3443.76,-7227.9,54.439,20.2878
3324.42,-5823.28,51.1578,20.2745
239.334,5491.5,60.1643,20.2612
6278.08,-3428.53,86.3405,20.2527
-6847.84,-3256.01,74.65,20.2516
2722.1,-3929.43,64.0503,20.246
3975.59,628.913,79.7019,20.2306
-5025.3,791.154,49.0783,20.226
1284.86,-3957.6,49.4464,20.2239
-7311.37,7080.34,63.448,20.2153
-680.747,4665.87,63.5315,20.21
3650.21,6978.63,58.655,20.2035
-830.373,6615.89,50.5147,20.194
6535.95,-843.77,65.6465,20.1871
459.26,-5070.96,48.8518,20.169
-5627.37,1380.55,56.6981,20.1519
-5006.86,4321.57,74.0094,20.1315
7248.07,1335.3,46.7917,20.1166
-6556.18,5774.31,73.2837,20.1116
-5294.7,4505.11,164.913,20.1071
2172.49,6162.21,49.7386,20.0946
4032.73,13.935,74.6095,20.0825
-2700.06,-5834.27,66.154,20.0794
5225.58,-2429.84,45.4452,20.0656
-2812.15,4568.49,46.1396,20.0471
547.601,7032.47,45.3074,20.044
207.282,7137.03,58.9016,20.0435
1178.83,7392.84,53.8144,20.0397
-3374.51,4122.77,48.7837,20.0262
-6412.79,6076.5,46.3771,20.0223
403.088,4617.68,63.7007,20.0217
7407.97,-7329.81,60.7781,20.0122
3901.52,3630.46,82.2665,20.0114
-2947.27,-7052.77,52.8522,20.0049
-4402.2,1316.47,52.9103,19.9819
-3801.88,6749.59,50.4324,19.9798
-6874.14,-6489.53,50.2208,19.9756
-7118.58,-945.1,45.6182,19.9745
4726.24,-4133.65,156.282,19.9743
5946.45,-3409.9,53.9561,19.9629
5514.8,-2626.23,80.9136,19.9523
4057.62,2093.1,59.3939,19.9515
6861.71,-2607.09,53.5538,19.9453
3147.24,4094.29,84.2423,19.9432
2749.93,-3866.19,64.4338,19.9382
6994.66,-5781.59,53.6868,19.9251
-5862.49,50.4758,63.0531,19.9236
6205.27,1707.22,150.905,19.9137
6410.47,4982.91,172.759,19.9056
-367.404,-7452.74,52.3756,19.8859
6134.45,5417.48,54.5106,19.8855
7414.98,-1305.49,55.2773,19.8788
-4099.79,1100.05,48.9592,19.877
-1324.86,-4810.49,60.4829,19.8704
-1037.73,-7089.55,51.4125,19.8636
5895.62,6656.19,46.3131,19.8461
7060.7,-7253.23,51.0443,19.8455
-5964.86,-1832.77,58.4552,19.8449
7014.7,2650.74,71.1072,19.8316
-6546.54,-274.477,50.4886,19.8286
-4612.56,-3558.43,82.3829,19.8203
6720.43,5839.79,71.1771,19.8138
-4995.38,549.817,53.0893,19.8122
-4162.45,-4149.06,47.8155,19.8098
-5199.17,3659.44,45.8009,19.8084
-2328.99,7339.05,48.4194,19.8047
5682.62,-1221.71,48.075,19.8025
5729.99,-5218.52,47.8886,19.8022
-2008.52,-6815.44,59.8979,19.7961
-4099.92,6063.99,47.5306,19.7947
5030.09,-6326.47,50.2965,19.7888
-6777.71,-912.701,47.4499,19.7826
4946.96,-3854.9,65.0185,19.777
-5926.63,1802.29,49.9284,19.7685
-340.138,4834,45.1853,19.7678
5525.07,-904.305,65.9604,19.7551
4392.08,-5569.12,48.435,19.7288
-303.29,5442.95,89.166,19.7273
2206.52,6798.16,70.592,19.715
-5221.15,1556.47,110.256,19.705
4679.43,1066.78,54.4131,19.7021
7236.61,-1322.21,60.2735,19.6992
-3608.91,5103.88,45.5369,19.6901
3797.28,2036.08,48.8246,19.6869
-2243.66,-6947.17,59.3965,19.6834
-2757.99,4466.92,81.3041,19.676
-5196.39,-6791.94,45.7631,19.6729
-7257.03,-3129.67,53.2398,19.6694
4626.73,-7469.36,118.65,19.6639
-1328.62,4100.06,57.066,19.6626
-4313.26,6960.19,71.737,19.6582
4940.04,-6976.5,120.177,19.652
-6049.29,-5880.74,61.3414,19.6367
3709.7,-6051.16,66.2385,19.6272
5639.72,2464.32,47.2464,19.6254
1689.8,-6219.85,52.6014,19.6093
-3438.72,-5029.91,49.1314,19.5974
7092.86,-4910.43,85.4349,19.5972
4609.21,110.611,64.7089,19.5876
-5261.36,-1976.31,47.2373,19.567
6219.14,-6713.29,49.8986,19.5666
5504.7,4923.76,62.3713,19.556
6916.25,5343.37,47.362,19.5541
-4223.59,6465.55,54.2552,19.5454
1538.75,7598.97,48.2988,19.5384
2266.66,-5458.09,59.6506,19.5335
4340.09,1425.46,46.8226,19.5245
-4289.23,-2393.27,58.7282,19.5235
-975.647,5646.45,52.6626,19.52
-11.9826,-6838.1,53.0996,19.5183
-474.041,-4822.38,64.6333,19.5147
5543.93,-597.782,66.6914,19.5068
6468.05,648.895,46.0685,19.5063
4392.9,-1273.15,51.6728,19.4903
6463.82,7047.19,48.6067,19.4812
-4174.6,3926.08,66.5199,19.4688
4839.88,6893.96,48.6918,19.4687
2850.83,7547.48,53.97,19.4665
-6372.82,5018.6,48.1222,19.4625
-3849.96,199.991,49.1197,19.4464
-1006.66,5311.6,75.5292,19.4333
4639.6,-2855.47,57.1494,19.4263
3921.06,1882.07,82.5478,19.4245
6033.98,-6474.23,64.8445,19.4242
-1252.37,-5121.23,45.1199,19.4115
-2740.55,5251.82,72.4708,19.4114
-7087.63,-2139.04,45.4947,19.4082
-1594.18,6318.73,90.1086,19.4071
-2237.97,-7386.45,60.9049,19.4001
-319.641,7557.69,64.3833,19.3996
-6865.24,5234.38,87.3301,19.394
-5311.37,-3682.69,48.3259,19.3897
-4448.16,7342.57,76.3082,19.3842
-6574.11,-3236.57,141.258,19.3828
3845.65,5979.71,128.782,19.3688
7369.4,-7327.62,55.1642,19.3651
-7468.9,-1628.78,57.4841,19.3641
-5840.67,1772.64,53.611,19.3537
-6294.57,-2290.64,50.9522,19.3446
5275.82,7181.36,45.1865,19.3364
3011.79,-5018.67,48.1836,19.33
-4050.46,-6246.95,70.5675,19.326
-6255.75,-2090.91,84.7948,19.3235
5957.36,3932.88,70.8283,19.3192
-7216.06,-3424.43,46.0107,19.3189
-4806.08,6960.74,135.299,19.318
-5194.08,-1270.06,54.9514,19.3167
5082.45,1755.08,62.8555,19.3045
3944.72,-5741.25,45.2806,19.303
-1620.07,6419.18,84.9058,19.2954
1378.87,3852.36,77.2296,19.2933
7358.04,4684.63,74.327,19.289
924.256,-5909.48,46.1269,19.2866
7216.35,4168.4,55.2565,19.2819
-3876.63,2615.71,81.7183,19.2801
-5304.61,-2298.85,129.635,19.2733
7305.4,5001.1,158.471,19.2725
2376.08,-6216.2,66.4755,19.267
-3953.56,2588.01,71.4594,19.2638
4870.86,-2306.17,53.5104,19.2628
1836.25,-6303.89,57.3137,19.2569
5069.11,-618.387,76.8611,19.2458
-5496.87,-2513.07,84.1503,19.2412
-6841.12,-3907.84,52.4135,19.2392
7487.02,5663.94,130.269,19.2392
2296.73,5116.31,45.8019,19.2313
-6184.66,965.093,61.2249,19.2189
5553.49,5845.95,55.6792,19.2061
3472.69,-5983.48,119.886,19.2017
-4126.12,-1918.64,68.8933,19.1771
-4919.46,2760.23,77.3753,19.1734
5643.17,6030.07,85.8071,19.1664
-2899.83,5946.99,50.3288,19.1629
-4320.54,-3273.92,70.8918,19.1451
5035.08,1057.47,71.4133,19.1413
4163.44,-3185.5,49.1822,19.1413
7398.51,6317.89,51.9015,19.141
-36.3701,-5485.67,49.0973,19.1388
-2239.09,3949.3,45.1967,19.1327
7368.24,3974.5,50.7876,19.127
3729.56,6438.49,52.9631,19.1259
-2576,-4098.82,47.2485,19.1256
5856.24,6381.74,61.1447,19.1248
4235.76,4831.38,99.1714,19.1219
-6208.24,3604.65,46.0721,19.1218
-4669.42,-5231.23,48.9223,19.1168
4429.61,-304.376,46.0254,19.1126
5669.16,3507.11,68.7116,19.1057
-6946.07,4738.08,47.7915,19.101
-4115.49,-2893.47,84.5508,19.1009
5738.75,351.465,47.4767,19.0781
6854.4,-2972.75,69.5883,19.0771
5636.96,-2485.54,192.812,19.0646
5413.85,4742.25,51.1528,19.0593
-1177.77,-4829.89,137.102,19.0579
6214.1,-3156.9,49.7813,19.0305
-5049.28,420.541,49.4643,19.0249
5940.29,-1477.6,82.2349,19.0241
-7391.78,-6740.37,46.3264,19.0219
377.013,-6523.86,54.5132,19.015
4066.77,7428.12,67.8275,19.0138
-7066.44,3666.24,57.7577,19.0071
-6392.63,-5631.19,73.8782,18.9765
662.461,6435.93,47.973,18.9643
4966.15,-644.972,53.9849,18.9449
4096.85,4155.76,52.7774,18.935
-2119.77,-3874.42,51.0815,18.9314
-5639.38,2882.96,99.3134,18.9295
-1860.44,-5016.96,133.705,18.9265
-3807.5,754.672,77.3542,18.9238
6539.11,-7308.68,47.4758,18.914
6764.29,-1963.17,54.5207,18.9013
-3939.18,-2762.01,64.4999,18.8964
-6507.16,407.248,82.3878,18.8915
6781.43,-6330.33,82.9016,18.884
-5589.94,-3546.25,57.1062,18.878
-990.931,-5537.34,49.8977,18.8762
7274.42,3015.41,49.2119,18.8719
-5832.94,-4398.68,54.6569,18.8686
5505.81,2682.96,57.9317,18.863
3240.21,4828.76,45.2329,18.8615
-4307.08,3554.13,51.3559,18.8516
-3626.03,-6480.52,47.5699,18.8395
4060.4,-613.08,58.5045,18.8351
1645.82,-7376.82,82.2366,18.8276
-4980.87,7184.07,103.43,18.8246
-7383.78,-6488.51,63.9135,18.8098
7371.93,535.866,67.0053,18.7974
-7096.07,1142.08,70.75,18.7885
-1067.8,-5484.49,52.3301,18.7829
6664.52,-7370.48,63.3403,18.7767
5111.07,-6765.55,60.3408,18.7759
7461.2,-4559.01,50.3674,18.7642
5573.59,5595.98,58.7802,18.7587
-3248.43,-6573.41,51.5544,18.7578
-4727.4,-3965.72,53.8081,18.7572
-1607.46,-6724.18,71.873,18.7547
6815.97,-4040.3,47.5023,18.7345
6927.5,3349.48,55.3129,18.7245
-6847.61,-1775.9,46.1979,18.7172
-945.813,4581.33,158.448,18.7153
-2132.95,-5735.42,62.8023,18.7039
4842.73,-5518.12,51.2639,18.6978
-6331,-2265.87,53.0542,18.6977
-6128.76,-868.28,68.61,18.6952
6293.44,-3220.27,81.7123,18.6952
-5123.55,2531.25,54.4841,18.6946
-4169,-2793.93,82.3775,18.6911
-4994.25,2640.54,63.7577,18.6883
1399.1,-5104,72.8141,18.6864
-6789.97,-985.813,54.111,18.6834
-711.918,-6619.14,48.6631,18.6833
652.758,5802.19,493.47,18.6679
-302.594,-4856.63,57.2663,18.661
304.908,6331.81,45.963,18.6606
5268.45,2203.62,59.6244,18.6544
7295.79,2837.77,50.783,18.6438
-4547.48,1694.7,63.8519,18.6245
4134.3,309.29,80.0134,18.6175
6868.25,-7459.31,75.45,18.609
2825.46,5396.38,52.8132,18.605
442.586,4785.18,48.9639,18.6021
5631.1,6209.82,45.7421,18.5989
3831.14,-6758.5,46.9518,18.5982
2155.74,5427.19,63.1493,18.5976
4422.53,-1633.58,71.482,18.5878
5234.91,436.894,60.4822,18.585
-7038.28,-4935.8,78.7488,18.5686
3880.82,496.344,64.5425,18.5651
4745.93,1943.92,46.8953,18.5619
-4307.39,1560.05,62.4859,18.5473
4631.93,-6516.93,54.2,18.5432
-5379.08,-4788.97,53.7619,18.5356
5362.24,6879.61,67.0032,18.5263
-2525.03,-5021.97,50.8281,18.5109
-4495.6,4580.44,67.7223,18.4978
522.413,-6929.23,57.6543,18.4929
4972.93,2977.42,75.3225,18.4899
-6548.18,6441.57,64.161,18.4876
-4472.37,-1443.19,169.463,18.4832
3573.51,3706.36,57.6485,18.481
-7343.56,4229.63,87.9041,18.4694
7404.92,-5512.77,95.642,18.4679
-3771.21,4137.49,52.0109,18.4661
-5888.71,1326.89,104.722,18.4633
-793.945,-6472.74,45.1148,18.4628
-6101.54,-5342.87,77.3844,18.462
-3392.66,-7205.47,57.0063,18.4562
4595.99,692.184,139.205,18.4516
-5465.52,5209.2,57.2949,18.4485
-5356.95,5272.68,65.6268,18.4381
-3568.99,-4624.53,55.5753,18.4355
-7118.58,3123.57,50.9908,18.4354
-1488.96,5252.14,65.8087,18.4312
-4898,-7305.3,157.686,18.4272
-5834.19,-627.735,130.386,18.4264
4075.91,-4034.27,64.8323,18.4249
-2576.5,-7349.5,46.387,18.4204
-1746.1,6331.09,192.075,18.412
5087.26,-2998.28,57.0504,18.4105
-5004.99,1861.53,66.4377,18.4021
6643.96,-6569.76,45.8263,18.3994
4092.39,-3168.46,60.1357,18.3902
3681.36,7572.54,64.3027,18.3872
1968.66,-6364.88,51.8169,18.3792
-6428.22,1347.08,57.7068,18.3573
-6973.32,5212.24,52.8738,18.3487
3326.46,6853.98,62.605,18.3455
-5384.64,-4927.99,63.0423,18.3398
5860.34,4988.78,52.3805,18.3338
7191.25,7047.69,61.9047,18.3322
-5847.18,-2246.93,51.4757,18.3315
-6656.78,2404.58,74.3996,18.3133
-7000.07,1921.83,45.3381,18.3122
-7514.32,7040.28,48.9733,18.3094
-4232.13,1499.02,67.9509,18.3087
-554.631,5966.54,137.683,18.3079
4141.91,-2224.3,85.8468,18.3059
2032.31,-4877.82,70.9034,18.2944
-4703.45,-5910.84,57.1933,18.2864
-5638.15,-1208.59,50.011,18.2823
-7315.17,-6787.9,60.2946,18.2792
3190.16,6228.72,49.8249,18.2772
-631.163,5115.7,46.6153,18.2706
-4662.21,-1572.93,78.6156,18.2702
3057.97,4494.4,111.089,18.2687
-7176.48,-1927.72,177.383,18.2665
-3898.89,-2239.43,137.024,18.2661
-5755.66,-7287.72,141.604,18.2602
-5847.15,2756.83,46.8322,18.2599
5330.72,712.79,50.4128,18.2593
4191.14,-4747.88,198.034,18.2405
7042.74,-266.204,56.7199,18.2311
-946.403,-6311.82,71.7479,18.2254
6910.14,-3406.09,46.381,18.2233
834.77,5724.41,121.26,18.2144
6691.44,3708.1,71.4461,18.2001
7542.89,1415.55,56.1565,18.1984
-2054.72,-4030.15,105.434,18.1921
3813.45,2753.34,64.0846,18.1764
2904.06,-6001.64,48.1332,18.1761
6063.51,-2389.39,58.0658,18.1731
-5441.09,5565.09,58.8016,18.1595
6866.07,-4850.26,85.093,18.1592
-6298.71,-1596.41,79.4829,18.1512
5462.47,3075.11,110.014,18.1466
4001.74,4996.08,53.2881,18.1423
-1745.79,4295.79,46.0335,18.1263
-3590.08,5695.22,66.2929,18.1211
-2158.24,5115.46,51.6853,18.1196
4291.97,2507.79,48.9013,18.1182
6893.71,363.88,57.8606,18.1126
-6233.02,5794.59,46.9559,18.1069
-2370.59,5915.26,73.5935,18.1068
-4888.92,-479.98,58.5946,18.1033
7087.39,-6752.2,53.9006,18.0962
-301.911,6323.18,64.6556,18.0953
3935.88,-7315.79,56.7355,18.0822
2138.25,7287.48,72.7309,18.0752
922.25,4848.06,55.8288,18.0695
-1381.01,-4004.65,52.4085,18.0674
4738.69,2823.84,51.6162,18.0553
-7347.33,6864.15,73.8775,18.0466
4990.02,1027.29,72.605,18.045
-1835.94,3952.46,69.247,18.0387
-5861.27,-2803.75,47.7758,18.0191
4993.37,-4648.06,45.8553,18.0126
-1117.06,-6703.64,47.5826,18.0123
4306.66,-5868.1,70.5018,18.0093
-5962.52,4898.54,46.6314,18.0092
3491.83,-7256.85,46.3168,17.996
4152.53,-3071.96,75.2828,17.9943
-2228.05,-4296.96,78.6109,17.9937
5377.09,604.696,48.463,17.9913
-1235.69,-6721.84,70.829,17.9758
-4996.87,-3049.98,46.9515,17.9732
5067.34,1471.17,67.9571,17.9702
-4047.81,-7412.77,51.5993,17.9612
5939.37,-1961.42,47.9761,17.9198
6240.05,5677.63,55.5982,17.9191
-4719.41,-5877.74,48.8809,17.9141
6193.73,-810.211,61.6852,17.91
5017.81,-1693,66.6607,17.9097
-6719.67,-1900.51,52.656,17.902
7357.4,5329.02,46.3045,17.9018
820.215,-7502.2,91.6403,17.9007
6322.83,6050.02,46.6897,17.8918
-5955.48,-5082.99,51.9056,17.8837
-7441.56,-90.7935,72.0956,17.877
-4648.7,3123.81,47.768,17.8743
-3003.76,-7026.46,69.8352,17.8684
5541.09,-1034.41,54.2801,17.8628
2390.29,3837.64,45.7909,17.8584
-1696.92,-3858.68,120.419,17.858
-4807.69,867.889,50.2644,17.8467
-5052.35,-6149.45,55.24,17.846
-7338.27,3714.3,56.7689,17.8438
4542.2,4282.43,705.965,17.8426
7443.96,-1928.38,48.9866,17.842
4501.43,-4807.52,61.2668,17.8418
-2786.89,-4797.01,101.733,17.8312
7027.59,5734.65,52.4827,17.8257
7589.76,5558.15,45.32,17.8193
4570.38,1034.79,101.916,17.8096
7203.92,3080.01,49.4428,17.8012
3099.89,5342.02,45.3675,17.7972
-7383.98,7349.99,96.9471,17.7863
-1133.07,-6634.6,50.9211,17.7853
6317.42,4742.21,52.7821,17.7849
-515.597,4860.75,46.7415,17.779
5611.48,5813.48,70.6866,17.7735
-3683.09,5161.61,80.0435,17.7552
2732.1,6775.76,51.0687,17.7344
414.911,7500.41,59.0054,17.7325
-2281.61,-4146.41,70.6054,17.7297
6027.8,724.668,46.2268,17.7266
3530.07,3716.84,26.7628,17.7159
6344.33,-1260.11,76.4201,17.7123
-7549.73,-3016.43,45.0901,17.6961
-6023.07,-6300.37,61.6543,17.6824
5720.62,4121.04,50.1133,17.6754
-2853.34,5699.36,52.9344,17.6682
-3358.99,-7449.5,54.0903,17.6654
6410.1,-136.69,51.8554,17.6625
3810.11,5056.12,74.1458,17.6486
-1922.19,6856.9,56.1521,17.6365
1674.67,-5337.37,49.9463,17.6353
-1210.73,7173.17,66.7487,17.6266
5359.65,2205.55,75.4255,17.6266
3800.33,-3937.79,48.7399,17.624
7406.98,-4229.26,59.4222,17.6234
4751.12,6955.79,76.5124,17.6213
7317.41,-6495.12,49.6543,17.6192
4452.3,-1776.41,122.566,17.6169
3348.78,-5671.64,46.6948,17.6001
3108.69,-7516.89,51.6576,17.5802
-7100.6,-410.818,56.7005,17.5634
-6065.76,-1985.67,52.503,17.5543
-6051.65,4672.73,69.4791,17.5534
5610.38,-3061.81,46.8774,17.5477
-4301.25,196.007,73.3438,17.5417
-1872.19,4452.54,45.4553,17.5392
-6834.58,113.569,55.709,17.5345
-5311.31,-4710.39,48,17.5305
-4530.35,-700.884,206.691,17.5227
5312.93,-6555.62,47.0995,17.5014
6853.33,-6540.7,46.5508,17.5
2905.81,4023.65,51.4072,17.4992
6109.47,865.777,72.5233,17.4842
4482.51,-5849.76,173.335,17.4775
431.074,-7169.38,45.4573,17.4749
-4825.72,-7180.06,72.1075,17.4708
-4861.46,6273.08,86.2444,17.4674
-425.745,-5329.48,45.9701,17.4586
-6702.93,4354.78,48.6666,17.4543
-4680.98,5967.34,75.6658,17.4498
-4255.29,7487.72,82.6012,17.4461
5456.27,5869.02,69.2987,17.4417
-2446.83,-4668.71,45.4337,17.4262
5971.77,-2226.84,97.676,17.4166
-4192.91,1253.56,50.7137,17.416
-5029.03,2280.71,74.2182,17.3949
-3884.91,1359.52,50.9891,17.3946
-6292.39,3817.53,47.6625,17.3927
-227.104,4412.39,76.2895,17.383
4888.92,4985.63,62.4404,17.3816
-6865.84,-6417.97,88.5894,17.3734
101.59,-5851.14,48.1014,17.3668
-4829.67,-7212.96,108.029,17.3657
7472.97,-6795.83,85.6241,17.3639
-6188.22,-4764.83,54.2485,17.347
-1689.95,4335.95,46.3196,17.3428
6730.86,5838.76,57.8107,17.3351
5771.93,-1516.92,63.0254,17.3194
-3575.85,-5501.46,74.3849,17.3153
-5848.71,1999.5,63.8572,17.3149
5361.47,6620.67,60.2888,17.3108
4162.83,-1489.19,64.2955,17.3096
4936.3,1787.72,58.0516,17.3076
6489.56,-6518.39,65.2549,17.2973
6092.19,-4316.44,57.5234,17.2953
-2759.84,5352.98,81.3094,17.2932
4098.37,-224.04,45.1084,17.2921
-5328.99,4279.78,77.5467,17.2852
-725.788,-4460.63,62.5731,17.2692
1949.45,4930.41,49.5444,17.2418
7210.29,-6513.39,45.0669,17.2244
6052.7,-6249.36,115.17,17.2192
905.508,6302.62,68.7762,17.213
1037.48,7511.69,46.8444,17.1989
1254.4,-4095.15,101.067,17.1959
-2901.15,7405.43,55.1559,17.1891
3848.53,1499.93,74.4551,17.1675
-3609.72,4811.74,165.193,17.1169
4742.76,-1440.88,59.624,17.113
-5323.36,4567.39,208.046,17.1097
2626.98,-5170.35,114.186,17.1051
3809.03,820.949,67.3646,17.1044
6315.33,7391.21,49.8665,17.0973
-4361.4,-809.992,52.0276,17.0871
-5694.8,4425.08,50.9769,17.0859
-4134.81,-7373.84,68.4457,17.0838
-3828.17,-3864.13,68.6125,17.0815
-4175.35,1704.95,54.5223,17.0741
-6790.51,-4855.96,65.6394,17.0718
1275.33,7119.48,46.5851,17.0673
-1347.85,-6910.43,54.1974,17.0625
7002.81,-2114.12,45.328,17.0533
-4341.68,-595.246,61.7427,17.0532
-4863.34,4307.7,52.3121,17.0422
7573.68,3677.18,47.1012,17.042
5237.89,2744.8,68.8453,17.0285
4630,-3085.15,51.0717,17.0164
5583.27,7015.27,51.8249,17.0144
5387.14,495.67,71.3412,16.9963
-4624.11,3951.6,51.9712,16.987
5537.12,7351.06,45.5914,16.9808
-6511.38,-176.582,53.9972,16.9801
5451.12,5356.52,63.8791,16.9711
1188.7,-4631.5,60.7971,16.9625
4371.26,3181.88,46.8595,16.9606
5836.16,3343.56,47.0108,16.9526
5736.18,-5943.08,71.405,16.9251
-5396.01,-1053.64,55.1799,16.9188
-4773.54,4668.9,46.4333,16.9118
7178.34,1742.97,73.5085,16.9057
-2298.04,7186.33,67.0129,16.8918
5577.28,2768.42,48.9388,16.8788
3760.47,-5513.49,50.8474,16.8788
1805.81,4875.77,50.7857,16.8675
708.764,-4719.57,69.1961,16.86
7028.9,2230.42,89.2362,16.8595
-7082.23,-5545.21,53.5126,16.8445
7564.04,4402.13,54.5773,16.8354
-5061.91,1690.51,68.43,16.8161
-5556.56,-7344.55,82.996,16.8114
-4391.61,-5677.07,75.8451,16.8029
1242.89,4901,61.2891,16.7989
5003.74,3806.2,74.2815,16.7811
-5220.39,3729.51,89.6567,16.779
-6975.38,5484.99,61.8083,16.7787
-7197.15,-2166.17,46.5483,16.7774
-4977.62,1767.57,50.8033,16.7617
5333.72,2010.97,68.2436,16.7531
6912.66,3549.89,73.2276,16.725
-5502.18,-941.706,49.4229,16.7068
3972.1,-7138.59,47.5259,16.7059
6553.74,-1501.08,61.6488,16.7036
2380.61,6450.07,89.6438,16.6903
3580.34,-7115.24,66.1137,16.6834
-4635.63,5354.03,51.9982,16.6814
-7559.72,-4531.04,58.4894,16.6754
1831.85,5588.73,61.0107,16.6682
7479.62,-2950.75,50.4437,16.6558
-5224.75,-1247.18,52.1938,16.6545
6907.36,2679.86,51.8865,16.6476
-5351.7,-3152.28,81.7538,16.6433
5125.21,-1846.55,291.762,16.6417
4561.48,-2396.2,89.967,16.6341
-922.599,-7592.75,45.1178,16.6333
4751.04,-7571.32,69.1561,16.6296
-4459.83,276.341,48.024,16.6181
3527.62,-5355.47,159.658,16.5856
3794.6,709.349,84.046,16.584
-4642.65,-392.743,49.6364,16.5782
-2569.83,5930.48,54.5498,16.5708
2016.85,-5984.83,45.5857,16.5622
-7514.09,-5634.89,110.285,16.56
3791.51,-4550.57,51.8998,16.5504
3125.41,4817.95,63.9176,16.5443
-4862.75,3030.95,47.5848,16.5397
4337.57,7552.72,48.112,16.527
7368.67,6570.65,74.0282,16.5105
5771.56,-5027.71,100.11,16.5052
-2423.9,6069.8,45.7943,16.5043
-4628.7,-3865.5,93.9168,16.4862
7008.75,3008.21,52.1404,16.4828
4429.95,3928.39,49.9404,16.4715
3884.03,-3280.71,59.9927,16.4705
3047.14,4485.03,130.876,16.4698
886.333,-6470.76,105.028,16.4638
-3528.31,3991.93,61.5641,16.4632
1894.22,4605.59,57.1603,16.4493
-1928.72,6861.74,57.6163,16.4389
5350.43,-4456.07,50.559,16.4371
552.798,-6114.38,53.0673,16.4277
-5708.69,-5023.37,120.794,16.4267
-1672.76,4387.34,76.1662,16.4264
5430.32,-6608.19,66.5375,16.4245
5329.3,2124.33,48.406,16.4159
6364.44,2862.53,48.7359,16.4114
5054.04,863.754,150.902,16.3964
-6149.42,-7431.15,77.0845,16.3961
6149.92,-3495.94,52.1205,16.3929
6425.07,-2479.03,63.4194,16.3896
5272.08,-4094.62,46.5798,16.3865
-5072.93,3844.63,52.7459,16.3848
-4675.91,-929.1,79.4751,16.3735
4614.83,5481.33,47.4124,16.3662
6958.04,-5919.79,48.7471,16.3657
4961.83,7014.26,160.845,16.3634
-5494.58,-2683.49,57.4077,16.3619
-5504.9,620.706,136.205,16.3501
6268.99,5693.08,67.1225,16.3461
1807.74,-7116.94,58.2691,16.3432
-2182.78,4866.05,49.5745,16.3408
4872.33,1021.66,60.4972,16.3241
-2234.21,-7007.92,69.0159,16.3223
601.021,-4508.48,65.7508,16.2947
-6576.3,-3006.69,47.3302,16.2916
5798.93,104.074,65.515,16.2762
-3869.18,7124.42,84.5182,16.2702
-1635.6,7342.05,49.4069,16.2678
-6605.7,2995.4,49.4652,16.2672
-429.8,6746.13,62.022,16.2651
7485.32,3891.53,47.2658,16.256
5394.22,-7479.54,63.2389,16.2398
-7054.51,-1964.96,45.8919,16.2363
-7498.52,2605.57,50.4614,16.2304
7380.76,-62.3665,108.237,16.2212
-4134.56,-7564.43,54.0868,16.1903
5793.64,-2038.86,45.2295,16.184
5139.29,-128.512,61.5081,16.1802
-3479.36,-6659.24,63.295,16.1786
4432.13,-5231.36,49.9868,16.1456
-4252.16,-2244.79,54.7175,16.1315
-1846.42,4110.34,47.9691,16.126
-1762.58,4806.47,68.565,16.1222
6249.31,-747.189,47.2058,16.1216
6245.88,-3966.5,65.5908,16.1191
-4879.15,-5697.82,49.0534,16.1058
5522.76,7397.3,57.6192,16.1033
7443.73,6669.79,49.9785,16.0914
2355.37,4456.57,64.0842,16.0893
5128.22,-1095.38,63.7016,16.0818
3731.13,-6643.29,58.3677,16.0748
-5409.64,4627.41,61.2175,16.0695
-2311.63,6342.04,118.7,16.0635
5107.04,3136.69,60.8067,16.0457
-7113.97,-7099.8,94.8547,16.0364
3136.68,-4272.22,57.6995,16.0346
-3841.68,5604.77,89.0041,16.0281
-5172.81,-5394.98,46.0082,16.0252
3278.39,7349.95,48.4314,16.0238
3433,-5359.73,241.892,16.0212
3572.3,3726.83,29.3858,16.0174
-2844.7,7094.1,58.5872,16.013
2520.46,6206.42,51.0923,16.0023
-4640.23,6866.93,49.7765,15.999
5011.11,1693.5,52.4838,15.9937
-1517.3,5231.43,54.4941,15.9933
7139.27,-101.281,46.1446,15.9835
-7011.67,2181.37,74.8736,15.9797
5834.91,6072.56,55.4026,15.9594
-4788.95,4023.28,52.6421,15.9534
-6526.85,-5054.4,126.379,15.9426
1726.76,5514.03,59.7193,15.9414
6817.25,5760.56,53.6536,15.9346
6348.07,-7550.63,48.9491,15.9268
-4561.26,7132.01,52.859,15.9251
3656.49,5191.2,62.0958,15.9244
5196.09,5039.16,74.5979,15.9236
1374.07,6857.68,66.1265,15.9211
3450.35,6161.72,59.5165,15.9209
-6274.09,-5189.97,66.746,15.9175
6162.83,4109.06,49.6326,15.9157
-3487.79,-3847.42,86.7766,15.9154
5869.26,2873.15,66.9095,15.9019
-4533.25,-5527.46,85.7721,15.8832
6991.49,4633.15,50.6887,15.8655
-2593.74,7418.19,50.4414,15.8574
4039.15,1005.34,59.3955,15.8462
3436.84,5090.68,135.984,15.8428
4747.21,-7141.58,52.5724,15.8418
-5712.26,2513.76,68.1389,15.8346
-6071.54,-1179.18,88.3494,15.832
4390.19,-2664.79,47.0246,15.8307
5472.86,-307.586,115.049,15.8301
-5153.45,-2678.38,86.7306,15.8203
-4365.08,-4352.46,53.7983,15.8134
-2570.61,-6374.29,47.164,15.8108
-5396.05,-2074.18,54.7425,15.8033
5362.39,3004.28,53.4449,15.7996
-2592.26,-6017.09,66.2801,15.7884
5445.83,-6678.19,70.5952,15.7689
-3622.89,-6100.97,59.1883,15.7647
-3441.61,-6492.69,47.1152,15.7633
6692.62,6522.84,57.7006,15.7624
-6935.49,7201.96,59.5211,15.7516
3260.99,-6397.82,48.3152,15.75
-5185.39,-3557.53,46.5744,15.7489
933.983,6380.97,59.8233,15.7487
-4573.8,-2000.41,47.0989,15.7462
1270.75,-5581.02,54.3245,15.7356
4785.85,670.891,55.7026,15.7231
-1888.84,-6528.82,84.5762,15.7227
2079.41,-7474.63,79.5516,15.718
4958.35,1089.7,47.1631,15.7146
7097.31,4134.47,80.2427,15.6922
-3917.44,3352.8,70.0276,15.6895
2292.93,6998.17,47.2007,15.677
5566.23,-245.521,54.3869,15.6694
4769.61,-1405.11,61.1637,15.6663
-4466.44,-6412.18,57.4921,15.6586
3926.56,1881.2,51.4319,15.6583
-1592.87,-4675.33,46.266,15.6583
1689.44,-4694.06,55,15.6553
-176.929,-4229.98,46.4679,15.643
7368.02,7327.19,87.7895,15.6286
-5852.01,-6012.23,47.4845,15.6105
-5681.93,-7310.93,80.4254,15.6015
-7438.5,-4348.37,59.7503,15.5926
-6225.3,-3868.36,48.7697,15.5757
-492.646,4189.4,47.66,15.5689
-312.017,-6960.14,77.7528,15.5686
3928.94,1641.71,65.8208,15.5512
-5276.59,7480.35,45.3734,15.5498
400.678,-5686.86,48.5467,15.5382
-2030.07,-4730.71,49.6247,15.531
-6985.99,-6552.92,121.057,15.5302
-3552.46,-4839.54,85.7177,15.5015
-3770.2,-6648.15,55.3422,15.4974
-6298.99,-6264.19,85.2408,15.4964
-6598.56,1738.59,103.891,15.4896
5220.55,5257.47,60.8646,15.4828
106.414,6546.42,56.7422,15.4767
3411.7,-5937.07,49.4855,15.4714
-4512.88,5364.86,82.7231,15.47
-5764.64,-91.9226,100.931,15.4672
211.833,4830.2,52.5521,15.4603
-4088.52,-2841.52,67.9845,15.4562
5808.47,6947.4,57.2821,15.452
5683.15,891.323,87.6977,15.4512
-6903.82,7301.88,71.6662,15.4396
-3567.34,-4005.17,59.866,15.4379
2461.93,5575.31,108.735,15.4359
-6679.58,-7577.13,57.486,15.4315
6467.18,1054.13,63.673,15.4277
-6594.99,1456.43,64.3692,15.4208
-4212.12,-3515.97,53.3222,15.4055
765.977,4266.91,45.8444,15.4043
4738.51,-2952.09,69.954,15.3991
3580.18,3969.68,67.2833,15.3884
-471.659,6587.76,66.366,15.3815
-5822.09,-2593.77,49.069,15.3712
-6277.91,5986.07,51.592,15.3706
-6311.58,-3099.18,56.1299,15.3682
4477.89,6025.33,77.8793,15.365
5652.45,7008.8,83.9827,15.3643
1482.69,6129.94,65.7348,15.3605
3286.15,7161.42,55.8859,15.3487
-7181.35,3533.31,51.8327,15.3335
3163.9,-5052.15,58.3359,15.3126
6431.8,-3596.46,64.414,15.306
-6864.74,-6134.63,69.8729,15.3055
-6374.14,4784.62,55.9968,15.3005
3444.91,-6069.23,45.3952,15.3
5252.88,6354.22,64.0281,15.2801
-7367.52,545.995,54.1474,15.2618
4762.83,6667.29,100.239,15.2618
-2390.4,5502.57,64.5915,15.2617
1261.37,4839.39,61.0888,15.2581
2247.56,5309.16,75.8899,15.2518
6579.5,-6800.17,65.5491,15.2474
6813.07,5744.33,76.1961,15.2304
542.382,5210.99,49.8987,15.2294
-5229.43,-4369.37,73.0717,15.2271
4652.89,-3782.94,51.3927,15.2224
-7081.05,3822.42,72.4922,15.2173
1660.13,-5574.43,145.834,15.2059
-6068.11,5515.76,72.1688,15.1965
-6743.23,1358.57,75.8331,15.1962
2234.83,-6507.73,49.0311,15.1939
190.189,4076.95,53.0749,15.1824
-1114.17,-6223.19,46.3576,15.1648
7561.56,-7499.5,46.6605,15.1602
6644.43,2147.69,68.9418,15.1597
-4833.8,704.946,63.9013,15.1586
6381.66,3354.19,64.8003,15.1403
-4489.21,-4213.69,49.4556,15.136
1216.98,-6670.06,50.3662,15.1336
6694.57,22.628,121.727,15.1328
1382.56,-5549.97,46.2698,15.1121
-6820.23,7349.67,59.9718,15.101
6280.09,-621.008,50.6754,15.0651
1780.93,-3940.94,46.8869,15.0606
462.959,-7517.34,54.4157,15.0518
3975.01,4417.22,83.8717,15.0499
-6251.85,2221.09,63.4668,15.0497
-1505.2,-6178.64,51.3683,15.049
-3807.47,-1186.67,59.6128,15.0438
2093.5,7411.41,80.8294,15.04
-3289.09,-6084.7,58.5056,15.033
4342.92,4619.19,55.8093,15.0305
3499.59,5943.81,71.7606,15.0156
5133.43,-2324.42,45.1437,15.0082
-5990.7,-3607.66,74.9672,14.9996
4924.55,3409.6,70.326,14.9991
-5447.76,3816.92,79.3417,14.9966
207.416,5561.57,53.0262,14.9941
6021.28,3675.02,45.7429,14.9841
-4258.36,-7242.77,155.325,14.9716
-4170.38,2842.25,48.2451,14.9697
-6689.78,-1170.95,64.3357,14.9623
5083.42,4600.93,66.9184,14.9582
2823.4,-6862.73,50.067,14.9528
4732.89,5195.17,67.4725,14.9495
2857.46,4632.94,46.15,14.9405
2844.92,-7228.94,49.4662,14.9347
-6325.18,1467.95,72.8169,14.9298
4408.12,-7435.01,82.0588,14.9164
-5481.37,-4144.82,46.064,14.9057
-5156.94,4513.27,46.6679,14.9024
-5633.16,432.954,90.2747,14.9013
-2041.06,-5251.65,66.7053,14.9012
4020.34,5827.85,89.4661,14.9006
-2975.65,-5409.01,50.9969,14.8849
-5750.97,2443.24,60.6051,14.87
5861.55,-5312.43,49.0504,14.869
-5191.14,-1835.65,64.3572,14.8613
-403.274,-5316.25,55.6139,14.8581
6497.51,-2668.08,52.3992,14.8576
4583.52,-1116.86,116.95,14.8558
-5375.85,-3890.67,76.9234,14.8492
-6479.25,-7469.57,46.5821,14.8487
-4666.95,-3156.57,61.757,14.8472
7018.91,1205.42,45.1758,14.847
4538.86,1192.37,47.5988,14.8425
-3851.01,3774.92,58.3852,14.84
5885.99,4069.35,46.6799,14.8354
5464.32,6488.98,58.6537,14.8277
6131.58,-4982.3,47.1407,14.818
5493.01,1702.68,47.5965,14.8131
-3130.62,4558.23,65.9049,14.7982
-7582.06,-189.549,58.3935,14.7794
6365.79,1585.39,47.1506,14.7744
5394.39,5997.33,52.863,14.768
-3690.89,5715.05,50.2506,14.7669
-80.2292,4288.45,47.0322,14.7543
-4231.24,2818.52,51.7839,14.7502
-6042.76,1680.41,84.1654,14.7456
6600.71,-827.266,89.392,14.7349
6687.18,-4931.07,89.9542,14.7331
6433.7,-3876.64,48.049,14.731
-4573.45,1824.49,125.086,14.7282
-7443.49,-2416.85,81.2787,14.7212
-2289.76,-6303.09,50.7605,14.7113
-407.076,-4895.7,56.5801,14.7058
-6702.41,-6994.39,54.0265,14.6982
-7109.5,-6364.61,68.8643,14.6981
-180.373,-5866.02,59.7911,14.6934
7418.04,4477.95,50.3639,14.688
-6951.67,2982.68,86.7049,14.6764
5175.18,5843.46,58.6876,14.6666
6566.51,-3740.67,45.371,14.6506
-133.946,-4332.65,51.7745,14.6437
-6021.36,1708.09,64.9994,14.6365
5109.88,-3973.92,47.6808,14.6224
-5144.61,2518.09,53.1195,14.612
3654.75,4337.81,52.7718,14.6044
3105.97,6823.69,52.1493,14.6022
-5665.07,4658.82,59.7072,14.5885
1825.48,-5625.64,50.2581,14.5831
-7502.12,-3659.34,51.2185,14.5771
6135.64,1465.32,75.7783,14.5591
-6102.7,4953.09,48.312,14.5586
1093,-6341.3,72.7877,14.5532
5551.47,-1277.27,61.4759,14.5515
-4955.98,4471.77,49.9695,14.5411
5507.58,-7338.04,53.6152,14.5372
941.185,-6397.07,83.4105,14.5234
-6938.22,-4275.61,60.9244,14.518
-1736.57,7487.48,65.9215,14.5137
-2898.7,7034.54,48.5626,14.5121
4396,3378.29,49.6095,14.5065
-5027.47,-3913.35,50.8905,14.5037
4238.95,-1540.37,61.6563,14.4976
-6812.87,-1190.07,45.964,14.4912
6072.58,-2223.08,64.4341,14.4837
-4011.43,-4166.51,88.4112,14.479
6228.95,-2826.52,47.6691,14.467
2900.06,-3908.56,49.4332,14.4623
-2903.96,5637.59,46.1501,14.4578
-2888.77,6918.99,45.5865,14.456
-6047.58,-5187.89,46.0968,14.4524
4929.96,-7280.47,63.4126,14.4506
7316.14,7106.6,48.6115,14.4467
4917.63,2351.35,101.064,14.4432
-774.401,-4388.4,47.8055,14.4395
-2825.59,-7089.13,75.8184,14.4385
-4236.98,4338.32,70.3922,14.4334
-3299.21,4081.7,55.3167,14.4125
7127.09,2594.81,54.9243,14.4091
2282.41,7260.34,99.6756,14.406
3738.03,4530.36,87.9438,14.3997
3312.79,7061.3,46.3412,14.3942
6864.34,6310.31,53.2793,14.3721
7481.67,-1135.47,132.411,14.3714
3844.19,-857.934,78.0165,14.3687
3326.2,-3811.82,52.6344,14.3678
5300.02,-1720.64,62.0998,14.3626
-3993.81,5622.48,45.4739,14.3562
7404.21,-2321.09,68.9769,14.3551
5780.28,60.4652,51.7817,14.3497
-7288.26,4907.37,49.8985,14.3472
-2609.37,6802.91,47.0921,14.3412
5826.38,-4948.19,67.4314,14.3297
-4950.09,4254.36,101.509,14.3242
-4662.72,5879.15,52.2262,14.3229
-3977.58,-2225.25,61.6907,14.3182
1020.79,7519.43,83.4659,14.3174
6670.22,-7513.07,46.4947,14.3158
-6189.5,4709.57,77.5442,14.3069
5542.32,2459.27,80.275,14.3051
-1326.98,7012.87,46.7099,14.3031
4682.41,5113.56,52.8058,14.2987
6515.57,4089.07,53.5883,14.2972
5751.03,3619.27,56.5094,14.2946
60.1394,-5294.38,76.4159,14.2853
510.014,3948.81,78.1849,14.2782
2616.33,4217.94,62.4888,14.2774
-5024.46,-6423.82,47.7628,14.2771
3180.91,-4391.3,48.1025,14.2728
-7157.54,5525.04,51.4257,14.2701
-4852,571.864,51.6743,14.2665
-4046.25,-6744.8,80.388,14.2663
4713.04,1411.15,76.0149,14.248
-6247.95,1931.36,58.378,14.2478
-1799.64,4363.26,45.4868,14.2477
-2071.37,6269.93,47.8495,14.2436
5379.89,-409.096,48.5005,14.2418
2766.8,4648.62,96.9422,14.2322
6155.9,-4317.19,64.7352,14.231
-5077.74,4158.5,57.6381,14.2239
-657.937,4294.88,54.7434,14.2188
-4119.85,6226.98,85.0781,14.2144
-318.355,-5077.97,58.2068,14.2094
6451.3,-3517.07,47.1777,14.2047
4726.5,3903.24,55.6773,14.202
-6569.63,-5899.96,51.6256,14.1942
6589.05,7465.48,92.7596,14.1881
5908.61,-2130.94,89.1259,14.1876
5390.16,2982.79,54.7339,14.1831
7382.26,6329.6,74.6588,14.1811
6933.03,4312.5,111.867,14.1778
4849.41,2982.72,46.2775,14.1775
2535.78,-3872.55,63.0089,14.1749
3821.65,-7450.54,84.1422,14.1677
-7447.27,-944.883,65.1521,14.1624
-4144.11,3372.65,48.1077,14.1616
6489.32,-3753.65,46.5404,14.1525
3293.57,6099.13,64.7427,14.1489
5920.11,-3409,54.5007,14.1423
532.459,5188.37,56.0385,14.1404
-4115.4,-3566.15,59.7381,14.1325
-6586.98,-4173.44,49.3814,14.1308
7184.79,7525.59,57.2486,14.1201
3500.6,7345.64,52.4218,14.1195
431.547,-5160.31,354.056,14.1148
-5965.07,-5484.3,67.7753,14.1028
-5216.05,-1344.65,72.4215,14.1006
6993.18,3445.95,73.944,14.0944
-1064.42,7106.48,61.4728,14.0885
7230.34,5016.19,61.7295,14.0736
-82.2816,-7097.6,90.7092,14.0283
508.715,-5919.91,45.5258,14.0262
5192.26,434.72,62.0836,14.025
3871.42,3629.67,55.9855,14.0178
-7567.43,-177.372,48.728,14.0062
-4819.48,-4167.15,54.046,14.0046
-942.51,-5366.8,69.8276,14.0004
5249.62,-3218.07,61.6958,13.9963
2299.59,-5647.94,46.2908,13.9887
-4135.58,-1042.64,45.4529,13.9869
4598.97,540.041,49.1724,13.9764
2944.07,5421.75,61.057,13.9748
-3082.95,-5675.54,51.62,13.9736
4261.35,-801.903,54.2535,13.9731
-1635.64,5495.67,62.0607,13.9728
-6671.26,5760.11,252.775,13.962
2724.69,5586.5,79.7479,13.9577
-2380.59,7208.96,72.8846,13.9394
-7150.65,-5520.6,46.8127,13.924
-400.768,-5770.65,47.0903,13.9227
4878.72,3166.44,119.001,13.9124
-5660.17,3222.44,216.092,13.8904
1284.76,-6726.66,83.3933,13.8704
-6035.6,6829.26,47.8252,13.8666
3917.14,5774.5,47.5924,13.8578
-7527.13,5130.71,66.4493,13.8576
5190.07,1885.59,45.9566,13.8569
2015.58,-6661.89,163.92,13.8554
7327.88,-3144.88,62.4684,13.839
-5017.57,1070.05,80.2854,13.8331
2196.74,6346.58,47.574,13.8301
-6579.24,3453.82,181.591,13.8295
1879.94,-4037,48.4653,13.8225
6588.19,-5678.88,49.6067,13.803
2038.14,5771.59,80.8605,13.8025
5225.49,-7252.54,49.9348,13.7953
3800,-7107.71,56.2445,13.7745
-2102.45,7413.91,77.5162,13.7553
-4977.92,-325.268,60.2058,13.7328
6010.38,5220.58,46.8941,13.7305
1752.24,-7439.43,46.554,13.7286
-7516.72,-250.021,47.0483,13.7073
-989.581,-6692.4,87.2148,13.7031
-5946.02,-2578.9,48.5615,13.685
-4572.68,-1355.93,47.4123,13.6845
5614.62,-3353.18,46.199,13.6826
-1184.4,-4630.47,47.5372,13.6671
7329.34,-3266.55,62.5743,13.6645
-2963.66,-7141.5,72.4612,13.6638
154.012,4646.16,47.9831,13.6625
5356.95,3673.17,51.4824,13.6429
847.39,-3775.09,36.8096,13.627
4532.93,1219.58,50.8678,13.6171
6431.41,3142.48,103.678,13.5924
-2900.72,5725.42,75.7304,13.5898
-1983.08,-4990.2,56.966,13.5693
-7427.5,177.407,53.1005,13.5643
5143.29,780.856,47.2821,13.5544
4781.65,6097.61,70.5689,13.5377
-4727.3,7473.75,83.0406,13.519
5287.89,3524.55,93.7154,13.5186
-4251.92,-506.208,49.1241,13.5132
-2627.81,-4999.01,52.0366,13.5063
-3567.86,-3959.81,61.8299,13.5039
4895.73,4962.08,74.1274,13.4928
6376.48,-2442.79,55.1349,13.492
3867,-1712.07,85.5108,13.4892
5091.01,450.047,45.4253,13.4888
6983.96,7274.67,53.4449,13.4778
-5224.08,-2071.95,55.1046,13.4713
5810.35,712.168,89.6506,13.4649
714.889,6531.36,63.3821,13.4608
6649.7,-1564.35,78.069,13.4561
-4210.62,2868.59,46.7413,13.4533
3739.77,3586.23,37.6731,13.452
396.876,4008.06,61.2783,13.449
1303.12,5344.89,57.6105,13.4349
4734.77,2139.07,75.2667,13.4315
-2853.38,5038.84,46.7807,13.4214
-6205.34,-3482.2,57.1425,13.4184
-4823.61,-3244.18,49.7048,13.4141
-6569.81,4017.53,55.9273,13.4135
7162.57,7198.59,57.7416,13.392
5197.21,655.82,86.8273,13.3896
670.717,5512.01,50.0583,13.3887
-5871.38,-3668.24,123.58,13.3859
2385.27,-4607.11,59.4592,13.3826
207.412,5072.66,50.3865,13.3788
-7187.16,2241.19,47.7404,13.3782
3163.21,-7131.44,51.3891,13.3611
1690.87,6135.22,108.565,13.3545
5987.32,6876.44,46.7679,13.3489
-5753.41,-3534.43,188.285,13.343
-3270.79,-5633.26,87.3642,13.3385
-6489.93,5666.94,58.3895,13.3355
-19.1379,3916.3,48.9565,13.3342
-6499.8,-5360.96,72.5435,13.3269
-3861.5,1899,45.3092,13.3231
3252.42,-7159.08,161.639,13.3029
-2204.38,7292.21,57.9148,13.2965
122.97,-4814.1,48.9725,13.2901
-3837.2,5799.52,86.3789,13.2746
6440.21,-4539.18,78.9883,13.2715
3277.35,6231.43,48.6646,13.2682
-4102.13,2264.24,45.7148,13.2612
-2402.63,-7257.7,47.3838,13.2593
-2120.1,-5861.25,90.6831,13.258
-4022.61,-4443.82,53.2307,13.2538
4404.38,146.904,52.5381,13.2366
3409.65,-5137.09,68.3156,13.2303
3831.04,2876.88,55.7044,13.2247
-6738.17,-3848.68,68.5641,13.2228
-2102.45,-7152.48,46.8475,13.2193
3985.76,-4290.58,69.8755,13.2059
2535.16,-3727.93,101.444,13.2028
7052.12,97.1649,163.52,13.1819
-2113.99,-7102.78,113.514,13.165
-358.942,-5103.64,57.7054,13.1631
-3257.2,6119.32,58.4838,13.163
3820.63,-6355.41,53.601,13.1572
-6668.71,4411.24,45.0663,13.1535
7359.98,-122.881,61.4756,13.153
-5337.79,-2803.37,46.264,13.1446
5052.72,-7111.24,59.3394,13.1431
-7225.26,-6217.12,45.8788,13.1363
-5118.91,795.743,90.6196,13.1353
-3684.26,-7278.66,58.83,13.122
618.821,5384.35,55.2751,13.1211
1810.04,-7174.18,56.1708,13.1207
-4878.12,-2013.59,45.0757,13.1192
2188.13,-4437.17,68.4251,13.1083
-5566.6,-6530.07,48.372,13.1038
618.385,-5001.71,68.628,13.0991
5491.62,-3542.92,82.5148,13.0834
-4068.83,921.723,69.9011,13.0812
-5296.64,1267.15,72.2383,13.0793
1526.73,5103.47,52.1313,13.073
-4936.24,5178.26,63.8978,13.0553
6474.44,1069.55,52.8268,13.0355
-4845.07,3509.52,77.9706,13.0352
1314.23,6156.59,55.1031,13.0218
6994.5,81.2589,53.9427,13.0194
3628.69,3653.81,232.932,13.0175
-5846.69,6257.06,55.2378,13.0163
6154.95,-4158.74,77.8577,13.0095
-4377.93,-5840.93,133.356,13.0053
-3959.99,-5447.53,54.8702,12.9883
6399.29,3896.39,71.254,12.9839
-4100.86,6367.06,52.9467,12.9817
-6321.17,1720.23,87.2618,12.9792
-2782.63,-5089.69,55.3838,12.9744
-3660.36,-4675.6,75.078,12.9534
-4940.51,2443.39,54.5813,12.9301
2993.91,-7597.08,50.8439,12.9275
-3555.42,-5079.43,46.8398,12.9231
-7227.21,-1823.72,54.1074,12.9197
6672.68,-1760.27,47.2451,12.9122
7556.27,5410.37,45.1704,12.9094
-3253.7,6423.25,49.6863,12.9056
-1679.86,-6171.38,70.7137,12.8898
-295.947,5618.45,79.8841,12.8849
-1887.2,7247.43,46.5303,12.8825
-4337.41,4168.34,58.8474,12.8729
-4720.91,1845.74,49.7987,12.8725
3042.06,7286.6,51.8179,12.8711
-6125.68,1920.56,46.0258,12.8493
6505.54,753.794,45.182,12.8413
-6193.57,-1896.44,59.9785,12.8317
5274.22,-6273.05,106.085,12.8199
2373.36,-3897.98,47.435,12.8148
4978.67,7103.9,72.3782,12.8098
5237.58,6170.39,82.0326,12.805
5147.73,-5057.5,46.5341,12.7914
5607.07,-4612.27,66.5343,12.7888
4520.3,-2143.5,50.0024,12.7722
7315,-4123.36,88.5034,12.7519
-857.977,4579.92,61.4127,12.7438
6214.72,7189.66,51.4115,12.7391
6003.73,3579.76,50.4768,12.739
-6519.13,1160.63,45.7825,12.7284
-1975.46,5981.33,57.4226,12.727
-3534.73,7041.93,109.795,12.7269
-7242.8,-2750.11,83.366,12.7242
-4181.13,6313.48,247.542,12.7235
-5620.87,-2433.34,62.2731,12.6916
-4569.46,5887.75,51.5332,12.6819
1515.7,5034.3,49.7092,12.6781
3532.89,4448.74,48.7017,12.678
-3114.42,5482.61,55.6949,12.6714
-6323.2,3922.69,66.6613,12.6304
895.55,-5852.98,58.3679,12.6238
-4367.02,-5319.19,88.6334,12.6197
6141.98,7238.41,76.2023,12.6101
-6000.81,-4889.65,48.2398,12.6087
-4462.57,6305.93,59.7303,12.6087
-7335.8,2840.82,46.1712,12.6057
6691.34,3064.91,64.8494,12.604
4770.04,-6821.16,71.239,12.5994
-587.055,6127.13,82.597,12.5892
-6621.6,6986.92,45.3406,12.5882
-5701.62,-5180.69,61.402,12.5854
-5352.79,-4392.33,53.8641,12.5847
1940.57,-5305.19,65.4987,12.5792
2819.85,4376.14,49.0405,12.5428
4627.5,-7582.75,73.5752,12.542
-5043.6,-3629.69,48.2748,12.5393
-3987.38,3851.46,56.3516,12.5388
-6268.48,-5246.22,53.0866,12.5254
-4401.32,-3645.47,53.9901,12.5139
5762.73,6953.78,47.3792,12.5117
2517.81,-6905.45,53.0494,12.503
-6220.47,-2919.97,153.534,12.501
-4905.33,6990.61,45.1758,12.4992
5927.24,-7512.51,91.5909,12.4988
-5102.84,-7117.19,62.8663,12.4974
-3389.3,-7110.6,49.3969,12.4971
1423.58,4127.53,78.1326,12.4948
-3466.82,-6263.39,96.7237,12.4938
4146.09,-4186.32,63.6934,12.4918
-3107.41,-6963.35,48.6735,12.4918
-7041.54,5578.73,119.069,12.4838
-2359.72,7092.35,46.777,12.481
-6551.22,-4814.04,54.2944,12.4788
2664.09,5979.69,99.4053,12.4751
6732.11,-3146.9,50.1815,12.4727
-2349.33,6471.23,48.0792,12.4713
7431.37,3671.37,71.4247,12.459
-5973.8,3500.54,87.7028,12.4472
5972.62,-2172.05,105.767,12.4451
-6676.01,6343.73,51.7639,12.4394
-3514.81,-4761.9,67.8453,12.4081
-4309.08,-7432.32,76.6825,12.4059
1535.48,5793.73,56.4753,12.4049
-7091.1,5894.34,55.0048,12.3932
2606.84,6316.93,62.3171,12.3817
614.748,-6626.89,51.4802,12.3764
-1941.33,-6016.93,55.1595,12.3753
6033.71,-102.42,52.2346,12.3696
4267.67,-3547.12,47.5362,12.3541
-6154.37,-7419.49,56.8319,12.3498
1027.76,-4552.9,63.493,12.3452
2192.68,-3869.69,59.0322,12.336
6645.97,-298.508,57.4279,12.3358
-4869.9,-4038.53,53.1835,12.3327
6579.42,2489.49,62.5166,12.3201
3523.95,7347.66,56.5179,12.3087
86.934,5395.18,74.9894,12.3035
-6256.46,981.419,146.239,12.2982
6506.03,5505,79.5163,12.2823
4507.26,-4872.55,45.9446,12.2801
-4669.88,-5726.87,259.752,12.2757
6218.14,5380.07,47.7774,12.2676
-5182.58,-1394.6,80.4323,12.2649
3544.38,4427.83,91.5576,12.2627
3871.21,-855.989,47.1524,12.2594
2022.98,-6407.43,74.3564,12.2578
5905.7,580.139,57.1386,12.2111
-6821.56,-449.762,49.2354,12.1969
1186.36,-4363.03,82.892,12.1964
5137,7175.13,71.657,12.188
7364.58,-2837.61,75.9352,12.1793
3182.34,-6327.34,51.3325,12.1773
-2284.6,-4918.58,88.9659,12.1765
-5080.4,-1506.64,57.7653,12.1642
1647.86,5622.52,98.8571,12.1621
-5197.78,-5439.51,49.5621,12.1515
-6735.28,239.383,79.48,12.1396
3242.64,4846.19,67.2182,12.1361
7574.02,5027.97,52.9478,12.1265
-5579.58,2838.74,147.452,12.1203
-6737.65,7155.39,116.21,12.1028
-7520.12,-2939.82,45.8721,12.1022
-5200.12,2832.01,64.3138,12.092
4774.57,113.22,86.3541,12.0889
369.815,7462.23,66.3469,12.0708
-7528.18,726.331,63.3866,12.0675
7602.92,4583.35,52.0748,12.0581
-2244.79,6954.17,55.7447,12.0484
-2464.19,-5539.77,98.4821,12.0481
6393.21,-2206.87,46.1766,12.0308
5111.33,7207.65,132.348,12.0257
-4592.41,492.23,54.1333,12.0084
-6278.4,-1021.11,47.8736,12.0073
4755.96,896.066,46.0242,12.0069
6142.38,-3465.13,60.792,11.9958
3219.76,-5056.59,58.6035,11.9899
5182.08,-3442.33,45.2834,11.9816
-6592.09,-852.612,64.3837,11.9812
-6951.35,2990.72,64.5397,11.9779
5357.79,6438.75,48.828,11.9595
-7574.72,-1301.87,48.1057,11.9495
-737.903,7191.6,45.9766,11.9456
3262.7,6538.54,118.548,11.9438
-5485.97,-545.809,53.2827,11.9415
4297.61,3.13073,45.5893,11.9397
4809.07,-3814.72,46.4339,11.9357
-5020.91,1821.77,54.0202,11.9351
4748.65,-2606.83,58.9868,11.9325
4418.61,2238.86,93.8126,11.9251
-152.269,-4710,137.183,11.9161
7391.1,-1801.49,45.0371,11.9098
1240.67,3977.41,83.5936,11.8863
-4049.93,-840.079,56.2783,11.8841
6788.45,-2315.41,60.3662,11.8795
3256.5,-3774.33,60.5903,11.8741
-3326.67,4292.81,62.307,11.8709
399.131,6061.65,67.5026,11.8663
4895.87,5719.81,86.7179,11.8422
1988.7,-4985.1,45.7329,11.8344
-3550.08,6804.05,51.4785,11.815
-4856.58,4548.61,50.1653,11.8142
3736.71,-4848.46,49.1973,11.8123
5427.52,487.308,72.2815,11.8047
-6191.99,-7267.31,47.061,11.7769
-5416.57,3363.45,45.8878,11.7668
-2503.42,-4369.57,45.0634,11.7394
3867.29,-5319.45,52.6061,11.7304
-3773.97,-4170.82,60.5183,11.7299
-7251.32,3159.09,62.0128,11.728
-5538.32,-3607.76,66.0452,11.7272
510.486,-5538.26,81.1932,11.721
6685,4430.8,74.6119,11.7154
2955.12,6536.24,49.6731,11.7117
-6285.16,-249.285,50.2879,11.7037
-3692.93,-6766.23,86.2722,11.697
5154.43,6771.2,55.5172,11.6828
5181.1,-3827.91,73.7191,11.6808
2403.74,-4576.98,63.8027,11.6772
-1711.04,5840.42,45.8512,11.6712
-2101.73,-5926.69,70.4642,11.6598
-4617.93,-4869.01,47.9045,11.6477
1297.58,-6190.97,84.3594,11.6456
-5983.88,-169.259,64.8086,11.6086
-7401.79,5668.04,115.143,11.6014
-4174.35,6967.71,60.9673,11.5999
-4746.07,-4181.87,66.074,11.5975
6830.91,-5739.29,56.4548,11.594
-1822.88,6622.5,82.1548,11.5904
3916.56,1692.4,68.4156,11.5875
-7459.11,4491.61,52.0265,11.5853
5150.2,-6423.74,77.7615,11.5764
4561.84,-4040.96,64.2015,11.575
-793.385,7035.87,45.5226,11.5683
3886.05,-3845.15,48.2685,11.5615
-4957.12,-2091.89,79.6556,11.5552
1410.43,-6054.21,46.8405,11.5405
4261.94,4922.96,47.8771,11.5404
-4646.94,-355.984,56.5363,11.5302
-6952.99,-4253.77,50.7477,11.5282
-1916.17,6084.93,46.499,11.522
-4707.4,-7490.59,45.8092,11.5071
1067.84,-6999.86,47.5631,11.5043
3735.94,7079.76,59.5181,11.4917
-4657.38,-1168.58,65.5041,11.483
-5996.42,-4470.22,51.8784,11.4776
2239.57,5022.46,49.3275,11.4766
-6200.52,1920,50.8617,11.4698
3240.25,4583.49,66.6657,11.4667
-6549.36,-2969.26,54.0689,11.4406
-4910.5,1717.06,50.69,11.4384
-2937.28,7086.78,50.9275,11.4382
2726.61,-3999.44,88.8704,11.433
4350.36,-3809.69,75.8588,11.4052
-4646.93,-1968.52,87.5377,11.4051
-3725.6,-5665.34,80.6298,11.3969
1262.52,-5922.83,126.289,11.3958
6166.65,1832.18,141.735,11.3957
6887,1003.58,46.6821,11.3929
-4082.46,-1016.41,45.2277,11.3915
-0.404929,4265.42,90.9326,11.3891
1360.05,5171.72,67.8505,11.3878
-5238.3,1311.09,275.248,11.3779
-7218.88,1960.74,49.2144,11.3711
369.411,-4693.73,54.8464,11.3671
3366.75,6449.23,57.9415,11.3574
4136.37,-5235.43,52.3821,11.3422
4559.46,7413.49,77.5447,11.3391
-3928.17,-3648.62,77.853,11.3207
-5355.9,3322.05,48.9132,11.3197
5987.33,5432.58,73.9947,11.3184
-5906.73,3973.27,57.8145,11.3109
444.435,4570.67,56.7358,11.3018
2651.28,5138.3,51.1428,11.2531
-6510.1,2649.01,62.6823,11.242
29.437,7306.9,57.0133,11.2397
5363.52,5868.15,45.4334,11.2303
1604.55,-4965.82,131.871,11.2262
2963.23,-4653.66,61.7553,11.2216
3039.48,4862.34,48.9641,11.2177
-5722.4,-3432.19,59.8421,11.2148
5421.04,2251.97,45.6089,11.2022
1506.69,6283.75,50.6918,11.1972
6949.03,-5971.93,162.851,11.1696
7029.82,4401.93,45.8938,11.1606
-5623.53,1977.9,66.3974,11.1587
-5064.86,2347.47,80.9838,11.1529
1835.41,-4806.68,78.3364,11.148
-6402.63,5767.09,66.4852,11.1374
6293.57,1672.82,49.9092,11.1298
4152.88,-1535.77,71.6226,11.1286
3271.65,-4143.04,45.5774,11.1196
-248.799,7120.05,45.1951,11.1181
-3590.14,-7564.43,45.515,11.1111
-5462.03,4769.83,59.0865,11.1099
491.552,-6126.78,46.721,11.1084
-3721.62,7432.04,77.6457,11.0984
-642.934,5321.37,117.413,11.0906
2175.06,-4941.3,59.3516,11.0906
-6546.48,-6089.42,66.379,11.09
4172.31,-2767,71.8766,11.0897
-7445.47,5252.42,65.6233,11.087
694.063,-5316.13,59.7562,11.0702
-4333.57,968.863,53.816,11.0682
4177.75,3032.39,49.8213,11.0679
7248.5,-6641.34,54.0873,11.0663
-5613.53,-3924.33,47.0415,11.0651
-4783.8,-797.803,63.7181,11.061
3659.24,-7056.67,59.6743,11.0463
-2408.59,-6081.46,49.4804,11.0261
-7399.47,2170.51,54.4209,11.0223
-5953.03,207.27,45.1569,11.0176
-6532.54,5383.69,48.0188,10.992
-4484.77,-5748.44,111.887,10.9908
6446.57,2859.22,294.857,10.968
3895.89,-5165.35,73.3476,10.9679
312.923,-4770.19,60.0307,10.9671
2263.05,-6402.21,46.8322,10.9643
4112.62,-2562.85,82.7995,10.955
-3953.79,-2470.74,53.5443,10.9519
7288.17,7289.1,80.5858,10.9351
3959.18,3069.16,51.3319,10.9137
-4446.78,4072.99,61.09,10.912
5996.31,-4808.11,93.7542,10.9061
-2652.25,-7127.25,57.1561,10.902
-4286.86,-4994.84,48.6808,10.8952
1458.77,4936.15,49.7183,10.8813
331.153,-7439.55,89.6483,10.8663
4374.75,5375.09,76.0029,10.8503
-1558.74,-3785.45,80.4831,10.8481
3420.55,5819.86,53.9523,10.8288
-3520.59,5031.22,67.4514,10.8274
-4996.98,-4001.65,48.0917,10.8212
-2544.06,-3917.71,59.8478,10.8131
2029.43,5217.32,67.4161,10.8019
-5317.64,-1549.81,47.1828,10.7774
4907.75,-7360.63,51.8587,10.7773
4714.65,-480.319,46.3941,10.7766
-1512.82,7201.44,45.2907,10.7747
-4604.05,-3563.04,54.481,10.7732
-2007.82,-6976.74,84.8036,10.7667
6931.1,-1987.1,55.511,10.7572
3206.21,-4514.7,50.9855,10.757
6795.14,3509.6,51.2824,10.7549
-4577.51,2385.09,66.2619,10.754
-5807.35,887.752,46.9784,10.7524
902.79,-3828.76,140.983,10.749
-3110.98,5125.6,46.6099,10.7469
4350.88,-6569.88,76.6969,10.7419
-5313.31,6880.83,60.1437,10.7419
-1921.7,-4579.91,56.9592,10.7366
5577.13,-1100.6,50.4182,10.7354
6946.83,6386.6,52.4534,10.7315
-2270.36,5476.58,48.9501,10.7267
3543.91,-5276.11,46.8665,10.7193
-1238.41,5899.68,47.1556,10.7191
-1360.85,-3957.91,60.1081,10.7139
1601.43,-5706.29,55.0866,10.7112
-4756.85,4138.05,48.3909,10.6742
-4456.84,-4370.53,74.992,10.6722
4718.89,-3258.19,54.6656,10.6687
2348.83,4872.85,87.6215,10.6674
-3182.41,-5285.3,76.2731,10.6483
-5517.21,1200.53,59.0193,10.6475
7562.78,-4966.99,60.5413,10.6437
-6498.73,-4367.8,45.8252,10.6395
6706.87,-1928.07,47.5645,10.6339
5610.68,1306.05,51.858,10.623
-5812.7,-1321.94,64.8692,10.6203
-3018.3,-4567.69,77.7167,10.6074
5645.67,1722.25,54.9611,10.6073
1278.09,-4089.24,46.32,10.5994
7592.97,-6912.22,46.7827,10.5986
5115.3,-227.022,47.3866,10.5781
6686.15,-4850.15,60.6221,10.5681
1878.66,-3941.49,50.0462,10.5503
1012.43,5405.27,114.233,10.5293
-6833.37,-2062.99,70.3506,10.5262
5726.8,1842.42,53.8482,10.5227
4113.93,234.811,47.967,10.5085
1834.72,6019.64,50.0409,10.5078
1228.16,-5107.87,59.8109,10.5078
5935.62,6465.01,109.32,10.4991
4304.49,-616.457,112.154,10.4973
6170.45,-6151.42,69.9385,10.4959
-4846.76,5856.41,76.2612,10.4942
-3008.19,-4656.18,61.3146,10.4907
-2305.69,-5283.23,84.0126,10.4828
-3848.27,-1428.69,61.3355,10.4797
-6801.4,-7265.32,63.1746,10.4741
-3360.31,-6606.18,60.8531,10.4521
5713.49,1112.89,47.0109,10.4493
-3353.88,-6199.11,82.4217,10.4447
-5738.76,-4803.12,46.669,10.4403
109.981,3796.85,79.6088,10.4388
7190.24,-2768.19,47.9877,10.4377
-6034.06,1629.45,85.7565,10.4325
-7366.57,2064.7,49.1142,10.4284
3560.15,6219.7,128.996,10.4269
-2289.01,4499.9,68.2932,10.4186
-4010.45,-3364.15,74.1377,10.4086
-4058.93,186.878,49.5249,10.4077
-3671.58,7290.13,59.732,10.391
4017.38,-5296.03,87.3,10.3886
-6561.39,-2340.76,55.0082,10.3876
6246.59,6626.8,47.2985,10.3648
-5475.88,7342.18,48.9055,10.3619
-6109.1,-2233.57,49.2066,10.3452
4814.54,5920.61,75.2207,10.3415
-3272.21,6872.37,74.052,10.3342
3707.03,6811.46,47.0362,10.3327
1436.81,-4093.14,70.5418,10.332
5408.98,3204.3,52.3803,10.3243
6603.57,-1786.48,45.0776,10.3196
5275.98,4615.29,89.8376,10.3141
-378.774,4212.73,56.8908,10.2987
-6579.64,-5282.46,56.7458,10.2891
-2301.85,-6371.09,45.4264,10.2748
6857.08,-5608.83,55.2497,10.2711
3896.15,-5887.26,51.3011,10.2661
-540.924,7057.72,63.2295,10.2611
1056.78,-7196.05,46.4149,10.2548
-988.758,-7428.6,46.4006,10.2478
-4473.22,-5834.26,51.0304,10.246
-1512.58,4783.01,55.0773,10.2411
5882.08,-6708.13,72.1173,10.2326
-5596.49,-10.0038,62.2258,10.2294
2440.19,-4682.48,48.101,10.2277
444.858,-4667.66,101.03,10.2168
-6717.84,-2985.6,52.5646,10.2158
-3902.09,5545.26,45.2245,10.2106
727.667,-3792.47,47.4683,10.2082
-4888.79,-6305.54,45.6957,10.1855
-5615.43,-5527.64,89.9538,10.1788
2546.18,-3917.93,49.8355,10.1756
4123.09,-3110.73,50.3637,10.1593
-4057.56,-4544.63,57.8595,10.1545
-6658.08,-3132.04,50.9134,10.1518
-6189.86,110.616,69.2625,10.1429
-211.672,4108.8,88.3975,10.1234
5440.46,7448.41,87.4233,10.1208
-7478.67,-2892.03,62.6936,10.116
3746.09,-5255.41,56.6749,10.1076
5216.83,910.288,49.6853,10.1075
-7165.5,4916.3,51.7514,10.1024
6976.39,4559.45,48.2596,10.0931
135.57,-6756.62,56.6561,10.0775
6756.47,828.94,77.8424,10.0773
4816.93,-6758.06,52.9814,10.0717
-2703.41,-6354.78,63.1082,10.069
-6135.47,-4301.48,59.7716,10.0689
6252.64,6233.24,70.2026,10.0596
6315.62,-4279.26,67.3301,10.0596
4988.35,-2588.4,48.8437,10.0475
3892.06,4015.97,52.0636,10.0342
-3827.39,-1857.23,87.8224,10.0313
7366.37,3901.84,50.5462,10.0301
-2189.1,6977.62,66.0005,10.0268
4772.64,5917.23,57.8115,10.0186
-6552.79,-1093.79,101.559,10.0124
-5303.93,-825.341,57.1496,10.0086
-4983.58,4656.55,48.8612,10.0075
3850.53,-4657.74,96.2961,10.0037
