PosX,PosY,Diameter,Age
-1170.05,2040.73,1104.93,1078.47
2513.77,1949.22,782.66,735.32
2852.33,92.53,717.26,586.36
2672.48,-919.35,630.59,554.16
678.55,2912.33,443.32,423.72
2430.95,943.2,485.65,415.01
-1906.65,-2428.1,473.06,401.59
-3207.98,-1995.82,420.79,391.28
-839.67,-3049.81,367.07,365.33
-2221.35,-1532.34,413.13,341.91
845.64,-3033.37,502.7,324.7
1908.01,-1465.83,377.39,312.47
2541.14,-502.58,324.69,308.34
2856.66,188.89,321.16,306.03
-28.77,1588.81,345.45,291.11
1957.95,2964.13,486.38,284.33
3322.97,1541.19,316.84,274.18
-2934.36,1069.3,507.95,271.24
-2991.34,1700.77,337.67,259.09
567.47,-2256.04,441.13,258.79
825.11,2633.87,290.19,255.47
2108.23,-1503.99,283.21,253.18
-3047.02,962.55,299.89,252.94
3057.53,2124.04,350.63,250.35
-1303.83,1835.21,342.65,249.54
-2478.87,-2459.3,317.53,244.58
-3047.66,1674.85,250.61,238.89
2019.72,1843.97,326.58,238.68
-1930.91,1714.18,584.79,237.56
622.66,1993.02,1083.89,237.51
2729.14,439.93,271.14,235.24
-2293.6,899.61,262.02,233.07
1608.77,-2364.26,238.89,231.8
-25.08,3167.88,489.63,230.42
1944.4,2121.1,291.75,228.72
3309.33,2422.17,273.22,227.97
2974.79,2078.28,294.38,226.22
1113.78,2635.26,256.83,225.91
-959.22,-2546.69,244.91,225.79
1602.09,166.87,345.97,223.22
-2383.32,3138.75,328.32,220.68
-2942.98,-1541.81,263.35,220.34
1902.69,-1645.74,324.09,219.18
-752.58,-3374.34,227.61,213.92
-1636.33,-1749.03,267.48,213.08
-1169.39,1657.83,221.61,212.25
-2606.16,-3011.56,222.05,210.19
-53.48,-2479.71,262.85,206.69
-1444.98,2960.69,213.83,206.25
-1221.8,1539.94,274.91,206.12
-679.02,-3272.25,202.43,201.76
-1855.1,-2961.75,244.02,200.55
1243.15,-2595.48,227.07,199.5
1748,-2818.65,287.21,192.62
-1960.6,-3319.15,313.43,184.25
855.46,-2764.3,206.04,180.01
-3145.77,843.1,343.38,176.19
-3111.98,-2501.85,236.02,174.69
-2282.13,-601.49,170.61,170.11
3510.54,-808.85,192.19,168
2260.81,279.68,177.96,167.05
-2140.02,3158.44,178.14,166.82
-3597.06,2069.22,179.99,163.61
-3205.61,1622.1,196.63,163.39
-2368.53,1445.85,162.54,162.09
-2648.25,356.7,240.06,161.61
-2402.18,-1434.74,161.53,161.19
425.6,3463.58,178.32,160.68
1293.74,-3359.37,160.92,160.16
-3015.34,1380.32,173.61,155.36
-2996.87,-3198.22,167.6,153.68
1911.47,3106.44,175.18,153.44
2202.83,-1813.68,177.84,152.42
2883.04,-2581.23,205.6,151.47
-3413.25,-893.72,234.65,151.2
1977.57,-2750.94,184.99,150.39
2965.22,1300.47,156.19,147.75
1070.85,-1949.3,177.26,145.81
1168.92,-1999.04,201.46,145.67
-2632.55,2926.73,146.99,144.39
3390.76,-2363.81,216.39,143.74
-817.67,2200.27,143.72,143.18
2151.73,-677.41,192.37,143.12
-1761.71,-250.09,200.35,142.82
-1538.57,-3369.82,269.52,141.56
3213.13,818.28,354.68,141.45
-3018.61,-643.65,271.66,140.53
1522.84,2360.01,175.67,139.39
3259.19,2325.92,189.38,139.15
3453.81,-1248.91,162.87,137.58
1900.58,685.58,138.1,137.47
-1994.99,75.04,140.73,136.78
-3612.35,1129.7,142.09,136.31
1821.36,-2159.8,189.04,136.2
-3160.29,-2907.73,152.63,135.24
2433.19,1475.02,160.9,133.49
-756.46,2977.09,207.77,132.69
898.1,-2448.3,156.95,131.97
2358.53,-1590.45,201.65,131.43
2375.74,-1307.37,134.68,130.85
3562.92,-817.44,160.98,130.54
-2883.29,-951.93,203.85,130.21
157.63,-3499.63,138.42,128.5
1704.24,-2313.39,173.41,128.31
-368.12,2313.62,142.16,127.66
3592,2094.34,160.36,125.2
2299.16,3210.83,187.77,125.17
-58.16,-3027.16,139.85,125.11
-2439.01,3541.17,207.2,124.11
-34.76,1887.46,209.61,123.52
-2866.34,-1192.01,177.63,123.23
1893.45,-3517.1,169.95,123.07
71.51,-3639.61,160.12,122.87
1992.5,-1426.11,130.68,122.1
3279.13,2758.03,159.54,120.78
530.18,1757.09,148.44,120.39
-2485.38,1616.57,156.71,118.78
1630.51,-3344.51,119.35,118.71
-1017.55,-2993.16,144.89,118.36
322.66,3208.48,129.77,118.03
3589.39,2088.65,128.96,117.64
2350.64,411.27,117.59,117.37
2845.5,2899.65,160.32,117.36
1094.41,-2420.8,200.55,115.35
1524.92,1834.07,138.83,115.27
-2606.58,2116.93,193.22,115.15
-2514.29,-1614.25,180.26,114.82
1.25,3555.02,229.7,114.1
3186.55,1642.46,123.99,113.77
-234.63,3272.79,147.97,113.2
-2348.66,-2205.32,135.08,113.15
3278.53,-1820.92,146.63,112.97
882.06,3189.61,121.46,112.79
1542.28,-2173.77,145.24,110.74
3280.79,-1319.62,173.63,110.57
2800.28,2335.06,116.13,110.19
-3101.93,-3009.61,129.68,110.18
2472.65,-578.93,118.19,109.98
2647.36,-1747.02,120.67,109.63
-1606.94,3321.04,109.91,108.98
1522.79,1874.97,455.5,108.9
-1740.2,3033.62,188.66,108.74
-1605.39,-1860.83,244.72,107.48
-1287.07,2625.7,133.69,107.14
2677.99,2102.91,131.57,106.92
-2131.65,-2575.42,111.48,106.38
3612.21,593.09,111.19,106.18
-2079.68,-2007.94,146.25,105.77
2068.05,-1017.2,182.82,105.45
821.39,-3517.79,147.03,105.38
-1456.99,3442.79,112.84,105.09
-3634.7,3417.17,116.69,104.71
1812.54,3171.87,114.3,104.19
1005.53,2149,159.51,103.96
3313.9,-2588.03,165.71,102.64
-2003.78,-527.76,155.14,102.45
3341.75,-2960.05,102.85,102.16
3053.62,-84.37,130.31,101.59
1038.77,2145.54,276.98,100.81
1206.18,3063.18,157.99,100.36
-3098.78,-1008.72,104.98,100.26
3226.65,-2581.82,141.68,100.21
2082.76,-110.15,165.3,100.18
314.99,-1893.99,159.77,99.59
-3351.02,1010.27,124.89,99.38
3461.65,1539.07,115.74,98.65
-173.87,1841.88,107.87,98.59
-1583.51,-2410.01,179.04,97.58
-3580.9,587.82,157.26,97.5
2122.06,-275.76,122.9,97.09
-3129.83,1818.07,123.11,96.15
2635.26,225.34,107.38,95.96
288.46,2092.49,99.22,95.8
2806.95,1955.85,111.85,95.7
3318.3,2095.8,102.97,95.48
-2445.15,1001.74,107.23,94.34
-89.9,2492.22,95.31,94.21
-2003.78,1279.54,111.01,93.67
2844.85,1507,157.82,92.17
3541.96,2324.4,98.77,91.81
-2319.47,-2827.12,117.47,90.99
2287.46,2543.62,145.37,90.8
1630.34,-3201.3,101.06,90.46
3117.06,-1838.35,173.54,89.45
-1877.05,-2400.8,231.72,89.27
3001.63,-2310.63,166.14,89.22
-2594.99,-3481.28,104.97,88.68
-2135.4,2437.12,122.84,88.44
2536.73,3091.01,138.32,88.21
2551.6,-2583.91,155.88,88.11
-1050.14,2674.94,88.58,87.9
-814.66,-3375.12,88.38,87.89
661.29,-3079.61,151.98,87.83
-2930.17,-1259.37,104,87.54
2249.81,-2613.87,184.5,87.51
3671.96,-3174.24,97.56,87.24
-2499.23,-1276.68,154.06,87.23
3251.62,894.11,115.06,86.61
-2850.13,-3309.58,93.23,86.52
-2426.7,222.88,89.48,86.49
2030.17,2631.29,189.51,86.19
3579.76,1801.82,89.72,86.1
-3039.9,-128.98,170.59,85.18
-133.14,-2730.27,92.59,84.45
-705.87,2972.9,112.23,84.34
471.73,-2933.19,96.35,84.27
-2613.15,-3312.37,84.24,84.21
1786.14,-36.64,178.7,84.16
-193.98,3069.01,168.67,83.88
-3403.75,-473.01,112.54,82.7
-3024.88,3285.21,116.71,81.8
-1254.17,-2860.53,100.17,81.69
-375.69,3012.37,88.36,81.45
-1721.14,2981.33,87.47,81.28
-985.73,-3546.23,86.94,81.25
3430.88,-3646.57,103.79,80.96
-3136.46,-507.43,108.95,80.87
3569.29,-87.88,90.68,80.57
3288.88,-3176.18,81.92,80.43
2281.77,-720.19,123.01,80.4
-2196.31,-1549.23,408.17,79.74
-1601.5,2202.03,79.46,79.2
3621.64,-2339.97,87.38,79.12
1433.37,-2230.38,149.45,79.05
3323.55,-491.29,168.85,79.02
-2260.85,-2189.19,129.99,78.86
-1999.89,-3240.16,103.53,78.74
2785.45,-950.06,127.57,78.59
2492.58,734.89,100.21,78.57
2284.51,251.36,98.92,78.54
3033.42,3432.02,101.74,78.43
-1882.49,-2870.56,104.99,78.3
3289.5,-2135.41,78.38,78.23
-1281.98,-2884.63,108.8,78.19
3390.65,-1027.62,84.51,78.04
2795.7,1567.02,111.24,78.04
-2814.44,-1709.16,80.48,77.84
-72.06,2150.78,101.63,77.61
2143.06,1180.25,123.16,77.46
-2277.76,-663.56,81.53,77.22
-1092.32,3103.42,91.82,77.13
2620.99,-3035.08,105.22,77.09
3608.65,1280.53,103.33,77.05
1668.91,-3585.58,83.52,77.03
-3111.99,3371.03,108.75,76.97
-1968.42,-2248.94,83.09,76.96
-3359.6,1663.69,92.63,76.88
-2877.61,1323.77,94.91,76.49
2943,69.47,128.73,76.29
-2172.7,-1577.08,85.62,76.21
3691.36,955.32,85.11,75.9
-1305.41,-2241.87,97.79,75.87
1715.85,2296.51,80.75,75.74
2178.58,-574.68,75.55,75.45
2123.86,-1927.5,95.69,75.32
254.49,2192.44,75.79,75.25
-2860.03,1101.56,100,75.15
-534.67,-2299.67,83.42,75.07
3439.34,-617.58,135.35,74.98
2474.96,-19.51,125.77,74.83
-2230.06,-2001.5,104.01,74.68
2646.56,397.16,111.66,74.59
843.37,-2651.71,150.7,74.46
1751.5,-1590.91,129.89,74.27
-1095.13,3279.03,84.67,74.08
243.19,2562.24,88.44,73.84
81.92,3265.32,82.34,73.71
3057.33,1422.19,157.96,73.68
3548.73,1728.83,89.04,73.58
1307.93,3691.85,114.16,73.54
-395.25,-2442.03,82.14,73.47
-2732.88,2439.86,77.94,73.38
-3099.91,3361.46,87.8,73.16
-2449.33,3374.73,162.5,73.14
77.97,-2078,76.49,73.13
2036.96,2559.51,77.91,73.07
2160.01,650.85,78.09,73.03
-1623.58,-2671.75,73.15,72.85
-1612.84,-3419,82.39,72.78
2998.2,2076.48,79.62,72.77
1107.41,3620.5,112.03,72.77
456.37,2785.65,111.51,72.65
-825.75,3392.7,82.96,72.54
-1184.99,-2009.84,81.35,72.46
-3070.34,625,111.02,72.41
1909.26,997.24,81.6,72.41
958.3,3292.77,88.89,72.31
-1676.66,-2282.52,85.5,72.3
2320.02,-2880.59,122.38,72.26
1322.08,-3589.96,162.78,72.23
-679.17,-3337.14,73.13,72.21
-2349.29,1107.25,72.74,71.84
1954.16,-1387.23,175.95,71.76
3603.93,3132.56,113.12,71.75
-1958.99,3740.18,71.88,71.69
1522.14,-3596.05,86.39,71.62
-1853.21,1139.06,82.65,71.53
-51.91,2154.57,72.59,71.4
-3267.51,-447.47,79.71,71.26
1931.17,3538.79,90.65,71.24
635.33,2026.29,126.2,71.22
1393.77,1836.13,74.26,71.21
212.89,-1866.57,107.01,71.14
-749.82,2287.95,114.2,71.07
3523.37,2401.13,73.69,71.02
2426.34,2994.39,73.38,70.57
-3135.01,-2575.95,76.26,70.56
-1181.31,-3409.65,84.66,70.43
-2838.86,-873.58,86.73,70.23
-1223.86,-2638.32,75.31,70.19
-3248.76,-3669.86,82.99,69.96
3163.86,2487.02,71.05,69.71
58.47,2069.48,91.74,69.65
-3548.6,3467.65,71.89,69.6
3246.16,3266.34,131.02,69.55
-3100.06,-2737.24,81.97,69.53
3017.97,298.08,79.6,69.43
2823.04,343.72,75.39,69.25
-2158.44,-1719.56,72.94,69.13
-2325.54,224.25,87.79,68.85
-178.7,3181.77,73.25,68.81
2374.42,3014.3,107.42,68.66
2060.31,-521.12,79.84,68.62
596.64,3358.18,81.05,68.51
2271.19,235.71,68.72,68.43
1394.75,-2304.09,94.77,68.41
-1474.77,2105.3,177.33,68.27
2389.46,-2150.26,81.69,68.21
2750.8,1945.24,80,68.12
-2808.66,-2192.7,84.04,68
1062.25,2810.15,69.8,67.96
1966.66,-3613.03,92.32,67.9
3057.32,1580.1,68.54,67.81
1274.54,3087.68,74.83,67.73
2918.31,327.27,80.69,67.64
1333.31,-3699.67,88.35,67.49
-2045.07,1773.41,103.91,67.45
999.58,2906.42,90.5,66.96
-709.34,2908.85,74.63,66.91
-1159.68,-2136.33,91.41,66.66
2985.06,-1135.14,77.24,66.63
-3040.59,1726.93,83.2,66.52
-483.36,-1888.71,71.77,66.49
2894.57,730.36,87.65,66.48
3043.15,3002.56,73.16,66.33
2032.54,1908.12,131.18,66.31
3212.82,1815.27,70.52,66.3
-2577.32,3075.29,74.03,66.06
-3224.84,-1570.15,68.87,65.99
-3618.73,-1703.65,72.53,65.96
-2702.66,-1837.35,92.35,65.8
3327.77,-1281.74,94.17,65.74
2587.65,-544.32,89.07,65.69
1746.46,-1630.51,70.55,65.67
-3330.97,-1639.39,84.87,65.67
2424.52,-452.41,76.56,65.5
-2869.13,-493.61,75.1,65.31
3471.71,1639.25,66.09,65.23
2334.53,1315.75,69.82,65.2
-2977.44,951.77,68.02,65.01
-3101.3,94.18,75.82,64.82
-2965.8,851.67,71.51,64.69
1743.96,2639.68,76.74,64.67
-3155,-596.19,87.6,64.63
3368.94,-540.23,143.74,64.42
-2251.89,3178.27,98.48,64.4
1767.38,-3022.67,134.53,64.39
-704.28,2897.47,93.18,64.35
-2201.63,32.22,94.92,64.16
200.16,2805.35,67.81,64.14
3163.56,-1491.27,84.35,64.1
3663.22,452.3,124.74,64.08
560.66,-2972.43,86.26,63.86
-58.78,3520.52,68.51,63.81
1933.05,-405.9,117.09,63.79
-3267.31,2354.07,142.12,63.77
-448.5,-2043.89,67.98,63.56
1319,3157.52,92.34,63.53
1272.16,3009.12,71,63.4
-2670.55,1152.49,114.78,63.29
2311.29,2188.42,81.85,63.25
-1445.09,-1826.98,77.8,63.24
2403.32,-1385.14,88.99,63.09
3631.44,2057.37,64.34,63.07
2279.82,-2975.84,73.61,62.96
3381.57,-3246.37,86.58,62.96
-412.67,3059.1,67.28,62.67
2015.42,-2443.17,85.47,62.6
823.59,3003.3,73.17,62.6
-3406.72,2807.27,225.96,62.55
1724.3,3075.86,69.62,62.51
1410.36,-2519.99,71.49,62.47
-2114.65,-1834.25,71.66,62.3
2568.95,-2264.58,88.25,62.11
-2745.35,-2412.89,102.72,62.11
-873.12,2615.43,70.48,62.06
-971.13,-3370.55,105.8,61.93
2819.45,1145.34,63.54,61.92
-2475.74,-909.01,70.25,61.9
-2036.38,515.15,64.86,61.88
493.56,-3388.81,79.88,61.65
2196.94,64.18,80.87,61.61
-1586.72,-2863.77,61.74,61.42
1362.38,-3273.19,82.48,61.23
564.72,-3227.71,81.71,61.11
-2155.49,-2561.42,77.16,61.06
-1758.95,-2781.3,152.72,61.04
-2772.76,1191.03,341.84,60.99
-3366.43,323.49,65.8,60.95
-3308.77,-2000.11,68.63,60.84
-513.1,-2590.41,61.3,60.82
17.53,-1975.88,84.72,60.79
-6.16,3127.73,81.58,60.59
-2828.12,2145.29,68.28,60.52
2912.91,-3123.16,88.64,60.37
-2631.36,-3278.29,68.13,60.32
-3578.23,3091.46,111.49,60.26
724.2,-3461.14,81.3,60.25
-2256.48,-270.47,133.59,60.12
3124.62,-1399.92,69.28,60.12
1275.04,3175.25,78.62,60.06
-2717.4,1232.43,136.03,60.04
1360.68,-3629.09,70.36,60.01
627.92,-2570.07,77.14,59.93
2169.08,2876.24,64.17,59.91
3172.55,3089.76,75.6,59.9
-2840.04,1069.43,87.4,59.83
1963.39,3257.35,60.29,59.72
-3499.43,-1667.7,70.66,59.7
2670.88,867.08,87.21,59.66
-771.97,2160.24,72.37,59.55
571.43,3454.1,147.98,59.51
-2203.32,2273.52,71.29,59.49
-2373.08,620.39,360.53,59.21
-2139.96,-2388.3,85.44,59.18
2665.52,-1065.97,86.6,59.16
-714.45,-1947.72,63.41,59.15
-1783.17,2008.5,75,59.1
-892.19,1869.39,87.22,59.06
3246.96,3749.2,65.47,58.94
2166.93,1235.4,64.93,58.9
3673.24,-914.15,59.76,58.89
-3216.61,1884.45,69.64,58.84
565.93,2410.34,63.55,58.75
-3511.54,3228,236.23,58.69
3732.23,2464.9,64.03,58.63
3706.15,-1560.14,71.82,58.5
3261.53,-525.99,61.65,58.35
-1936.94,-2510.83,61.12,58.22
412.7,3345.98,70.75,58.2
3679.21,614.41,75.46,58.08
-3043.41,3754.6,70.25,58.05
-1920.08,1011.58,71.63,57.99
-2756.95,-1552.57,74.89,57.91
-2695.45,-257.09,66.01,57.84
-2303.76,88.05,140.88,57.79
3129.39,-1026.59,85.17,57.73
-251.76,3458.76,80.63,57.58
2851.5,2380.11,73.8,57.55
-2854.56,-467.22,58.04,57.51
2962.1,-26.27,71.79,57.47
3017.95,204.95,103.46,57.46
-205.07,-2265.48,58.27,57.3
371.6,-2134.88,59.33,57.27
2827.44,3248.59,85.93,57.25
-1466.14,-2512.99,75.16,57.19
-219.92,-2091.82,65.81,57.12
2350.51,-419.13,69.42,57.05
2208.62,-236.93,92.6,57.03
2276.04,-774.01,71.83,56.95
617.65,-3258.73,73.31,56.94
3146.42,1017.31,74.05,56.84
-3590.22,-2223.36,86.76,56.76
1858.78,-740.96,86.47,56.63
-663.18,-1850.49,64.13,56.6
2729.41,2182.89,80,56.59
3354.41,2856.96,62.18,56.51
-1258.29,3088.14,273.33,56.48
-716.4,2562.7,153.33,56.3
-2127.71,773.14,61.18,56.3
2958.8,156.63,108.7,56.28
-1423.82,2912.54,62.32,56.24
3135.24,3395.01,136.36,56.2
1339.97,-2760.32,75.88,56.15
948.88,-3531.63,56.92,56.15
-2099.13,1583.72,56.35,55.99
-1253.65,-3568.03,73.57,55.9
-121.76,-2851.85,87.1,55.87
713.76,-3126.78,63.29,55.75
-3353.48,2075.45,90.75,55.73
-756.93,3502.49,67.25,55.52
-3267.1,-246.63,56.18,55.48
-156.35,-2803.13,61.36,55.45
2977.44,-673.1,145.42,55.44
-2042.65,-669.38,56.28,55.4
-2545.33,-716.07,56.2,55.36
-3142.41,-1211.56,65.34,55.33
-3091.68,-21.85,59.51,55.33
-2401.01,-44.38,57.81,55.24
3260.23,1595.99,76.33,55.21
3233.03,3364.02,55.32,55.18
3522.08,-2903.66,57.05,55.17
661.04,2511.91,84.9,55.11
-155.15,-2560.8,155.33,55.02
1417.73,-3642.02,56.11,54.93
-299.77,-3117.63,60.15,54.86
211.03,-1739.44,158.95,54.77
2305.14,-280.35,75.6,54.74
2251.19,-2164.17,55.76,54.6
1857.32,1968.44,114.41,54.58
2167.76,-1363.14,64.93,54.45
3454.53,-3193.65,79.73,54.36
303.98,2195.46,56.53,54.25
-3715.31,-2133.15,68.85,54.08
3138.09,1308.18,83.64,53.98
-930.56,-2931.43,59.37,53.97
-2810.48,-2704.76,75.24,53.96
2403.57,-2914.99,70.03,53.95
-3551.13,-1492.72,80.7,53.92
82.27,-1913.1,88.71,53.86
-2755.66,-2496.11,62.85,53.85
1626.24,-3143.92,58.09,53.83
166.76,-2430.06,71.53,53.65
2429.11,-232.65,77.31,53.65
313.13,-1868.88,62.6,53.6
2372.85,-1214.51,53.82,53.55
2303.78,2995.05,113.47,53.48
-2402.34,2597.8,107.72,53.48
-3266.11,-586.64,80.68,53.47
-571.5,-2992.59,61.27,53.37
-1969.41,-2023.21,65.71,53.35
-346.85,1850.54,65.8,53.34
-2892.78,497.09,68.97,53.32
-3357.15,2229.18,60.95,53.32
3408.9,-2207.12,54.25,53.27
1434.84,-2377.83,76.95,53.26
-2249,1803.56,73.78,53.1
-3663.05,-1499.27,80.83,53.09
2990.11,2403.23,53.45,53.06
-2152.5,3050.25,72.08,53.03
-2279.33,-706.28,60.33,53.03
2734.86,2451.85,54,52.91
3374.86,1902.12,57.06,52.86
1491.96,-2643.57,99.54,52.81
2620.6,-2301.19,72.91,52.8
-3019.18,-563.5,77.02,52.74
2654.55,-1539.9,62.15,52.65
-2995.24,1082.57,62.27,52.56
-67.51,-1894.65,81.4,52.48
-750.46,3268.29,79.89,52.43
-3693.9,-446.05,55.12,52.42
3102.84,-3134.24,75.03,52.33
693.67,3294.35,75.36,52.28
-2497.42,490.67,126.15,52.27
-3580.46,-3602.6,85.07,52.21
3385.27,-149.87,55.11,52.19
-3196.67,-3245.94,63.21,52.08
-3678.65,1294.24,81.71,52.07
-2375.41,336.6,67.97,52.06
-2205.51,-3208.89,52.78,52.06
-1135.85,3702.94,92.76,52.04
-2077.88,521.26,61.66,51.87
1604.79,-3741.53,56.28,51.79
-5.44,2482.12,54.68,51.74
677.4,-2407.83,65.64,51.62
1655.59,-2080.43,73.33,51.6
-934.33,-2506.74,60.89,51.6
2203.52,2138.69,86.29,51.6
-2791.11,1249.57,178.94,51.54
3542.87,1515.06,59.72,51.52
-1691.44,3466.77,116.86,51.48
-1434.58,1899.59,79.48,51.47
-201.09,-2363.65,80.43,51.45
3643.74,360.67,62.68,51.42
2151.64,268.93,59.28,51.39
1857.32,2163.67,112.22,51.38
2390.73,-139.64,54.1,51.36
-2813.95,2838.26,62.33,51.35
2305.31,-1768.91,59,51.17
3327.41,3057.89,55.79,51.15
-770.19,2435.48,62.22,51.11
-3558.06,-1272.82,67.37,51.07
-2289.42,-2221.1,60.36,50.98
-899.44,-2257.01,51.83,50.96
1740.43,-3079.51,88.01,50.91
1726.91,2333.97,54.41,50.9
-3107.61,64.26,60.22,50.88
-3634.92,2387.83,54.25,50.85
1912.12,1341.37,60.35,50.83
3427.1,-2775.42,162.94,50.78
-128.79,-3292.42,56.04,50.73
3413.91,1227.27,64.43,50.7
3430.45,2652.2,52.06,50.63
2808.22,3376.92,58.95,50.54
2109.33,-1677.29,82.36,50.47
3313.02,-390.45,52.4,50.42
-843.78,3365.94,56.62,50.37
1130.91,2907.28,57.76,50.35
1869.06,3197.59,55.22,50.3
-2071.6,2306,59.99,50.28
52.83,2683.15,84.85,50.25
1895.55,770.89,68.47,50.23
1663.77,-3616.98,55.86,50.17
1449.12,1910.22,56.87,50.17
-3431.84,1872.02,71.52,50.14
3116.54,-573.25,74.53,50.09
-3588.48,-111.41,71.03,50.09
3202.31,-1632.23,55.21,50.08
48.56,2323.65,65.06,50.03
928.47,3123.33,69.21,49.99
2320.4,-633.4,57.21,49.97
349.7,2821.58,95.05,49.87
3636.93,-666.29,59.1,49.84
478.57,2156.93,103.13,49.83
-1856.57,-784.32,65.22,49.75
-1120.58,2353.71,50.01,49.75
-311.37,2238.7,61.66,49.72
3632.42,48.44,84.05,49.56
2476.92,1617.38,73.75,49.48
61.3,-2340.29,61.98,49.46
2338,-3536.64,63.99,49.43
-174.86,3694.04,90.45,49.34
-3367.84,85.14,104.52,49.31
-3083.19,-1090.29,69.39,49.29
2620.7,-1432.69,50.25,49.26
2640.55,293.97,53.48,49.26
-1401.94,2479.88,59.86,49.24
-3194.26,-1220.97,56.56,49.24
3590.75,202.46,62.7,49.23
438.52,-2330.45,80.82,49.19
-2254.34,2315.1,57.9,49.07
500.84,-1911.62,49.04,49.04
2933.66,22.8,99.75,49.01
-1833.78,-3517.44,105.12,49.01
-3511.94,-1348.37,62.53,48.98
499.5,-2492.91,110.96,48.93
-2925.81,-3357.23,57.84,48.84
-3291.19,2964.96,52.77,48.68
3740.35,1129.84,49.71,48.66
1413.93,3548.72,78.02,48.59
-2544.48,2603.06,79.82,48.57
-635.22,2821.05,52.82,48.47
290.36,-2640.64,50.56,48.45
2603.43,1478.41,73.56,48.34
-988.77,3529.45,66.66,48.27
1703.77,-3327.32,53.14,48.26
2427.34,-3680.04,50.07,48.25
1797.05,-3624.84,49.16,48.12
3021.99,229.88,59.69,48.01
-880.88,-2772.45,50.98,48
2911.71,-2995.7,55.98,47.99
-1250.26,1690.76,64.84,47.95
-522.46,2391.21,54.44,47.93
-2847.77,3056.4,54.14,47.88
2653.99,759.28,181.39,47.77
2644.64,2943.48,55.09,47.77
2923.4,801.01,49.15,47.71
-3650.46,-2569.16,105.82,47.68
3042.9,2562.2,50.41,47.61
2663.18,3061.82,55.56,47.6
-1051.36,-3470.54,63.83,47.6
-3452.76,-3174.72,49.41,47.56
-3645.15,1178.54,55.65,47.53
2540.82,341.11,62.92,47.46
1570.87,-3315.7,78.47,47.45
2040.02,3105.03,56.75,47.38
2415.06,3723.6,48.52,47.3
2095.44,1277.83,63.44,47.19
3558.88,-1182.6,47.81,47.16
-2211.54,3605.07,51.5,47.12
604.95,-2524.01,78.23,47.12
891.3,-3341.98,48.14,47.09
-2691.93,-2308.03,49.23,47.09
-1210.49,1930.5,49.05,47.06
-22.68,1901.58,56.04,46.97
3034.35,-571.84,263.39,46.95
-1926.61,-2537.35,67.37,46.93
-3386.27,-197.35,81.13,46.92
2953.58,2653.93,54.47,46.92
3302.98,-2205.13,49.22,46.91
2164.84,-2654.17,57.24,46.91
-3123.3,-252.53,81.01,46.9
2997.03,1141.55,62.17,46.89
423.17,3688.08,63.93,46.76
1921.43,2833.99,56.28,46.71
156.46,-3523.75,71.17,46.58
-3384.12,781.89,85.62,46.53
2934.59,-1844.39,57.2,46.48
2202.76,1952.31,79.76,46.48
-3331.87,3158.02,83.41,46.42
-3092.64,21.66,64.95,46.41
1900.66,1262.67,86.45,46.41
-2374.5,-1036.2,47.81,46.3
-2691.86,-3267.54,54.75,46.29
3424.5,-3702.45,49.81,46.28
3521.75,-1519.53,57.87,46.21
662.89,-2790.86,48.13,46.19
-872.53,2468.95,66.11,46.18
3553.08,-3488.26,47.67,46.03
3199.73,-3414.59,105.49,45.93
-1897.85,-2822.46,74.26,45.92
959.47,-3193.87,57.31,45.92
-1164.74,-2208.35,61.6,45.89
623.17,2164.45,51.89,45.82
1547.02,-2570.93,92.59,45.8
835.81,2180.57,88.22,45.79
-3273.99,1277.76,57.42,45.78
-2127.51,3432.34,64.12,45.76
3531.59,3115.41,48.78,45.74
-2745.93,-2655.56,81.22,45.71
2545.18,-2336.21,53.76,45.71
-1907.25,825.07,91.33,45.7
3648.01,-1145.36,75.94,45.69
3065.17,-1738.52,49.16,45.67
-1744.64,-1932.64,130.7,45.66
-3642.67,-2053.88,61.52,45.65
935.27,2510.71,55.89,45.63
-2005.62,2468.54,49.72,45.56
-3591.36,2996.56,47.87,45.55
-2489.8,3511.87,74.08,45.51
-1326.41,-3245.69,47.7,45.51
3757.35,498.12,54.39,45.5
3497.17,-2947.95,51.29,45.49
-1997.18,2707.88,59.89,45.44
-3441.5,-1205.69,63.1,45.43
1287.97,3597.46,85.41,45.4
-1202.05,2688.21,48.71,45.39
3121.29,2993.11,92.2,45.35
3556.5,3354.26,45.65,45.29
2814.97,1994.22,85.11,45.29
1878.46,3261.84,46.98,45.28
-162.27,2816.19,69.19,45.27
-3017.1,-1774.25,46.67,45.24
1137.57,-3306.98,88.71,45.21
1560.4,-3603.56,54.71,45.08
-1336.1,2973.76,97.24,45.03
-2941.36,-947.68,95.74,45.02
-3325.6,3163.66,49.47,45.02
-3151.49,-2661.08,59.27,45
-3103.65,3335.68,61.23,44.99
2159.78,2106.15,59.26,44.84
-587.14,2347.78,72.05,44.82
-2783.69,-946.93,52.61,44.81
2900.32,963.35,60.02,44.8
532.24,-2111.72,89.32,44.78
1086.39,3409.47,88.93,44.76
-2394.46,2919.62,62.7,44.72
418.67,-2145.96,78.85,44.72
-624.17,-3185.41,94.74,44.7
-1752.09,-2489.48,59.59,44.7
-1674.68,-2941.06,73.97,44.68
2222.56,1894.92,62.29,44.67
1798.93,-1637.95,156.6,44.62
-2628.56,1249.86,48.38,44.62
2807.03,1645.78,64.2,44.57
2331.1,945.68,49.04,44.56
2401.13,404.43,63.37,44.54
-3175.72,2979.38,57.53,44.53
2966.6,421.55,63.3,44.53
-3023.79,-2302.84,53.68,44.51
2082.25,-1248.2,47.72,44.51
2260.96,1973.09,134.23,44.43
-1165.9,2503.08,45.4,44.42
2103.9,-700.86,52.6,44.41
-1747.21,-2757.84,65.01,44.4
748.6,2756.85,68.33,44.39
-2101.27,-3420.5,171.62,44.35
-2150.27,1877.24,60.52,44.33
-459.5,2268.91,57.19,44.33
-3155.89,1924.11,78.88,44.33
440.6,-2892.26,46.43,44.33
-3056.89,2913.99,44.75,44.32
24.35,2430.36,65.95,44.3
2476.68,-3291.87,53.17,44.24
3512.63,2493.15,59.14,44.17
-2270.03,2752.24,79.61,44.11
3227.33,3454.79,44.19,44.09
858.95,2492.5,49.64,44.01
254.25,3041.19,52.19,43.98
2507.02,-2329.74,49.44,43.97
-1298.57,3002.65,163.33,43.95
3445.61,1226.08,76.77,43.95
-3243.25,-3757.46,55.88,43.92
2021.11,-1031.47,86.54,43.92
-3344.94,-2925.42,131.56,43.88
2297.89,1946.59,62,43.87
3070.09,-1450.46,49.2,43.86
-2417.59,-433.79,95.51,43.86
431.2,3057.56,99.77,43.85
2285.23,-1192.5,44.68,43.85
-826.84,3074.16,85.6,43.83
-2179.51,-1758.93,57.39,43.78
3183.01,108.58,44.44,43.78
-3494.91,2160.61,55.1,43.76
-1182.96,3545.19,54.43,43.76
557.94,2537.98,52.74,43.75
2871.27,336.95,120.29,43.74
-213.11,-3249.31,72.25,43.72
3495.73,-449.92,43.96,43.69
-2840.96,2329.62,60.17,43.67
1234.4,-1879.96,46.2,43.67
-2613.8,35.99,77.12,43.66
-2816.19,2636.86,53.49,43.66
485.92,-2151.6,44.26,43.63
1025.73,3458.84,59.87,43.61
2073.04,3465.46,73.81,43.57
2439.88,123.67,92.08,43.52
-1969.49,11.91,69.82,43.49
2271.95,1596.5,50.96,43.49
3263.54,847.93,74.53,43.44
-3356.61,2490.77,58.01,43.41
-582.73,3552.75,66.21,43.36
-3606.06,2874.02,56.13,43.31
-1945.13,-2635.49,44.06,43.3
-2183.55,-1747.92,49.62,43.29
-3215.32,2676.34,56.76,43.26
707.78,3650.56,71.27,43.19
-963.55,3377.46,51.46,43.18
2930.19,1489.33,48.44,43.16
102.88,-2067.78,64.92,43.14
2866.56,2100.4,51.73,43.13
1362.52,-2148.15,96.33,43.07
3690.11,-468.56,49.26,43.07
3642.08,2830.66,83.26,43.06
-102.1,-2673.49,68.18,43.05
-2894.83,347.83,68.57,43.05
-2554.62,3493.92,143.91,43.01
2812.61,-215.75,125.34,43.01
1417.98,-2713.94,58.91,43
3290.11,1609.35,85.56,42.89
-1508.83,-2889.86,48.01,42.86
-2534.9,3249.85,44.54,42.81
-2757.5,-385.26,52,42.8
2950.05,-1909.96,44.21,42.8
-2724.29,2427.47,100.03,42.79
-2681.46,137.25,54.6,42.79
-655.56,1869.35,44.04,42.76
1509.76,2444.23,44.41,42.73
2746.21,3317.38,173.51,42.72
2167.46,2911.23,51.15,42.6
-1563.44,-3628.71,46.3,42.58
-1682.88,-2622.19,85.71,42.57
-3757.01,-2028.17,55.42,42.54
1145.75,-2232.24,46.3,42.51
1888.34,2229.15,47.67,42.51
-2246.55,2416.87,61.74,42.44
-3003.35,-3207.09,44.34,42.42
1162.42,1876.51,49.44,42.38
858.63,3446.03,44.69,42.34
2452.86,-1502.18,42.67,42.33
1192.53,-1905.44,84.62,42.31
-1935.51,-661.38,163.39,42.27
-2208.36,3509.91,74.16,42.2
-3244.76,-2944.24,55.71,42.19
-2392.53,-702.01,71.25,42.17
3508.85,1760.88,63.92,42.15
-1951.56,52.46,90.93,42.15
-2969.03,296.96,50.02,42.15
2618.54,2954.63,53.79,42.14
2136.65,-1250.05,57.64,42.09
-1891.17,1257,57.27,42.09
-2506.87,-3128.28,46.85,42.07
-240.85,3691.82,49.76,42.06
2881.27,-1490.31,45.5,42.05
1466.36,-3299.93,42.83,42.05
-1253.56,3739.5,42.56,42.03
-1403,-1849.74,79.46,42
-1907.15,-1717.31,42.49,42
-980.11,2393.14,45.09,41.99
3631.75,-3129.85,76.59,41.98
3256.64,-1910.51,41.98,41.98
-2760.31,2288.56,47.39,41.94
1929.93,1957.32,50.64,41.92
2346.71,2045.74,42.95,41.9
-2909.43,564.54,44.56,41.88
-836.29,-2457.56,41.91,41.86
3372.39,3722.15,83.38,41.83
-2474.02,249.77,48.74,41.82
-2298.09,-2389.69,74.24,41.81
3527.76,3074.2,42.91,41.78
-743.42,2374.71,54.99,41.76
-2150.17,-2294.14,44.48,41.75
375.75,3168.36,57.41,41.73
3604.08,-508.96,45.92,41.66
3450.22,-3210.05,163.3,41.63
-1877.07,-1733.66,42,41.61
2779.16,-173.38,61.79,41.58
1355.14,2471.95,44.89,41.57
3282.08,2571.99,46.32,41.57
2157.13,1817.87,54.2,41.53
-674.43,3581.11,42.99,41.52
2107.13,2708.18,47.43,41.51
-1893.24,3123.41,43.62,41.5
-3239.87,2707.05,43.24,41.48
3554.68,403.65,64.7,41.47
2297.3,-1781.79,49.34,41.46
3706.43,3533.33,42.24,41.43
521.43,-1921.93,43.54,41.42
-1579.69,-2627.28,43.62,41.41
-1773.55,133.29,42.38,41.41
-836.08,-3010.22,52.04,41.4
-2178.65,3541.78,41.59,41.38
3412.88,-626.04,56.37,41.38
3008.36,-541.39,73.94,41.31
1340.01,3245.23,86.24,41.28
249.27,2460.77,45.84,41.28
-2554.68,-557.81,42.89,41.26
-3084.48,-3276.83,57.84,41.26
-3352.58,2894.94,44.99,41.22
3456.32,1857.47,42.34,41.2
938,2713.32,42.5,41.17
-1057.62,-3584.31,54.75,41.16
-2122.76,2215.06,60.61,41.12
1766.54,3021.05,44.58,41.12
2577.53,620.44,69.91,41.11
-2123.48,2637.68,54.74,41.1
-3123.74,-345.76,73.63,41.1
2855.36,440.07,41.88,41.06
-1207.95,1750.14,156.5,41.05
2304.02,-1599.81,71.79,41.03
-1368.29,-3556.95,66.96,40.99
-2412.61,-3306.98,52.75,40.99
-532.58,2309.06,64.4,40.92
182.7,3064.08,77.88,40.91
-2883.01,601.37,51.7,40.86
-453.09,1951.02,61.98,40.86
1938.39,-3289.73,41.16,40.84
553.43,2644.07,45.66,40.81
-1789.38,-2757.15,50.97,40.77
3112.24,2646.76,42.28,40.74
-3158.65,1821.88,43.09,40.74
1060.41,-3688.26,113.48,40.73
590.9,1876.27,43.72,40.71
151.76,2240.9,114.21,40.67
-1765.16,-3363.62,44.66,40.66
1923.04,2816,41.66,40.65
3732.31,1804.74,49.64,40.63
644.13,2785.64,53.33,40.62
1632.38,-2388.11,42.55,40.57
-2549.42,3712.27,74.97,40.55
-1710.27,245.89,69.77,40.5
2022.35,2294.84,42.76,40.5
1959.91,2978.77,45.18,40.45
-2955.16,3077.19,69.98,40.45
2594.22,-1703.2,43.45,40.45
2004.37,-2779.68,59.36,40.45
1159.65,-3412.24,43.65,40.4
1195.39,2196.99,47.66,40.39
2213.5,-3229.16,44.86,40.39
-2933.69,1281.65,46.85,40.38
781.2,3204.21,61.08,40.36
-3142.2,-2109.24,48.95,40.36
-2449.42,-2116.73,52.56,40.35
-659.02,3215.21,41.25,40.35
-2542.99,-2701.09,42.53,40.35
-2529.13,-3418.43,61.54,40.31
527.64,3358.61,44.19,40.3
-2677.88,-464.65,74.21,40.29
3434.73,-2594.57,51.53,40.24
1652.97,2008.39,45.76,40.23
-1011.62,-3461.31,68.23,40.21
3589.39,379.81,40.76,40.21
604.02,-3166.76,43,40.21
1495.1,2898.8,43.52,40.21
-2678.14,-2908.29,43.74,40.18
-1632.17,-3276.48,52.16,40.17
-2952.94,2023.13,40.31,40.16
-2936.75,980.27,62.79,40.15
-2687.28,110.42,43.1,40.02
-3336.82,-881.88,62.4,39.98
-2548.79,728.53,70.12,39.97
475.18,-3241.23,50.47,39.95
-1316.2,2769.85,40.71,39.95
2465.62,1038.7,63.49,39.95
-2890.49,2102.49,55.25,39.94
-853.98,2179.24,50.87,39.94
2417.7,-2800.24,47,39.93
-2427.51,256.79,42.56,39.92
-740.25,-2001.91,46.84,39.92
-3466.14,3415.13,72.51,39.92
-2875.67,1851.01,41.53,39.91
-2601.1,836.66,42.16,39.9
2322.96,-741.57,44.63,39.88
-2126.19,-1041.82,52.53,39.86
352.08,2390.3,43.61,39.83
824.74,3410.46,64.14,39.81
-2339.43,-2905.46,41.43,39.79
-2125.86,1222.6,44.89,39.75
-2928.87,-1739.12,149.11,39.72
-2428.77,-2149.13,40.88,39.71
-3671.04,2530.73,63.94,39.63
-634.6,2399.17,47.22,39.62
3036.42,1014.79,40.84,39.61
770.51,3674.91,42.86,39.6
-3641.03,3000.06,100.52,39.58
96.68,2933.31,42.7,39.56
3193.03,1484.44,53.74,39.55
3607.86,931.54,61.15,39.54
-2243.47,-1317.91,39.8,39.52
-2657.96,2527.16,49.92,39.52
-2553.69,-152.66,57.93,39.52
1979.1,-1138.9,44.71,39.49
727.29,-2920.63,39.73,39.49
-3716.93,712.06,49.08,39.48
-2538.49,2104.43,112.85,39.46
2350.95,2843.15,63.37,39.43
2433.75,-249.93,41.27,39.42
670.05,3124.23,81.09,39.39
640.67,2013.21,65.01,39.37
1440.94,2066.08,39.66,39.37
-28.11,2899.25,42.57,39.36
2620.72,791.2,56.81,39.34
-2044.48,-295.15,64.08,39.33
3072,-2578.98,53.04,39.31
-2800.12,3568.89,43.62,39.3
-2331.76,1126.76,42.93,39.3
1046.81,2527.94,75.83,39.3
2074.88,433.82,42.05,39.29
3398.36,728.33,72.38,39.28
-3317.4,-2032.88,39.24,39.2
-3557.16,451.69,41.79,39.2
-3464.73,-3259.91,39.7,39.18
-3525.14,1805.15,114.49,39.18
2410.38,-2799.75,40.94,39.18
591.14,-3614.11,96.88,39.18
-2824.92,1933.78,39.54,39.16
2630.42,-974.02,57.1,39.14
1828.79,-2065.31,136.18,39.13
2892.47,-2700.56,44.21,39.13
-949.38,2595.69,39.45,39.11
1453.1,-2771.68,59.01,39.1
-527.9,2552.37,50.08,39.08
-1905.85,3780.11,43.12,39.05
2217.59,1121.43,41.69,39.04
383.96,-2860.36,41.57,39.03
401.68,2780.1,85.27,38.97
-189.09,3289.56,39.66,38.97
-1207.08,1887.63,45.24,38.93
1205.89,3216.9,44.32,38.88
3611.31,-3391.17,41.93,38.86
-3265.36,650.84,130.79,38.86
-2146.3,2540.38,56.03,38.84
3433.19,-2396.4,58.23,38.84
-1263.23,3730.82,45.52,38.79
-1187.41,2822.32,49.43,38.79
-1833.28,2008.2,39.63,38.77
-3095.69,-1286.57,44.99,38.74
171.28,-3770.43,42.55,38.74
-2805.36,2882.78,43.69,38.73
431.42,3405.62,41.06,38.73
-3028.41,-216.28,41.8,38.73
-3587.42,-1856.39,43.23,38.71
-649.96,2606.51,40,38.69
-184.06,2662.97,49.86,38.69
-2746.71,711.69,86.95,38.69
2067.86,-3675.18,78.36,38.63
-3423.07,2471.48,44.27,38.63
-3004.79,-1659.18,42.35,38.54
2719.28,-3413.66,39.17,38.52
1579.49,2723.88,39.97,38.51
616.5,3641.13,81.62,38.51
2456.71,2625.08,49.2,38.5
2016.15,3265.72,76.8,38.47
-454.87,2432.39,41.71,38.45
-3073.65,1989.42,53.14,38.42
-3379.78,-1219.61,55.83,38.42
-64.88,-2109.2,59.57,38.41
2895.55,-2735.73,66.42,38.4
-104.76,2066.04,67.78,38.39
887.27,2128.96,107.65,38.35
2843.46,-305.51,52.7,38.35
2359.44,-3713.72,43.83,38.35
-2486.18,-3213.73,43.01,38.34
3082.09,-2069.4,49.88,38.34
-2921.99,884.87,52.26,38.28
64.26,2020.94,40.91,38.27
-3206.58,3530.58,50.61,38.27
112.19,-2395.05,38.8,38.26
-3214.98,3136.49,38.87,38.26
2267.37,2491.95,39.44,38.24
-2250.55,1554.72,62.63,38.22
-1323.84,3393.46,44.81,38.19
-2482.58,1090.61,48.88,38.19
-3755.61,-2746.14,52.98,38.18
-2240.65,-1768.86,41.74,38.17
-2005.31,-2581.71,39.49,38.16
-2032.53,3649.29,40.11,38.14
1476.14,3320.17,48.22,38.14
3384.42,-2076.14,73.98,38.14
1372.16,3472.56,38.22,38.13
-3169.68,152.16,38.8,38.11
-3187.46,382.75,42.54,38.08
2108.84,501.48,44.71,38.06
1532.67,3590.99,79.09,38.05
-1553.39,2012.44,39.06,38.05
-2583.53,2122.29,45.43,38.05
-581.64,3468.65,74.4,38.05
2742.14,161.41,48.3,38.03
1037.13,3085.35,38.48,38.01
-1103.21,-2286.57,38.36,38
3141.75,-2964.33,38.74,38
-1298.29,-3391.28,69.87,37.97
2395.27,3456.36,39.49,37.95
2553.56,1508.35,53.85,37.93
3268.68,3311.09,72.27,37.92
2453.34,-2292.28,46.99,37.91
-2584.45,-1889.05,60.22,37.9
-2109.21,-2155.24,56.73,37.87
2294.08,-814.71,45.68,37.83
720.22,3295.66,90.46,37.82
-2597.83,-672.89,68.47,37.82
3087.19,-784.03,48.61,37.82
-849.69,2359.86,42.92,37.8
2856.81,-2481.55,44.88,37.78
-22.51,-2067.89,37.87,37.77
3411.03,-888.46,51.86,37.76
-343.22,3527.8,95.82,37.76
752.63,3658.75,73,37.72
-648.18,-1846.51,71.07,37.72
2730.99,-1566.22,53.56,37.72
3065.75,1306.24,38.35,37.7
2484.19,-3172.67,42.44,37.7
3374.44,-2958.41,55.09,37.67
1883.48,-2400,41.64,37.66
-1393.66,2310.49,39.61,37.66
2686.1,-3005.65,43.65,37.64
-3470.05,-2711.36,40.09,37.64
-2397.81,1345.81,82.72,37.64
257.25,-3196.26,67.31,37.63
-2589.73,-171.52,73.85,37.63
1983.83,-3348,46.52,37.62
-1987.41,-2638.22,47.71,37.62
-1220.06,-1874.3,63.75,37.61
2286.84,3438.88,44.96,37.6
2487.46,-2406.23,107.06,37.59
-2826.76,-1531.11,42.55,37.57
2132.4,3699.3,42.95,37.56
3526.68,740.77,40.88,37.56
-3170.73,-2707.3,59.12,37.55
2998.66,-189.05,44.38,37.54
2304.28,138.36,37.53,37.52
-381.62,-2275.83,39.66,37.52
-2962.23,-512.23,41.35,37.47
-2567.2,-3216.18,44.84,37.45
-1953.26,2530.51,38.05,37.45
2292.17,893.06,72.04,37.43
1374.78,2289.52,112.06,37.42
-3497.56,3201.97,70.13,37.4
-3111.18,2366.79,103.7,37.39
-3611.6,-3590.48,38.73,37.38
-1120.36,2843.55,87.88,37.37
261.92,-3222.97,113.43,37.37
-2831.59,3734.67,37.86,37.34
-3562.25,-3730.61,71.92,37.32
-1056.62,2428.62,67.45,37.32
1241.4,3449.07,64.64,37.32
-1589.16,-2722.5,82.57,37.32
-3713.56,-480.99,81.93,37.31
3429.45,-2194.4,43.27,37.29
1249.83,2112.93,44.38,37.26
2107,-583.2,100.44,37.25
-2378.67,-2841.46,52.85,37.25
-1364.42,2518.72,53.86,37.24
-2208.35,767.15,39.85,37.24
978.82,3386.71,37.66,37.2
3587.85,-743.14,39.16,37.19
-681.48,-2487.75,41.9,37.19
1886.53,957.22,37.92,37.17
627.84,1923.84,45.18,37.17
2602.68,-1707.07,49.3,37.15
2626.33,-175.56,40.42,37.13
-2893.38,-3144.5,83.5,37.13
-2383.01,-3375.19,39.76,37.09
-3521.83,2640.47,41.64,37.08
932.21,-3388.67,43.36,37.06
3094.35,-2043.07,57.62,37.02
211.35,-2511.48,39.72,37.01
87.8,-3676.11,39.53,36.96
2938.3,-510.7,37.9,36.95
1162.63,2570.96,42.25,36.94
2755.31,415.25,58.38,36.94
-3324.91,447.36,70.98,36.93
-2757.15,986.67,57.06,36.92
3082.39,2784.57,44.52,36.91
536.55,2862.15,81.81,36.91
-1191.63,-3423.08,39.62,36.9
2950.76,-416.4,56.2,36.89
1016.94,-3494.27,74.78,36.89
-2717.31,312.2,55.84,36.87
-2886.54,-2229.17,47.02,36.87
2035.33,905.24,94.84,36.87
-3701.75,-956,55.91,36.86
-1310.57,3037.95,56.28,36.85
2493.77,-1419.85,39.82,36.84
2807.58,-256.93,44.15,36.84
-3091.01,3353.63,48.41,36.83
2273.26,-246.77,82.02,36.83
2691.5,3733.65,38.59,36.83
-3650.39,-2013.01,100.14,36.82
-3477.44,3233.69,40.97,36.81
68.63,-2746.01,40.34,36.77
3066.27,1566.61,68.9,36.76
-1741.23,-3179.81,42.42,36.75
-982.4,3561.38,38.45,36.75
2680.74,300.79,40.95,36.74
170.42,3603.92,77.78,36.74
2530.62,884.62,36.91,36.74
2798.52,3116.82,40.65,36.73
3650.25,1288.05,41.27,36.71
3442.86,817.17,72.73,36.71
-3647.43,-3580.82,43.89,36.69
2824.46,-1021.04,66.26,36.68
-3335.68,1606.34,68.75,36.67
3327.8,99.31,38.01,36.64
-381.42,2819.75,44.03,36.62
2577.43,-2504.6,53.04,36.62
-2276.91,2221.69,40.17,36.62
-1120.05,-2280.43,48.68,36.62
1332.27,3586.78,44.46,36.58
-2420.54,-1420.05,37.97,36.54
-3248.47,-3644.74,37.95,36.52
-1902.55,-387.42,41.98,36.51
-2436.22,-2918.15,38.21,36.51
-1684.87,3069.13,38.31,36.5
3239.64,2963.53,58.25,36.49
1288.21,3710.45,42.27,36.49
-1903.79,-1433.51,43.54,36.49
-2082.75,3062.28,37.07,36.49
380.29,-3184.75,75.85,36.48
-3399.49,137.32,76.1,36.47
-3459.78,3086.46,36.68,36.47
2888.62,-3077.12,37.5,36.4
3451.07,-1128.33,44.9,36.39
-2942.65,3479.92,59.97,36.38
3243.79,3001.5,38.87,36.37
3396.74,1427.15,44.68,36.36
1976.08,3610.4,53.42,36.36
-2196.35,-811.92,36.63,36.33
3221.53,-1911.32,36.67,36.31
2719.66,1752.79,55.01,36.3
-1119.91,-3499.37,37.41,36.29
474.84,3056.06,38.57,36.28
701.5,-3242.46,48.22,36.25
2477.72,650.62,40.91,36.25
3286.41,407.62,41.75,36.25
-3179.97,-1719.41,49.04,36.24
-1148.47,-2617.86,38.4,36.23
449.65,-2918.06,40.03,36.22
-2047.52,2152.06,40.32,36.21
2492.13,-2733.51,40.51,36.21
3222.08,-240.51,64.02,36.18
3561.93,376.49,38.33,36.16
-2164.72,-2541.35,44.78,36.15
-2374.1,-915.42,37.96,36.14
-1771.16,-1890.91,42.13,36.13
3131.2,3157.89,36.5,36.13
1037.21,-2647.98,41.85,36.11
3419.06,1192.16,43.05,36.11
-2222.76,1172.95,39.64,36.11
2018.83,-3145.75,40.41,36.1
3477.5,-2649.52,57.52,36.05
-3646.3,2603.13,37.88,36.05
-1358.95,3722.99,42.23,36.04
-187.43,2500.68,74.84,36.01
-3601.04,713.97,37.69,35.94
-3267,1152.53,36.66,35.93
-2883.44,-80.78,79.18,35.9
-2810.16,3581.99,38.17,35.88
2739.78,-2605.29,37.58,35.88
-1523.47,3214.46,44.27,35.88
-1670.3,-1948.84,37.78,35.85
411.6,2379.87,59.52,35.82
-2253.37,2968.06,67.82,35.81
2295.08,3242.61,39.29,35.79
1588.63,3728.52,38,35.78
-1943.98,758.35,90.78,35.78
-1805.23,-1899.91,49.92,35.76
-3058.89,3414.47,39.6,35.75
3604.14,547.06,46.57,35.75
-2532.91,-3644.57,89.29,35.72
-1431.28,-3010.17,36.77,35.71
-977.06,2486,35.94,35.71
-1736.92,2876.3,41.86,35.7
2956.68,-1259.2,41.6,35.7
289.13,-3746.95,45.05,35.7
-3650.04,-1463.49,36.08,35.7
1186.62,-2822.65,55.91,35.69
1680.92,-3228.29,35.85,35.68
1794.92,-3494.01,39.01,35.67
598.05,-1994.36,58.06,35.67
2711.77,639.12,39.75,35.67
-546.72,-3323.01,43.67,35.67
-2557.86,3508.64,36.92,35.65
-3290.83,352.67,42.19,35.65
2697.86,939.67,40.95,35.59
2494.82,636.98,44,35.59
2574.56,2433.12,41.3,35.58
1894.2,847.59,44.14,35.58
-1705.07,2231.32,37.46,35.57
-1346.11,-3453.08,41.88,35.57
-2773.76,3644.53,39.84,35.56
-3272.6,3420.98,58.86,35.53
2338.51,805.32,138.2,35.51
-3153.25,-3091.53,305.36,35.48
-811.09,-2354.22,46.48,35.47
-2240.48,2562.84,46.91,35.44
-2544.66,-1394.58,37.5,35.44
-3150.2,-1156.16,36.48,35.43
-3056.54,3136.13,58.58,35.42
3498.81,-1600.04,62.94,35.4
-106.38,-3249.55,37.34,35.38
3387.97,3585.66,67.01,35.36
2086.89,381.93,39.56,35.35
179.35,2803.34,45.9,35.34
1582.14,-1929.15,35.73,35.32
-302.94,-3697.36,38.74,35.31
-379.02,-3213,36.65,35.3
383.74,2917.36,49.42,35.3
698.87,1893.83,48.25,35.3
-2479.5,-2314.51,46.8,35.29
-2755.6,-893.44,37.93,35.28
3747.12,-1858.2,38,35.27
1372.36,-1953.38,37.81,35.23
45.16,2772.51,48.71,35.23
-2371.06,1196.6,87.05,35.22
-3696.07,2287.69,35.3,35.21
3709.16,2584.31,36.07,35.21
2811.01,-136.96,94.2,35.19
537.04,-3636.49,40.17,35.19
1534.99,2397.07,46.18,35.18
-577.54,3518.64,53.04,35.17
1538.19,2861.21,37.59,35.17
-163.33,-2520.69,61.36,35.17
-1969.69,2821.82,50.27,35.17
-2882.44,3025.75,41.47,35.12
3202.63,-120.94,68.52,35.12
-3585.27,-3743.65,68.27,35.12
-262.98,-1884.45,53.58,35.11
-2877.63,-112.74,290.33,35.1
3228.5,-1734.41,38.86,35.1
-3132.99,-165.39,38.23,35.1
2059.93,2761.79,37.04,35.1
-3565.36,3157.21,72.82,35.09
110.53,2806.17,50.88,35.06
-11.2,3589.62,41.04,35.06
1708.41,2030.07,36.84,35.04
2446.48,-1673.13,57.4,35.04
2477.05,2763.67,37.8,35.03
237.97,2045.19,87.1,35.03
2729.26,-1457.79,40.44,35.02
3428.15,540.29,35.67,35.02
-1160.19,3246.19,45.54,35.01
-1713.6,3150.74,36.68,35.01
1964.23,-2010.65,110.91,35.01
2479.55,604.5,42.12,35
-323.32,-2465.97,64.62,35
-2139.05,92.52,40.75,35
3383.63,2317.42,41.76,34.99
3181.11,1953.27,63.95,34.98
2244.28,10.46,36.42,34.97
-1591.18,-3252.14,111.45,34.97
-3007.81,-809.76,39.35,34.96
3749.14,1198.63,44.83,34.95
2661.85,-900.11,38.49,34.94
2659.79,-1725.11,47.63,34.94
3765.98,-3008.88,57.05,34.94
-764.42,-3141.67,38.37,34.93
-2932.13,185.18,44.91,34.92
-449.72,-2928.75,89.1,34.91
-1416.2,2333.35,36.55,34.9
809.38,-2386.21,40.32,34.9
-2413.1,-2184.99,77.99,34.9
-2447.01,-29.35,37.53,34.89
-1055.1,3077.75,41.72,34.89
-1787.83,2835.33,35.9,34.88
-2676.79,-1242.91,112.04,34.87
818.32,2825.73,41.75,34.86
1686.66,3452.52,65.79,34.82
-1821.63,-1120.93,35.02,34.81
-1968.5,-186.34,57.69,34.8
1823.27,-3552.92,51.91,34.8
-2640.54,2486.69,43.03,34.79
1521.45,2512.26,38.29,34.79
-3120.41,2570.51,35.54,34.79
-268.17,2751.14,109.67,34.78
-970.08,-2217.49,48.22,34.78
1826.07,2346.32,62.37,34.77
-3136.52,-852.48,36.67,34.77
3405.16,-2403.37,35.35,34.75
1792.97,2032.12,42.14,34.73
-706.6,-3529.04,37.13,34.73
2908.21,-3336.51,42.26,34.69
-2898.01,84.96,77.54,34.68
2762.82,-1706.41,118.86,34.67
-3097.04,2319.57,79.36,34.66
-2273.93,-360.09,37.92,34.65
-2691,-2648.81,39.92,34.64
2118.98,-3268.03,50.85,34.64
-3093.08,-2085.91,38,34.62
-2886.39,1904.69,38.91,34.62
-2470.92,340.4,73.91,34.62
1996.7,2121.83,69.74,34.62
-2084.15,-3643.8,101.64,34.59
-1886.13,-2442.46,39.85,34.56
-54.18,-1942.32,39.25,34.56
-2819.54,-518.84,39.4,34.54
-3521.75,2116.95,37.55,34.53
-617.24,1886.75,44.73,34.51
2723.46,-1391.43,46.87,34.48
819.04,-2302.46,38.64,34.47
2907.34,3196.75,34.99,34.45
2157.67,1018.3,42.03,34.44
-3569.42,-887.09,41.39,34.44
-2876.69,-1623.66,73.22,34.42
-979.77,-3474.04,35.66,34.41
-2019.63,-2892.42,34.78,34.4
541.32,2361.04,79.6,34.38
3556.98,-449.2,54.76,34.38
3730.09,2688.11,37.64,34.37
2313.03,131.1,38.03,34.37
3783.59,-1559.93,35.44,34.37
-3071.88,2631.27,45.15,34.37
-3546.07,-1008.13,57.05,34.36
563.25,-2931.98,39.75,34.36
2241.36,555.66,40.76,34.35
-311.23,-2656.08,37.33,34.35
2573.12,1849,38,34.34
912.13,3375.17,53.91,34.34
1435.19,-2238.59,38.32,34.34
-2221.73,-3180.18,43.39,34.34
-2207.24,-2536.21,39.49,34.34
-3693.47,2424.87,35.93,34.32
3580.95,1868.27,36.06,34.31
-223.66,-2209.38,35.79,34.3
2125.32,1266.08,43.95,34.3
-2027.96,-2440.03,58.1,34.29
675.39,2384.98,39.76,34.29
-2392.25,3313.68,38.43,34.28
1766.12,3407.06,40.13,34.28
-1001.15,-2053.62,52.84,34.28
2436.18,-1450.51,41.88,34.27
-3306.42,1504.11,34.54,34.26
2608.49,1987,36.31,34.24
1584.26,2879.3,41.41,34.23
-522.34,-2967.24,45.06,34.21
1207.99,2926.77,47.43,34.2
-1994.49,-462.04,50.42,34.2
-1171.46,3486.92,49.6,34.19
2769.78,958.29,36.99,34.17
-1770.78,-2775.75,36.67,34.17
-2389.32,3509.68,35.91,34.16
3071.9,68.03,59.73,34.15
-92.8,3702.52,38.46,34.15
-2148.15,2745.01,39.72,34.12
-3409.39,-467.85,80.97,34.1
3700.58,-2226.5,40.29,34.09
-3057.1,-3549.64,72.83,34.07
3482.74,1193.14,35.65,34.07
85.89,-3155.88,58.23,34.07
-1040.31,-2455.39,36.25,34.07
3063.47,-1345.43,37.56,34.06
-2800.53,404.05,34.97,34.06
2200.56,2886.67,39.5,34.06
646.9,3284.3,34.39,34.05
3194.52,-3761.07,39.03,34.05
2292.77,2636.01,36.74,34.04
3382.7,-2032.13,36.69,34.03
-3049.53,-1549.97,44.25,34.02
-3000.39,-1847.45,37.73,34.02
-3622.8,3055.05,37.79,34.02
325.77,3139.73,55.8,34.01
-726.77,-2032.27,41.31,34.01
-968.4,2962.78,38.46,34
-2034.09,3798.88,34.01,34
-3186.66,-893.71,35.48,34
-3635.81,-1752.52,41.99,34
-493.28,-3381.13,35.27,33.99
-3571,-3454.03,52.14,33.98
-865.24,3373.86,36.87,33.98
-3736.06,-2151.59,77.78,33.97
-1934.33,760.18,40.72,33.95
3450.75,2503.54,36.37,33.95
1229.38,2370.87,157.55,33.9
1967.43,-2711.59,36.1,33.9
-2631.72,-3552.76,36.31,33.9
-73.73,3048.39,64.12,33.89
3409.15,-844.76,46.86,33.86
-804.84,3006.82,36.23,33.86
-3497.89,-12.09,57.98,33.86
-2375.8,3185.73,34.93,33.85
398.75,-3369.48,53.87,33.83
-2427.31,-806.85,34.43,33.82
-2211.83,-1251.01,41.46,33.82
2900.37,1525.67,35.57,33.82
2270.19,818.36,38.98,33.8
3673.77,-2251.92,35.66,33.78
1757.09,691.49,35.22,33.78
2413.87,2624.07,36.02,33.78
2633.88,-1432.31,40.86,33.78
-397.94,2313,36.98,33.75
-2442.05,-643.66,38.99,33.75
-2267.66,-3355.93,42.66,33.74
58.52,1979.59,38.15,33.72
3378.62,3740.12,41.54,33.71
3145.24,-2723.39,36.74,33.71
-2561.89,1784.86,37.24,33.71
2586.78,2221.73,40.83,33.69
3232.89,-1342.43,43.1,33.69
2528.72,1215.51,36.88,33.69
2980.8,626.62,38.48,33.69
2844.03,-952.64,41.85,33.67
-2754.6,-3225.77,39.02,33.67
1518.24,3149.96,59.01,33.62
-1900.21,-2375.74,38.95,33.61
1223.36,-3604.52,40.55,33.59
2048.75,-1209.76,35.74,33.59
286.52,-3250.42,83.63,33.57
-1943.56,-442.34,35.43,33.57
2361.73,-1531.44,44.48,33.56
3064.96,-1206.66,34.21,33.56
-2056.21,1710.8,54.61,33.55
-2321.11,-3696.65,42.45,33.55
2689.82,-2320.99,38.54,33.55
2347.15,1968.12,47.6,33.55
-521.48,-2232.67,36.54,33.55
991.26,-2077,34.21,33.54
-3506.82,-639.91,39.1,33.54
3784.06,-734.25,35.11,33.52
777.88,3285.22,62.97,33.52
3503.04,3418.62,36.62,33.5
-2476.09,1474.95,34.55,33.5
2540.48,-3435.71,33.86,33.49
-1023.65,3593.03,48.27,33.49
-3241.24,99.63,40.94,33.49
121.05,3150.23,34.63,33.49
-3111.55,2898.34,33.49,33.49
-1754.01,-3115.55,55.66,33.48
-3779.34,-3176.52,40.82,33.48
-3405.73,3678.89,44.32,33.48
964.34,3029.84,38.28,33.45
1998.57,-2660.32,34.41,33.44
2541.53,-140.54,39.15,33.44
2949.12,2669.14,44.82,33.43
274.55,-2474.99,36.9,33.43
3732.03,-1743.49,38.45,33.43
-3481.61,-567.04,68.15,33.39
-2073.7,-3268.4,69.35,33.38
-806.68,3317.99,40.69,33.37
1216.16,-3543.65,50.33,33.33
577.51,-3534.45,164.46,33.32
-3150,1431.94,37.06,33.32
-2126.44,865.11,35.84,33.31
-2603.62,221.67,34.94,33.31
-2666.7,1773.12,38.72,33.3
-3434.16,-111.91,33.64,33.3
-1157.2,3649.18,40.08,33.3
-806,-3321.79,53.44,33.3
1086.64,-3464.84,37.15,33.3
2633.33,3685.17,50.61,33.27
-2062.04,-1934.31,61.7,33.27
-3005.77,-2914.52,38.04,33.26
312.86,-2723.63,49.49,33.25
-739.29,2023.32,38.95,33.25
2823.85,508.63,49.46,33.24
-2310.35,3514.86,65.36,33.23
2589.83,-3595.31,38.81,33.23
-3057.91,1668.74,46.42,33.22
-1862.15,-3308.68,34.33,33.21
-1717.21,-2106.2,44.76,33.2
-794.18,3711.76,33.22,33.2
2353.72,-1374.58,41.56,33.2
-2986.23,-1515.81,37.76,33.17
-2380.67,155.19,42.91,33.17
1187.26,3245.1,41.17,33.16
-163.19,-2075.44,42.76,33.15
2482.35,-3785.08,41.8,33.14
1386.91,2299.34,41.11,33.13
1061.35,-3476.46,50.9,33.13
79.93,-2003.94,43.84,33.1
-3080.5,-1479,33.35,33.09
-355.66,3145,68.59,33.09
898.49,3022.14,37.02,33.09
2380.66,-2457.08,34.76,33.08
2331.62,-3070.15,36.54,33.08
-2145.06,510.95,34,33.07
3662.04,-928.04,34.79,33.06
2000.22,-2719.41,35.49,33.06
899.02,-2451.53,42.05,33.06
2098.74,340.05,64.23,33.05
2453.01,-2146.62,35.32,33.04
-2880.27,-1605.69,39.58,33
-821.3,3677.41,34.76,33
1427.19,-3591.23,37.17,32.97
1362.74,-2688.32,34.62,32.96
2711.84,-2669.53,47.5,32.96
2514.47,-3568.38,38.86,32.95
-3084.94,-3457.7,47.1,32.95
-726.23,2276.21,37.98,32.95
2020.55,2737.74,42.12,32.94
-2022.32,-1187.07,76.65,32.94
3251.87,462.43,43.28,32.93
-99.87,3335.25,51.63,32.91
3550.85,-2201.61,63.87,32.9
-3377.76,1404.66,38.32,32.86
-3495.85,-28.25,36.26,32.85
3179.54,3298.56,39.11,32.84
-1349.94,2485.51,49.08,32.84
2051.76,1558.91,33.44,32.82
-3404.49,1526.27,40.24,32.8
664.3,3333.54,48.8,32.8
-107.72,-3590.55,47.31,32.79
-2030.09,-2525.65,44.53,32.78
-3332.68,482.97,38.11,32.75
2386.34,407.81,40.81,32.75
2208.71,1871.28,37.53,32.72
-3295.6,-638.09,41.14,32.72
-2450.24,278.53,144.78,32.72
-2417.72,-3335.17,45.91,32.71
-2468.42,813.97,41.78,32.71
2805.41,-259.41,43.29,32.7
-472.87,3151.88,34.26,32.69
-2574.5,2909.68,41.94,32.68
2202.41,883.38,109.87,32.68
1136.72,-2992.3,36.1,32.67
-988.59,2362.69,38.87,32.67
-947.75,2587.01,37.6,32.67
2296.84,-3423.37,35.15,32.67
2736.48,-1013.18,70.17,32.66
3325.94,-418.48,34.82,32.66
-1980.59,-3625.8,49.38,32.64
-3720.61,677.07,34.44,32.64
3348.68,2588.54,38.07,32.63
546.13,2352.8,34.43,32.63
-2696.5,-2569.24,61.23,32.62
-3636.92,-438.81,33.26,32.62
3202.3,1430.89,49.13,32.61
-369.17,-2314.31,34.36,32.6
-784.36,-3175.11,38.79,32.6
2457.82,2805.69,35.07,32.58
6.8,-2629.21,40.69,32.58
1678.59,3550.91,40.21,32.58
624.18,-2370.73,34.87,32.57
-3070.59,-1311.53,35.44,32.57
-3430.99,-2206.65,42.61,32.55
454.44,-3735.09,37.74,32.54
1632.39,2405.63,37.12,32.53
2507.13,-1303.98,64.47,32.53
-3367.74,-2081.24,36.74,32.52
-3089.66,3412.05,34.77,32.52
508.26,-3066.11,38.65,32.5
-2094.96,3400.77,42.38,32.49
-3452.31,1743.98,38.09,32.47
490.28,2359.83,41.75,32.47
-1889.5,2530.85,34.08,32.47
-2626.23,2235.43,36.75,32.45
3353.17,1538.66,37.79,32.45
-3109.87,3358.7,42.67,32.44
3624.53,1887.8,33.6,32.44
-2524.84,-2401.04,35.49,32.43
-1118.49,2850.94,87.04,32.42
-95.38,2149.37,135.64,32.41
3106.64,2009.84,42.9,32.41
2018.52,-2757.24,62.59,32.4
-3754.33,2529.81,69.53,32.4
-144.27,-3261.05,56.1,32.39
2981.63,3095.1,44.3,32.38
-1384.52,2693.89,43.84,32.38
240.42,3470.73,72.11,32.37
-3766.16,-696.65,39.66,32.37
-1398.34,-3712.56,38.43,32.32
-3518.07,-453.25,52.05,32.31
3026.76,50.59,47.65,32.31
1632.95,-3224.86,35.59,32.3
2607.63,-1460.09,43.84,32.3
-2450.09,3559.33,73.91,32.3
2218.8,-1398.59,33.42,32.28
1796.77,3151.99,72.46,32.26
1195.6,-3228.66,34.71,32.25
-3528.99,-3353.5,33.72,32.24
-3186.59,389.66,36.41,32.23
-2581.72,2007.75,41.04,32.22
2939.2,-1476.36,60.47,32.22
2654.58,-1550.75,44.55,32.21
-2629.39,-140.75,57.48,32.2
-2434.62,-3330.13,33.51,32.19
-2431.7,3559.04,37.01,32.19
2521.03,2341.09,40.56,32.18
-3591.63,-3013.12,36.14,32.16
804.84,-3794.61,36.28,32.16
2291.39,1011.39,40.7,32.15
767.12,-2089.38,37.53,32.11
3316.83,-1987.61,33.48,32.09
-1236.83,-2045.27,40.7,32.09
1966.58,310.67,91.47,32.08
1978.17,-3601.26,36.13,32.08
2206.95,2287.94,34.11,32.08
-2454.11,781.44,39.07,32.08
2733.93,675.9,36.13,32.08
-2542.13,-258.02,35.29,32.07
-2662.94,-1383.24,42.58,32.06
-2951.5,-293.12,43.19,32.05
-2998.36,-722.82,32.4,32.04
2303.34,689.19,51.34,32.04
-3651.3,-1190.78,125.29,32.04
3754.93,-2028.62,34.83,32.03
2126.58,3297.76,34.19,32.02
-331.07,1876.01,41.52,32.02
-1283.89,3566.6,35.8,32.01
-2567.23,3194.82,42.5,32
-2890.78,-26.63,33.7,32
-1706.96,-1947.07,32.36,31.99
2916.81,832.63,41.99,31.99
-1598.48,-2208.16,37.9,31.98
445.62,2685.75,36.21,31.96
810.54,-1999.66,50.83,31.95
-3035.3,-1794.18,39.15,31.94
3307.8,2795.25,77.72,31.94
-2129.93,-1158.02,35.44,31.93
2268.02,-3260.65,33.33,31.92
3095.89,-1888.71,34.76,31.91
-3297.04,678.75,32.64,31.89
-2229.56,-1315.43,34.37,31.87
650.16,-3632.25,35.96,31.84
3247.63,-1304.11,49.31,31.84
3124.73,66.6,34.49,31.83
-168.98,2061.35,39.04,31.83
-1952.14,3664.52,37.83,31.82
26.33,-2523.59,54.05,31.82
-3583.64,310.5,170.75,31.82
-853.13,-2862.76,65.22,31.81
-1560.74,-2083.72,44.73,31.81
3059.88,-3483.83,39.57,31.8
-3343.86,1798.03,39.76,31.79
2545.53,2098.87,39.67,31.78
-1799.11,2223.54,33.24,31.78
-1502.15,-2964.41,103.7,31.75
-2712.37,2115.49,49.97,31.74
-133.89,2629.34,48.27,31.74
-3272.59,-3241.02,33.82,31.72
2818.38,267.3,38.25,31.71
227.34,2536.21,34.55,31.69
-2934.76,-3332.8,36.81,31.68
2348.7,-370.3,32.04,31.67
-1276.69,-2079.61,38.41,31.66
2810.16,1079.7,67.25,31.66
1570.07,2745.99,89.28,31.65
788.76,3740.44,34.88,31.65
-1039.46,-2016.84,104.24,31.65
1991.36,-1404.95,41.18,31.64
2604.02,-3281.16,43.38,31.64
2330.35,3198.91,47.9,31.64
554.31,-1941.28,67.96,31.64
3681.11,-1901.94,78.57,31.63
2919.04,1959.14,38.55,31.63
836.63,2663.16,34.41,31.63
1060.8,-3462.58,54.9,31.62
471.15,-3558.5,34.51,31.62
-1233.32,3098.8,36.75,31.61
-2518.98,1345.96,38.94,31.6
2691.84,-2120.22,41.45,31.6
1657.18,-3037.27,38.44,31.6
2107.01,-144.76,33.95,31.58
1889.39,3706.85,31.91,31.56
-2537.43,-421.16,38.07,31.55
3208.34,51.6,42.99,31.54
-1646.71,-2906.04,56.82,31.54
-2679.24,-115.39,31.9,31.53
323.17,3186.14,43.4,31.53
3212.19,16.22,46.21,31.52
-177.04,-3312.02,32.38,31.52
-3079.24,820.12,44.2,31.52
-2153.92,-3319.95,42.86,31.51
2560.53,3479.09,32.71,31.51
2539.21,480.05,37.97,31.51
1047.35,3656.45,31.69,31.47
1185.44,2749.65,55.72,31.47
2956.6,-292.14,36.84,31.46
-2875.28,2294.95,64.71,31.46
-352.96,-2726.44,48.9,31.46
-2960.69,-549.7,32.62,31.46
2410.61,-458.56,32.49,31.45
2393.7,-2152.28,38.31,31.44
-1216.63,-2025.65,37.95,31.43
-3170.73,233.23,45.88,31.42
-2155.23,-1881.96,44.53,31.42
-2957.52,1591.02,31.49,31.41
325.75,-2829.73,80.61,31.41
-3007.2,3402.95,109.43,31.4
-1569.34,2771.75,41.63,31.4
-2029.22,2895.27,43.68,31.37
-3405.59,1366.32,44.49,31.37
-2898.06,-714.94,47.45,31.37
-2127.65,-3199.2,41.63,31.36
311.38,-3042.62,103.45,31.36
1900.3,2462.41,35.14,31.36
-956.79,3524.3,36.83,31.35
964.71,1918.37,35.31,31.35
2374.77,2064.83,41.66,31.35
-2099.61,-495.8,59.99,31.32
-3341.32,3030.23,55.25,31.32
-3638.52,2834.99,31.54,31.32
439.87,-3580.8,35.31,31.31
2534.56,-349.02,41.31,31.31
-2225.06,-418.6,43.98,31.29
2824.52,1459.07,103.69,31.28
3109.29,727.82,34.98,31.28
-938.41,-2747.27,33.01,31.27
-604.53,-3382.17,33.85,31.25
-3117.85,-3569.47,47.88,31.23
3129.99,-1997.15,69.07,31.23
3753.47,-1630.29,45.4,31.22
464.4,-3690.13,33.22,31.22
-2527.92,-2463.97,33.19,31.21
-1973.02,-1011.18,33.83,31.21
-1501.6,3431.01,32.77,31.21
-3163.12,336.19,150.45,31.2
-2631.15,-2282.44,34.05,31.2
-1130.84,2130.76,69.13,31.19
3161.02,-825.8,42.62,31.19
-389.7,2026.26,31.91,31.19
1676.51,-3467.3,38.77,31.16
-2830.2,-804.79,40.23,31.16
2497.15,-2716.95,38.26,31.12
3033.06,551.46,37.25,31.12
2332.66,-3059.13,65.5,31.12
-2098.46,2799.23,36.95,31.11
-3558.79,3400.59,37.84,31.1
194.13,3549.28,78.88,31.09
-3554,1753.69,57.82,31.09
1073.56,3389.6,61.61,31.08
2043.29,-571.2,41.37,31.08
1500.46,2588.96,36.54,31.08
-2632.97,-1646.14,33.19,31.08
-953.13,2777.81,66.28,31.08
-2045.81,-3746.88,45.29,31.07
2193.6,-1733.42,43.32,31.07
2196.66,625.82,57.14,31.07
-1245.73,3486.48,36.64,31.06
1818.96,3111.52,35.54,31.06
1584.98,-3073.98,49.86,31.05
1745.34,2004.26,48.91,31.04
3717.71,3182.02,37.72,31.04
3435.16,-1888.79,34.77,31.04
1799.76,2023.06,71.08,31.04
-1900.55,-417.28,41.72,31.03
-3747.68,637.15,32.65,31.02
758.02,-3585.1,34.5,31.02
-840.5,-2373.94,43.5,31.01
3054.31,-3151.58,38.18,30.99
3493.47,991.3,33.41,30.98
-3125.81,1381.2,66.02,30.97
2599.41,2160.04,41.5,30.97
-1792.81,191.97,145.23,30.97
-1679.92,-2806.13,87.73,30.96
1227.66,2160.51,33.23,30.95
2437.57,2999.11,38.01,30.95
3450.74,3173.5,36.06,30.94
3588.13,150.4,31.31,30.94
619.61,-2602.71,93.49,30.94
-977.47,2702.3,55.84,30.94
-2469.67,1239.05,47.17,30.93
-2837.61,3522.02,75.6,30.93
2511.69,2732.36,66.64,30.93
649.78,-3263.98,34.6,30.92
2037.08,564.17,55.2,30.92
2527.16,2543.52,115.74,30.91
1990.4,-536.75,33.26,30.91
2975.42,-2114.84,43.02,30.91
-2261.44,1868.37,50.82,30.91
3619.6,-1811.65,32.57,30.91
3196.09,1040.1,33.46,30.91
2648.98,641.63,41.98,30.9
-958.33,-3269.11,32.91,30.89
-2823.3,-2157.04,52.5,30.88
1352.05,3592.92,34.48,30.87
2451.74,-2226.21,31.16,30.87
-2169.38,-1808.93,39.47,30.87
-3678.93,1955.13,64.75,30.87
251.18,-3420.79,52.2,30.86
-2483.4,3453.26,32.08,30.86
2717.6,2345.83,41.3,30.86
2173.91,3719.34,38.74,30.86
3757.8,3234.13,33.75,30.84
-3321.51,-173.44,35.08,30.82
4.96,3544.7,31.17,30.81
66.13,2980.57,39.05,30.81
-857.6,-3201.48,140.45,30.8
2116.64,819.02,35.18,30.8
-727.9,2046.64,45.05,30.79
2975.48,-1700.67,82.51,30.77
496.31,2312.95,32.32,30.77
-2199.79,-2115.88,47.26,30.76
-3598.79,-1953.6,43.94,30.76
-1542.16,-3269.09,33.45,30.76
-1414.22,3040.13,33.01,30.75
-361.24,-3678.5,34.16,30.74
-3550.54,-909.29,51.68,30.73
-951.9,3678.08,31.67,30.73
-14.9,-3018.27,33.74,30.69
-2203.38,3409.39,68.17,30.69
-1363.86,-2119.32,41.61,30.68
2375.58,-771.62,41.93,30.68
-998.72,-2215,35.04,30.66
3616.64,-2367.12,123.8,30.65
1026.16,3730.63,40.28,30.65
-2590.67,476.14,33.71,30.63
-2058.09,3453.22,39.84,30.63
-966.85,2965.78,32.12,30.62
-1095.99,2164.42,37.75,30.62
3397.96,237.66,45.45,30.61
97.72,3477.96,34.15,30.61
141.94,-3404.53,33.09,30.59
-3151.18,2444.56,38.25,30.57
-1842.63,1981.77,38.59,30.57
-2576.57,1855.66,31.51,30.56
-1861.98,-3572.5,31.04,30.55
2660.66,-1515.1,33.72,30.53
3230.54,3750.27,31.75,30.53
2187.94,-2624.41,50.6,30.53
-3092.06,-1863.02,59.94,30.52
359.36,3321.43,41.9,30.52
2633.47,-3413.27,54.96,30.52
-472.05,-2339.86,32.19,30.51
2.14,2942.24,40.56,30.51
797.06,-2235.63,32.77,30.5
-1729.93,2917.69,46.4,30.48
136.01,3135.84,41.18,30.47
-915.95,-3633.46,83.69,30.46
1165.59,3690.01,85.68,30.45
-3737.87,-2675.98,31.36,30.44
-2884.61,-1896.93,32.47,30.43
1719,3000.67,46.27,30.43
3074.88,-1335.22,36.84,30.43
-58.13,-2774.24,34.56,30.42
2457.04,-2428.27,39.43,30.41
3722.41,1278.72,68.65,30.4
1522.19,-1976.87,59.38,30.39
-1796.2,-3219.05,32.94,30.39
-2948.97,-578.27,72.82,30.38
-1540.78,-2436.65,32.61,30.38
-757.91,-2705.91,73.33,30.36
-1477.11,-2893.04,36.15,30.35
-148.65,-2079.52,61.89,30.35
-3781.29,2622.54,32.21,30.34
-1915.75,-1097.36,37.29,30.34
951.04,-2724.09,33.65,30.33
2329.95,1489.28,53.92,30.32
3355.05,2515.89,84.67,30.32
3730.96,112.18,32.43,30.31
-2861.39,3329.66,44.19,30.31
-173.32,-3026.79,81.42,30.31
-2026.49,-1530.26,32.07,30.3
3647.53,2207.09,51.25,30.28
-111.85,-3137.38,40.2,30.28
1630.21,-1918.29,51.32,30.27
2661.61,-2196.25,104.67,30.26
-2959,3559.14,67.61,30.26
-2535.59,-2879.77,30.48,30.25
-2184.35,-2823.91,32.42,30.25
1057.01,-3162.93,34.02,30.25
3381.54,-1508.62,35.56,30.24
-2431.48,-2226.23,33.54,30.24
-951.6,2599.66,33.31,30.23
277.31,-3026.52,45.6,30.22
2105.41,-1942.62,37.3,30.22
1447.48,3417.01,35.58,30.21
1188.11,-3405.45,47.76,30.21
-2429.34,-1366.29,36.22,30.2
3583.35,3023.67,33.27,30.2
-2573.54,-16.07,37.51,30.19
-2147.11,-3571.65,33.94,30.19
831.98,-2958.51,44.93,30.18
-3501.47,-297.44,38.32,30.18
2417.67,3277.85,34.1,30.18
-2812.88,2191.52,31.69,30.17
-2942.87,2931.92,42.63,30.15
1294.53,3695.5,46.61,30.14
-774.06,-2179.52,44.36,30.14
3277.57,1678.47,79,30.14
3350.95,1957.82,32.9,30.13
207.63,-2775.21,50.58,30.12
2474.35,3593.8,33.47,30.11
-2127.66,503.42,42.26,30.11
-1868.07,-3757.32,48.34,30.11
-3522.22,-3472.53,31.84,30.09
-377.77,2355.83,34.07,30.09
661.13,1974.03,35.32,30.09
3326.84,2510.7,36.69,30.08
-2318.61,-3238.36,32.26,30.08
-87.38,2647.8,40.16,30.07
-3546.43,-3646.46,38.29,30.06
-3611.53,-1106.92,38.1,30.06
-3396.32,-1516.88,32.33,30.06
-2643.4,-1391.55,32.93,30.06
-3204.82,2874.93,36.5,30.05
1962.97,-2002.94,35.61,30.03
984.3,-2503.83,30.04,30.03
3654.05,-260.06,31.49,30.02
1751.96,3775.58,38.93,30.02
-3643.35,2297.63,39.83,30.02
-2462.93,1218.82,42.49,30.01
-1008.66,-3635.14,58.84,30.01
-3477.44,2316.1,30.49,29.97
1436.95,3062.97,57.22,29.97
-2251.71,1744.19,33.23,29.96
-3722.65,2294.32,30.45,29.95
-2727.82,-2893.76,30.14,29.95
416.47,-2291.48,43.38,29.94
3103.39,-672.37,62.03,29.94
1876.5,513.37,33.84,29.93
-3582.16,-1866.78,31.24,29.91
-2318.61,3444.92,30.31,29.91
448.78,2045.72,68.72,29.91
392.99,1965,30.13,29.9
2148.49,-2748.74,54.62,29.86
-3413.83,-2077.98,39.6,29.86
3224.55,-527.81,32.02,29.85
-3684.61,643.99,30.62,29.84
1619.53,-3714.8,29.93,29.84
-1377.6,-2266.18,29.96,29.84
-3442.44,-3527.49,31.18,29.83
-400.78,-3677.34,41.27,29.83
-1434.22,-3654.45,37.84,29.82
353.16,-3038.95,39.55,29.82
-3738.82,-346.44,38.41,29.81
-3565.74,-67.22,37.28,29.81
2278.14,-2843.88,33.39,29.81
-2047.04,-3554.96,100.21,29.79
-949.88,-2798.65,36.13,29.79
2399.04,-2624.3,41.18,29.79
1959.56,1489.17,35.71,29.79
1788.62,-1955.87,38.82,29.78
-2544.31,3651.42,47.44,29.78
2093.94,2884.61,36.7,29.78
-1922.7,-3217.1,36.55,29.77
-2531.03,-919.46,52.67,29.76
3428.33,-630.03,30.98,29.76
3191.08,-1463.84,43.78,29.76
2465.47,-648.14,42.25,29.75
-499.78,-2036.65,32.03,29.75
-2379.37,1914.62,42.63,29.75
1104.32,3487.09,38.19,29.75
-3266.9,1746.66,69.82,29.74
659.14,2378.08,69.44,29.74
-266.78,2649.07,33.55,29.74
-3523.76,-1456.57,31.64,29.73
2787.39,2667.5,39.62,29.73
3461.3,-2662.38,30.53,29.71
-1891.67,693.87,34.69,29.71
-2284.21,-1355.38,41.4,29.71
-3779.62,-464.21,37.73,29.7
-3563.02,92.88,55.64,29.69
951.95,2562.66,33.09,29.69
3106.75,-2916.83,41.69,29.69
2089.12,-205.47,41.78,29.68
2699.28,3473.7,36.37,29.67
-598.21,3372.29,55.09,29.65
-3415.65,-1535.77,32.74,29.65
3289.9,2398.03,32.72,29.64
-3654.65,-2177.91,37.39,29.64
3019.28,195.76,33.24,29.64
1457.88,-2774.42,50.38,29.63
2796.77,1587.96,31.41,29.63
2717.1,-1678.24,31.97,29.63
586.82,2942.46,31.56,29.63
-1915.86,182.01,32.09,29.62
133.89,-1880.91,63.05,29.61
2681.97,568.67,30.57,29.61
-1838.65,-1889.9,42.11,29.61
-288.2,3232.6,30.03,29.61
-3253.24,2659.75,44.25,29.6
-1984.89,3489.45,36.88,29.59
539.31,2831.91,30.93,29.59
-3351.1,-2392.9,39.65,29.58
2359.54,710.19,31.79,29.58
3491.96,2744.58,38.55,29.58
3054.8,2923.78,30.92,29.56
-2343.68,2881.88,38.01,29.56
3769.12,1633.59,44.56,29.55
2988.17,-2249.7,32.82,29.55
-711.46,3580.21,42.31,29.55
-2275.65,1803.79,42.23,29.54
-2146.96,2396.39,47.97,29.54
-1630.17,3754.52,36.18,29.53
3021.88,324.59,104.18,29.53
-2643.89,-1188.16,96.34,29.52
-3503.37,-1062.36,43.1,29.52
-552.67,-2117.37,31.79,29.5
-623.76,3621.02,31.85,29.5
-1807.92,2472.85,36.51,29.48
-470.62,2113.28,60.76,29.47
3607.94,-3454.5,38.52,29.46
2474.41,1409.58,36.72,29.46
2130.91,2502.54,49.34,29.45
1965.21,2244.99,49.57,29.45
2771.38,-1558.24,30.28,29.44
-1901.06,159.43,29.66,29.44
-1006.88,2153.12,40.53,29.43
-3504.76,497.79,33.08,29.42
3580.9,177.6,37.55,29.38
-2655.03,210.58,31.43,29.38
-3002.63,-2076.62,34.55,29.38
-832.98,3332.34,34.05,29.37
-2434.81,2457.93,50.65,29.37
3771.66,-3572.87,41.1,29.36
-2260.97,1471.88,61.13,29.34
-2282.45,-1798.32,30.43,29.31
921.86,-3698.4,33.32,29.31
-3615.51,-2541.44,30.46,29.3
3469.49,-2277.83,30.86,29.3
-247.82,-2856.47,35.48,29.29
-3627.29,-2325.35,33.48,29.28
3515.42,-1706.38,112.06,29.27
-1866.1,354.85,35.43,29.27
824.62,3000.3,35.62,29.27
3648,2569.51,70.02,29.26
-3408.99,-1738.24,30.76,29.25
3217.37,-2821.3,64.59,29.25
-1739.54,3452.95,46.63,29.25
2623.03,-1092.81,36.71,29.24
-2305.35,-996.21,35.77,29.23
-2811.04,1618.58,31.68,29.23
601.2,2589,55.59,29.22
-2174.53,-3208.07,33.53,29.19
2605.73,-2318.39,40.91,29.19
-3606.79,-3013.58,64.35,29.18
409.92,-3243.18,38.69,29.18
-3379.89,-2063.6,31.14,29.16
-3660.56,-1689.85,67.32,29.16
-3165.43,-911.92,35.98,29.16
-2373.42,2681.85,38.7,29.16
-1344.37,-2690.03,34.39,29.16
-1832.21,-2695.92,30.11,29.15
-18.6,-2811.66,35.22,29.15
-2654.09,-917.05,45.19,29.14
3114.84,1694.87,32.13,29.14
310.44,2412.78,30.31,29.13
-1886.42,-3416.22,44.67,29.13
-2640.44,2900.12,50.65,29.11
-3786.08,2186.23,43.26,29.11
943.32,1967.58,42.46,29.1
2124.05,-3560.35,30.74,29.09
2387.34,-3579.77,30.71,29.08
-3275.99,-3718.77,30.43,29.08
-3571.27,-2184.9,62.76,29.08
2207.38,3059.79,49.48,29.07
-2191.17,-159.56,54.37,29.07
-2842.82,-2068.16,42.46,29.06
2994.32,1174.32,32.41,29.06
2151.87,-2171.63,51.74,29.06
1348.77,-3669.62,31.64,29.04
-1948.57,-1941.74,61.4,29.04
-743.18,2770.87,30.6,29.04
1626.42,3071.51,36.85,29.04
-3091.24,25.02,31.51,29.04
-1107.69,2325.71,41.02,29.03
-2542.24,493.05,29.18,29.03
2657.04,-1502.15,57.49,29.02
-2101.79,-1315.62,32,29
-1798.95,-1208.77,32.79,29
2251.48,-1911.87,33.47,29
-888.15,-2338.51,29.47,28.98
3001.01,-2402.08,30.3,28.98
3153.26,551.61,31.77,28.95
3667.69,-701.33,92.72,28.95
-643.83,3433.69,29.8,28.95
-466.12,2216.58,46.9,28.94
-1943.02,1491.44,65.19,28.94
-2995.76,1747.46,40.05,28.93
-1848.6,1409.29,32.71,28.93
1393.23,-1871.16,43.1,28.92
-2016.28,3054.38,41.15,28.92
2878.93,-2092.78,45.45,28.92
2735.23,-2926.61,39.34,28.91
1683.7,2813.38,41.96,28.9
-3038.07,2042.41,32.88,28.9
16.94,2330.08,34.42,28.89
-3435.49,8.09,41.74,28.89
-2176.52,-964.19,37.74,28.89
-1342.33,1950.75,39.11,28.89
-1893.96,-2197.3,42.48,28.88
3780.7,2429.81,47.99,28.88
-2299.57,3127.93,43.42,28.88
2479.17,-2952.05,29.08,28.87
-1401.44,3525.75,40.45,28.87
3716.23,3105.38,60.51,28.87
1448.96,-3025.77,40.5,28.87
2655.69,3437.51,29.88,28.86
-3626.56,-1632,37.9,28.86
305.9,3285.68,43.81,28.86
673.82,-2041.27,50.87,28.85
3168.9,1298.11,33.68,28.85
-1426.41,3294.54,42.48,28.84
-2151.39,-2337.52,161.73,28.84
2135.79,-2567.47,41.5,28.83
-1538.75,2334.67,34.13,28.83
1369.33,2517.23,30.67,28.82
2306.96,-221.36,39.59,28.8
368.49,3735.71,44.7,28.79
-1447.68,2664.58,30.9,28.79
-24.17,2064.53,33.29,28.78
2065.47,-98.95,29.06,28.78
-3735.14,-1455.67,30.42,28.78
2305.76,1807.65,33.03,28.77
-668.11,2874.3,37.14,28.76
3231.49,1626.11,39.43,28.76
575.12,-3457.87,51.2,28.76
-3437.9,-674.28,36.08,28.75
-2922.23,-841.83,31.05,28.74
-3350.49,3584.05,33.64,28.74
-403.48,1913.48,37.72,28.73
1800.71,-3516.85,30.91,28.71
-2382.84,-851.22,33.11,28.69
1651.99,2347.34,34.97,28.68
1117.27,2801.09,30.95,28.67
3611.91,1175.52,43.22,28.67
-3694.99,-765.36,58.6,28.67
3538.78,1088.47,33.96,28.66
-2561.91,1137.62,39.38,28.66
-2422.19,-417.06,126.15,28.66
-2376.39,3279.88,67.15,28.65
-3021.84,-2004.08,78.9,28.65
274.89,3399.15,39.8,28.64
-2411.84,479.17,29.25,28.64
-2433.61,296.87,38.84,28.64
1791.32,721.24,118.96,28.64
-3348.47,1754.5,43.85,28.63
1216.1,3524.15,30.07,28.63
1738.53,-2360.41,41.75,28.63
2442.83,624.06,39.1,28.63
936.42,-3282.87,45.24,28.61
-3298.64,1938.51,30.97,28.6
-2918.79,3265.09,35.29,28.6
902.76,-2823.6,37.38,28.6
-3403.97,644.13,49.35,28.59
3006.93,3520.63,38.4,28.58
2339.42,-127.56,56.5,28.58
2619.65,2471.71,45.13,28.58
-1017.47,-2509.18,34.8,28.58
3168.62,-2826,32.75,28.57
3475.31,-2676.44,44.73,28.57
-3780.43,-2659.84,29.89,28.57
-3410.92,3564.75,66.12,28.56
-1711.5,-2426.2,45.16,28.56
2763.7,-1869.17,30.34,28.56
-2259.35,55.65,30.13,28.55
2665.62,3749.42,42.95,28.55
-1638.79,-2020.07,34.74,28.55
-671.47,2436.89,41.46,28.54
-2855.74,-775.4,42.7,28.54
-2478.97,-2648.27,32.16,28.53
-2806.13,-1707.3,33.7,28.51
-3631.53,2544.45,40.72,28.51
-3230.11,292.64,117.72,28.51
2321.2,-423.08,32.28,28.5
2914.76,-2765.69,35.38,28.49
-2200.26,831.7,35.33,28.49
-3522.37,3261.58,51.37,28.47
2400.09,-953.92,38.68,28.47
-3177.38,-1713.36,30.92,28.47
3463.31,-896.93,28.61,28.46
1784.62,2432.37,87.63,28.46
-432.66,-3370.1,36.58,28.46
-1224.5,2074.46,28.74,28.46
-1600.55,-1974.93,30.26,28.46
-3774.08,499.53,32.87,28.45
1235.94,-2831.83,38.43,28.44
2697.37,2241.89,29.29,28.44
-1746.96,-2671.26,28.62,28.43
-2042.68,-353.47,36.25,28.43
2852.81,-411.08,28.88,28.42
-1629.1,-3481.86,32.72,28.41
-685.74,2504.26,76.09,28.41
1388.11,-3211.8,35.81,28.41
-987.33,2024.33,44.6,28.4
-559.85,2460.37,29.8,28.4
197.24,-2794.18,43.82,28.4
2542.98,-3007.73,32.58,28.4
1813.51,-2228.77,29.6,28.39
-282.62,2447.24,41.86,28.39
-3590.79,1251.74,36.93,28.39
-2415.21,717.75,32.75,28.38
2703.4,393.12,37.41,28.37
2915.54,3751.31,37.34,28.37
-3633.15,-3109.77,32.2,28.36
3669.96,-2322.79,28.66,28.36
161.32,-3519.54,31.85,28.35
2781.85,1142.09,32.65,28.35
588.41,-1887.74,32.06,28.34
2394.54,1962.47,44.88,28.34
-2975.36,1748.8,52.61,28.33
2575.32,2957.63,39.67,28.31
2284.82,-1674.27,32.86,28.31
-3194.67,1068.24,99.01,28.29
3635.06,-630.06,41.57,28.29
2029.41,1119,30,28.29
-3767.18,2394.4,33.05,28.28
-379.55,2202.62,40.7,28.28
-898.23,-2419.02,28.55,28.27
-2437.81,-2360.8,48.25,28.27
2791,1806.66,40,28.24
2662.68,-1972.9,29.09,28.24
-3429.68,-2470.92,39.9,28.22
-2228.91,5.78,50.52,28.22
-2923.38,2194.91,28.78,28.21
-434.94,3683.98,33.1,28.21
-2878.22,-1765.52,46.17,28.2
-2758.16,-2115.39,37.44,28.2
-2863.52,1687,44.06,28.19
2245.18,-757.34,29,28.19
3145.63,-527.53,30.09,28.19
3547.8,2270.08,28.2,28.19
-3260.05,1396.02,75.82,28.19
-2246.64,-1075.43,31.35,28.18
2026.03,901.5,29.78,28.17
-3532.02,2685.88,40.12,28.17
-862.43,2171.9,35.08,28.16
2973.46,-2387.71,65.45,28.15
-752.11,2120.52,33.31,28.14
2627.96,1327.11,32.43,28.14
2285.42,212.27,124.34,28.14
-1465.46,-3333.58,29.36,28.13
-1506.78,-3466.25,48.47,28.12
111.76,2728.17,29.7,28.12
-2543.13,-418.61,36.29,28.12
255.11,-3796.03,34.27,28.11
-3259.07,729.92,33.51,28.1
-1699.22,2710.04,32.94,28.09
-2846.24,1492.75,28.61,28.09
438.67,-2349.96,36.28,28.09
3610.99,3019.06,50.3,28.08
389.63,2073.49,37.32,28.07
-3681.45,930.79,31.75,28.07
-2869.04,220.96,29.27,28.06
3762.14,2999.82,34.13,28.05
-3406.51,-2067.38,33.96,28.05
2035.34,-795.61,40.11,28.04
2412.15,1588.8,30.66,28.04
660.08,2136.46,30.28,28.03
2048.22,2514.46,32.87,28.03
-1246.66,2772.89,145.12,28.03
2068.46,-2877.31,28.99,28.01
837.88,-2571.2,43,28.01
3265.12,-1343.96,29.13,28.01
-1074.22,3544.99,32.8,28
2553.5,3678.95,48,27.99
-3015.68,-2129.35,49.62,27.98
-1339.85,-2015.38,70.99,27.98
-2658.2,1799.25,37.98,27.98
1852.06,-3590.84,31.48,27.97
-543.51,-2221.98,70.92,27.96
3215.98,-142.98,39.36,27.96
-2770.9,-2911.67,33.33,27.95
3135.17,1537.98,55.29,27.95
-2835.13,-1434.43,49.89,27.94
-448.16,2120.58,37.54,27.94
-676.4,-3146.01,28.02,27.93
-2210.42,2696.16,56.17,27.91
1201.12,-2803.22,36.08,27.91
-1194.93,2537.78,43.14,27.91
1473.42,-2107.63,34.84,27.91
-3396.27,2293.38,29.86,27.9
-1948.56,1381.51,43.87,27.9
3027.97,-2043.63,32.92,27.9
-2351.33,-3002.65,37.17,27.9
-137.25,-1940.06,29.74,27.87
2177.84,-788.55,28.12,27.87
-2489.29,3584.93,43.11,27.87
3163.34,2075.6,30.2,27.87
-710.42,3662.29,44.18,27.85
1866.55,-3514.22,39.28,27.85
2382.5,-3173.62,38.12,27.84
2088.16,2470.03,30.38,27.84
3259,1067.61,31.63,27.84
1227.17,-3749.84,44.53,27.84
2785.89,1772.01,32.63,27.83
1875.97,-314.37,30.49,27.83
-880.75,3617.55,41.73,27.83
3536.6,40.34,44.95,27.81
2213.24,-443.81,27.93,27.81
-503.1,-3106.81,48.96,27.81
-1079.67,3114.5,29.68,27.8
1188.65,-2475.95,33.63,27.8
-1944.83,-1975.74,35.9,27.79
3503.5,1618.98,43.07,27.79
-3251.33,1294.18,32.7,27.78
432.8,2424.23,66,27.77
212.37,3507.68,31.99,27.77
3497.37,2125.4,29.58,27.77
-2173.78,-3248.83,42.65,27.77
2725.07,-3762.23,37.86,27.77
-2720.77,-1742.23,60.17,27.77
-3529.02,3321.25,28.22,27.76
2850.86,2731.9,29.22,27.76
2250.84,1716.15,36.9,27.75
2149.88,-1309.17,41.26,27.74
3091.69,-1065.01,46.08,27.73
193.32,-3548.64,47.83,27.73
-2975.61,-1045.91,70.19,27.73
2826.62,-643.23,28.17,27.73
721.13,1962.94,56.1,27.72
1022.18,-2578.94,29.84,27.72
2679.09,-8.75,36.2,27.71
-3529.72,2224.94,28.33,27.71
-3359.64,-2500.63,28.25,27.7
-1929.83,1650.49,29.18,27.7
-2719.97,-1303.7,32.82,27.69
-2898.44,-1420.27,28.74,27.68
1390.91,3069,43.99,27.68
-2555.13,-693.04,86.58,27.68
-2387.69,2156.47,32.34,27.67
1996.63,3406.18,42.18,27.66
-418.22,1887.15,36.58,27.65
-2475.96,640.2,71.55,27.65
-3724.58,-610.15,31.15,27.64
-2823.83,2004.46,55.25,27.64
-3125.03,-3631.43,52.14,27.64
-590.51,-3749.41,32.12,27.63
-2943.82,-1864.01,33.34,27.63
2575.22,3772.89,31.55,27.63
-2515.9,-1492.26,28.53,27.63
471.92,2777.7,77.13,27.63
-2823.15,-2012.1,37.26,27.62
-2145.76,933.06,34.26,27.62
2368.97,-2219.59,30.08,27.61
-2648.39,3540.09,39.39,27.6
-1045.93,-2306.88,32.98,27.6
-1907.18,-3792.92,36.59,27.6
3628.1,-1041.84,29.22,27.59
-1741.94,3475.68,38.54,27.58
2231.27,90.39,33.91,27.58
-3709.79,-2448.81,31.05,27.58
-1106.02,3039.05,89.46,27.57
-2596.46,-120.06,34.73,27.57
-2157.67,3232.65,27.62,27.57
3741.28,-1244.5,33.49,27.56
3514.05,2445.9,32.81,27.56
2986.8,1664.99,34.88,27.56
-2595.79,-2016.69,28.62,27.55
3047.55,-1314.01,32.56,27.55
-2318.63,2057.93,29.06,27.55
-2738.14,-3116.42,33.77,27.55
2461.29,-1813.18,29.39,27.54
3052.75,3384.92,28.62,27.54
3099.92,-2912.22,50.49,27.54
-3194.55,3529.19,44.25,27.54
3234.96,3033.45,28.74,27.53
-893.68,-2073.36,108.79,27.52
-3258.86,327.78,34.77,27.52
3112.54,3422.19,32.16,27.5
-235.38,1899.4,49.6,27.5
2951.99,-513.42,27.6,27.49
-1923.14,1133,36.92,27.49
-2086.63,1210.14,47.04,27.48
-2067.49,-3677.73,40.15,27.48
-1544.05,1921.7,29.02,27.46
3418.34,3744.28,35.25,27.46
2179.87,-1055.83,31.77,27.46
-1836.19,-2056.9,42.83,27.44
-3092.2,1955.61,29.36,27.43
2251.06,3393.25,30.74,27.43
-1858.34,-2328.38,28.14,27.42
2688.03,2314.88,32.88,27.41
-1961.92,2739.26,39.48,27.4
2391.44,738.83,28.59,27.39
2794.63,3374.3,28.23,27.38
3107.5,2875.41,30.92,27.38
655.16,-3549.38,44.46,27.37
-1791.05,3406.1,28.85,27.37
-2382.03,-401.2,33.37,27.36
-956.73,-2070.12,35.44,27.35
3567.74,-1444.87,34.99,27.35
1856.47,-3802.81,27.67,27.35
-1559.44,2723.76,29.74,27.35
1036.84,-2556.81,40.77,27.34
623.86,3564.04,30.04,27.34
-3214.89,599.7,44.63,27.33
-893.91,-2023.25,49.58,27.33
-2750.63,-2245.47,27.92,27.32
-1255.37,-2516.58,67.86,27.32
3597.74,1282.96,54.26,27.31
-3093.78,-1629.73,39.05,27.29
3650.16,-1031.94,30.27,27.28
-2363.35,2483.6,41.8,27.27
601.3,2453.14,45.37,27.27
3026.56,-3630.31,37.4,27.27
-3261.81,1566.46,35.57,27.26
-2981.38,-2966.47,30.66,27.26
135.31,-3238.3,27.27,27.26
2249.47,-3253.75,31.66,27.25
-1640,-3249.99,33.39,27.25
1769.23,2419.24,27.29,27.25
2669.8,-2197.53,57.28,27.25
-687.33,-3200.15,43.38,27.24
57.34,2989.24,29.16,27.24
2366.73,1975.12,28.67,27.23
749.25,3067.88,63.4,27.23
-1711.77,-1832.09,100.68,27.21
-2583.05,-2441.31,35.92,27.21
-511.6,2519.5,69.9,27.2
1755.99,3698.27,32.92,27.2
-3241.85,2276.32,29.47,27.18
2379.69,-2840.01,59.76,27.18
-794.36,-2518.71,84.83,27.18
-2707.03,724.46,39.92,27.18
91.18,3441.5,69.76,27.17
-91.96,3101.33,29.98,27.17
2615.01,686.84,35.52,27.16
-1903.62,3697.42,27.44,27.16
-1963.9,2463.91,31.04,27.16
-2701.3,-2501.66,33.31,27.15
2353.47,1957.62,32.38,27.15
2272.34,1219.14,46.05,27.15
-2174.31,-531.87,39.93,27.14
-885.01,2682.92,29.61,27.14
952.19,-2938.31,57.87,27.14
3590.6,3233.06,28.44,27.13
-3244.92,3190.81,38.41,27.13
2113.73,-1693.44,35.77,27.13
-2067.6,3173.33,46.48,27.12
-2455.81,2801.74,44.23,27.11
444.31,3295.79,34.79,27.11
-1464.02,3332.15,35.25,27.1
-1456.32,2875.75,35.45,27.09
-457.14,3377.68,36.31,27.09
1366.1,2799.9,33.62,27.09
2048.18,2344.3,40.14,27.08
-3559.96,1171.24,46.36,27.08
-2953.36,-951.09,40.17,27.07
-3458.76,2728.31,32.28,27.07
2368.81,-1221.21,31.62,27.07
-3352.59,-713.69,56.74,27.06
-2565.27,-1482.37,31.7,27.06
3669.74,2806.47,36.91,27.06
-3177.63,3635.28,39.1,27.06
-37.08,-2778.42,39.19,27.05
942.35,-3598.42,34.83,27.05
-2006.55,3378.65,30.28,27.05
2330.44,1035.16,49.88,27.05
2627.99,1106.65,49.41,27.04
3317.97,-2145.76,42,27.04
-3508.1,-3417.02,28.79,27.04
3196.91,-2192.94,40.75,27.04
-3364.11,-2333.88,28.09,27.04
-2187.41,1148.92,58.13,27.03
2422.23,-3465.05,29.74,27.03
-2041.28,1965.7,32.64,27.03
2848.92,-958.49,33.82,27.03
235.49,3138.91,30.45,27.02
-2637.16,-434.18,32.54,27.02
2356.45,-565.83,28.03,27.02
-1975.23,1218,29.94,27.02
3531.97,1118.93,43.85,27.02
-1768.79,1957.79,27.08,27
-2803.61,2583.96,30.67,27
2147.59,3590.84,29.1,26.99
2755.67,-2942.37,38.19,26.99
-2801.37,-657.85,31.69,26.99
-708.61,3614.08,29.4,26.98
-942.51,1919.64,38.52,26.96
-2790.45,2355.44,32.02,26.96
2984.91,-3424.55,32.89,26.96
815.42,-2575.96,35.85,26.96
1336.35,-3002.75,48.17,26.95
-2288.54,-3437.8,27.91,26.95
-2044.86,-1845.14,27.66,26.95
-2653.84,2190.39,29.14,26.94
-865.66,2377.57,48.25,26.93
-1553.2,-2584.17,68.76,26.93
-277.45,1881.47,42.02,26.93
1907.88,-1070.05,30.89,26.93
3273.47,-1714.59,28.07,26.92
2385.43,2464.17,31.3,26.9
670.92,2969.76,29.3,26.9
2815.29,574.39,28.37,26.9
-1913.45,-1808.09,49.93,26.89
928.11,-2789.51,32.22,26.89
985.98,2542.41,41.78,26.88
2234.11,-2245.16,32.34,26.88
-2939.92,930.55,38.37,26.88
-641.56,-2148.12,34.44,26.87
3483.12,-3745.79,36.13,26.87
3581.22,3392.99,54.53,26.85
1157.97,3065.16,28.09,26.85
1821.48,3438.54,44.08,26.84
-1228.3,2564.48,28.74,26.84
-3115.54,2719.66,28.57,26.83
2570.35,3096.87,28.34,26.83
-2219.7,-3578.11,30.49,26.81
-1642.17,-3145,30.5,26.8
-2695.5,325.65,39.4,26.8
3101.46,-3060.54,31.56,26.79
1346.97,3541.1,34.55,26.79
1903.22,-3721.71,32.12,26.79
2529.57,2268.27,28.59,26.78
3797.38,-3638.64,28.88,26.77
-2856.67,-989.44,28.78,26.77
-2081.05,-65.72,29.18,26.77
-2769.18,-2172.01,28.49,26.77
2393.5,-1061.95,29.07,26.76
-3571.43,-756.21,31.17,26.76
-2443.75,417.61,38.75,26.76
129.26,2993.7,31.53,26.76
-2348.13,-636.84,27.82,26.76
-635.78,-2680.05,36.62,26.75
-3075.51,887.35,35.75,26.75
-3053.25,2437.75,35.96,26.74
-1622.21,2939.75,33.04,26.74
-3624.25,475.03,30.65,26.73
-101.17,-3264.06,27.21,26.72
-83.82,-2871.55,33.57,26.71
-2928.64,-1484.5,30.99,26.71
3466.86,2494.12,28.91,26.71
3080.28,-2697.2,29.57,26.71
-2547.25,1985.62,38.48,26.71
-1353.81,-2112.79,29.94,26.71
-2781.67,-2142.84,58.18,26.7
-233.9,2593.76,35.12,26.7
2423.74,-2332.2,28.65,26.7
-2465.43,-3275.79,31.79,26.7
1279.03,3081.08,27.9,26.69
3702.56,-1313.65,61.91,26.69
347.06,3106.78,28.82,26.69
-1889.83,1367.07,99.74,26.68
740.95,2613.45,39.03,26.68
-2892.13,187.41,28.34,26.68
967.17,-1891.86,44.78,26.68
-3089.91,-1482.63,29.25,26.67
3611.8,-3247.51,29.16,26.67
-181.92,-2466.75,68.67,26.67
-2529.68,-3556.27,28.6,26.67
76.66,3020.96,53.44,26.67
3029.71,-1977.83,48.76,26.66
1017.28,3727.84,27.72,26.65
-2571.53,-2949.12,29.72,26.64
1928.46,-3024.49,43.2,26.64
-2214.31,2981,36.03,26.64
3388.77,1511.14,40.74,26.64
-2613.73,-1202.71,26.94,26.64
-2382.25,2842.03,28.25,26.63
3723.17,-667.96,44.43,26.63
1354.34,-2658.57,40.73,26.62
3521.83,812.93,26.76,26.62
2569.88,1647.24,27.07,26.61
2881.59,358.31,31.59,26.6
-1194.37,-2267.77,33.04,26.6
-516.31,-2501.69,38.82,26.6
2052.53,383.75,110.24,26.58
-1488.83,2286.58,38.06,26.58
2346.64,2624.81,32.76,26.58
914.59,-3410.11,36.94,26.57
-2284.13,-668.6,155.56,26.56
2785.71,219.37,34.14,26.55
1546.56,2310.99,27.78,26.54
497.16,-3422.14,29.54,26.54
1225.49,2370.7,38.55,26.54
1973.06,-2782.38,29.27,26.54
2131.77,2189.45,37.31,26.54
588.18,-3424.47,32.6,26.53
1234.17,2320.64,28.38,26.53
1683.74,-3414.91,26.85,26.52
-3275.44,-1929.18,30.67,26.5
-329.57,-3282.69,27.52,26.5
3645.18,-1624.58,29.34,26.49
-3726.87,-2841.24,28.54,26.49
3240.64,267.48,80.12,26.48
3473.35,658.74,29.56,26.48
-679.81,-3082.71,30.31,26.48
81.1,2042.92,71.91,26.47
2400.18,-2006.2,31.16,26.47
-2826.36,6.36,26.7,26.47
-3652.48,-2941.29,32.9,26.46
-1456.6,-3459.51,29.43,26.46
-2342.96,-1199.74,53.46,26.45
3193.15,714.59,76.27,26.45
1463.3,2601.92,32.52,26.45
3356.36,3766.2,54.94,26.44
2073.62,984.22,33.84,26.43
-575.88,-3194.09,28.91,26.43
-3453.72,-2644.56,26.78,26.42
-2597.66,-3576.21,31.69,26.41
-1424.51,3591.37,32.98,26.41
1753.88,-2866.93,30.92,26.41
2713.47,3343.49,32.24,26.4
792.68,2158.85,28.06,26.4
2023.48,-1500.45,36.98,26.39
-3296.21,522.45,28.75,26.39
-890.19,-2719.72,28.97,26.39
2579.14,-1419.94,33.06,26.39
-1256.96,2390.95,41.58,26.38
1636.39,-2212.93,28.97,26.38
-1027.09,2871.49,32.4,26.38
-1703.77,2783.95,33.35,26.38
-3352.13,-3203.83,34.37,26.38
2812.2,-1609.19,28.26,26.37
-3175.57,-1407.12,36.97,26.37
-1936.58,798.65,61.37,26.37
-3420.72,2795.29,27.26,26.37
2836.13,1994.05,26.94,26.36
-2734.92,-1706.12,52.91,26.36
-3003.32,-1641.43,29.78,26.36
-141.41,2704.85,27.51,26.35
3300.3,-3234.78,26.61,26.35
-3241.46,2348.78,27.07,26.35
-3135.91,3412.1,33.1,26.34
-2192,2291.06,31.12,26.34
-1858.91,2811.04,34.54,26.34
2858.92,-2060.42,32.33,26.33
-1066.28,2224.22,33.87,26.33
-2266.91,3758.39,34.56,26.33
2358.01,-2839.98,36.3,26.33
-742.24,1921.41,36.7,26.32
-197.74,3103.11,39.3,26.32
-2795.1,2505.89,27.11,26.31
2474.65,152.92,29.17,26.31
140.55,-2127.51,50.62,26.31
-1776.48,-3005.47,197.84,26.28
-2775.44,-90.59,49.4,26.28
-1251.8,2609.91,34.65,26.28
1770.61,-2176.2,67.28,26.27
624.99,-3083.82,44.21,26.26
-1996.53,-1032.91,48.05,26.26
3657.44,-3050.44,31.52,26.26
-3053.27,-2712.19,39.44,26.26
2864.67,2691.08,26.41,26.25
1702.7,-2867.66,31.57,26.25
-2557.62,-541.29,34.33,26.25
-2371.7,600.99,26.68,26.24
-500.01,-2361.13,31.78,26.24
-3304.42,3327.34,62.71,26.24
2563.98,-590.25,47.89,26.23
-2068.01,2787.88,71.36,26.23
-1288.66,2515.73,39.76,26.23
-2845.5,-1869.74,69.36,26.23
1724.79,-1949.21,44.31,26.22
2194.15,3305.51,40.94,26.22
3553.02,37.62,72.03,26.21
-2985.22,-827.44,74.21,26.21
-3149.28,-1873.35,29.53,26.21
-2199.97,2178.01,40.96,26.21
-3358.17,-1097.63,31.01,26.2
-3676.32,-1105.97,56.05,26.2
-1772.35,-2696.65,36.98,26.2
-2421.52,-790.24,57.84,26.19
3723.55,-3117.7,27.45,26.18
-2733.52,2473.37,30.61,26.18
365.23,3539.49,29.03,26.17
3214.95,-3624.2,32.35,26.16
2922.24,1022.68,26.22,26.16
766.99,-1882.11,40.81,26.15
3619.27,1415.8,45.03,26.15
1133.53,-2981.83,28.27,26.14
3486.81,-223.1,34.55,26.14
3082.1,3261.72,31.38,26.13
2161.82,-3255.12,44.08,26.12
3395.29,2856.21,34.59,26.12
2465.01,-1224.49,38.63,26.11
-2392.51,1208.42,33.75,26.11
2878.28,-1269.14,26.24,26.11
-2440.82,-850.8,26.42,26.11
3776.77,-1098.46,27.96,26.1
-2513.5,614.19,31.44,26.1
-1894.37,1032.14,42.81,26.1
2285.12,992.89,27.81,26.09
-3240.87,-573.8,28.53,26.07
3485.41,128.98,27.78,26.07
2482.37,-663.68,33.13,26.07
-3634.34,-794.7,31.18,26.05
581.66,-3452.96,39.17,26.04
3802.97,1745.87,30.57,26.04
-384.33,-3693.06,45.57,26.04
-3160.28,-2986.46,27.06,26.04
2370.08,-1699.78,27.82,26.04
-1482.53,2105.32,34.51,26.03
-1024.12,2898.26,29.01,26.03
-3393.14,-3054.8,38.53,26.03
3493.22,-1245.83,27.05,26.02
3183.55,-1199.48,28.12,26.01
1838.46,2426.05,27.68,26
2734.95,1849.76,32.94,25.99
1460.12,-3461.22,27.91,25.99
-2174.17,1181.84,35.24,25.99
-2328.02,3132.68,37.38,25.98
1555.84,3487.43,27.88,25.98
2512.89,1987.56,37.4,25.98
3740.06,1727.61,28.56,25.98
-2317.12,1511.43,26.12,25.98
2603.73,683.25,55.1,25.98
-1987.69,3285.32,32.15,25.97
-1664.66,3068.28,43.13,25.96
91.81,-2848.59,31.74,25.96
-2894.79,2773.05,32.55,25.95
-2056.86,364.88,31.42,25.94
-2768.41,3352.57,31.23,25.93
1935.83,-1286.85,82.18,25.93
-2245.13,2965.27,104.29,25.93
-600.98,-2643.04,51.43,25.93
687.21,-2091.12,26.81,25.93
3141.41,-1643.16,45.51,25.93
-3557.38,1094.69,37.69,25.93
-3584.95,1253.85,53.39,25.92
3399.17,3510.25,53.94,25.92
-1981.19,1410.79,28.5,25.91
-900.3,2073.11,41.35,25.91
-162.42,2631.26,26.34,25.9
-3652.84,-1841.95,29.07,25.89
3293.34,-513.61,34.68,25.89
2757.94,3674.6,63.51,25.89
-3544.65,-295.81,27.96,25.89
-3569.28,1080.23,28.21,25.89
2896.52,3605.31,65.65,25.89
2699.94,-64.76,41.16,25.89
3561.68,735.63,31.64,25.89
2526.24,2866.96,27.21,25.88
-1610.3,2803.96,34.99,25.88
-2121.66,3244.31,26.74,25.87
-3351.16,-3313.99,36.54,25.87
1645.98,-3665.97,37.76,25.87
-3174.63,-1636.91,49.29,25.87
3404.02,-943.94,131.36,25.87
3583.17,1724.62,26.39,25.87
2551.31,-3077.58,29.13,25.86
-911.4,-2767.79,29.72,25.86
-2579.21,2516.26,35.48,25.86
-2728.41,120.9,29.59,25.86
-2140.05,3054.02,31.61,25.86
3172.33,1965.25,35.89,25.85
-1727.91,-3207.03,27.55,25.85
-2853.57,217.67,29.24,25.85
-210.73,3634.97,51.14,25.85
-798.46,-3483.32,49.24,25.84
-2904.01,2205.93,68.95,25.84
2174.42,2985.55,31.35,25.84
-2610.64,-3692.89,30.93,25.84
2734.15,-3122.72,32.5,25.83
100.36,2914.26,26.1,25.83
1984.26,2269.97,46.41,25.83
1550.54,-2557.33,27.51,25.82
-1049.54,-3127.33,69.19,25.82
1309.72,2149.31,111.47,25.82
-1849.34,3639.06,67.74,25.82
-3147.93,-272.06,27.31,25.82
3287.05,3619.42,26.35,25.81
3694.87,2263.41,34.72,25.8
1433.32,-3577.53,43.15,25.8
-3510.86,776.51,29.73,25.79
107.65,-2824.93,29.24,25.79
1604.28,-2871.69,25.9,25.78
-2866.47,-72.63,31.51,25.78
1712.38,-3268.09,35.02,25.78
2586.95,-2934.19,41.96,25.77
185.69,3676.85,54.62,25.77
2170.55,2831.79,34.68,25.77
-1977.42,3124.72,28.94,25.76
-1252.5,-3625.1,35.74,25.76
2518.71,3680.47,87.31,25.76
3060.14,564.5,27.48,25.75
3649.97,3251,42.94,25.75
294.06,-2961.74,56.82,25.74
-3527.72,-3710,40.88,25.74
2714.38,-2412.95,53.6,25.74
-385.13,-3293.01,27.51,25.74
2828.88,-98.76,30.12,25.73
3322.74,737.3,27.27,25.73
1189.15,2981.32,38.3,25.72
3789.94,-2199.99,38.83,25.72
-3608.15,-2661.45,28.69,25.72
608.51,2121.71,29.64,25.72
-1359.22,-3298.46,56.23,25.72
-2313.06,1669.76,26.1,25.71
-620.96,3753.23,31.88,25.7
2885.94,-2657.52,26.84,25.7
2640.2,-527.74,30.52,25.69
-3238.18,938.57,31.22,25.69
-2325.56,-734.34,27.57,25.68
-552.73,-2336.51,28.21,25.68
1989.69,-3112.89,29.45,25.67
-2738.32,442.54,42.67,25.67
-3030.32,-3643.99,26.55,25.67
-137.63,3719.25,30.98,25.66
-3201.45,3299.92,29.05,25.65
-970.67,3780.9,29.44,25.65
1198.75,2310.27,34.17,25.65
335.54,-3229.06,40.5,25.64
-942.1,2953.51,37.26,25.64
-1667.39,-3504.18,56.99,25.63
1683.14,-2071.23,50.11,25.62
-2141.95,-1.25,26.17,25.62
1809.27,-3749.61,30.19,25.62
-3055.52,-3197.75,117.41,25.61
-1772.05,-3725.31,26.96,25.61
-3368.61,-3545.12,31.11,25.61
-3092.73,418.63,32.04,25.61
-3783.86,1037.36,35.29,25.61
-2202.69,-2190.39,35.85,25.61
621.25,2431.64,28.32,25.6
-2745.4,-2220.51,31.63,25.6
2936.39,-1382.08,28.61,25.6
3323.62,986.44,40.78,25.6
-3733.62,53.6,37.37,25.6
-713.96,2497.42,27.84,25.59
491.33,2814.14,28.18,25.59
-1960.52,587.64,28.87,25.59
3662.71,-986.77,27.34,25.59
404.93,-3750.04,32.45,25.59
3358.06,-3025.86,28.24,25.58
-1246.6,1946.9,32.28,25.58
1495.47,3195.71,56.05,25.57
-1896.07,895.33,37.9,25.56
2341.14,-2927.88,31.68,25.54
-2930.66,-1690.77,28.36,25.54
1595.06,-3572.95,91.66,25.53
2161.65,1972.67,30.75,25.53
-3695.68,1218,90.25,25.53
-1413.38,-2316.78,33.72,25.52
-549.2,2844.67,25.92,25.52
-206.02,-3115.89,27.93,25.52
3100.41,1908.81,33.95,25.52
3424.41,1923.95,28.69,25.52
-3178.37,-3277.73,30.36,25.52
2693.08,-979.23,31.11,25.52
-1496.12,-2855.53,26.66,25.52
-3764.78,1659.94,39.22,25.51
3689.64,1602.44,37.65,25.51
-452.14,2500.94,48.89,25.51
-960.57,-2959.08,42.2,25.51
1186.01,-3642.33,33.51,25.51
-3512.11,-491.36,32.54,25.51
290.79,3284.59,36.78,25.51
2443.97,1331.29,28.62,25.5
-3430.98,3571.37,30.52,25.49
651.43,-2382.3,76.72,25.48
-2645.83,40.88,30.33,25.48
684.89,2636.61,35.9,25.47
3769.18,-1006.32,27.47,25.47
-2357.59,-1302.28,41.34,25.47
-2702.5,708.64,43.69,25.46
-1241.9,2435.5,31.4,25.46
-1198.45,2678.34,49.61,25.45
-3514.12,1742.12,30.71,25.45
-477.89,-3352.38,29.05,25.44
2520.93,3720.38,39.13,25.44
2444.59,-1078.96,26.02,25.44
2217.23,440.19,37.98,25.43
-2546.17,-904.98,26.7,25.43
2250.49,3485.44,25.45,25.42
3118.92,459.56,38.91,25.42
2050.87,455.32,31.2,25.41
2634,2166.43,35.02,25.41
3386.83,2703.51,52.37,25.41
-2436.78,-141.11,29.01,25.4
-2810.89,-494.46,27.08,25.4
-3014.32,-156.26,29.33,25.4
-2497.85,-1517.34,28.52,25.39
1890.48,-183.36,40.88,25.38
-3343.1,-297.54,28.11,25.38
2916.64,3581.17,27.2,25.37
-3075.1,1378.94,33.98,25.37
2307.17,-2855.26,26.5,25.36
1029.39,-2505.56,36.26,25.36
-1327.17,3396.67,28.12,25.36
-2978.73,1435.61,31.51,25.36
-1187.14,-2366.65,38.7,25.35
-3368.26,-2677.26,34.59,25.34
730.44,-2489.37,28.29,25.34
-2014.85,-768.61,39.85,25.33
-2466.57,2839.49,31.94,25.33
-3729.21,2021.64,26,25.33
1581.24,3544.26,31.4,25.32
-182.7,-3104.04,28.58,25.31
-1403.21,-2537.32,43.66,25.31
-1895.77,-1055.9,96.36,25.31
-448.23,-2754.41,36.63,25.31
185.19,-2119.56,25.84,25.31
1597.64,3707.58,29.83,25.3
3772.51,-2123.82,27.39,25.3
-2254.33,2889.82,31.29,25.27
-2271.11,-3155.99,33.51,25.27
2748.5,2760.97,33.01,25.26
1066.03,-1997.34,53.92,25.26
-3703.99,1670.66,37.54,25.25
-2020.55,1279.93,73.82,25.25
-3319.3,1768.79,31,25.25
-1954.63,1782.5,33.39,25.24
-1845.41,-3582.82,37.64,25.24
2620.37,-2838.6,26.62,25.24
472.93,-2146.45,42.87,25.23
-2875.51,-2750.74,30.97,25.23
910.12,2446.74,30.26,25.23
2288.17,-113.45,30.62,25.22
-2402.75,-987.23,28.88,25.22
2994.2,-2068.54,33.67,25.21
605.45,-2773.16,38.8,25.2
-2395.79,-3.09,55.48,25.2
-3288.42,2363.42,34.88,25.19
-1938.82,-2394.86,39.78,25.18
2357.9,-1234.38,25.49,25.17
1296.97,3162.45,32.95,25.16
3739.57,-2603.61,26.19,25.16
-2325.43,-271.23,40.9,25.15
2551.06,711.1,51.02,25.15
1638.08,2922.96,65.57,25.14
3004.85,-1206.97,32.53,25.13
-1874.82,-1083.4,43.16,25.13
-2601.81,3125.1,25.66,25.13
1204.14,3687.35,44.03,25.13
-2438.2,2444.61,26.28,25.12
-3007.21,3418.79,29.1,25.12
450.04,3263.99,30.86,25.12
215.34,-3180.88,36.36,25.11
3560.11,1844.61,26.26,25.11
-2080.31,-2343.76,32.81,25.1
3093.02,-2132.34,25.4,25.1
162.46,2343.03,32.57,25.1
-2298.57,3643.4,35.9,25.1
56.02,-2264.18,25.58,25.09
2756.34,-3478.74,36.41,25.09
-3699.65,-1679.43,25.57,25.08
119.99,-3737.73,26.02,25.07
-2303.05,-584.6,28.91,25.07
1182.58,-2310.3,25.51,25.07
2688.64,3034.6,26.92,25.07
2346.44,713.63,32.54,25.06
-1035.81,-3260.71,55.1,25.06
-3201.38,-2910.22,26.81,25.06
-2382.07,-3032.75,47.68,25.05
-2431.49,-1943.29,29.97,25.05
-2142.52,-3315.37,38.9,25.05
-3244.03,-2569.97,26.17,25.04
-886.85,-3697.8,33.78,25.04
775.69,1916.43,26.69,25.04
-2450.94,-3529.97,25.08,25.03
-3430.78,-618.78,33.29,25.03
-2041.25,-2270.98,26.57,25.03
-2934.66,-3319.07,25.42,25.03
-3509.46,-873.51,25.06,25.03
1566.05,2162.67,36.08,25.02
-3411.78,2291.99,26.98,25.02
2705.1,419.74,42.69,25.01
-1684.4,-3381.52,25.54,25.01
-2581.88,-3196.25,32.16,25.01
-3565.58,-513.7,44.19,25.01
1899.42,-443.03,38.32,25
2295.77,-1850.24,32.78,25
1829.34,3696.88,26.12,24.98
3395.98,-1454.35,34.47,24.98
-2520.75,415.04,39.25,24.97
2045.52,975.51,33.88,24.95
2333.64,506.76,37.46,24.95
-3533.54,3032.88,31.67,24.94
-282.58,2323.81,25.88,24.94
2283.05,-46.75,65.75,24.94
-593.89,2973.27,35.76,24.93
-3542.38,1288.04,28.67,24.92
-2253.27,-772.85,31.04,24.92
2229.97,-321.65,43.53,24.92
3209.85,1085.15,25.01,24.91
-3144.83,1677.46,26.68,24.91
-93.71,-2660.97,60.72,24.91
620.35,2692.74,32.71,24.91
2099.64,3273.91,35.52,24.9
2935.9,1983.37,42.16,24.89
-2677.57,-905.19,27.87,24.89
3520.16,-2887.41,49.55,24.88
-2937.68,-1034.89,33.55,24.88
688.51,-2106.66,29.69,24.87
-1448.95,-2051.77,32.22,24.87
-1060.67,-3264.08,27.47,24.87
172.34,-2800.82,32.35,24.86
2677.97,-131.13,32.05,24.86
2313.44,1184.58,44.87,24.86
-1998.34,122.17,27.17,24.86
3596.97,-332.14,31.02,24.85
1839.86,2148.75,25.71,24.85
-2345.96,-619.76,32.7,24.85
-1997.51,2477.85,41.58,24.85
-1396.96,-3625.77,45.6,24.85
2821.63,-2301.42,32.01,24.84
1644.44,3448.31,25.63,24.84
-1993.75,-3209.82,32.51,24.84
-1572.89,-2287.08,26.41,24.83
3625.42,984.07,29.58,24.83
3353.14,213.74,38.01,24.82
-1552.87,2474.78,26.08,24.82
-3331.7,3109.29,25.77,24.82
-651.58,3650.2,33.37,24.82
-1947.07,2794.82,33.95,24.81
-1892.96,15.59,69.94,24.81
2437.35,3393.29,25.37,24.8
3213.62,229.79,26.49,24.79
-589.55,3742.66,31.7,24.78
298.48,-1919.35,26.47,24.78
1145,-2743.02,25.01,24.78
-2974.33,-2789.74,26.15,24.78
-3306.17,-2043.75,29.7,24.77
-1102.8,3799.51,25.62,24.77
3361.51,1292.57,26.53,24.77
1209.42,2594.96,36.66,24.77
-3396.38,-1905.77,27.49,24.77
-3039.42,2338.95,34.86,24.76
2357.47,-711.55,43.93,24.76
1635.57,1995.36,31.52,24.76
-3385.38,-3503.8,36.76,24.76
-2422.12,-3128.12,31.09,24.76
903.2,3659.12,42.45,24.75
116.38,2668.34,29.15,24.75
3368.78,-1779.88,27.04,24.75
-2778.32,-701.85,37.63,24.74
-3573.4,-3525.15,32.84,24.72
1645.41,2279.1,26.3,24.72
1103.26,2092.39,57.34,24.72
-2649.99,760.83,36.43,24.71
3668.17,537.64,26.89,24.71
2047.48,-1312.17,26.04,24.7
2755.57,-1773.44,40.47,24.7
959.15,-3280.9,40.37,24.7
-2381.38,186.2,44.36,24.69
-3437.64,-3089.98,31.12,24.69
-2695.33,-735.77,41.32,24.68
-1978.44,-2127.95,50.78,24.68
143.42,1904.4,28.39,24.68
2394.58,1933.43,36.33,24.67
89.46,3388.59,31.53,24.66
3753.32,3039.48,27.68,24.66
-1506.27,3071.74,25.8,24.66
-2525.48,2591.82,26.4,24.66
-3327.37,-3567.36,39.51,24.65
-3311.45,3654.86,30.7,24.65
-563.97,3269.76,25.86,24.65
-3367.16,3205.28,32.05,24.64
3368.56,-2853.11,77.46,24.64
3113.46,325.43,208.31,24.64
-2653.58,271.39,70.72,24.63
-3023.89,2029.03,29.42,24.63
3256.62,-1943.1,55.28,24.63
2232.84,31.32,27.9,24.63
3274.57,-1678.56,44.51,24.63
2944.71,2951.55,28.74,24.62
927.48,3395.88,26.02,24.62
3327.48,1149,35.73,24.62
-2719.23,1895.43,34.37,24.62
2694.66,-3720.24,57.07,24.61
2693.12,1958.33,28.9,24.61
-2968.83,-1182.93,26.5,24.61
657.72,-2414.08,36.42,24.61
3626.99,-2746.06,31.38,24.6
3128.74,-2690.68,24.68,24.6
-1108.51,2378.36,83.92,24.59
223.06,2116.35,35.32,24.59
-1717.04,2312.45,39.76,24.59
-1411.38,-2254.72,37.57,24.59
986.66,2548.67,25.49,24.58
-55.02,-2932.69,47.38,24.58
-441.22,-2558.74,31.92,24.57
1235.62,3280.56,31.21,24.57
3738.29,-1821.21,28.59,24.57
1809.76,-2797.82,26.03,24.57
2795.17,-2882.94,40.11,24.57
3580.37,-3430.89,37.69,24.56
1187.17,-2912.06,26.71,24.56
-2592.68,-2007.13,34.7,24.55
2930.58,3184.03,25.83,24.55
1873.18,1967.98,37.86,24.54
2328.18,3553.7,25.25,24.53
3031.1,919.82,25.04,24.52
-3196.75,-1259.66,30.36,24.51
-973.53,-3587.18,50.95,24.5
-3118.57,2390.4,82.6,24.5
3169.07,-2409.57,27.54,24.49
22.83,-2807.24,29.47,24.49
-2000.67,2440.45,34.98,24.49
-3021.77,-1452.34,29.33,24.49
2185.89,-1088.97,85.48,24.47
-3275.38,1066.15,77.66,24.47
2124.12,-1541.01,62.96,24.47
-2191.84,236.12,29.61,24.46
2139.1,-3350.15,34.93,24.46
1629.67,-3113.12,30.97,24.46
-284.48,-2225.78,32.15,24.45
614.92,3486.9,32.28,24.45
-3585.39,-1039.28,25.34,24.45
-732.13,-3190.06,31.55,24.45
2615.1,-1586.83,26.52,24.44
-2642.27,-1655.22,36,24.44
1633.01,-2178.2,102.29,24.44
-2144.11,3488.52,31.28,24.43
-775.42,2119.06,28.75,24.43
-1789.84,2767,38.44,24.41
556.92,-2980.75,37.3,24.41
-1733.8,-3506.58,29.13,24.4
2411.69,321.39,30.31,24.4
-3743.4,2193.54,25.24,24.4
1314.77,2059.27,29.14,24.4
2557.54,3286.78,27.42,24.39
-2476.99,-1626.04,29.67,24.39
-641.93,2006.89,40.21,24.39
-2803.56,-1005.37,32,24.39
1604.7,3037.61,28.29,24.39
3407.56,810.53,25.1,24.38
3181.51,-552.8,36.27,24.38
3194.82,1739.57,36.27,24.38
753.13,-2851.98,28.4,24.38
3690.45,1437.3,34.94,24.37
-1309.02,2421.27,25.43,24.37
2956.13,-1335.57,27.17,24.37
27.89,2965.68,50.43,24.36
-3430.25,1815.61,34.73,24.36
-3346.48,1324.41,42.31,24.35
-3665.76,1007.94,33.44,24.35
3554.67,-1808.65,49.5,24.35
-3112.58,1010.63,35.72,24.34
1965.73,-541.78,31.12,24.34
3304.61,1743.98,35.67,24.33
-731.85,-3676.69,25.05,24.33
2780.72,3319.27,29.22,24.32
-204.94,3376.27,59.58,24.32
-3664.77,758.43,25.01,24.32
-596.33,-3250.89,27.81,24.31
2918.46,929.38,25.54,24.31
577.64,-3650.87,37.75,24.31
679.47,2494.53,24.71,24.31
2349.96,-1130.79,37.71,24.31
-1965.89,1313.58,44.65,24.3
-2682.42,2058.16,35.27,24.3
-1195.75,-2763.42,54.58,24.29
3376.93,-2658.22,29.32,24.29
3392.34,-3688.07,36.09,24.29
2887.34,-1915.57,29.68,24.28
-0.85,3484.83,38.37,24.28
-794.29,3416.62,29.12,24.28
-2584.12,3657.57,26.03,24.28
2842.33,290.44,24.63,24.27
2449.83,1672.18,50.08,24.27
-216.23,2283.56,81.39,24.27
-3650.98,-3571.39,28.4,24.27
592.14,2463.49,69.39,24.26
-1930,3110.76,33.85,24.26
3235.2,-2133.08,27.56,24.26
2952.11,-1905.52,31.27,24.26
2416.67,18.02,33.66,24.25
3413.21,-78.37,39.53,24.25
1437.48,3119.3,25.77,24.25
653.37,3411.7,25.59,24.25
-1606.68,3593.36,33.86,24.25
-3456.28,-1988.29,32.02,24.24
-1663.88,-2554.26,40.72,24.24
-2154.83,-1280.27,27.63,24.23
3393.74,3738.32,34.15,24.23
-2625.78,536.1,25.04,24.23
-3534.49,2198.33,26.93,24.23
3268.54,-3424.54,37.94,24.23
-3320.35,3633.99,26.8,24.23
-3786.57,1387.92,31.98,24.22
2164.91,1412.24,52.73,24.22
2253.33,-2652.43,24.51,24.22
2267.31,-652.38,25.91,24.21
-3527.13,-3371.63,38.95,24.21
2257.64,1290.81,32.89,24.2
-3669.08,-958.75,24.85,24.2
3002.01,1656.75,31.87,24.2
2628.99,-403.46,40.65,24.2
-789.27,-3279.84,28.17,24.2
2497.34,3665.54,30.7,24.19
551.64,-3232.93,35.94,24.19
1929.12,1954.78,26.81,24.19
1923.52,-1201.19,25.53,24.19
3729.04,911.7,24.63,24.17
3042.25,-3125.42,24.8,24.16
2715.26,2320.36,28.42,24.16
2349.41,-132.81,28.82,24.16
3086.24,2563.34,29.54,24.15
832.37,-2029.48,51.85,24.15
2860.64,-2623.91,35.15,24.14
-2666.3,-1647.89,30.06,24.14
3525.5,-696.34,25.39,24.13
1416.34,-2314.44,25.49,24.13
-614.19,2311.05,32.42,24.13
2557.89,-1579.23,27.34,24.12
2630.02,3287.98,37.93,24.12
69.62,2248.57,31.64,24.12
2553.94,2228.34,178.89,24.12
-3333.7,1013.34,27.44,24.12
-584.21,2049.07,40.69,24.12
-220.18,2732.83,38.21,24.11
-3363.8,2704.63,32.27,24.11
2761.88,-1222.2,40.34,24.11
597.47,3606.42,27.67,24.11
3279.26,-3491.92,25.79,24.1
3483.65,-2062.74,32.55,24.1
-1222.72,-2657.82,24.54,24.1
-2201.08,-1698.17,25.56,24.09
522.11,3258.66,36.59,24.09
-2258.2,-1983.34,51.24,24.09
2310.59,3514.82,24.81,24.09
1111.83,-1919.58,25.5,24.08
-2476.62,600.98,36.55,24.08
-31.04,-3307.72,33.22,24.08
-1068.9,3048.41,25.83,24.07
2577.62,971.76,28.06,24.07
2562.9,-2252.2,29.12,24.07
-2829.67,1960.3,33.74,24.06
3708.47,-620.05,43.69,24.06
234.72,2950.96,27.45,24.05
2643.37,1475.99,155.98,24.05
-3030.84,-196.79,26.95,24.05
1869.24,-2746.02,29.52,24.05
547.52,3336.01,24.96,24.04
-2510.72,-1261.95,51.68,24.04
-3176.94,-612.82,34.76,24.04
918.96,-1907.87,29.95,24.03
2469.75,1448.29,83.7,24.03
2168.42,-2181.32,28.61,24.03
-3183.19,2857.99,24.65,24.02
935.56,3226.12,28.66,24.02
-20.71,-3029.35,35.38,24.02
-3806.8,-0.13,24.68,24.02
2168.89,1655.35,103.67,24.02
3318.65,414.36,31.11,24.01
1476.97,2978.18,33.79,24
2328.67,943.24,39.28,24
3516.53,-2724.19,78.29,24
-97.64,3593.04,29.72,24
551.86,3213.17,40.9,24
115.6,-2811.14,24.69,24
-1292.34,2346.31,29.11,23.99
-3212.91,-2288.68,51.63,23.99
2301.7,-3271.72,26.17,23.99
-2691.49,-2138.85,29.37,23.99
-1926.26,-3408.29,42.84,23.98
702.49,-2284.29,30.13,23.98
2364.33,-3387.22,49.25,23.97
3466.76,1484.54,32.33,23.97
-512.5,-2991.02,31.37,23.97
-1378.9,-1924.23,28.02,23.97
-326.16,-3251.16,24.93,23.96
3576.87,-688.83,33.16,23.96
1894.86,-585.79,24.41,23.96
-1954.43,-536.82,32.77,23.96
-991.2,2814.17,34.71,23.96
2279.74,1329.11,138.91,23.96
-2597.08,1632.71,30.4,23.96
2788.04,2804.09,29.3,23.95
2437.98,2167.72,25.05,23.95
2058.59,3594.61,25.43,23.95
-3100.65,505.61,25.94,23.95
1839.54,3721.6,32.03,23.95
-2896.91,1915.01,32.15,23.94
2938.13,2192.32,38.66,23.94
2361.63,-1029.83,40.4,23.94
484.59,-3298,31.3,23.94
-1087.2,-3027.43,89.68,23.94
-2307.84,739.3,31.67,23.93
-1095.63,-3117.05,25.48,23.93
2024.47,3115.24,24.01,23.93
-1956.39,3019.25,44.77,23.92
132.66,3414.7,42.57,23.92
2182.25,-3711.19,26.32,23.92
2471.12,1992.3,40.17,23.92
1139.24,3212.04,102.14,23.92
-3210.6,-518.05,44.55,23.91
82.71,2799.87,26.46,23.9
-3634.44,-3481.14,35.6,23.9
2790.98,-3179.88,30.33,23.89
-3084.39,3299.05,31.82,23.88
2902.38,1659.23,37,23.88
-2689.88,3075.66,34.77,23.88
692.9,2436.95,34.55,23.88
-2848.39,1337.25,24.82,23.88
-2159.61,901.86,25.18,23.88
1331.81,2912.2,67.53,23.87
3369.26,135.15,27.67,23.87
-1775.36,-2418.51,42.04,23.87
2042.13,-3318.95,30.47,23.86
-2660.14,1874.97,82.04,23.86
-3229,-3031.1,39.03,23.85
-1479.22,2257.76,31.88,23.85
-3617.22,1219.32,24.65,23.84
2377.41,695.76,34.76,23.84
-3351.5,1763,25.19,23.83
3687.79,-626.63,32.96,23.83
-2857.91,-2495.76,40.21,23.83
3272.78,-1460.81,32.89,23.83
2169.97,312.08,27.48,23.83
3231.13,2400.82,83.6,23.83
3036.98,35.86,36.89,23.82
2306.16,-475.8,32.74,23.82
837.65,-2252.4,40.41,23.82
2275.48,1617.8,42.51,23.81
2169.42,2942.95,32.14,23.81
-683.22,-2401.28,37.5,23.81
1990.54,2604.77,32.23,23.79
973.91,-3716.53,34.86,23.79
-3768.52,651.9,27.47,23.78
-839.6,3242.92,53.55,23.78
-2601.92,-538.44,37.49,23.77
3371.09,-1493.41,29.38,23.77
-2407.63,2091.83,24.68,23.76
3497.14,2904.97,34.32,23.76
-933.75,-3417.18,47.38,23.76
-2675.99,-673.57,32.06,23.75
-2246.98,1937.98,27.65,23.75
-1969.23,949.31,38.59,23.74
-3601.89,555.23,39.1,23.74
3495.94,-3687.92,32.66,23.73
1997.93,2121.69,28.72,23.73
-3528.73,-1636.67,31.04,23.73
3660.25,-2242.48,25.3,23.72
-3446.25,-2596.37,32.55,23.72
-2334.23,-1897.79,38.29,23.72
-294.56,2041.49,31.52,23.72
3105.1,1615.65,43.72,23.72
2465.55,-1805.19,25.69,23.72
-47.48,-2038.46,25.76,23.71
-1562.43,3646.24,35.23,23.7
1883.23,-195.39,37.21,23.7
3416.45,-2919.64,31.03,23.69
-2814.93,1382.85,27.97,23.69
-3552.43,-3392.58,42.67,23.69
1664.95,-2526.99,25.51,23.69
-2797,2861.45,24.8,23.68
2951.77,-2796.52,48.55,23.68
-2660.84,-2986.74,25.97,23.67
248.47,-3644.37,39.14,23.67
-1457.89,2923.44,28.88,23.67
2542.71,744.32,34.29,23.66
3508.22,3416.73,57.87,23.66
3646.6,885.28,26.08,23.66
-326.38,-3608.5,27.21,23.66
3160.16,862.98,42.66,23.66
-2071.95,3635.25,24.3,23.65
1269.74,3666.34,27.75,23.65
-1583.56,-2169.44,88.77,23.65
-1830.71,2426.29,27.38,23.65
-2956.52,3647.02,28.98,23.64
-2868.6,-1570.48,38.71,23.64
2127.93,2507.07,24.35,23.64
2125.06,-1253.14,24.52,23.64
-410.05,3157.64,24.5,23.64
2895.21,1610.49,26.12,23.64
-2006.29,-911.99,23.84,23.63
3797.39,-1111.58,25.5,23.62
3427.94,-1168.54,35.64,23.62
2489.22,286.24,54.52,23.62
3251.24,-1992.61,26.84,23.61
1535.46,2676.02,29.59,23.6
933.32,-3187.93,74.56,23.6
2978.45,2750.66,24.72,23.6
-3446.46,180.74,28.11,23.6
-2277.44,-451,38.25,23.6
1934.61,1703.69,29.44,23.59
-2120.63,-2730.15,41.58,23.59
1833.01,-2519.66,29.34,23.59
1243.05,-2343.17,34.96,23.59
1905.71,-2172.24,24.06,23.58
-1943.66,3537.18,53.07,23.58
2799.93,2331.51,34.41,23.57
-3258.62,657.63,26.14,23.57
3550.81,1012.07,40.42,23.57
-2793.54,-2604.85,31.33,23.57
301.93,3396.57,30.8,23.57
-1323.48,3704.74,27.89,23.56
3565.33,1098.68,32.95,23.56
35.21,-2530.74,37.27,23.56
751.63,-3240.66,31.13,23.56
-2434.79,-2921.54,34.02,23.54
2843.75,1344.02,33.71,23.54
3371.38,-1457.82,44.52,23.53
2794.55,-1898.21,30.04,23.53
-2274.05,678.15,30.72,23.53
-2381.6,2003.05,26.8,23.53
2346.89,1323.86,23.9,23.52
817.47,2988.31,31.71,23.52
2990.63,-3399.82,25.23,23.52
-860.64,3588.22,24.2,23.52
3366.31,324.62,32.78,23.52
1427.5,2543.53,38.87,23.52
-2423.52,-2898.86,40.25,23.52
2627.5,3293.06,42.96,23.51
1801.71,3220.41,42.21,23.51
1858.25,-2143.71,33.38,23.51
2743.91,940.05,33.32,23.51
-1913.49,-2071.06,30.46,23.51
-3393.6,2897.92,25.7,23.5
3649.59,2000.19,37.65,23.5
3011.04,1448.49,71.51,23.5
-3070.13,-2396.45,36.14,23.5
-1657.79,2677.54,28.35,23.5
-3098.32,-1715.42,28.66,23.5
955.86,3422.42,24.73,23.5
-1568.52,3466.12,44.35,23.5
-3218.76,3248.11,35.74,23.5
-3643.71,-2858.88,38.42,23.5
-1982,976.53,29.01,23.5
-140.87,3185.53,30.69,23.5
1064.51,-3372.86,42.81,23.49
237.49,1859.6,71.11,23.49
-2149.73,799.72,24.83,23.49
3501.2,-2973.02,23.6,23.49
-1862.37,-1102.93,26.93,23.49
3452.86,223.57,33.54,23.49
2317.27,101.67,28.42,23.49
2849.34,-2470.77,28.05,23.49
-755.41,3208.3,29.16,23.48
-3599.97,3150.41,36.66,23.48
3624.79,-1165.17,48.86,23.48
-498.24,-3006.34,27.31,23.48
3509.56,-3049.8,28.02,23.48
3568.89,2440.1,41.74,23.48
924.19,1932.29,29.73,23.48
-2545.82,1652.4,61.3,23.47
269.69,-3046.65,63.66,23.47
-384.22,3511.02,23.5,23.47
-3621.92,-1273.3,24.67,23.47
2175.99,-106.97,26.05,23.47
-1541.04,2064.52,29.8,23.47
-3526,-563.18,31.75,23.47
-3199.27,-1496.42,37.54,23.47
-1290.66,2285.57,33.6,23.47
-2537.67,636.97,41.25,23.46
-3275.67,1952.22,27.52,23.46
2713.05,3616.07,26.03,23.46
3617.29,-1733.8,27.8,23.46
2434.26,3309.27,39.29,23.45
2324.46,-1316.87,23.5,23.45
-1661.67,3291.96,24.3,23.44
194.96,-1980.54,25.33,23.44
-2670.21,-478.76,30.88,23.44
-280.59,2159.89,27.98,23.44
2026.48,-637.75,26.74,23.44
3541.98,271.24,38.96,23.44
-3185.23,1356.59,38.35,23.43
-1114.99,2906.59,31.18,23.42
3681.97,-2480.95,41.04,23.42
3132.87,-1366.8,32.73,23.42
-1902.33,-3457.41,27.12,23.41
1226.73,-2299.55,39.42,23.41
-3238.96,2382.2,31.61,23.41
-3385.53,-3363.07,43.4,23.41
-2966.73,-1106.94,39.32,23.4
-182.93,-2320.43,26.52,23.4
907.22,3204.31,63.28,23.4
-3663,3257.83,28.47,23.4
-2970.37,-1465.66,26.08,23.39
-1835.39,-1071.22,33.49,23.39
2263.24,895.25,30.17,23.38
1891.23,-290.92,26.09,23.38
-2169.62,-2290.11,46.33,23.38
239.64,-2874.81,39.46,23.37
-3669.29,-31.38,27.57,23.37
1069.74,-1912.72,37.91,23.37
-1799.69,3797.21,29.29,23.37
2576.69,-2959.99,29.38,23.37
-1646.07,3023.78,33.64,23.36
-1378.55,-3108.91,26.37,23.36
-1572.29,-2785.92,29.63,23.36
2799.25,-1069.87,40.6,23.36
2348.14,-1657.79,25.05,23.36
2925.99,2094.03,32.93,23.36
-377.89,-2947.93,36.76,23.36
-1971.45,-3204.06,26.62,23.36
-3690.3,3532.02,24.78,23.36
-2206.16,-2643.34,24.35,23.35
1593.19,-3018.43,24.84,23.35
2219.99,3320.79,23.41,23.35
-1073.68,-3805.29,28.58,23.34
-2942.51,3381.32,33,23.34
-2597.68,1258.46,29.12,23.34
2062.43,2139.01,34.2,23.34
-2523.14,-487.54,25.81,23.33
-3241.7,1254.59,24.55,23.33
-492.45,-2084.98,24.52,23.33
3700.21,1275.01,30.27,23.32
3685.26,-35.62,33.32,23.32
-2092.54,-3546.53,23.52,23.32
1015.73,2173.21,40.22,23.32
-2216.63,-2305.52,31.18,23.32
-3255.1,-1730.84,26.24,23.32
-3782.84,-471.29,29.75,23.32
2100.01,153.68,35.32,23.31
2194.45,2622.49,56.32,23.31
-881.36,2793.2,37.92,23.3
-2779.94,826.43,27.48,23.3
3485.64,2591.83,24.91,23.3
-485.9,-2818.67,34.49,23.29
-100.97,-2161.55,27.1,23.29
-2144.49,249.65,29.95,23.29
-1889.37,-3795.47,29.55,23.29
2871.86,3142.86,41.65,23.29
-714.97,-1958.28,23.35,23.29
-2756.85,-1174.65,29.19,23.28
534.64,3305.12,96.49,23.28
-3323,-1212.56,28.59,23.28
-1411.79,3460.35,25.75,23.28
3289.48,995.37,40.67,23.28
3379.7,1023.03,32.11,23.27
2915.56,3496.32,28.04,23.27
3729.87,1923.2,25.52,23.27
-3177.87,-1300.88,34.16,23.27
3229.46,-1872.24,24.74,23.27
3026.99,-774.17,31.84,23.26
2399.61,198.55,64.58,23.26
2061.3,649.17,25.62,23.26
2935.78,-2935.33,28.9,23.26
-3043.32,3477.48,70.61,23.26
3152.16,1703.82,24.05,23.26
500.27,-2124.83,29.14,23.25
397.47,-2040.2,23.69,23.25
3349.4,-2633.01,24.08,23.25
3130.87,-3239.76,47.38,23.24
-2761.93,-976.82,34.13,23.24
3622.98,3360.06,33.05,23.24
623.26,-2970.39,24.95,23.23
2079.5,1879.46,26.03,23.23
568.39,2759.7,33.27,23.23
-769.34,2702.64,42.91,23.23
-3503.03,2811.77,27.06,23.22
-2329.54,3516.18,39,23.22
3292.58,-968.4,28.89,23.22
-3375.19,-2761.51,45.15,23.22
2377.99,-1819.24,28.68,23.21
-2989.81,-497.48,34.32,23.21
340.28,3299.01,36.29,23.21
2256.35,-3329.96,29.8,23.21
232.33,3332.57,23.41,23.21
3217.38,-2917.54,25.96,23.21
2183.2,-2033.14,46.86,23.2
1260.3,-1930.74,23.5,23.2
-486.24,2662.21,40.89,23.2
3086.29,-2938.39,27.41,23.19
3515.97,808.34,28.16,23.19
-2090.03,1099.9,58.01,23.17
489.5,2545.75,25.63,23.17
2709.39,2472.42,23.33,23.16
1112.64,-3704.63,23.81,23.16
2238.44,-910.4,41.78,23.16
3284.91,2997.21,34.56,23.16
2070.71,-1170.32,32.88,23.16
-2004.89,-1347.59,24,23.15
2526.74,-2485.02,41.19,23.15
3403.11,-2475.1,30.27,23.15
-3096.08,304.22,33.07,23.14
1983.8,-1811.61,43.18,23.14
2984.1,-2922.33,28.99,23.14
652.37,3439.84,28.09,23.14
2369.82,-207.24,24.11,23.12
2194.22,-3164.33,30.34,23.12
-3430.33,-1852.16,73.22,23.12
-1675.48,3759.73,23.43,23.12
-1731.08,2133.44,31.89,23.11
2946.66,3491.63,28.3,23.11
-145.41,-2765.59,26.27,23.1
-734.91,2984.63,57.78,23.1
-3395.56,1909.32,42.26,23.1
1099.32,-2195.1,24.37,23.1
1753.3,3378.38,24.57,23.1
-1906.98,-2469.68,33.85,23.1
2818.36,3078.15,34.63,23.1
-2622.21,-2210.64,27.36,23.1
2002.97,1551.03,28.11,23.1
-149.07,2585.29,27.45,23.09
-2209.77,2139.88,24.06,23.09
-2814.57,-3197.82,36.06,23.07
465.07,1894.8,25.24,23.07
-3663.04,-3617.17,32.51,23.07
-3648.34,-3584.31,26.33,23.07
3333.48,-1834.61,141.19,23.07
-1840.92,3032.89,29.01,23.06
2646.9,-2197.96,23.26,23.06
-2178.57,-286.14,26.89,23.05
3126.15,434.9,25.03,23.05
3148.45,-3131.35,23.41,23.05
-2913.89,3169.69,24.56,23.05
2456.3,-3544.81,25.44,23.05
1931.6,-3065.09,39.42,23.05
565.93,3483.79,23.85,23.05
-1337.29,2494.1,25.43,23.04
2981.07,-639.81,28.84,23.04
-2896.55,-2849.87,25.71,23.04
-2015.75,2009.11,30.11,23.04
586.96,-3210.12,37.39,23.03
3079.16,-3300.54,27.64,23.03
-2497.23,2285.31,25.24,23.03
3128.13,-3373.79,45.78,23.03
203.19,2318.19,25.89,23.02
2928.67,1337.54,51.1,23.02
870.31,-2521.79,27.02,23.01
-596.91,-3056.78,32.19,23.01
-3791.75,-1678.84,25.88,22.99
736.66,-2435.39,28.51,22.99
-826.54,-3125.09,24.46,22.99
-2971.37,1863,28.98,22.99
-1307.38,2661.43,38.84,22.98
1120.07,-1916.6,35.89,22.98
-1865.6,-1988.27,49.33,22.98
768.72,3543.96,39.84,22.97
3508.98,1691.22,32.97,22.97
-3224.9,2146.48,23.11,22.96
-2075.23,175.04,38.91,22.96
-2715.18,2214.77,38.22,22.96
2328.89,-1837.55,30.16,22.96
2643.91,-2311.1,65.88,22.95
-369.16,-2170.97,25.3,22.95
-846.94,3509.47,25.84,22.95
-2324.77,-2906.38,23.71,22.94
-1635.34,-2456.87,42.31,22.94
-2087.8,-2869.78,26.22,22.93
1312.86,-2922.98,32.08,22.93
-1780.45,-1949.97,26.03,22.92
1480.6,3765.34,25.68,22.92
-2437.65,2056.11,42.16,22.92
2030.57,441.14,33.81,22.91
-2380.53,2643.51,25.98,22.9
3188.57,3294.43,48.17,22.9
-2915.18,-1615.97,28.02,22.9
-1358.97,-2668.01,29.9,22.9
-160.07,3355.16,35.95,22.9
2080.29,-3108.67,27.79,22.89
2261.14,3163.46,23.11,22.89
-2410.7,-991.09,24.8,22.88
-2064.02,2793.93,29.16,22.88
-699.94,-2690.5,32.19,22.88
-2617.51,1138.99,27.39,22.88
2340.33,-1596.26,33.53,22.88
3216.02,-1099.37,23.71,22.87
-1783.02,-3172.61,23.09,22.86
3158.92,-1069.27,33.66,22.85
3271.57,-3624.16,33.5,22.85
3188.19,2113.75,28.64,22.85
2383.69,260.17,23.51,22.84
643.17,-3205.23,38.54,22.84
3201.15,2204.56,25.57,22.83
1467.25,1970.27,40.27,22.83
1541.48,-2494.55,31.07,22.83
2416.35,2480.22,24.96,22.83
-1663.84,3467.25,37.05,22.82
2114.4,1491.75,51.42,22.82
3742.12,428.86,33.82,22.82
2410.61,-3267.69,43.95,22.82
445.83,2175.92,34.57,22.81
-1616.73,2907.02,72.2,22.81
661.95,2762.22,79.32,22.81
1648.45,2275.63,29.03,22.81
-129.7,2376.34,23.68,22.8
1973.48,2269.11,42.45,22.8
-1256.1,-3575.99,79.5,22.79
2158.11,769.3,41.5,22.78
-3108.22,3749.41,32.47,22.78
2553.8,-998.53,29.81,22.78
-3366.29,-2589.42,25.15,22.78
191.81,-2293.71,29.58,22.77
1848.31,3140.33,33.82,22.77
859.75,2269.25,39.05,22.77
-1482.23,-1961.49,29.19,22.76
2551.2,-366.16,28.94,22.76
-2678.82,-276.6,25.1,22.76
916.95,2299.39,26.44,22.75
-1536.23,-3610.28,41.03,22.75
3023.12,-1552.16,25.94,22.74
531.24,-3554.76,44.96,22.74
-2871.6,3042.62,24.69,22.74
-3303.57,392.68,32.36,22.74
1648.01,2859.98,23.97,22.73
3475.1,1407.66,37.01,22.73
3368.84,-516.27,28.03,22.72
-3475.51,2271.62,93.49,22.72
1659.22,-3074.44,23.47,22.72
2197.26,-843.33,40.18,22.72
-3454.83,1160.97,31.98,22.72
-3215.31,2596.19,27.15,22.71
3286.29,453.88,51,22.7
3443.7,-2365.67,34.91,22.7
-3712.29,-2708.78,36.86,22.7
3111.94,3515.41,32.13,22.7
3326.71,837.33,32.9,22.69
3508.2,-2342.58,24.23,22.69
3355.31,-2729.36,27.23,22.69
2076.49,-2726.3,23.1,22.68
730.86,3293.45,46.55,22.68
-529.33,-2406.11,30.77,22.68
-2026.22,-3459.58,41.5,22.68
3602.65,-2866.39,27.35,22.68
2009.48,-3607.33,32.32,22.67
-2176.81,3604.6,50.4,22.66
-2550.83,-2938.21,23.2,22.66
-2830.93,-3051.09,41.65,22.66
3111.9,890,33.58,22.66
1650.04,3388.22,39.83,22.66
-1607.14,-2472.32,30.79,22.65
-109.51,2581.47,23.76,22.65
-24.69,-2767.86,26.83,22.65
2691.42,258.95,26.05,22.65
2996.21,-2381.75,23.55,22.65
1239.66,2424.85,27.65,22.65
2478.51,-986.18,34.03,22.64
3138.95,-2466.09,30.09,22.64
-3510.93,3515.69,63.43,22.63
-3117.34,-2406.17,27.29,22.62
-1113.63,-2706.53,33.26,22.62
3404.7,1083.68,25.75,22.62
1150.3,-2685.13,36.22,22.62
-784.84,-2604.23,32.49,22.61
347.06,3505.99,32.58,22.61
1762.62,3550.63,27.15,22.61
3760.41,-3431.11,27.51,22.61
2613.84,-3659.56,49.32,22.61
-3010.29,-2497.2,31.49,22.6
3341.33,1551.9,37.43,22.6
2310.36,-1562.29,23.59,22.6
-3520.7,3016.75,24.15,22.6
110.14,3695.34,43.8,22.6
3027.61,-1643.15,28.05,22.59
3315.38,-2780.81,32.86,22.59
-2112.38,-1648.03,24.4,22.58
2410.84,-3622.79,23.05,22.58
-2758.79,1875.51,32.47,22.58
1272.36,3263.56,34.44,22.58
2641.3,-3047.43,36.72,22.58
3709.93,1554.95,26.99,22.58
2308.86,1828.33,27.53,22.57
3062.8,1213.94,23.25,22.57
2590.43,3379.63,25.29,22.57
3789.93,1065.05,23.44,22.57
116.84,3393.45,31.9,22.56
-3115.77,-2412.48,25.53,22.56
3095.12,3461.31,33.54,22.55
-2289.64,3431.92,36.24,22.55
-3428.18,2051.49,30.32,22.55
451.02,-3398.29,22.75,22.55
-3642.64,-3342.01,24.68,22.55
-2304,2754.22,43.62,22.55
-1310.77,2662.67,39.4,22.55
3153.3,250.58,27.7,22.54
2988.14,-880.45,31.26,22.54
-2386.9,3475.33,40.24,22.54
-2209.3,2020.13,25.3,22.54
2484.59,2194.54,26.8,22.53
2053.58,-1967.3,32.21,22.53
-211.65,-2576.93,24.93,22.53
3632.55,1977.91,23.22,22.52
2554.9,-1266.72,40.69,22.52
1150.66,3312.91,32.75,22.52
3070.86,1218.73,22.99,22.52
-1878.78,1877.1,38.07,22.52
3460.84,677.22,28.36,22.5
2389.81,154.85,27.09,22.5
-1740.26,2896.27,29.24,22.5
-1785.51,2801.02,26.6,22.49
3191.93,366.24,34.46,22.49
-1456.06,-2653.21,32.49,22.49
2271.89,3033.7,23.8,22.49
2106.54,-2682.49,28.13,22.48
-1859.86,3683.49,25.64,22.48
2745.91,-690.36,41.88,22.48
-1869.44,2570.29,25,22.48
-2996.82,1150.64,35.06,22.48
1954.08,2234.24,28.36,22.47
-1652.18,2891.56,28.62,22.47
-769.83,3495.83,52.73,22.46
2803.48,493.77,27.2,22.46
-163.24,1945.23,40.4,22.46
2250.89,-2574.07,54.05,22.45
-3319.91,268.72,27.27,22.45
3046.49,-644.25,27.29,22.45
-2982.35,-414.7,24.01,22.45
951.88,2291.17,26.77,22.45
3203.78,-930.16,30.3,22.45
-3536.45,1683.19,24.51,22.44
921.54,3566.86,28.37,22.44
-1413.86,2618.7,41.81,22.43
1964.04,-461.48,32.24,22.43
-1884.47,-2919.95,27.58,22.43
-2315.3,-2053.8,25.16,22.43
1803.51,-2731.55,33.28,22.43
3776.87,1064.11,25.36,22.42
-2205.29,2099.47,28.46,22.42
2026.38,-396.31,26.26,22.42
-3230.31,2378.15,49.9,22.42
2676.17,738.12,23.63,22.4
2290.24,-2236.86,39.6,22.4
1969.87,-11.35,32.01,22.4
-2323.8,2315.38,23.15,22.4
-3198.71,610.72,24.42,22.4
2712.81,-3737.33,35.1,22.4
-127.72,-2917.56,30.92,22.4
226.19,-2119.17,27.06,22.4
1542.78,-2931.95,29.32,22.4
2918.43,2754.13,78.1,22.4
-1905.72,-770.67,24.21,22.39
-2944.95,2823.12,23.25,22.39
-2997.2,-1997.42,88.04,22.38
1879.76,-1005.06,73.89,22.38
3232.98,-1508.91,42.03,22.38
3151.4,-1978.15,36.36,22.38
-3249.5,2550.18,37.26,22.38
-3375.25,-490.05,36.51,22.38
-360.11,2429.59,23.29,22.37
2013.5,-1870.24,27.83,22.36
363.88,3502.91,30.54,22.36
50.78,3475.79,37.22,22.36
2959.46,783.76,24.12,22.35
-1969.46,-677.14,25.15,22.35
2809.7,-243.05,27.51,22.35
-2159.57,3224.25,28.69,22.35
-3358.82,-3134.48,28.07,22.35
-940.68,-2442.23,24.24,22.35
-1190.96,-2332.11,31.83,22.35
-3405.48,2309.4,25.34,22.34
3465.45,-1751.07,39.36,22.34
1025.84,-3351.57,24.65,22.34
-1504.2,-2244.72,28.32,22.34
-2623.36,-2077.37,24.99,22.34
1491.6,2662.56,23.27,22.33
2057.11,-2897.2,44.12,22.33
2044.13,994.49,71.39,22.33
-3488.46,678.75,36.91,22.33
-420.61,-1880.37,40.77,22.33
2056.76,1334.71,32.45,22.32
2607.42,-525.47,27.88,22.32
-2362.41,-1107.96,23.43,22.31
-2356.98,-44.53,37.79,22.31
2109.95,-1571.89,35.26,22.31
-2034.2,3008.29,28.73,22.31
2224.26,2433.1,22.8,22.3
-1659.89,-1955.34,31.12,22.3
-2056.4,3630.15,31.52,22.3
-1844.8,2981.08,25.76,22.3
-1329.67,-3543.92,26.83,22.29
3680.75,-3441.07,34.13,22.29
-2205.37,407.15,27.29,22.29
-1459.88,3410.92,26.2,22.28
2490.51,2471.31,55.82,22.28
-1842.42,-1148.73,23.66,22.28
2897.72,3653.41,25.63,22.28
-3722.03,-432.29,27.82,22.27
-2818.94,3083.79,25.98,22.27
691.03,-2394.59,36.22,22.27
-2720.78,3040.28,23.41,22.27
36.33,2359.97,26.99,22.26
-2165.84,1649.12,84.01,22.26
2488.41,-60.07,27.7,22.26
1818.57,-3561.04,24.18,22.26
1399.99,-3322.26,37.54,22.26
-2780.09,-3248.63,25.4,22.26
-3631.19,3139.81,25.15,22.26
182.09,2878.21,31.94,22.25
-2741.16,2967.44,26.78,22.24
2329.42,-1084.52,37.54,22.24
1956.36,2993.72,41.36,22.24
2649.64,-2484.11,38.08,22.24
3211.73,-3369.42,26.45,22.23
-1862.6,2788.36,40.32,22.23
-769.67,2011.3,23.35,22.22
3456.31,-3394.98,27.48,22.22
3206.78,-3216.23,34.92,22.22
-3439.85,3591.34,37.6,22.22
-2184.58,-600.49,67.14,22.22
-3197.07,-2462.46,25.86,22.22
651.69,-3135.19,24.4,22.22
-2280.28,3615.23,29.51,22.21
-1849.64,2940.39,24.69,22.21
-2844.28,737.48,23.54,22.19
1230.32,2573.21,26,22.19
-266.99,3110,29.97,22.19
-3309.44,-18.67,28.43,22.19
-3206.11,-513.07,29.45,22.19
-3139.02,3525.43,27.14,22.18
3028.38,1878.43,28.31,22.18
-3719.41,-2350.57,31.17,22.18
3199.31,-585.34,22.5,22.18
395.48,-2803.96,50.63,22.18
-2110.13,1038.84,33.27,22.17
-1217.22,-3016.27,29.53,22.17
-3623.9,3715.71,38.13,22.16
-2582.72,2639.26,29.12,22.16
-1708.46,-3140.18,34.72,22.15
-3186.06,-476.36,23.05,22.15
-3008.35,311.24,26.95,22.15
3235.34,131.6,29.3,22.14
-2102.42,477.8,31.71,22.14
3501.26,1856.95,24.5,22.14
3324.74,-2032.29,23.83,22.14
943.11,-2845.56,26.54,22.14
100.86,2609.01,23.58,22.14
2149.8,3121.99,24.42,22.13
-2863.55,-2993.39,40.18,22.13
3794.62,2418.86,22.83,22.13
825.86,-2841.08,48.17,22.13
2591.86,1616.81,22.75,22.13
-2726.58,-3493.97,118.82,22.13
-1949.44,1722.73,23.24,22.12
-2525.86,1679.45,26.65,22.12
-666.27,2597.87,23.17,22.12
-2413.22,461.06,25.41,22.11
-1958.65,1676.57,29.94,22.11
-2748.63,-423.15,74.27,22.11
343.67,-3791.91,26.1,22.11
2760.68,-3352.34,26.5,22.11
-2441.62,-125.41,25.23,22.1
2638.1,-336.66,49.89,22.1
3527.25,-1317.92,24.61,22.1
2817.97,1213.24,22.98,22.1
1260.39,-2627.09,29.93,22.1
516.69,2740.03,23.07,22.09
3198.83,-1843.36,39.41,22.08
-1058.45,-2582.6,84.81,22.08
-3070.22,-2698.41,32.82,22.08
2653.19,-1178.03,29.59,22.08
-1927.28,-1668.58,22.8,22.08
2269.04,935.74,40.8,22.07
978.93,-3632.69,25.95,22.07
-3301.74,2857.07,23.15,22.07
445.22,3458.97,39.43,22.07
-956.08,-3500.41,200.8,22.07
-1286.86,-3658.39,34.65,22.06
-3403.17,-303.36,35.67,22.06
-3253.3,2589.11,36.52,22.05
3663.47,3335.51,34.78,22.05
-3674.57,3716.07,25.04,22.05
-639.32,-3260.24,23.27,22.05
1229.87,-3008.61,24.99,22.05
-3520.64,1143.96,45.99,22.05
-2463.11,1303.72,35.71,22.05
-2010.56,298.94,23.32,22.04
-1235.01,2125.45,29.73,22.04
322.21,-3541.62,27.21,22.04
-2720.43,-1829.21,27.76,22.04
2130.28,-870.37,45.04,22.04
2360.35,-1992.24,23.66,22.04
2696.79,-2027.09,38.21,22.03
2998.29,274.16,24.81,22.03
-3567.47,-3545.29,31.28,22.03
360.99,2962.05,33.3,22.03
3546.08,1314.32,23.07,22.03
1874.66,-3537.14,32.43,22.03
-1871.02,-1748.84,41.29,22.02
2816.92,-1736.77,29.85,22.02
-2050.03,-1019.66,50.92,22.02
-3311.36,1604.69,28.35,22.02
-30.03,3598.41,27.4,22.02
-2801.86,220.85,25.02,22.02
-3273.42,-199.54,40.34,22.01
2212.13,1050.51,24.39,22.01
-1599.63,-3283.22,22.94,22.01
2369.09,-2132.29,32.59,22
3348.47,-2772.82,40.29,22
-3077.07,-3612.45,26.84,21.99
2650.01,1413.04,34.13,21.99
-2661.47,-2638.67,25.64,21.99
3791.96,1731.32,26.72,21.98
-2010.33,1447.35,35.51,21.98
-3225.33,1863.06,34.55,21.98
-3704.34,3073.33,42.32,21.98
-3159.84,1085.61,35.43,21.98
58.05,2849.6,29.46,21.98
1122.2,-3719.13,39.23,21.98
2716.19,-2087.22,25.22,21.98
-2429.31,2576.88,50.83,21.95
873.6,-2911.04,55.74,21.95
-3393.26,-3121.23,30.01,21.95
-3011.51,-2949.17,30.26,21.95
620.98,-2510.23,26.78,21.95
2680.63,-450.85,53.66,21.95
-3028.1,457.9,37.99,21.94
-180.5,1984.5,32.22,21.93
1405.25,2797.59,26.59,21.93
-3754.77,-2907.84,25.01,21.92
-1900,-1181.05,28.72,21.92
3692.09,1455.56,65.99,21.92
3098.62,950.68,24.97,21.92
3055.55,1564.5,31.11,21.91
2861.87,-898.01,26.96,21.91
206.2,-3142.64,47.38,21.91
2945.01,734.58,26.99,21.91
1123.63,2654.59,26.49,21.91
2232.41,1511.14,40.47,21.91
-1884.23,2261.73,32.1,21.91
2230.59,-2463.97,64.94,21.91
-361.36,3424.42,70.07,21.9
-3551.95,3031.19,24.34,21.9
3550.32,2508.89,50.9,21.9
-353.38,3593.94,22.65,21.89
2550.95,-1712.2,24.44,21.89
-185.87,-3434.46,23.89,21.88
-3088.9,1835.59,32.21,21.88
-1811.51,2402.19,34.9,21.87
1747.08,-3626.32,25.78,21.87
-944.51,3403.59,24.69,21.87
-3355.75,-174.28,24.88,21.87
-2435.15,-3097.86,42.64,21.87
-2101.02,-483.07,28.83,21.86
-3209.5,3412.07,23.15,21.86
2999.57,-816.72,24.71,21.86
3694.83,-3172.17,24.74,21.85
1625.23,2915.06,106.17,21.85
-2195.21,2303.91,26.36,21.85
-1535.33,3361.33,35.43,21.85
-59.83,-2729.99,28.09,21.85
1809.88,1905.27,36.35,21.85
-821.78,2854.38,22.68,21.85
1629.58,2506.82,37.11,21.84
-2717.72,2447.36,29.42,21.83
-3674.81,-2788.02,26.74,21.83
466.68,2729.15,25.51,21.83
-3082.27,-2327.47,24.07,21.82
3005.58,-2130.83,58.08,21.82
2159.25,-2784.36,30.33,21.82
-1836.19,3016.79,68.93,21.81
-3168.08,2407.17,25.92,21.8
-1780.28,3146.79,24.9,21.8
296.77,-2196.36,24.51,21.8
-1833.77,3344.32,35.32,21.8
1900.55,-3025.39,24.32,21.8
-2799.38,-2905.29,35.36,21.79
-2530.31,408.42,23.13,21.79
-968.1,1921.06,40.24,21.79
2795.35,-1848.63,37.46,21.79
-36.57,3032.26,36.59,21.78
3758.41,1057.89,35.28,21.78
1944.43,-3608.45,37.29,21.78
211.48,-2027.36,22.79,21.78
2184.2,2886.16,28.07,21.77
1050.37,2210.18,24.96,21.77
2459.79,2650.02,26.53,21.77
476.23,-2356.87,39.42,21.77
3804.93,1157.2,23.7,21.77
-1348.18,2047.68,37.32,21.76
446.34,3374.4,34.4,21.75
2773.61,-2000.85,72.39,21.75
2196.14,3321.85,23.44,21.75
-46.82,2658.62,27.73,21.74
-2959.44,2619.44,25.82,21.74
-1215.24,3234.92,33.52,21.74
-3432.49,-2917.2,22.58,21.74
-1838.24,1976.34,23.07,21.73
2549.11,-3457.68,33.91,21.73
-3708.5,-1750.83,40.66,21.73
2273.98,1261.22,27.52,21.73
-3340.27,-1081.24,38.62,21.72
2007.18,-3670.3,23.2,21.72
-1827.48,-2383.78,29.78,21.72
-1937.19,2459.16,32.6,21.71
-3260.33,3661.34,40.67,21.71
-1255.84,2139.83,26.74,21.71
-2387.63,-686.1,38.7,21.71
783.29,-3327.3,41.25,21.71
2195.83,3498.36,30.24,21.71
2532.55,2380.38,26.66,21.71
401.65,-3170.88,41.13,21.7
-1166.02,-2471.2,24.58,21.7
3528.47,-3147.52,38.06,21.7
3011.1,-521.56,28.35,21.7
3596.19,993.75,27.66,21.7
-496.81,2073.14,23.57,21.69
3473.43,-2268.94,25.1,21.69
2040.4,2464.08,29.67,21.69
-2026.17,-2868.87,41.6,21.69
-3121.42,3616.46,24.36,21.69
-3321.98,3267.56,75.17,21.69
2026.18,1998.72,26.42,21.68
1771.83,2626.54,23.58,21.68
1169.12,-3565.65,24.14,21.68
2945.75,3409.18,23.12,21.68
-2906.78,-3525.09,30.75,21.68
2251.3,2695.87,29.5,21.68
2407.23,1693.35,29.77,21.67
-2342.24,2296.18,27.51,21.67
-3407.81,2380.93,24.41,21.67
1083.3,3412.63,23.47,21.66
-2508.3,-2536.11,24.51,21.65
3207.69,-233.04,24.24,21.65
-912.72,-3045.33,40.08,21.65
3636.53,1360.1,25.4,21.65
-3690.3,3655.92,26.15,21.64
683.84,-2971.19,36.12,21.63
2648.78,2218.45,42.17,21.63
-2980.29,3606.65,25.07,21.62
3080,-2194.98,27.94,21.62
2760.8,2552.73,25.34,21.62
-3053.69,2863.26,27.68,21.62
3614.85,-3210.85,31.09,21.61
-2507.09,-2338.95,23.01,21.61
2246.48,-2651.66,25.8,21.61
-2138.8,-3412.06,29.59,21.61
-3308.74,1034.51,31.15,21.6
-935.12,2887.05,26.54,21.59
-3359.85,-95.21,24.05,21.59
-2341.13,2348.44,24.1,21.59
-844.9,3666.56,29.71,21.59
2870.63,-2859.05,25.27,21.59
2453.31,-1508.52,29.49,21.59
-2138.47,-3800.34,24.72,21.58
3348.99,-3382.58,28.05,21.58
-3618.61,2904.78,24.91,21.58
-1691.61,-2728.8,24.29,21.58
-971.16,2183.52,26.77,21.58
-1966.39,955.37,43.25,21.57
620.94,2440.37,91.89,21.57
-3500.93,-192.88,32.76,21.57
-1136.2,2898.64,25.11,21.57
1497.68,-2968.53,62.02,21.57
1573.9,-2486.15,77.48,21.56
2147.13,670.42,45.51,21.56
3188.46,-216.45,22.86,21.55
378.02,-3158.11,26.7,21.55
1000.55,2548.22,25.21,21.55
1591.39,-2341.2,25.69,21.55
2490.72,-2935.7,27.86,21.55
301.15,-2776.1,33.95,21.54
376.8,-2535.6,40.51,21.52
-1195.63,2403.23,26.66,21.52
-1930.77,-2786.5,22.62,21.52
3250.82,48.89,22.64,21.52
2595.83,-2382.86,30.05,21.51
-2739.71,479.02,28.96,21.51
-2076.43,-2614.28,103.05,21.51
-1784.3,2531.72,28.49,21.51
3371.87,-2753.59,22.52,21.5
204.09,3003.96,22.74,21.5
-3038.28,2344.41,27.2,21.5
-341.09,-3297.47,26.06,21.49
1964.21,2779.78,24.82,21.49
1433.67,-3246.92,27.02,21.49
-2940.56,-1497.42,34.36,21.49
-2699.91,-2392.54,32.97,21.49
-761.11,-2768.74,27.63,21.48
-2889.35,2564.17,24.55,21.48
258.86,1903.15,24.97,21.48
1145.7,2691.41,27.66,21.48
3679.71,595.54,24.28,21.47
2353.18,1182.51,24.55,21.47
1695.73,2896.2,40.91,21.47
3076.3,578.3,23.14,21.47
2252.24,-1860.55,22.94,21.47
-987.68,3383.68,50.37,21.46
1551.79,2935.29,26.73,21.46
-3630.58,-22.11,24.12,21.45
3280.07,-3612.1,24.77,21.45
2446.06,-1678.43,36.25,21.45
-3153.13,1675,55.11,21.45
3709.12,2688.66,25.28,21.44
3048.63,559.88,27.03,21.44
1913.3,552.51,31.85,21.44
2162.33,1127.53,25.59,21.43
3646.27,2207.3,38.35,21.43
-3021.76,-2944.8,59.84,21.43
-2700.11,2138.64,30.35,21.43
3456.62,-184.26,24.18,21.43
454.72,2721.77,22.83,21.43
-3433.85,1946.78,31.53,21.43
-3392.02,811.09,25.24,21.42
3184.97,-1186.02,32.62,21.42
3754.64,-216.91,22.98,21.41
587,2110.16,31.31,21.41
-2473.55,73.87,27.78,21.41
2563.28,2290.37,23.7,21.4
-1049.95,-2424.89,26.1,21.4
-2522.81,1398.12,37.91,21.4
336.05,3309.29,33,21.4
-3280.4,-2836.22,34.84,21.4
3164.05,-431.93,29.67,21.4
-2635.84,1383.05,28.24,21.4
2995.36,3721.17,63.48,21.39
1766.69,-2097.08,25.41,21.39
2376.5,-690.81,64,21.39
1696.32,-2757.16,26.25,21.38
-2982.35,-1292.25,26.4,21.38
-194.21,3650.93,23.28,21.38
-235.24,3593.61,82.34,21.38
3644.86,15.15,26.26,21.38
669.42,-3295.29,28.78,21.38
263.5,-3308.94,29.6,21.38
3141.77,834.77,49.22,21.38
-3376.84,2721.75,32.04,21.37
2121.73,3701.87,27.23,21.37
2203.09,-2513.32,62.61,21.37
-3454.47,203.11,30.3,21.37
-151.58,3781.77,40.99,21.37
3395.54,3746.99,33.32,21.37
1373.28,3453.05,23.44,21.36
-3413.1,-3471.69,36.31,21.36
-3204.45,3210.1,22.94,21.36
-145.71,-1980.05,37.34,21.36
2940.66,1052.22,29.52,21.36
3611.87,1085.29,45.81,21.35
-2629.86,-2255.31,22.65,21.35
2993.33,2487.82,31.67,21.35
-2508.37,-2753.95,28.73,21.34
777.44,-1936.4,30.47,21.34
2239.2,1071.25,23.94,21.34
2669.77,-1548.79,33.81,21.34
2262.23,-2614.82,25.1,21.34
3257.81,-1709.82,33.76,21.33
-116.92,-3325.12,38.72,21.33
2400.23,2238.85,30.04,21.33
2287.72,-2005.24,31.64,21.32
662.44,2688.78,25.67,21.32
592.52,3588.92,38.86,21.32
1963.73,2605.81,26.81,21.32
-1549.62,-2355.17,43,21.32
-2025.53,305.78,24.95,21.32
-2932.89,-3642.56,42.5,21.32
-1608.63,-3046.37,26.76,21.31
751.67,3180.63,43.79,21.31
-2709.12,-222.08,37.51,21.31
-2039.29,-768.87,23.45,21.31
-1546.09,2042.44,26.2,21.31
-3279.51,3570.51,24.15,21.31
-2181.11,327.72,38.72,21.3
-2754.97,-696.43,28.25,21.3
1823.22,-3577.04,23.31,21.3
-2158.92,-2544.4,28.63,21.3
-1859.37,3396.53,55.54,21.3
1962.45,-341.43,40.84,21.29
-2227.45,257.74,26.75,21.29
-1725.68,-3190.28,28.13,21.27
1631.52,2582.54,46.74,21.26
-1663.9,-3780.41,25.68,21.26
1941.73,-1206.76,28.6,21.26
-3238.02,163.26,38.11,21.26
1089.85,2397.36,34.61,21.25
2557.65,-577.8,23.3,21.24
-1705.01,-2990.43,22.76,21.24
-3307.87,2708.21,41.72,21.24
3537.96,971.98,33.26,21.24
-3228.54,1237.46,71.06,21.24
88.99,-1918.49,23.14,21.23
-3700.45,-1750.91,33.78,21.23
3475.73,2998.3,25.18,21.23
125.28,-2894.26,35.86,21.23
-3183.34,1308.45,50.42,21.23
-2604.78,-76.08,53.11,21.22
2322.15,-2529.1,22.77,21.22
3354.57,-3318.62,26.08,21.22
2288.96,-81.26,23.49,21.21
1489.97,-2145.69,77.05,21.21
-1037.91,3744.96,24.22,21.21
-2902.56,-1258.34,30.82,21.21
-2435.72,1938.54,23.4,21.21
-1552.93,3379.94,25.97,21.21
-1791.9,-2653.51,26.65,21.21
-2687.65,849.25,76.66,21.2
-1829.26,2980.41,23.93,21.2
244.88,-1918.26,31.59,21.2
2223.9,-2327.92,46.7,21.2
-1880.08,-889.99,26.34,21.19
-676.89,-3131.9,24.45,21.19
-3542.58,-1358.13,23.12,21.19
-2085.3,-3149.94,27.89,21.19
861.54,-2362.97,22.51,21.19
-2289.74,-1163.66,32.97,21.18
3060.46,1518.44,29.32,21.18
-3113.28,-2923.76,30.98,21.18
-2592.06,-2359.15,25.04,21.18
2849.17,-3407.9,24.51,21.18
-447.79,2541.18,32.19,21.17
2897.89,-669.14,38.81,21.17
-3119.39,-3527.93,27.74,21.17
87.38,-2719.99,24.11,21.16
458.34,-2567.98,26.28,21.15
3252,1857.59,50.02,21.15
3249.65,-2359.6,24.12,21.15
-2544.82,-2837.61,27.46,21.15
-1513.63,2315.02,27.73,21.15
2721.62,878.78,39.45,21.15
2648.55,-3740.22,28.38,21.15
131.23,-2145.87,40.54,21.14
2992.51,116.14,30.38,21.14
1281.79,-2486.18,37.01,21.14
678.51,-2384.72,39.28,21.14
-2182.78,744.48,32.98,21.13
-3674.66,-2103.67,43.34,21.13
877.77,-2519.77,36.57,21.13
2748.93,3161.77,29.65,21.12
-206.17,-3021.22,29.7,21.12
-2793.36,2179.12,28.66,21.12
-2434.11,1024.24,29.14,21.11
-2805.01,1042.88,26.5,21.1
-2263.48,-3103.89,28.14,21.09
-3307.93,3127.67,33.36,21.09
2535.44,-2764.75,36.4,21.08
-798.07,-3765.45,24.86,21.08
-3234.93,322.04,28.03,21.08
-264.48,-3291.8,31.31,21.07
-3264.52,-3574.58,23.23,21.07
3619.14,3108.46,32.89,21.07
830.86,2785.66,28.38,21.06
-2062.53,-3627.63,36.18,21.06
-1709.5,2666.5,22.95,21.06
1890.19,-569.23,29.5,21.06
3694.82,1080.44,28.03,21.06
1039.81,2230.74,34.24,21.06
-2690.49,-465.02,44.01,21.06
-3724.62,616.25,30.68,21.06
875.86,3582.56,24.51,21.06
2146.92,-3741.18,23.22,21.06
3690.73,-2675.37,34.97,21.06
1776.63,-2073.62,27.71,21.05
1974.43,-1633.13,23.1,21.05
2586.65,-1372.62,26.34,21.05
-1110.89,-3379.06,25.75,21.04
3073.73,-532.37,27.11,21.04
-3229.29,3424.53,23.85,21.04
-3737.26,-2849.09,23.59,21.04
2426.15,-1722.41,45.23,21.03
-2085.68,-2098.14,77.46,21.03
2869.9,-1614.59,34.03,21.03
2015,3364.02,24.04,21.02
-1828.44,3691.96,23,21.02
-2447.46,-2720.98,27.1,21.02
1378.56,-2206.43,43.95,21.01
2848.59,279.32,24.37,21.01
3206.93,-2557.5,23.84,21.01
-2217.56,1598.76,23.91,21.01
-1798.01,2997.4,23.85,21.01
-532.48,-2113.7,31.29,21
1837.49,14.06,30.35,21
3330.49,-1533.54,47.96,21
-1785.99,-2573.88,24.29,21
1248.05,2130.29,35.76,21
-1424.01,3251.31,30.04,21
-542.44,3432.23,23.76,20.99
-408.21,-2422.1,23.76,20.99
-1203.98,-3770.95,35.79,20.99
2082.08,2205.19,30.35,20.99
-2424.21,2341.22,56.42,20.99
-3476.49,2073.46,26.61,20.99
-3053.5,-504.41,51.06,20.98
3673.77,-1621.56,31.7,20.98
3126.71,1595.17,25.28,20.97
-381.62,-2417.48,22.78,20.97
-3145.15,-489.56,23.8,20.97
1034.21,-2788.55,35.82,20.97
1215.31,2523.66,32.28,20.96
2448.73,-2055.05,23.06,20.96
-1549.04,-2742.44,35.87,20.96
-1303.7,-2562.71,29.48,20.96
-3424.55,-418.26,65.88,20.96
-2416.36,-678.26,33.44,20.95
-930.39,3524.11,38.25,20.95
2036.69,257.81,24.55,20.95
294.54,2117.04,30.63,20.95
3439.25,760.54,42.81,20.95
-1792.1,3709.52,23.83,20.95
1309.45,-2413.44,24.7,20.94
-2377.36,1457.41,37.33,20.94
748.62,3694.65,27.94,20.93
3388.06,-3156.18,46.89,20.93
-3108.89,1286.84,30.01,20.93
540.58,-2247.84,24.78,20.92
3731.53,2484.22,28.11,20.92
2040.63,3437.91,26.83,20.92
2413.74,3361.61,29.53,20.92
3631.27,-805.38,25.3,20.92
3667.25,3006.26,30.04,20.92
1004.44,3710.84,25.4,20.92
1037.62,-3624.47,33.09,20.91
-2000.83,-2278.5,30.7,20.91
-3269.06,1558.19,23.12,20.91
-1935.44,2987.4,22.57,20.91
-3651.54,1192.99,74.42,20.91
-2170.84,-2645.17,43.59,20.9
-1415.77,3340.58,24.79,20.9
-2533.06,2248.32,25.56,20.9
914.53,-3043.57,27.98,20.9
-2226.84,3494.24,28.1,20.9
-205.71,2512.88,23.57,20.89
2605.9,-118,48.62,20.89
1296.36,-1995.93,26.56,20.89
-2455.51,2086.39,39.82,20.89
2043.26,648.07,37.14,20.89
-1519.8,2077.29,23.13,20.87
-3681.36,-1058.49,35.28,20.87
-2592.36,759.17,23.42,20.87
-2877.91,-2409.76,22.64,20.87
82.8,3326.16,59.99,20.87
-2122.19,3649,29.74,20.86
1796.61,-3686.08,22.57,20.86
-2059.21,-2995.47,27.51,20.86
-2983.97,-1038.15,40.26,20.86
3724.98,-2132.84,31.85,20.86
-3022.41,-2845.12,45.69,20.85
1616.02,2738.99,25.86,20.85
-1360.93,-2384.68,40.81,20.85
-3313.69,1345.83,36.92,20.84
192,2365.32,65.13,20.84
-227.66,1937.73,59.49,20.84
-3467.48,1762.84,28.5,20.84
1926.33,-3121,29.32,20.83
2213.96,-2852.3,28.68,20.83
-3402.03,2371.19,24.41,20.83
-538.43,-2688.65,32.09,20.83
1881.2,489.25,163.04,20.83
2119.06,-2824.07,25.93,20.83
-1637.45,-2945.57,23.84,20.83
2859.42,2116.69,23.8,20.82
-2796.63,3339.38,88.31,20.82
-3693.38,-3283.2,35.78,20.82
2919.44,1348.64,53.73,20.81
3649.93,3369.37,34.07,20.81
-2048.62,-3638.68,23.36,20.81
3476.28,-510.07,42.62,20.8
-3316.18,2121.07,28.5,20.8
-19.75,-3411.12,22.71,20.8
1277.04,-2422.08,29.47,20.8
2896.01,1358.5,33.76,20.79
21.46,-3727.87,28.81,20.79
-3184.3,1643.18,30.9,20.79
2341.52,-3575.79,27.66,20.78
-2918.43,-1740.89,28.59,20.78
-2233.51,1424.7,32.34,20.78
-2172.93,558.84,43.77,20.78
2402.91,-3607.67,23.26,20.77
-2369.15,-3068.09,29.26,20.77
3606.2,-2916.07,36.47,20.77
-1187.42,2273.34,26.07,20.77
-2442.69,-3540.23,39.34,20.77
-866.09,2774.21,27.87,20.77
810.51,-1939.42,34.21,20.76
-3714.49,2537.99,26.8,20.76
2348.27,3211.76,24.92,20.76
-2772.04,2678.23,44.53,20.76
-2908.97,-555.48,23.06,20.75
-3313.37,-2250.74,31.36,20.75
932.89,-2298.18,22.93,20.75
1148.21,-2656.61,32.38,20.74
1330.36,-2148.68,28.34,20.74
-1681.15,2462.23,27.07,20.74
-2415.28,359.26,24.04,20.73
1180.47,-2490.61,28.04,20.73
2395.68,2639.49,23.28,20.73
-3079.18,2182.03,30.37,20.72
-2503.54,1020.79,26.25,20.72
2237.87,1004.23,44.74,20.72
-3762.07,2353.62,23.91,20.72
-2465.06,-1161.57,27.56,20.72
2645.31,-2170.28,37.04,20.71
-2703.65,1909.57,42.77,20.71
1341.5,-3210.42,22.79,20.71
-441.61,-2771.01,33.19,20.71
737.22,-3569.53,23.77,20.71
439.07,-2454.14,39.64,20.7
-2242.16,1365.97,26.63,20.7
-2412.64,-3065.76,23.45,20.7
-3436.25,2528.61,34.51,20.7
-3348.06,2692.28,23.76,20.69
3384.1,3538.87,175.46,20.69
-1272.14,2153.5,24.7,20.69
1640.79,2785.33,38.97,20.69
-1972.2,524.74,62.11,20.69
-296.6,1984.19,25.02,20.69
2473.96,1267.06,40.13,20.69
2821.25,-3030.12,30.39,20.69
2515.77,2285.35,34.87,20.68
-3686.37,-3740.63,44.92,20.68
-2162.49,-3452.9,23.7,20.67
2403.1,-880.54,24.04,20.66
3336.06,161.39,37.23,20.66
2568.65,-282.21,27.16,20.66
56,-1922.14,22.96,20.66
2592.27,2491.74,22.68,20.66
2343.76,-3203.56,24.3,20.65
2508.06,-2641.69,32.15,20.65
185.04,-3639.79,33.83,20.65
52.91,2922.17,70.78,20.64
3441.95,-1040.11,24.84,20.64
-3530.64,-1135.26,36.33,20.64
-718.69,-2951.51,28.15,20.63
-2907.56,-3713.93,25.13,20.63
2408,497.19,45.68,20.63
-1830.13,-1123.46,33.62,20.63
3057.36,-2414.22,27.88,20.62
-1889.6,-784.97,38.28,20.62
650.13,3169.39,28.74,20.61
-2330.38,2623.89,38.02,20.61
-606.37,-2022.48,32.54,20.61
2575.86,2068.74,24.52,20.61
-284.64,2630.66,82.74,20.61
-90.04,-2947.34,39.3,20.6
-1110.76,3356.5,41.73,20.6
-2668.26,3458.31,32.05,20.6
-3600.85,-284.5,54.75,20.6
1647.61,-3629.83,78.7,20.6
1216.88,3321.12,27.37,20.6
2930.36,-713.62,26.78,20.6
-2361.88,2007.77,24.69,20.59
-1280.91,2552.73,28.59,20.59
2864.49,-3554.36,32.33,20.59
2363.53,686.2,52.61,20.58
-2916.74,3461.25,26.01,20.57
513.46,-2572.18,29.83,20.56
-169.65,-2055.79,26.97,20.56
-1596.51,3686.44,26.52,20.56
-2176.17,3446.8,23.27,20.56
-2695.97,-1985,33.77,20.55
-1891.84,2258.55,35.62,20.55
-2806.54,805.34,23.08,20.55
-2048.25,395.49,24.16,20.54
-736.01,2597.85,23.08,20.53
810.33,3040.44,40.45,20.53
-1620.66,-1930.6,77.86,20.53
2653.83,2981.12,34.34,20.53
2932.08,-3127.31,22.7,20.53
-3302.71,-3391.27,27.04,20.53
-817.81,2694.96,23.72,20.52
-2761.92,3764.5,23.42,20.52
-2862.01,2077.71,34.87,20.52
-3064.07,1147.37,28.91,20.51
-3205.54,-533.91,42.2,20.51
1927.39,924.75,25.96,20.51
-836.31,-3248.84,48.58,20.51
3017.1,2004.48,23.9,20.51
970.92,-2299.81,33.85,20.5
1957.13,-3004.1,32.23,20.5
3346.47,1365.84,43.23,20.5
3291.14,-3057.23,38.58,20.5
-1101.5,-3230.82,23.84,20.5
-1914.27,3332.21,29.95,20.5
-2292.2,-3151.74,41.79,20.49
-3318.06,-2180.29,24.37,20.49
-3558.99,-2341.26,43.36,20.49
-2636.01,29.12,35.06,20.49
-699,3061.03,24.6,20.49
-2615.69,565.32,35.82,20.49
-2801.63,456.12,37.6,20.49
1350.14,2216.97,22.52,20.49
-2699.54,3495.23,27.11,20.49
3624.89,-1954.4,31.86,20.49
-3391.12,116.93,25.98,20.48
2665.18,-2239.23,25.47,20.48
-3046.75,2800.26,30.53,20.48
-3311.81,-2738.49,30.98,20.48
2455.2,-483.82,29.9,20.48
-745.58,3106.3,49.15,20.47
-1415.61,3742.8,26.84,20.47
-2770.26,-3100.82,27.08,20.47
2226.61,-1717.65,35.97,20.46
2259.3,2764.11,32.7,20.46
3737.36,547.44,26.97,20.46
-3654.32,965.84,24.84,20.46
-1148.98,-2093.95,26.04,20.46
2564.04,1639.01,31.76,20.45
-2631.46,1005.42,29.78,20.44
-3320.57,-1885.85,25.04,20.44
2480.75,-1360.4,25.85,20.44
-3669.76,688.89,37.09,20.44
1755.13,2763.93,25.96,20.44
3606.33,2500.98,22.57,20.44
-547.03,-2953.87,58.67,20.44
2270.27,-742.96,23.55,20.43
3301.9,-1675.07,57.74,20.43
2653.35,-331.2,27.42,20.43
3739.37,-333.22,37.56,20.43
-3330.56,-3194.6,30.93,20.42
287.66,-3493.08,32.95,20.42
1859.57,3035.3,40.43,20.42
2553.42,-928.67,58.37,20.41
-2886.75,-1056.12,24.2,20.41
3757,3282.53,26.56,20.41
2409.96,-1719.53,25.11,20.41
-2065.66,2268.24,35.74,20.41
-1636.98,2671.45,24.09,20.4
3712.17,106.59,25.29,20.4
-2215.12,131.8,47.67,20.4
2516.88,2668.19,22.64,20.4
-1926.82,307.57,24.13,20.4
556.74,-2295.41,22.54,20.4
2218.94,2484.17,30.01,20.39
497.89,-2976.49,31.92,20.39
-2092.51,3525.31,66.65,20.39
-192.59,2036.48,23.64,20.39
2310.29,-364.13,35.86,20.39
-912.12,-2653.35,22.59,20.38
3424.02,2142.88,33.58,20.38
2274.52,1693.84,28.29,20.38
-40.01,-3369.54,23.41,20.37
-1396.29,2847.35,33.17,20.37
3083.59,-1951.26,70.04,20.37
2448.88,1685.65,24.11,20.37
2215.92,2555.72,22.9,20.37
895.49,2566.33,42.14,20.37
2293.41,927.17,24.89,20.37
-1881.3,-2358.74,29.73,20.36
3456.87,-2939.88,40.77,20.36
-2644.17,2509.82,32.11,20.35
3067.95,2369.85,26.29,20.35
-423.63,-2435.5,25.64,20.34
3238.27,-1523.58,24.13,20.34
-3503.75,3210.21,25.58,20.34
2325.8,-1957.2,36.52,20.34
2327.19,-2128.22,23.08,20.34
-473.57,-3773.61,25.41,20.34
-160.03,-2714.85,30.21,20.33
-3648.76,3459.96,29.14,20.33
672.29,2593.87,87.18,20.32
-2828.51,2226.84,27.58,20.32
-1873.17,356.49,21.35,20.32
-2436.79,-1148.86,36.33,20.32
3030.45,-80.46,29.09,20.31
-3147.87,-2568.99,44.43,20.31
-2619.63,-3486.4,95.17,20.31
-3012.83,2080.35,42.53,20.31
-2484.61,3683.08,28.68,20.31
-2953.38,-783.64,34.83,20.31
-3170.17,1494.84,23.21,20.3
-2865.38,-1134.44,33.66,20.3
-2011.41,-3293.99,34.33,20.3
-3401.2,180.38,26.38,20.3
2824.55,-1210.98,40.86,20.3
-2099.37,-474.78,41.14,20.29
3805.59,-1554.6,25.76,20.29
2732.34,491.56,27.7,20.29
1878.88,2012.61,24.11,20.28
-3369.09,2498.97,25.3,20.27
3034.41,1635.65,26.49,20.27
-2438.2,-664.33,23.13,20.27
1998.22,1910.94,28.39,20.27
2250.37,1449.92,23.53,20.27
3119.59,3298.72,25.26,20.27
-3296.35,-169.47,28.74,20.26
3242.25,874.9,23.09,20.26
-3546.35,3071.47,67.77,20.26
-1366.46,2279.78,23.87,20.25
-2339.79,3279.21,24.18,20.25
-933.28,-2258.68,30.25,20.25
-535.18,2845.43,32.29,20.25
2155.98,3136.82,28.12,20.24
-1807.94,-3657.79,24.61,20.24
-2451.18,3727.29,22.99,20.24
-2093.17,-40.96,43.08,20.23
-2956.47,2319.72,38.91,20.23
1551.27,3665.79,22.98,20.23
616.05,2853.96,33.05,20.22
2028.94,-2835.81,23.83,20.22
-1816.73,-2706.87,23.4,20.21
-1457.65,2990.85,32.97,20.21
2219.41,288.22,25.11,20.21
1299.31,-2685.4,27.86,20.21
1678.07,2265.79,26.63,20.21
-2731.04,2324.38,33.51,20.21
1023.51,-2026.1,30.71,20.21
1800.86,-3144.59,37.65,20.21
2590.49,127.17,38.98,20.2
-2731.65,1425.47,33.69,20.2
-2626.79,2595.47,42.46,20.2
2480.82,-3637.24,31.31,20.19
924.91,2920.6,37.2,20.19
2801.23,-3758.33,24.98,20.19
-2636.07,139.68,27.45,20.18
-3392.63,-1506.74,48.5,20.18
-3512.21,-835.74,40.65,20.18
-1222.96,-2592.18,32.5,20.18
-409.6,3318.73,25.93,20.18
-965.56,-2847.6,79.12,20.18
-2190.89,-1445.95,31.65,20.17
-1538.9,3520,26,20.17
426.25,-2265.99,25.94,20.17
3560.28,-1629.39,49.02,20.16
-1463.34,-3032.11,24.8,20.16
-280.45,-3125.01,35.53,20.16
-502.35,2407.63,24.87,20.16
-1538.02,2683.52,32.31,20.16
-796.06,-3118.57,45.36,20.16
-1929.12,-1973.47,43.13,20.15
2203.98,-1638.92,33.85,20.15
304.3,2540.96,26.03,20.15
3347.97,2715.43,26.05,20.15
-3124.11,-2621.06,23.54,20.15
2467.53,462.15,22.82,20.14
-2675.29,-3517.61,24.24,20.14
-2095.57,-52.81,26.27,20.14
2383.86,3396.61,25.44,20.14
-2129.19,-3107.67,23.71,20.14
3529.2,25.32,25.37,20.14
-66.98,-2957.52,38.27,20.13
-3486.13,-170.9,32.28,20.13
-2743.7,460.45,27.2,20.13
2997.8,-2988.4,27.67,20.13
941.32,3045.32,27.38,20.13
-1226.13,-2867.91,30.92,20.12
390.41,1877.48,24.72,20.12
-2604.34,2103.89,34.31,20.11
2143.53,-3094.94,40.26,20.11
-2018.65,2249.62,52.53,20.11
-1909.53,-1218.73,23.25,20.11
2286.75,-1342.33,34.14,20.1
3346.46,3177.44,42.62,20.1
-3409.75,-3059.2,51.34,20.1
-1289.65,3660.9,27.95,20.1
3516.05,3116.52,35.42,20.09
-997.81,2751.21,25.39,20.09
-2941.68,2935.84,33.73,20.09
992.36,-2486.39,23.55,20.09
728.82,-3521.57,26.78,20.07
2328.12,1370.86,27.22,20.06
3408.86,-2871.88,22.65,20.06
1335.14,-2993.68,24.06,20.06
-2414.47,-234.63,25.71,20.05
2547.79,2222.96,29.55,20.05
-619.82,3333.26,27.29,20.05
3709.17,3347.33,71.06,20.05
-2495.89,-3259.97,40.76,20.05
-2459.05,-3319.48,23.8,20.04
-2539.97,1965,22.58,20.04
-2492.86,1959.19,42.42,20.03
-821.85,3004.87,22.66,20.03
2700.43,581.15,31.03,20.03
-3701.05,2521.13,31.31,20.03
2394.56,-3281.11,30.45,20.02
-499.6,-2456.86,27.35,20.02
3690.18,-2944.34,23.04,20.02
-3232.96,1075.68,25.68,20.01
442.3,3346.63,31.8,20.01
-3227.56,1229.53,30.89,20.01
1802.81,-2156.83,27.92,20.01
-24.29,2955.47,27.99,20
2916.52,-391.32,24.26,20
-2001.23,494.14,29.08,20
-1000.56,-2841.73,36.73,20
-2070.75,1442.02,31.63,20
-3195.85,294.88,31.34,19.99
-2715.07,1453.19,26.23,19.99
2262.41,-298.38,27.25,19.99
3624.47,-237.1,24.33,19.99
-3592.92,-2530.85,25.3,19.99
1955.96,-3074.85,26.58,19.99
-1362.81,3643.4,37.65,19.99
-2217.52,-2626.56,27.32,19.99
3010.01,2653.63,27.13,19.98
-1765.59,-3635.69,24.07,19.98
2381.42,408.69,37.75,19.97
2754.81,-3538.4,23.88,19.97
3102.9,2749.79,22.65,19.96
3486.28,-2053.95,28.34,19.96
2295.5,2460.73,23.24,19.95
-3503.87,-467.69,39.85,19.95
-134.57,-2759.22,36.32,19.95
3184.93,345.5,61.91,19.95
303.92,3288.23,28.3,19.94
-3299.02,-767.45,30.81,19.94
1708.56,2166.64,42.27,19.94
2294.81,-1342.8,30.38,19.93
696.36,3558.06,81.11,19.93
3481.68,-2245.69,22.57,19.93
-994.08,-2867.96,31.14,19.93
-3296.38,2464.36,33.49,19.93
-2657.65,1170.2,25.93,19.93
-829.29,3202.2,81.77,19.92
-2193.19,2817.24,24.44,19.92
-2003.18,-2002.97,25.4,19.92
3451.96,-1614.87,26.47,19.92
2542.56,-2910.97,28.76,19.92
-3664.39,-419.37,38.63,19.92
2657.23,2096.82,30.42,19.91
2600.72,-331.76,22.8,19.91
-3566.76,-3166.82,31.3,19.91
2297.78,1243.21,28.18,19.9
-2036.82,3460.74,34.54,19.9
1946.25,-1906.74,22.93,19.89
-3293.68,3189.41,23.07,19.89
2323.86,3.67,28.59,19.89
2741.54,-124.84,38.75,19.89
3653.47,347.29,26.38,19.89
-3303.62,2979.06,25.29,19.88
3782.29,-1095.22,23.42,19.88
-2435.1,-3049.21,51.07,19.88
-1455.72,2016.77,36.12,19.88
-2376.14,-3042.87,91.51,19.88
-1427.99,-2056.98,27.34,19.87
-106.73,-2019.53,42.69,19.87
-1535.51,2869.42,34.74,19.87
-3559.67,-667.23,35.18,19.87
2792.44,2932.87,30.94,19.87
3255.15,-2871.44,23.93,19.86
-645.52,3711.65,30.04,19.85
-1102.2,2723.34,23.6,19.85
-516.22,2514.68,23.87,19.85
-3355.22,-883.7,26.14,19.85
-549.19,3694.58,23.87,19.85
2798.76,3172.33,24.22,19.84
3361.76,-726.37,26.05,19.84
2613.55,129.82,27.06,19.84
2771.92,-514.56,26.47,19.84
863.9,3385.03,27.5,19.83
2671.6,2893.47,28.35,19.83
3214.21,2672.98,31.58,19.83
-3616.81,-3436.37,46.08,19.82
1781.23,-3219.94,42.17,19.82
339.93,1870.22,20.45,19.82
-2627.37,1840.43,40.41,19.82
3572.63,3524.96,47.46,19.82
1046.97,2147.49,28.87,19.82
-2902.79,612.38,30.47,19.82
-2574.13,3757.83,23.4,19.82
-3150.14,1803.67,25.72,19.81
-3409.39,-2914.57,76.89,19.81
3216.84,-3745.17,22.67,19.81
-2314.75,2655.51,23.77,19.81
-2130.22,-457.83,44.6,19.81
-2385.04,2769.73,34.6,19.8
274.74,3682.89,25.72,19.8
3802,-497.51,24.68,19.8
-2278.4,698.86,26.42,19.8
-1565.23,-2989.97,30.04,19.8
-3128.36,-2876.34,23.71,19.8
-2649.57,466.3,25.76,19.79
2482.29,338.65,41.05,19.79
-505.02,-2982.43,28.27,19.79
-3713.44,-1520.91,24.27,19.79
2971.41,2176.46,28.01,19.79
586.04,2213.23,40.84,19.79
1971.64,-561.98,27.38,19.79
-720.31,3180.51,33.57,19.79
-3231.61,-1885.03,43.1,19.78
-2711.31,118.66,30.22,19.78
-1797.54,2647.15,32.94,19.78
-3769.44,1895.32,36.77,19.77
-35.56,2266.49,23.26,19.77
-2242.88,2829.89,24.19,19.77
-3780.56,-2014.81,23.82,19.76
3442.62,276.81,22.74,19.76
-2281.14,32.48,29.3,19.76
987.38,2786.86,28.66,19.76
-215.67,2026.8,23.94,19.76
3116.99,2379.67,27.92,19.75
-2039.96,-1712.31,85,19.74
-1059.1,3072.38,26.56,19.74
2520.99,3667.45,24.54,19.74
3609.36,-2158.84,38.86,19.73
-2843.74,1147.4,43.67,19.73
-2644.58,359.82,30.18,19.73
-3628.37,80.06,27.02,19.72
2304.69,-42.67,30.74,19.72
-1992.85,2225.11,24.74,19.72
-2024.33,3283.47,25.19,19.72
2682.5,1356.8,39.09,19.72
-703.91,-3261.43,47.7,19.71
-2183.3,-3184.55,42.08,19.71
-3229.85,3108.45,59.98,19.71
1599.38,-3205.11,27.11,19.71
2722.49,2368.62,82.15,19.71
1779.77,-2108.2,30.08,19.7
-2153.14,822.9,27.24,19.7
2139.49,-1324.73,29.04,19.7
-2543.26,-2686.7,74.97,19.7
1336.81,3656.1,22.57,19.7
2591.64,-185.51,27.1,19.69
-3693.92,56.58,28.97,19.69
-3675.72,338.54,25.88,19.69
-485.47,3666.38,30.42,19.69
1095.38,-3531.09,23.71,19.69
2538.69,-1501.15,23.14,19.68
-423.22,3024.12,116.95,19.67
-1012.76,3507.92,22.94,19.67
2911.08,1688.28,25.05,19.67
2358.03,-1605.5,29.85,19.67
-225.23,-3419.91,33.26,19.67
-2551.7,3786.45,30.38,19.67
1934.62,3043.79,31.44,19.67
3345.09,2444.57,34.49,19.67
-3648.47,-747.37,33.98,19.67
-2812.83,-1605.09,30.9,19.67
794.99,3632.5,26.8,19.67
-3073.06,1948.8,23.83,19.66
-2209.69,-2015.82,53.04,19.66
3383.1,-2059.03,24.44,19.66
1515.35,2065.63,52.45,19.65
2894.99,1879.95,34.39,19.65
1490.63,3355.84,31.64,19.65
1948.41,1809.2,29.71,19.64
-327.08,2734.43,27.53,19.64
3763.4,-1649.1,28.35,19.64
3483.42,2451.99,25.55,19.64
-2044.38,254.74,35.43,19.64
-2123.91,2034.27,25.9,19.63
-3359.43,2358.57,31.14,19.62
3310.84,-1247.09,25.3,19.62
2423.18,2984.22,24.8,19.62
2053.22,662.25,31.32,19.62
2883.12,1806.81,29.83,19.61
979.07,-3294.35,23.69,19.61
2706.4,-3534.78,28.58,19.61
3140.72,132.99,27.72,19.61
-715.86,2600.49,29.77,19.61
3476.08,-3061.72,27.7,19.61
-2556.46,2702.75,33.42,19.6
-3369.17,-3707.08,42.62,19.6
-3387.76,-1773.97,26.68,19.6
2778.37,-3638.68,37.05,19.6
2279.51,3199.37,27.5,19.6
1781.11,-2889.7,27.63,19.6
-3020.17,3039.95,23.19,19.59
1122.8,2626.98,78.18,19.59
-2710.56,1361.27,25.9,19.59
-3306.5,685.8,36.55,19.59
-3164.55,2543.95,32.51,19.59
-1943.96,-900.19,25.7,19.58
-2484.79,-73.39,69.04,19.58
-1486.24,-1954.71,78.77,19.58
1645.88,3318.93,22.72,19.58
-1583.94,-3438.32,42.19,19.57
-3112.09,1007.72,32.18,19.57
-3577.32,-2902.94,33.7,19.57
920.84,2959.79,23.54,19.57
1398.4,-2383.3,36.46,19.57
2778.61,-851.57,40.07,19.56
-1251.32,3056.04,24.44,19.56
-1290.42,-2353.31,25.39,19.56
-2271.12,-2099.05,23.35,19.56
314.16,-2968.14,28.63,19.56
505.83,2720.97,24.67,19.55
-687.01,-2910.28,45.36,19.55
3747.19,100.52,23.17,19.55
1160.59,2591.54,36.99,19.54
-3119.02,2659.97,31.44,19.54
-3150.44,1815.91,44.38,19.54
-2511.72,-2713.4,61.91,19.53
2120.29,2765.5,35.42,19.53
1590.89,-2413.47,39.24,19.53
1020.08,3094.14,425.72,19.53
-1509.19,-2025.56,26.78,19.53
-810.93,2312.36,30.53,19.52
1407.71,2036.93,23.48,19.52
-2091.75,2479.46,40.37,19.52
613.85,-3479.1,31.71,19.52
-2632.89,3185.46,31.8,19.52
-982.01,2662.58,23.03,19.52
1920.58,288.29,150.29,19.51
-3551.56,-3787.92,25.52,19.51
3098.11,2088.09,23.47,19.51
-2642.4,-141.93,36.57,19.51
3502.8,-474.65,30.48,19.5
701.54,-3141.93,40.14,19.5
2537.11,-2871.76,27.2,19.5
1382.47,2573.11,30.58,19.49
2704.94,2420.9,32.74,19.49
-2167.24,1895.34,30.17,19.49
2467.67,-2211.37,45.15,19.49
-3090.62,-1077.77,35.95,19.48
-3123.07,1474.85,25.82,19.48
2972.12,2590.36,34.59,19.48
-1895.1,3295.14,29.33,19.47
-1193.65,2794.02,31.07,19.47
1919.71,2268.96,27.91,19.47
2186.94,2535.97,36.18,19.47
1824.43,3304.53,26.58,19.46
-1959.24,-2306.44,24.59,19.46
2629.98,-1988.56,25.46,19.46
-1859.37,-3104.52,30.07,19.46
-638.17,-2521.29,33.63,19.45
2118.6,3760.57,42.72,19.45
-2170.42,-2318.43,23.84,19.45
3338.73,2593.24,36.8,19.45
372.04,-2250.01,47.6,19.45
-3389.83,-3275.54,39.24,19.45
-2926.74,-2060.4,44.65,19.45
2870.95,827.53,27.15,19.45
-854.39,-2646.79,24.46,19.45
-1533.94,-2445.98,26.69,19.45
3114.49,2645.43,34,19.44
-2549.15,2155.81,28.83,19.44
1890.12,-1547.7,39.26,19.44
-2980.07,-2904.56,29,19.43
2168.63,-3802.11,24.68,19.43
494.61,2962.52,40.14,19.43
2059.11,-1367.85,24.06,19.43
3301.56,-2110.2,40.12,19.42
986.44,-3568.45,23.72,19.42
-2949.28,3729.35,31.68,19.42
-439.24,-2528.85,25.51,19.42
-3339.56,-2762.43,22.77,19.42
-3591.22,2739.81,27.66,19.42
-2815.07,620.24,34.02,19.41
2660.43,-2324.86,25.93,19.41
3360,1558.57,49.5,19.41
2914.51,2724.63,37.56,19.41
-2352.82,-2626.97,26.1,19.4
-3380.26,1037.71,23.13,19.4
1012.76,3460.47,28.06,19.4
-528.4,-3617.98,23.79,19.4
-1342.02,-2774.45,28.54,19.4
-1087.51,-2698.75,36.26,19.39
1412.47,3805.1,26.32,19.39
3596.72,1686.79,48.41,19.39
-2291.62,1926.57,60.4,19.39
-2930.62,-2195.61,42.41,19.39
-2223.4,-1722.72,55.45,19.39
260.69,-2302.88,26.26,19.38
-1714.81,2858.17,37.8,19.38
3031.74,3171.55,33.01,19.38
3107.72,-951.55,30.87,19.38
2619.17,-2636.21,48.65,19.37
518.1,-2498.38,41.89,19.37
-3366.55,511.66,26.5,19.37
-3301.92,-1734.13,29.62,19.37
2259.97,643.51,24.65,19.36
1952.83,-2565.22,59.55,19.36
2241.81,3200.38,43.04,19.36
-2502.01,59.01,29.68,19.35
2660.08,1762.23,43.7,19.35
-3293.72,1828.93,30.86,19.34
661.47,-3381.18,23.34,19.33
-2122.51,197.13,26.22,19.33
-1106.91,3557.56,36.18,19.33
-3505.37,-3544.81,23.54,19.33
3472.56,-1084.81,34.02,19.32
2651.38,3156.99,28.27,19.32
2873.6,3667.03,54.19,19.32
-3410.92,1697.79,28.65,19.32
2192.14,-3469.79,22.92,19.32
-2286.22,-2460.86,47.73,19.31
-2263.61,3765.8,36.2,19.31
1485.12,3591.84,23.47,19.31
-2360.42,1713.24,33.29,19.31
-2695.01,1967.31,25.07,19.31
-1443.54,-3154.52,71.03,19.31
1583.71,-3631.43,23.81,19.3
-2481.44,1614.16,26.06,19.3
-922.85,-3574.62,55.93,19.3
184.03,-3138.83,30.31,19.3
-1583.86,-2486.07,40.41,19.3
-3021.4,919.72,24.45,19.3
-3306.46,-990.25,25.97,19.3
2154.05,-317.23,37.05,19.3
-2815.88,3186.02,22.65,19.3
-2652.84,-2459,41.28,19.3
-2471.86,293.4,29,19.29
2656.7,3608.49,34.67,19.29
2533.23,-1659.99,22.73,19.29
2007.08,-3289.72,35.74,19.28
532.76,2089.52,41.03,19.28
2865.76,-1618.43,32.5,19.28
808.17,1958.41,39.64,19.28
-366.02,1968.64,71.37,19.27
813.09,2427.84,23.13,19.27
-33.56,-3253.72,26.34,19.26
3565.78,2356.13,31.73,19.26
-1491.55,2762.93,23.44,19.26
3699.06,2499.09,43.31,19.26
-2210.55,-1473.58,28.55,19.26
3213.64,3787.05,29.42,19.26
-1541.08,3401.08,27.35,19.26
-3505.37,1059.75,42.57,19.26
-2967.94,-3440.24,66.42,19.26
1920.94,-3344.4,24.97,19.26
-3259.48,-361.11,33.38,19.26
-1005.65,-2917.79,24.77,19.26
2667.06,-905.88,24.26,19.25
907.04,2515.21,23.73,19.25
2509.7,-447.66,23.49,19.25
2856.2,78.22,37.51,19.25
-3127.87,3703.7,31.31,19.24
3387.75,3671.02,27.04,19.24
-1538.73,-1913.96,25.83,19.24
-2164.92,-3587.79,33.06,19.23
-2425.71,2768.95,24.04,19.23
-2266.14,1235.73,28.1,19.22
1199.48,1999.12,23.26,19.22
2854.46,-473.54,23.26,19.21
407.01,-3551.15,32.51,19.21
832.09,2230.36,24.63,19.21
3334.71,-2059.85,25.15,19.2
-2145.13,951.89,27.23,19.2
-2541.47,2997.34,32.88,19.2
820.06,-2820.18,34.01,19.2
1010.67,2812.52,36.14,19.2
14.33,3554.31,30.56,19.19
-3476.33,-3150.11,23.52,19.19
930.68,2970.8,23.79,19.19
2053.11,-1785.28,26.24,19.19
-3117.2,-2635.44,27.87,19.18
2187.57,-1194.78,37.22,19.18
2529.91,-1737.09,26.98,19.18
240.06,3419.19,44.03,19.18
1903.9,-1097.03,22.78,19.18
1230.58,3376.19,35.19,19.18
-3047.23,-2998.02,44.38,19.17
-2074.63,1532.01,40.73,19.17
2972.17,-3489.35,34.78,19.17
-1156.15,3215.17,25.74,19.17
1305.26,2624.61,24.68,19.16
-1737.38,-3066.76,22.63,19.16
-2086.4,167.88,26.13,19.16
2092.96,-1203.87,27.78,19.14
495.02,-2669.43,31,19.14
1389.16,-1994.72,24.48,19.14
-3455.57,794.6,23.25,19.14
-1968.79,-1339.47,23.69,19.14
-1037.03,1959.82,26.96,19.14
308.49,2418.16,24.05,19.13
1690.69,-2930.73,52.98,19.13
3622.21,1243.38,23.56,19.13
1841.88,-3745.63,39.02,19.13
-2048.52,-487.44,24.29,19.12
-2156.12,-2375.63,24.75,19.12
-2568.27,2896.47,40.45,19.12
-1145.02,1972.17,30.53,19.12
2452.74,-2649.27,25.95,19.11
2090.42,3030.14,30.09,19.11
-2062.88,-3165.08,33.7,19.1
635.79,-3712.26,38.54,19.1
3125.37,1440.13,23.25,19.1
-2634.98,619.13,36.52,19.1
-2738.15,-2899.96,40.36,19.1
-2914.32,-3521.09,24.97,19.1
-2765.28,320.24,24.73,19.09
-3761.57,3675.37,24.51,19.09
2660.76,-3377.92,29.39,19.09
-583.01,3034.54,23.49,19.08
3695.1,-2620.2,24.6,19.08
-3523.46,1785.82,23.41,19.08
-872.65,-3643.9,32.89,19.08
-663.87,3358.09,41.85,19.08
2137.89,3245.96,29.46,19.08
-2749.37,1816.9,26.06,19.07
3245.62,1417.96,23.48,19.07
-3292.84,3008.73,40.72,19.07
-1575.39,-3115.51,22.68,19.07
2291.41,-2499.74,26.11,19.07
142.07,2038.33,31.1,19.06
-3618.53,-381.66,28.2,19.06
-2834.01,1977.33,28.08,19.06
1620.49,-2736.66,30.26,19.06
1700.59,-1989.49,26.27,19.05
1799.66,2849.53,51.76,19.05
3636.14,2577.81,33.34,19.05
-2938.75,941.61,25.05,19.05
-590.8,2767.56,32.91,19.04
3449.43,-448.91,26.21,19.03
208.5,-2029.37,34.66,19.03
2812.62,-1016.39,26.48,19.03
1460.97,-3759.77,49.45,19.03
2082.31,-3359.31,32.11,19.02
2902.69,3734.5,25.13,19.02
3463.4,-1658.62,30.92,19.02
3220.01,3465.09,29.58,19.02
2090.3,-1819.29,23.19,19.02
-854.2,-2495.95,22.8,19.02
-7.08,-3110.13,24.31,19.01
-2328.45,2330.48,24.99,19.01
-3404.5,-2769.46,27.61,19.01
-986.37,3278.07,36.75,19
2909.76,3436.79,39.77,19
-1477.69,-3719.87,36.05,19
-1732.09,3303.45,34.93,19
421.12,2928.84,40.02,18.99
3701.68,1555.55,50.02,18.99
-3730.48,-3695.4,22.98,18.99
2488.82,-1927.49,33.49,18.99
1842.69,1935.16,35.14,18.98
1422.78,-3536.76,153.55,18.98
-3012.18,2959.44,31.94,18.98
1910.47,3655.88,31.06,18.98
1259.91,-2696.47,123.08,18.98
-1047.64,-3621.04,22.56,18.97
1813.33,1935.31,34.97,18.97
-44.1,2160.23,24.41,18.97
2278.1,3041.12,41.43,18.97
2757.8,553.12,26.38,18.97
-2285.07,-2909.52,23.73,18.96
-3026.22,3516.19,41.38,18.96
575.76,-3530.3,22.54,18.95
3709.41,-3792.2,31.58,18.95
2299.73,496.45,60.56,18.95
-3282.76,-2629.41,22.95,18.95
2732.31,-1022.22,37.63,18.95
-968.14,-2787.12,28.48,18.94
3033.01,1799.82,32.6,18.94
-609.25,1959.95,23.78,18.94
2240.7,1511.57,31.24,18.94
-3012.03,411.97,23.86,18.94
1123.6,3140.69,29.43,18.94
321.94,-3396.34,78.65,18.93
-1937.01,748.46,27.68,18.93
3051.17,-285.75,28.34,18.93
2124.35,605.65,38.16,18.93
2569.98,-3386.54,22.56,18.92
-91.71,2478.79,25.59,18.91
144.21,2824.16,61.26,18.91
-874.16,-3220.38,34.84,18.91
1693.68,2199.88,24.32,18.91
1875.52,3758.02,24.33,18.91
3629.12,-1612.49,23.64,18.9
1593.44,3639.59,65.6,18.9
-3099.36,2944.22,32.95,18.9
-1909.3,-2891.7,24.21,18.89
2328.05,2134.64,44.66,18.89
1562.5,2892.41,55.88,18.89
1424.88,1955.51,23.28,18.89
3204.17,3165.67,28.18,18.89
3571.77,1608.47,34.08,18.89
-570.26,2300.43,34.81,18.88
963.77,-3763.07,22.6,18.88
229.69,-3601.01,26.55,18.88
3521.81,3525.61,30.96,18.88
2836.6,-220.92,34.8,18.88
3647.53,1109.88,24.23,18.88
-260.91,-3324.52,23.44,18.87
290.27,2119.19,24.85,18.87
-1145.84,2772.78,42.55,18.87
-3049.88,-729.37,25.53,18.86
3747.39,-2622.81,22.76,18.86
-2128.11,-788.66,42.15,18.86
498.22,-2433.68,43.99,18.86
1741.37,-2016.26,41.19,18.85
-2710.4,-657.47,24.45,18.85
-3703.05,-1560.31,22.55,18.84
-2544.86,-2958.84,42,18.84
-357.26,3526.07,31.35,18.83
-3537.04,3254.62,28.89,18.83
2293.35,-1984.55,40.67,18.83
1870.82,-2165.14,25.93,18.83
1250.25,-3394.37,23.62,18.83
-1914.38,513.99,24.79,18.83
3416.78,404.78,29.59,18.82
-1512.26,2666.52,40.99,18.82
1440.82,2382.65,29.03,18.82
-2527.57,3658.68,27.5,18.81
2265.48,-1757.47,38.39,18.81
3720.4,2960.82,24.17,18.79
3151.81,-884.96,29.47,18.79
-2650.59,-2319.13,38.12,18.78
3153.85,-2941.32,25.7,18.78
3186.66,-538.52,27.13,18.78
-862.45,2620.59,28.01,18.77
2929.3,-1610.16,24.23,18.77
-3717.5,-2602.71,40.22,18.77
-2783.23,3253.54,42.19,18.76
3352.69,2528.67,102.2,18.76
445.99,3618.36,23.31,18.75
2743.41,-125.26,23.17,18.75
-2027.6,-531.84,28.87,18.74
-561.5,-2793.51,111.36,18.74
1386.89,3546.68,41.31,18.74
3510,-2374.08,34.83,18.74
-994.87,-2015.35,26.48,18.74
-3133.32,-2262.52,23.06,18.73
1819.1,-2003.33,24.58,18.73
1906.51,2960.17,25.04,18.73
1209.23,-3598.95,23.13,18.73
2236.28,1619.45,34.84,18.72
-3270.08,3763.11,27.04,18.72
-248.76,3531.92,71.38,18.72
-340.82,-2268.07,39.07,18.71
-3166.21,-837.38,25,18.7
2822.42,2600.63,37.83,18.7
3462.09,-185.09,28.57,18.7
-2554.34,-273.97,28.21,18.69
-3339.73,853.19,27.53,18.69
1793.98,-2529.34,26.67,18.69
-986.92,2750.63,112.27,18.69
-2891.18,-2878.33,32.31,18.68
621.09,-2688.14,29.65,18.68
2571.84,1718.28,32.54,18.68
-496.64,2111.36,24.25,18.68
3038.57,982.94,50.01,18.67
1721.95,-3449.07,38.63,18.67
2079.32,-1302.54,30.74,18.67
-107.65,3753.54,41.7,18.67
2485.94,-1581.05,28.41,18.66
508.31,1912.31,23.39,18.66
1301.66,-3573.26,27.61,18.66
401.95,-3551.39,25.44,18.66
-1360.42,2046.06,35.48,18.66
-1538.27,-3667.33,35.38,18.65
-668.59,2308.08,26.32,18.65
-408.66,-2769.45,37.08,18.65
299.89,1906.63,25.07,18.64
452.75,-3296.43,24.19,18.64
2897.09,1014.53,25.7,18.64
-2002.56,-1142.37,22.69,18.64
-677.51,3699.15,26.77,18.63
-2063.2,2762.79,38.05,18.63
2590.41,-3465.89,27.51,18.63
-3039.78,-2383.04,26.78,18.62
-2482.59,-1264.65,25.53,18.62
2463.58,3682.35,43.15,18.62
-2490.94,2207.52,23.72,18.62
-2756.62,1741.13,25.36,18.62
2299.46,2844.41,24.04,18.61
-1195.08,2365.97,32.76,18.61
-3654.26,-2505.65,28.27,18.61
2752.91,-3762.22,23.27,18.61
-3156.3,-3061.16,22.59,18.61
-2014.74,1414.77,30.09,18.6
-2266.55,2946.15,30.46,18.6
-2952.55,845.47,24.17,18.6
2684.11,1957.28,32.94,18.59
-1481.19,3232.5,35.53,18.59
382.36,-3287.82,45.1,18.59
3368.69,2434.6,37.91,18.59
3095.22,2771.05,24.99,18.59
-2469.97,-3135.92,42.71,18.59
2015.88,3772.86,23.69,18.58
1905.3,2428.88,30.1,18.58
1708.12,-2809.78,30.18,18.58
2023.45,1756.17,27.32,18.58
-3299.49,-1942.43,30.72,18.58
2674.37,3118.97,32.95,18.58
-1983.66,73.84,25.75,18.58
3063.87,546.99,27.05,18.57
2507.77,2655.91,24.24,18.57
-1985.34,-1776.11,30.81,18.57
-2297.69,3698.44,31.06,18.57
63.5,2695.61,29.54,18.57
-2547.29,-3378.75,28.48,18.57
612.95,2505.12,53.83,18.57
3272.38,-413.53,26.88,18.57
2319.3,-2315.48,34.07,18.56
-439.25,3119.04,40.75,18.56
2612.53,-269.87,26.9,18.56
-3558.34,-619.91,99.8,18.56
1886.23,-3073.56,25.94,18.56
2377.18,-1018.93,35.69,18.56
-853.52,-2424.32,43.56,18.55
-2965.25,3106.06,31.27,18.55
2054.58,-935.42,23.46,18.55
3531.8,-209.46,40.21,18.54
-2729.18,-2757.91,57.63,18.53
2054.03,641.12,25.23,18.53
-1942.01,3397.8,25.29,18.53
-1530.43,2089.3,23.29,18.53
-216.73,2382.89,33.96,18.53
2993.7,1653.76,30.32,18.53
3526.51,36.81,30.42,18.52
2862.4,2528.26,23.04,18.52
2757.14,-2174.78,22.51,18.52
-3415.36,-2720.17,30.29,18.52
-3754.51,-1929.69,26.39,18.52
-2710.64,-1788.71,22.89,18.52
-43.36,2772.95,30.46,18.52
-1968.06,-78.59,27.28,18.51
3740.27,-1428.51,34.46,18.5
-175.36,-3004.82,57.41,18.5
-3129.11,2403.65,27.16,18.5
2410.57,3683.15,29.96,18.5
2569.15,2052.76,25.17,18.49
3613.63,-2451.25,30.08,18.49
14.81,2760.04,25.44,18.49
-1616.4,2157.34,33.95,18.48
-2956.51,434.34,23.23,18.48
-2658.54,903.16,23.16,18.48
-9.47,3232.04,25.39,18.48
-474.71,3658.55,33.95,18.47
-2148.89,2525.91,26.99,18.46
-2279.42,-1901.78,26.01,18.46
2953.99,-976.98,55.41,18.46
3375.03,-1685.78,22.77,18.45
90.68,1961.66,35.68,18.45
388.57,-3458.36,23.21,18.45
-2300.93,-892.27,42.7,18.44
-3746.79,373.09,51.85,18.43
-2966.05,253.93,24.47,18.43
-3090.82,-2395.63,23.59,18.43
2382.33,-665.49,27.46,18.43
-714.82,-1789.51,24.79,18.42
3477.26,162.83,22.97,18.42
3100.12,568.22,29.69,18.42
-254.09,2667.82,29.97,18.42
1924.17,1253.02,25.68,18.42
-2675.57,180.34,40.76,18.41
2421.14,-73.82,42.69,18.41
3049.15,2213.47,42.96,18.41
-2971.83,-2122.45,34,18.41
-3655.69,-2685.54,29.43,18.41
-287.07,3776.24,27.32,18.4
-2.52,3478.56,23.21,18.4
3362.15,3275.97,41.93,18.4
-3137.99,1402.43,23.02,18.4
-3141.65,-2192.54,23.75,18.39
-1640.32,3226.01,26.43,18.39
1439.93,-3025.58,34.52,18.38
-3697.06,-445.02,34.15,18.38
-3523.59,2912.86,23.88,18.38
231.61,2362.76,27.99,18.38
-3350.77,534.15,28.44,18.38
-3614.5,2957.29,25.85,18.38
-3328.31,-3318.26,25.61,18.37
3393.8,3443.83,23.3,18.37
2217.8,-2068,25.12,18.37
-3608.3,-2805.62,31.49,18.36
395.38,-3204.97,37.7,18.36
3249.06,-1307.72,32.76,18.35
-2994.11,-3630.4,43.06,18.35
-2147.5,-1768.53,23.54,18.35
-2668.07,2345.05,24.11,18.35
-1878.55,880.33,18.88,18.34
-3041.4,-1821.88,23.11,18.34
235.74,2336.81,23.97,18.34
-3639.98,-1319.96,24.25,18.33
-881.15,1961.45,34.77,18.32
-3285.84,-3060.91,26.59,18.32
-1926.4,1700.9,24.05,18.31
2912.35,1568.81,27.09,18.31
-2337.89,918.38,27.6,18.31
2412.38,2622.69,39.74,18.31
2299.62,-1267.39,41.26,18.3
758.69,2602.39,26.28,18.3
3635.57,-2842.66,27.18,18.3
-3751.16,2738.96,39.84,18.29
-2144.54,-1278.25,41.36,18.29
822.39,2914.69,30.97,18.29
2264.61,3458.42,27.77,18.28
2202.39,-2434.49,42.47,18.28
-729.49,-2770.81,42.32,18.27
-1838.29,-928.93,21.55,18.27
3450.02,2425.35,24.44,18.26
1745.64,-2002.61,25.91,18.26
-1122.99,2413.49,35.31,18.26
2877.42,-678.62,31.03,18.26
-543.11,3144.03,41.15,18.26
2043.43,1326.69,26.87,18.25
2393.79,3564.15,27.98,18.25
3361.68,1660.37,84.33,18.25
845.74,-3337.15,34.79,18.25
2422.9,-2491.18,23.89,18.24
3214.18,65.62,25.38,18.24
-809.34,2765.04,24.52,18.24
2638.16,-2320.07,30.28,18.24
-1230.62,2001.91,29.76,18.24
-3610.31,3484.2,28.59,18.24
2852.55,-240.12,28.13,18.23
-2234.23,1377.5,34.34,18.23
-724.94,-3330.67,27.05,18.23
-2485.14,1862.35,27.26,18.23
3593.97,-367.19,23.03,18.23
-2211.54,3543.15,76.63,18.23
-2669.47,1665.51,55.12,18.22
-3797.76,421.44,25.89,18.22
-1491.83,-1998.79,26.14,18.22
906.74,-3576.84,42.26,18.22
3365.33,2739.88,24.51,18.21
497.77,-3529.81,24.13,18.21
-1732.27,-2251.46,32.9,18.21
2472.92,-2621.51,23.97,18.2
-1577.75,2666.61,48.07,18.2
3613.55,1971.51,26.83,18.2
2418.69,-3292.18,28.45,18.19
2000.16,-2168.11,31.46,18.19
2108.95,1311.26,24.78,18.19
3421.11,406.68,24.67,18.18
2839.2,3284.13,37.15,18.18
-2840.38,-55.72,24.61,18.17
-2613.18,3523.16,26.24,18.17
-3561.69,1598.73,25.03,18.17
-3754.12,1950.29,24.58,18.17
548.51,2360.8,28.52,18.17
-58.71,-2275.47,40.13,18.17
-1516.01,-2294.54,26.65,18.17
3220.62,-2973.52,59.54,18.16
-3506.39,-101.63,24.71,18.16
-3544.14,1285.14,28.87,18.16
-3277.98,-2655.79,33.33,18.15
1880.29,2071.69,36.22,18.15
-1323.05,-3295.57,67.28,18.15
-2309.24,1257.37,22.77,18.15
-3393.5,130.07,35.17,18.15
-1333.09,3405.22,43.04,18.15
-2102.45,3019.71,23.5,18.14
2785.94,1360.16,22.57,18.14
-1554.2,2070.81,26.02,18.13
-1181.83,2003.69,23.61,18.13
2498.09,828.71,38.15,18.11
-285.88,-2698.28,30.14,18.11
2807.17,221,23.07,18.11
-3456.74,-2832.73,29.39,18.1
1825.53,1967.1,23.12,18.1
-571.96,2089.16,25.79,18.1
795.4,2493.54,25.39,18.1
-3660.47,1854.71,24.86,18.1
-2231.79,-2395.24,30.88,18.1
-2240.68,-1305.07,24.43,18.09
1342.62,3683.17,22.61,18.08
-2363.19,-19.7,22.59,18.08
-2065.41,-978.9,25.07,18.08
2542.17,-2583.92,22.61,18.07
1712.64,-2460.18,26.02,18.07
3639.98,-2767.57,24.85,18.07
1664.69,-2531.32,25.72,18.06
193.45,2831.57,41.56,18.06
1840.46,2219.94,28.92,18.06
-3439.36,1310.52,25.42,18.06
-3055.59,-1537.04,28.93,18.06
121.77,3400.75,27.83,18.05
3618.25,-372.14,22.74,18.05
3366.44,-3243.48,32.25,18.05
2856.08,-554.32,25.59,18.04
2116.61,3024.47,27.09,18.03
-637.84,2038.85,33.62,18.02
1331.95,-2197.43,24.86,18.02
469.92,-2642.02,28.78,18.01
2602.7,1756.93,140.64,18.01
-2298.35,1052.49,28.2,18
2197.99,2719.16,24.92,18
259.38,3151.35,23.72,18
3071.44,-2625.17,28.42,18
2307.03,-3078.85,30.68,17.99
2780.72,3019.72,28.2,17.99
2588.75,-3146.15,33.03,17.99
-1934.27,1064.07,32.5,17.99
-1281.38,2579.56,26.81,17.98
1219.24,-3793.79,27.85,17.98
1010.53,2098.18,22.67,17.97
-1274.51,-3018.14,24.18,17.96
183.54,-2934.84,29.54,17.95
-2221.67,-3629.87,25.19,17.95
-2665.49,-1168.42,31.59,17.95
3645.58,2061.94,23.6,17.95
-1039.08,2110.45,38.56,17.95
-1362.96,2574.19,27.95,17.95
-3207.11,2103.03,23.65,17.94
1054.56,-3377.17,55.08,17.94
2567.18,-3219.92,43,17.93
2235.11,-3031.7,26.06,17.92
-474.41,-2252.86,24.8,17.92
3108.49,-3326.95,25.62,17.91
-1781.26,2818.66,23.31,17.91
-2256.31,780.86,23.17,17.91
3591.74,-1004.65,27.8,17.9
3351.23,-696.04,52.08,17.9
-3795.71,349.57,27.09,17.9
-1785.84,-1204.31,26.58,17.9
426.14,2429.43,23.21,17.89
3498.86,63.66,23.9,17.88
-2117.3,-573.83,32.48,17.88
-1586.23,2474.76,26.78,17.88
-3550.41,-3790.11,29.83,17.87
1848.94,2235.71,52.31,17.87
643.33,2073.78,24.12,17.87
3396.24,2195.09,34.69,17.87
-1855.99,-901.83,29.63,17.87
-1672.45,2772.81,25.92,17.87
1979.26,2845.43,24.25,17.86
3719.53,230.85,39.44,17.86
-2288.05,903.14,47.25,17.85
-1506.21,2770.4,40.84,17.85
-3469.79,-1644.66,23.41,17.85
2965.45,1373.97,23.61,17.85
2589.9,157.48,43.8,17.85
-3632.03,-207.53,25.47,17.85
-681.48,3641.96,37.42,17.84
3153.09,-3431.69,25.56,17.84
-2422.48,1146.49,26.27,17.84
-3538.61,-235.95,25.83,17.83
3543.58,2786.02,29.13,17.83
1034.46,2790.96,26.03,17.82
3255.14,440.56,26.98,17.82
2983.02,510.05,35.8,17.82
828.45,2896.14,29.15,17.82
-3706.63,2858.07,35.44,17.82
-2469.59,-1393.07,26.05,17.82
-83.16,2676.53,23.17,17.8
-3201.5,2754.17,105.84,17.8
479.32,2722.14,29.03,17.8
3095.18,-1503.24,51.42,17.8
788.86,-3522,38.72,17.8
-2475.7,368.11,35.33,17.8
-2881.69,3738.6,35.73,17.8
-3073.91,1833.06,23.58,17.79
3792.02,-2006.9,26.51,17.79
-3744.77,-1339.17,25.55,17.79
2617.52,-2945.18,47.94,17.79
3768.95,-1610.72,22.73,17.79
-1141.01,-3586.99,29.01,17.79
1638.66,-3017.6,30.17,17.79
-2554.49,-2998.89,50.81,17.78
-331.23,-2861.85,50.47,17.78
-1978.01,-1901.17,31.26,17.78
1892.61,2255.41,29.26,17.78
1999.69,2404.56,24.67,17.77
1628.19,3644.82,63.56,17.77
-2820.49,394.63,29.66,17.77
3145.18,-1231.07,107.48,17.76
-2969.81,1496.29,39.28,17.76
3612.99,-2501.42,37.53,17.76
3136.29,857.77,34.65,17.75
-2655.51,850.97,32.9,17.75
-1754.57,1891.34,36.83,17.74
3017.84,-2135.35,28.5,17.74
2608.83,-980.52,24.24,17.74
3398.73,-2223.12,26.04,17.74
-3383.16,3630.3,23.26,17.74
764.93,-1876.31,22.56,17.74
432.64,-2916.11,40.86,17.74
94.89,-3657.66,31.3,17.74
2670.22,1667.98,158.61,17.73
-716.03,3682.11,23.62,17.73
-1148.23,-3206.36,24.54,17.73
-2275.3,1175.1,25.9,17.73
383.75,-2029.67,24.14,17.73
-3177.42,-148.92,25.18,17.72
-1542.36,-1890.75,33.48,17.72
-1519.92,-3543.14,26.88,17.72
1920.12,3602.36,41.28,17.72
2117.96,-2226.32,27.58,17.72
2095.74,-2253.39,32.16,17.72
-946.91,2057.64,23.24,17.71
-2136.07,33.34,164.79,17.71
473.54,-2615.95,43.29,17.71
2576.53,3485.65,23.58,17.71
-2115.33,162,22.58,17.71
35.9,-2527.71,29.07,17.7
-3400.1,3481.01,28.32,17.69
464.46,2622.01,27.58,17.69
2951.31,-2475.3,29.64,17.69
-1110.33,3370.14,95.4,17.69
3794.26,-2954.54,23.89,17.68
2187.85,-3324.48,25.63,17.68
-2169.61,-562.19,35.26,17.68
-3148.15,453.27,24.18,17.68
878.43,2701.95,44.88,17.68
2900.31,478.41,43.91,17.68
343.05,-1918.73,28.76,17.68
-1791.26,2308.17,25.51,17.67
-3250.14,107.39,29.39,17.67
-1904.25,3568.41,22.54,17.67
-3176.28,460.45,23.67,17.66
1907.34,1284.31,29.24,17.66
-1976.27,855.91,42.35,17.65
-2621.2,103.96,32.69,17.65
39.58,1950.65,29.49,17.65
-2649.58,1258.09,32.59,17.64
2238.95,1673.22,22.89,17.64
3155.58,-2868.9,22.68,17.64
-3577.43,3052.29,24.22,17.63
2793.19,1235.83,27.13,17.62
3658.73,2326.7,23.25,17.62
1533.56,-2869.68,23.23,17.61
-2422.46,1303.97,44.56,17.61
-2783.49,-189.52,34.17,17.61
2222.34,-517.88,49.65,17.6
1882.82,-3383.15,38.35,17.6
3175.33,-981.68,27.71,17.6
2049.94,-3557.05,27.8,17.6
2808.6,-666.75,26.21,17.6
-3063.45,-842.72,37.11,17.59
-3200.02,-1200.09,24.04,17.59
2749.63,289.42,23.63,17.59
2887.56,3263.06,31.86,17.58
-1809.73,2881.31,23.48,17.58
766.29,3517.42,29.27,17.58
905.3,1898.73,22.89,17.58
114.73,-3324.74,25.72,17.57
3518.17,1911.95,25.95,17.57
2392.89,2013.03,26.71,17.57
3316.51,1140.44,22.92,17.57
-1138.39,-3104.45,28.35,17.57
3305.76,-2186.29,24.97,17.56
2392.9,-2663.72,30.72,17.56
-3147.17,1821.52,28.99,17.56
3344.17,-2962.27,26.58,17.55
-2618.47,2874.5,33.43,17.55
-3331.55,1207.76,32.16,17.55
2608.93,-3335.88,26.35,17.55
-1041.49,3722.95,23.65,17.54
2283.22,3337.27,32.28,17.54
-3314.48,-904.82,34.82,17.53
-2537.61,-3075.49,26.48,17.53
-3173.19,-1460.73,26.97,17.52
3413.92,-213.18,23.14,17.52
-2209.99,-3542.34,62.76,17.51
-2664.7,-1403.26,25.42,17.51
-2749,3342.34,38.23,17.51
-3217.74,2012.19,33.28,17.51
415.17,-2605,28.08,17.51
2464.15,401.69,24.16,17.5
-1751.28,-3279.26,32.12,17.5
661.24,3479.24,24.15,17.49
1701.52,-2637.24,30.25,17.49
3534.48,43.43,24.88,17.47
-539.48,-3281,26.19,17.47
-1121.09,2161.95,54.52,17.46
-3589.53,2200.1,23.86,17.46
-3376.81,1411.79,23.05,17.46
-2893.47,-3221.92,32.71,17.46
1093.71,-3503.78,24.14,17.45
-3427.55,-1522.81,34.86,17.45
-2500.98,-2650.07,34.5,17.45
-2198.59,-3217.02,96.97,17.45
-3413.81,933.8,22.98,17.44
2954.16,777.07,44.14,17.44
3456.69,3397.24,44.84,17.44
-1881.51,464.01,52.87,17.44
-3445.8,762.72,43.92,17.43
2372.6,1185.23,30.93,17.43
-149.81,-2373.26,31.46,17.43
-2017.02,906.12,27.39,17.43
3396.11,-382.36,23.96,17.42
2383.02,3386.56,23.21,17.42
2589.94,2453.84,29.36,17.42
-3707.01,1514.4,27.22,17.42
2271.03,136.84,27.51,17.42
-228.32,2136.7,26.27,17.42
-3754.45,2212.05,31.12,17.42
-3288.12,296.99,30.58,17.41
2034,2987.79,26.55,17.41
-2837.31,-3476.47,26.43,17.41
-1010.91,-2735.59,23.67,17.41
1821.94,-3133.65,27.25,17.41
-2959.52,-1306.6,27.13,17.4
772.82,-3102.63,25.36,17.4
-69.22,-3550.47,45.46,17.4
-3769.03,180.54,54.89,17.4
2306.78,-1477.06,26.51,17.4
2991.8,-147.46,25.28,17.39
1615.92,-3375.7,52.74,17.39
3024.9,-3780.92,31.6,17.39
1234.22,2421.04,32.38,17.39
-1913.43,-3255.38,23.16,17.38
3592.13,-2801.59,22.64,17.38
2696.7,-421.87,25.89,17.37
47.54,-2534.79,28.99,17.37
-83.78,-3165.85,29.44,17.36
-3519.15,1295.96,25.9,17.36
794.88,2730.62,25.69,17.36
1593.77,3470.25,42.87,17.36
269.12,2056.55,38.44,17.35
-673.22,-2963.1,26.67,17.35
-1864.99,-2272.9,23.38,17.35
1308.46,3546.56,25.17,17.35
1962.57,849.97,25.96,17.35
3209.22,1429.34,24.87,17.35
2057.27,2351.32,40.97,17.34
-754.42,-3083.79,23.85,17.34
-728.87,-1794.87,19.28,17.34
-242.26,-2473.69,22.9,17.34
3243.72,382.94,47.19,17.34
1293.65,-3102.08,26.66,17.34
-2564.53,-3648.63,31.53,17.33
-2018.37,-1499.51,31.05,17.33
3201.29,-279.89,26.63,17.32
-2615.65,-3715.42,22.61,17.32
2692.5,-3199.43,23.96,17.32
2179.45,-3483.21,33.77,17.31
1969.64,189.39,55.41,17.31
990.49,3304.12,23.5,17.31
-2611.32,1331.15,26.49,17.3
-2079.33,32.93,28.35,17.3
3729.31,-2695.97,29.85,17.3
-2428.92,318.46,23.21,17.3
332.2,-2362.26,29.34,17.3
-1602.3,-2527.24,26.03,17.3
-2555.89,2207.72,46.69,17.29
1463.75,-2830.97,44.47,17.29
1871.15,67.2,20.43,17.29
2951.12,-3394.38,29.05,17.29
-2458.17,-3457.97,23.14,17.29
-3053.22,334.37,35.62,17.29
2394.87,2326.72,22.92,17.28
665.14,-2263.26,38.86,17.28
-2322.46,-3170.56,24.38,17.28
971.74,3710.79,22.55,17.28
2038.06,550.7,27.23,17.27
152,2034.42,40.69,17.27
-904.27,-2245.89,24.88,17.26
-2337.38,1493.43,36.99,17.26
-2725.32,-2665.92,34.06,17.26
-3157.14,3067.03,27.97,17.26
-3566.34,393.25,22.69,17.26
493.45,-2541.58,27.87,17.26
-2262.3,207.97,23.92,17.25
3259.04,1571.94,36.84,17.25
3377.13,-3093.91,35.57,17.25
1819.84,46.83,28.1,17.25
3237.86,-2586.57,29.95,17.25
-3800.88,971.72,28.08,17.25
-1962.86,3680.79,24.44,17.24
1888.96,3573.85,48.93,17.24
2473.41,-3287.77,30.42,17.24
294.35,-2784.89,22.88,17.24
3556.33,-401.47,23.11,17.23
-2461.88,2091.8,27.63,17.23
-2536.23,-1333.16,22.5,17.23
-2059.23,-3295.2,26.38,17.23
-1137.24,2713.28,29.24,17.23
3206.21,2130.73,26.26,17.23
2857.79,-2431.94,24.55,17.22
2603.01,-2545.1,28.96,17.22
2782.57,533.05,36.4,17.22
-2844.34,2039.88,31.6,17.22
-2736.83,2378.65,34.38,17.21
-3142.96,-921.91,37.64,17.21
-699.67,-2386.8,34.76,17.2
2958.55,2519.87,116.73,17.2
2452.54,2734.25,26.02,17.2
-634.11,-2451.9,34.04,17.2
3105.64,-462.86,29.63,17.2
-2879.14,3309.07,43.33,17.19
2139.75,-2403.71,40.1,17.19
3497.51,415.73,56.19,17.19
-242.61,-2815.67,22.62,17.19
-1196.97,3792.14,25.93,17.19
-2000.93,-652.8,25.05,17.19
1658.91,3546.93,22.61,17.19
-2193.49,1217.62,24.08,17.19
3397.59,-3603.71,33.16,17.19
3573.76,-3720.53,29.86,17.19
2441.27,2325.59,36.66,17.19
1716.39,2700.82,24.9,17.18
-1455.45,-2467.88,46.09,17.18
-2563.45,-2670.14,33.21,17.18
-2805.16,3386.4,31.51,17.18
2558.3,-271.42,29.9,17.18
-2840.73,-3404.32,27.36,17.17
2644.66,3696.35,32.61,17.16
1774.99,-2300.51,22.88,17.16
3600.75,-2017.35,83.71,17.15
-3691.26,-2709.99,22.65,17.15
3232.85,-1805.91,36.48,17.13
3688.65,2299.84,38.05,17.13
-690.89,-3200.37,24.15,17.12
1770.13,3703.16,26.57,17.12
-1367.07,2365.47,26.25,17.12
655.64,2314.63,22.96,17.12
-2709.52,1305.11,62.07,17.11
999.25,-2224.07,25.39,17.11
1258.91,3530.67,29.1,17.11
874.82,2536.41,28.98,17.11
-1329.83,3769.45,33.08,17.11
2832.09,-881.11,25.65,17.1
1633.16,-3683.75,34.15,17.1
-2238.34,3779.75,22.75,17.1
-328.05,-3465.78,36.99,17.1
-3572.59,2626.54,28.11,17.1
-2710.26,-3515.53,23.46,17.09
-3046.53,1865.62,35.6,17.08
2139.87,3562.54,25.06,17.08
3628.63,-268.73,31.13,17.08
-2053.81,-3032.15,23.05,17.08
2474.84,2466.19,27.38,17.07
-2063.27,-645.61,32.71,17.07
458.43,-3537.88,30.75,17.07
3397.99,74.56,24.95,17.06
3408.97,648.61,22.95,17.06
-2295.15,3463.22,23.21,17.06
397.43,2404.1,44.69,17.06
-2579.48,-667.03,27.02,17.06
3500.81,219.21,58.86,17.06
-732.53,-3535.73,36.7,17.05
2898.7,-2889.02,28.52,17.05
-3386.07,-650.54,28.41,17.04
3098.71,3632.06,23.28,17.04
-3743.6,904.31,28.66,17.04
-3253.36,-657.13,23.7,17.03
-1428.17,3590.67,26.85,17.03
-1579.77,2003.44,28.96,17.03
369.36,2795.14,33.87,17.03
-3171.76,-630.34,23.42,17.02
-1342.43,-2739.57,25.92,17.02
1129.52,-2721.91,29.99,17.02
-3396.38,-2937.83,43,17.02
1327.62,2699.16,26.04,17.01
2593.77,2865.03,28.44,17.01
-104.32,-2620.36,31.05,17.01
2298.13,2320.89,40.68,17.01
2479.85,1970.48,22.64,17
-3225.45,72.79,27.32,17
3211.57,-78.88,23.58,17
-3118.6,466.99,28.26,17
3452.31,-2587.3,23.81,16.99
-1081.64,1885.17,33.39,16.98
-3303.99,509.54,24.86,16.98
-1829.42,3015.03,23.83,16.98
-735.1,2499.78,34.57,16.98
-2453.49,-2508.68,37,16.97
3127.93,1821.66,23.89,16.97
-3014.91,2271.38,23.22,16.97
-232.29,1981.32,26.98,16.96
-598.23,-3329.42,47.48,16.96
-3734.65,3478.69,26.41,16.96
-2321.98,-930.58,22.52,16.96
-2695.66,1007.17,37.12,16.95
-1215.3,2856.48,42.87,16.95
3382.38,3279.76,33.67,16.95
3169.34,-1550.03,27.83,16.94
-1763.02,3528.73,35.51,16.94
302.23,-2311.39,23.01,16.94
-348.63,-2129.12,34.04,16.94
1133.89,2357.27,27.05,16.93
807.25,-1884.08,46.93,16.93
1888.36,309.31,28.29,16.93
-2779.54,-3681.28,25.41,16.93
-3652.61,-2134.94,31.26,16.92
901.02,-3290.49,38.94,16.92
-242.47,-3663.26,132.27,16.92
-14.74,3171.77,23.12,16.91
3522.71,-2546.1,39.91,16.91
3555.18,3489.28,23.08,16.91
-1972.8,-1858.06,172.73,16.9
-611.28,1928.4,44.13,16.9
-3476.67,-407.37,49.68,16.9
533.02,-2245.59,79.62,16.9
3499.73,3591.16,39.96,16.89
-3669.3,-2286.83,31.73,16.89
3010.25,2786.38,59.68,16.88
2084.1,-1199.08,47.87,16.88
2810.35,-651.85,25.81,16.88
-1435.54,2500.86,24.61,16.88
-360.72,-2414.96,42.54,16.88
-2583.96,3718.64,24.92,16.87
-3450.75,-1308.93,28.77,16.86
1254.22,-2401.47,35.52,16.86
3124.44,2713.76,23.81,16.85
-357.1,-3095.52,25.7,16.85
3719.39,-2378.7,43.91,16.84
-2132.32,-2615.24,34.52,16.84
-2027.67,3060.81,33.11,16.84
-1920.09,3211.66,40.28,16.84
2960.51,-3549.45,28.08,16.84
-3391.26,2081.18,38.69,16.84
-2286.3,1325.55,51.53,16.84
242.53,-3666.22,24.21,16.82
2198.34,-2179.47,29.59,16.82
2393.68,456.62,41.06,16.82
3636.96,440.68,24.25,16.82
3508.75,-1615.17,27.64,16.82
3719.36,-3640.59,25.73,16.82
442.92,3786.36,23.53,16.81
-2505.54,412.1,35.56,16.81
-3435.3,1505.52,49.1,16.8
1941.9,202.36,25.23,16.8
414.65,-3760.01,33.21,16.8
743.25,-2466.09,75.19,16.79
-816.06,3707.47,27.1,16.79
2700.11,-3491.68,24.45,16.79
-1915.96,-914.36,144.58,16.79
2235.85,-957.98,38.54,16.79
-2674.76,-220.59,74.09,16.78
1224.73,-1950.25,28.1,16.78
-1887.7,182.32,83.41,16.78
-2657.81,3171.05,44.77,16.77
3301.81,-3149.2,24.33,16.77
-3068.58,-1047.61,33.18,16.77
-968.83,-2497.74,42.96,16.76
-989.06,-3337.5,22.51,16.76
829.89,-3203.64,22.86,16.76
2619.81,2274.57,31.91,16.75
-2148.42,-2228.17,32.37,16.75
461.94,-2449.18,35.31,16.75
3172.33,-3728.18,28.83,16.75
-2682.93,-2099.53,25.99,16.75
3178.6,418.66,25.68,16.75
3499.97,1951.73,24.86,16.75
-3226.8,-3016.22,23.73,16.74
2148.43,-1680.44,101.09,16.74
-2520.47,494.6,32.66,16.74
1754.59,-3733.99,40.95,16.74
-423.91,2500.04,26.74,16.74
398.87,2976.37,23.5,16.74
3384.71,-1430.29,33.3,16.73
1463.05,2321,31.12,16.73
-3327.5,-2948.3,44.85,16.72
2844.42,2936.54,24.35,16.72
-1985.27,1717.82,44.5,16.71
-2005.29,-362.75,24.85,16.71
-2625.97,700.04,27.26,16.71
-1745.95,2719.46,42.22,16.71
-2213.46,1382.67,22.59,16.71
-2321.2,2079.25,27.88,16.7
-833.62,2495.26,41.02,16.7
806.49,-2088.69,29.39,16.7
-3093.16,2186.21,41.34,16.7
494.46,-2718.87,26.17,16.7
-1270.98,2596.32,28.85,16.7
2573.91,147.81,23.6,16.69
-3242.85,3288.76,48.2,16.69
2602.25,-1604.59,23.65,16.69
148.5,3594.52,28.77,16.68
-2368.4,3701.34,50.47,16.68
-2685.82,1991.22,35.41,16.67
-2125.27,1028.21,36.15,16.67
-3573.3,1659.86,27.16,16.67
-1907.39,2737.85,25.7,16.67
3423.13,-1312.22,24.13,16.67
-3148.95,-1546.97,23.84,16.67
-1948.95,949.87,33.01,16.67
2975.43,-2201.08,25.06,16.66
-1385.34,3465.35,25.07,16.65
3056.83,2317.6,28.81,16.65
-929.35,2578.96,37.63,16.65
3200.46,-766.65,37.17,16.65
-1264.92,3582.19,24.8,16.64
879.65,3301.73,27.23,16.63
-3623.81,-616.79,32.97,16.63
461.73,2147.26,22.95,16.63
-2025.18,3348.05,33.2,16.62
139.2,-2761.36,24.33,16.62
2355.12,2513.39,23.67,16.62
2409.2,-2508.77,29.88,16.62
-708.42,-3138.61,25.23,16.62
2153.14,-566.46,31.75,16.62
886.04,-3134.31,24.09,16.61
-3727.23,-2479.9,39.22,16.61
-2751.85,-22.7,23.31,16.61
-712.05,-3170.44,36.66,16.61
2305.03,-559.5,23.24,16.6
3488.71,-239.82,24.55,16.6
1634.95,3447.63,28.14,16.59
-3806.53,-824.58,27.36,16.59
-3466.13,726.13,38.89,16.59
1598.13,2396.43,33.14,16.59
-3393.61,2303.55,36.48,16.58
-3253.16,1774.08,23.16,16.58
-1751.2,-3258.72,23.98,16.58
1890.98,1667.09,18.13,16.58
1761.6,-2201.93,29.07,16.57
-1543.54,-3323.96,24,16.57
-2872.99,2651.76,22.69,16.57
962.14,-3289.15,25.76,16.57
3588.53,-957.2,25.08,16.57
2359.1,527.13,35.23,16.57
1999.39,3381.59,78.37,16.56
2743.49,-1031.03,26.92,16.56
-71.63,1952.55,44.05,16.56
2157.83,776.38,26.78,16.55
3244.21,627.87,30.55,16.55
3556.86,-1301.62,24.5,16.54
-1538.19,-1892.91,24.53,16.54
-1014.54,-3607.95,22.83,16.54
3396.15,-926.64,26.26,16.54
-3362.38,1426.86,32.45,16.53
-2277.14,-458.11,31.99,16.53
-611.46,2093.32,25.81,16.53
1919.68,-1615.71,33.84,16.53
-3025.48,799.52,25.02,16.52
-3115.26,-940.32,25.47,16.52
-1130.79,-2289.61,50.75,16.52
-973.5,1957.93,24.45,16.52
541.91,3329.37,42.89,16.52
1633.71,2965.03,28.48,16.52
-2855.98,3698.6,22.94,16.51
2956.29,-1786.79,27.01,16.51
679.06,-2358.06,26.06,16.51
426.73,2779.26,25.09,16.51
-2932.23,-2053.96,23.15,16.51
-2578.64,-3228.24,22.8,16.5
3707.87,-3645.61,36.04,16.5
2338.05,-296.63,30.89,16.5
-2254.9,-897.32,26.17,16.5
-1363.22,2350.02,43.22,16.5
-2955.62,-2666.12,25.91,16.5
1299.46,-2985.24,44.2,16.5
2714.02,-5.69,55.13,16.48
1210.62,-2255.15,29.06,16.48
-2570.98,1531.99,24.64,16.48
-437.91,-2132.71,32.25,16.47
-3403.37,3756.53,42.18,16.47
-2020.59,-2506.14,44.75,16.47
3304.17,-1367.74,28.29,16.47
2647.06,-1937.03,42.33,16.47
-2408.99,-3363.22,25.75,16.46
-1500.18,3371.03,22.96,16.46
2306.23,-1363.23,31.13,16.45
340.24,2050.03,22.79,16.45
-3683.39,2985.82,32.85,16.45
2872.44,-456.21,25.96,16.45
-2801,1547.02,27.75,16.44
1525.6,-3425.35,27.29,16.44
-3438.18,-2123.71,35.49,16.44
2542.92,91.03,25.42,16.44
3357.57,905.99,35.21,16.44
-3593.43,-2344.55,28.05,16.44
-1093.45,-2293.27,51.79,16.43
-2527.65,-1657.61,23.96,16.43
-2303.23,-2219.63,35.79,16.43
-2612.55,132,33.76,16.43
1880.59,2948.66,40.88,16.43
-1845.65,3474.73,27.87,16.43
-2936.63,-1505.55,27.81,16.42
3720.17,1668.95,25.61,16.42
-303.61,-2428.25,36.95,16.42
-3201.8,1578.39,24.92,16.42
-2031.49,-3625.81,23.29,16.41
1778.13,-2060.81,32.72,16.4
-2903.92,1456.81,49.13,16.4
456.82,-3652.73,27.64,16.4
3167.44,-3723.89,40.65,16.4
-2893.65,1380.5,34.41,16.4
-478.51,-3317.05,23.58,16.4
-3302.19,-2204.51,29.86,16.39
813.77,3250.22,25.71,16.39
-3165.13,2057.56,26.13,16.39
-3575.05,2782.04,23.1,16.38
-2132.06,-2926.16,24.04,16.38
3136.12,1363.67,23.82,16.37
2595.37,1754.38,88.55,16.37
-2107.3,-1004.35,22.69,16.36
-2557.4,-3072.89,27.04,16.36
2564.14,-3149.71,31.06,16.36
302.4,-3332.46,25.53,16.36
3299.18,1700.62,67.31,16.36
706.49,-2024.01,34.3,16.36
2195.18,2721.66,27.85,16.36
3707.34,-3021.75,44.22,16.35
-3194.81,2455.92,35.35,16.35
-2592.21,-1185.55,44.4,16.35
2264.62,-3188.52,27.49,16.35
2598.31,1815.39,38.54,16.35
128.97,3123.69,37.78,16.34
2290.6,3344.32,25.17,16.34
-3032.6,-3237.87,27.9,16.34
-3329.57,1636.11,26.72,16.34
629.79,3275.99,23.81,16.34
-2977.42,2137.06,27.75,16.34
2233.39,2330.83,28.56,16.34
-3460.43,-2046.65,30.92,16.34
2383.67,2.63,32.42,16.33
2943.62,1778.06,26.05,16.33
3352.61,-931.88,34.13,16.33
-3073.69,3477.33,23.16,16.33
3610.98,619.13,29.95,16.33
-3160.68,2209.17,32.72,16.33
-3593.28,2150.87,41.87,16.32
2784.93,-443.7,29.18,16.32
-3163.41,-932.27,24.35,16.31
-1413.34,-3197.57,27.88,16.31
132.69,2540.05,30.35,16.3
-2182.3,-2525.27,22.6,16.3
882.14,-3082.01,25.09,16.3
784.44,2759.19,38.12,16.3
1261.31,2737.93,24.21,16.3
2951.72,-2861.73,22.82,16.29
1267.91,-2047.88,34.78,16.29
-307.59,-2293.47,23,16.29
-130.45,-2364.67,28.31,16.29
2938.37,3105.75,25.26,16.29
18.58,3199.53,42.79,16.29
-1618.79,2416.53,38.37,16.29
-2685.59,-1988.71,28.44,16.28
-1854.76,-3306.12,42.2,16.28
2306.25,-1573.8,23.37,16.28
-87.47,-3138.37,25.45,16.28
-178.33,3727.83,23.16,16.27
-2033.21,-1514.71,29.32,16.27
950.13,-3371.77,27.1,16.27
2278.67,1640.92,32.61,16.27
-1602.47,3288.66,28.11,16.26
-2778.7,3112.96,449.42,16.26
2601.65,-2368.25,35.85,16.26
-1757.3,-3190.66,26.15,16.26
-1609.03,2655.52,27.81,16.26
2626.62,328.05,54.09,16.26
1666.67,-3340.82,27.15,16.25
3298.04,2383.28,38.85,16.24
-2282.27,-3388.94,25.62,16.24
-3365.5,2264.95,43.3,16.24
-3508.31,2751.58,27.14,16.24
2189.16,-548.86,35.39,16.23
-373.19,1986.45,40.43,16.23
1915.74,-3724.14,31.24,16.22
3563.26,3239.72,25.47,16.22
94.88,-2334.24,23.46,16.22
2281.2,2309.29,24.12,16.22
-2184.11,-132.94,25.46,16.22
1416.35,-2433.43,22.86,16.22
3371.17,-3494.77,38.98,16.21
-3175.5,3345.21,55.32,16.21
-3361.92,-3161.73,35.75,16.21
3249.09,-578.5,44.99,16.21
1389.06,2987.67,133.88,16.2
306.67,3360.41,23.65,16.2
2701.97,2636.45,67,16.2
-3307.76,2249.65,22.65,16.2
-698.46,-1855.66,16.46,16.19
-83.37,-3097.48,47.25,16.19
-2012.15,-296.52,48.37,16.19
-3021.07,41.11,29.42,16.18
304.68,3397.06,23.76,16.18
2604.8,2926.14,30.32,16.17
3434.18,-955.07,39.65,16.17
-1655.72,2124.3,25.36,16.17
-2143.4,-2342.78,24.17,16.16
-878.53,-3424.78,24.32,16.16
-359.42,2460.15,22.57,16.16
-1565.35,-2231.68,36.12,16.15
-3674.63,-2863.74,31.68,16.15
1913.33,2276.7,63.33,16.15
-503.67,-3677.26,23.06,16.14
867.24,3493.4,22.56,16.14
-2305.37,-36.69,26.58,16.13
3170.17,-419.11,23.68,16.13
43.57,2977.22,22.98,16.13
1820.43,-405.3,22.86,16.13
2839.02,-1359.55,37.78,16.13
2966.93,-3497.5,27.69,16.13
2050.84,-2356.39,31.66,16.12
3310.34,-1022.24,38.46,16.12
2980.33,-1155.1,27.5,16.12
2972.96,-2427.68,33.34,16.11
-3684.78,-3359.81,28.45,16.11
-1089.81,-3428.87,26.4,16.11
2134.3,-3598.06,35.9,16.11
-3321.86,2724.18,30.58,16.09
1895.22,649.23,25.33,16.08
-3410.66,1949.22,39.9,16.08
3667.28,-928,31.41,16.08
-3365.65,-2593.29,23.67,16.07
2556.82,-2464.9,25.21,16.07
1984.94,2902.93,27.5,16.06
-2698.78,-3136.52,31.86,16.05
863.04,-3359.63,25.14,16.05
-1032.31,-1988.59,25.03,16.05
3063.16,1867.72,30.68,16.05
-2495.12,-1207.55,38.27,16.05
3080.79,-2544.38,33.1,16.05
2715.6,-489.9,27.45,16.04
2641.31,3675.91,61.55,16.04
3608,1260.73,27.05,16.04
-2814.4,200.76,26.2,16.03
175.91,-1889.77,33.71,16.02
-906.33,-2687.53,32.27,16.02
2741.79,2389.5,38.07,16.02
-2028.85,3169.45,27.7,16.01
2965.94,1627.55,23.14,16.01
-3422.68,2361.8,25.01,16.01
-273.21,-2898.06,23.88,16.01
3787,783.9,24.15,16.01
-985.81,-1966.35,23.63,16.01
-3032.63,3382.21,28.53,16
-2960.11,-2103.09,22.94,16
1024.54,2348.85,25.19,16
1823.83,-409.49,20.21,15.99
2686.2,2507.95,28.36,15.99
3186.93,763.45,23.71,15.99
2892.67,-976.54,27.08,15.98
-2096.24,-2910.59,22.51,15.98
-3220,-3413.8,23.63,15.98
765.62,3071.49,35.66,15.98
-1398.18,3080.94,23.28,15.97
445.98,-2222.25,40.97,15.97
-3197.48,-579.51,22.78,15.97
2015.08,116.52,24.01,15.97
-1165.9,-2230.82,24.6,15.97
-431.11,2696.83,40.67,15.96
3296.55,2146.24,117.3,15.96
518.61,1983.31,23.83,15.95
3285.91,1901.07,23.01,15.95
-3003.46,3457.06,28.72,15.95
2075.48,-760.39,60.67,15.94
-2841.3,1106.64,24.33,15.94
-1574.94,-2736.49,31.63,15.94
3159.87,1789.96,40.8,15.93
-2549.14,-1552.93,39.92,15.93
3118.5,-3383.03,24.39,15.93
-1357.8,2150.91,52.3,15.93
1915.04,-1449.73,22.91,15.92
2156.75,2019.67,26.65,15.92
674.45,-3503.42,46.88,15.92
3684.68,-3038.47,25.46,15.92
-3193.53,-239.59,43.73,15.92
2486.4,-3219.55,26.24,15.92
-2269.64,3431.73,32.24,15.92
-1531.53,-1957.76,44.04,15.91
168.39,3104.93,43.54,15.91
-2417.83,-1561.02,23.11,15.91
189.02,1926.86,25.48,15.91
-2554.64,-1959.52,35.49,15.91
22.22,2863.66,29.46,15.91
2161.28,1100.15,25.65,15.89
-1943.13,-3014.43,25.23,15.89
-2950.81,-519.37,22.75,15.89
2922.39,1641,31.87,15.89
-2406.52,-55.01,24.67,15.89
2003.04,2950.27,23.06,15.88
-2405.75,3629.46,30.26,15.88
3534.27,-1159.81,59.52,15.88
-2555.4,-371.1,35.11,15.88
3615.41,-2575.77,30.08,15.88
-2588.77,1467.19,22.52,15.87
-3167.03,380.59,26.94,15.86
-1924.79,-959.83,25.85,15.86
1635.66,-2756.39,44.42,15.86
856.28,3420.01,30.01,15.85
297.87,3346.21,32.62,15.84
2643.55,-651.22,25.65,15.84
1916.65,-997.6,31.35,15.84
-3585.71,-2914.5,24.34,15.84
3034.1,-1204.62,24.55,15.84
-1622.59,-2173.57,26.88,15.84
3638.11,-1593.26,22.99,15.83
2064.53,3439.45,22.88,15.83
-232.67,-2499.6,42.71,15.83
-2200.64,2082.37,27.86,15.83
857.17,-3128.15,34.92,15.83
3381.98,999.62,41.62,15.83
-2207.22,2525.52,40.44,15.82
-2411.31,-1231.53,26.52,15.82
2073.46,2224.01,32.44,15.82
2407.91,2866.36,43.9,15.81
-2098.98,-548.31,23.02,15.81
-1833.68,2176.14,23.24,15.81
334.55,-2485.59,32.68,15.81
1322.01,3510.74,28.25,15.8
-3517.31,978.58,30.09,15.8
841.44,-2570.31,25.96,15.8
-3207.57,-1954.68,23,15.8
755.97,-2971.28,39.51,15.8
-1857.46,2454.4,24.57,15.8
-1068.64,-2810.88,23.72,15.8
-375.61,2091.41,26.78,15.8
-3728.91,2088.21,23.39,15.8
2776.06,-904.61,47.28,15.79
-2185.31,1480.96,24.91,15.79
-27.79,2983.63,26.04,15.79
-3548.75,-1433.19,23.17,15.79
-2141.12,71.04,27.59,15.78
3096.41,-2275.78,25.79,15.78
3647.87,-2573.1,23.59,15.78
-1771.25,-1121.03,15.82,15.78
-2028.67,2333.17,25.04,15.77
-655.5,2208.74,32.28,15.76
-1662.42,-2596.74,22.87,15.76
-2052.18,-765.02,29.53,15.76
-2930.36,-23.41,28.38,15.76
3075.88,-907.85,25.65,15.76
-940.12,2196.98,63.62,15.76
2271.28,3308.6,24.37,15.75
-1073.12,-2646.77,22.59,15.75
1536.59,1996.02,24.3,15.75
-1642.33,3655.35,49.97,15.75
-3628.5,2841.76,35.15,15.75
-3048.8,3436.5,32.1,15.75
1784.13,3189,31.69,15.74
218.44,3189.04,25.53,15.73
2605.81,1976.03,23.24,15.73
-3657.05,-2178.47,36.88,15.73
-3707.78,3039.05,24.07,15.72
-2227.56,-3755.02,32.22,15.71
3331.65,2802.64,42.86,15.7
3247.73,-990.24,32.32,15.7
-591.72,1899.29,36.3,15.69
-2456.09,461.91,22.81,15.69
2948.6,1469.86,39.97,15.69
265.41,2230.57,37.47,15.69
2802.95,-3009.7,25.73,15.69
1727.27,1968.62,24.65,15.68
-1150.33,-3017.7,24.5,15.68
-2804.37,255.44,29.9,15.68
-2818.14,2968.25,22.68,15.67
1709.18,2036.41,32.32,15.67
1643.8,3496.96,23.11,15.67
-1841.23,2613.18,33.7,15.67
3053.67,2034.93,27.99,15.67
2297.71,3660.93,26.38,15.67
2596.59,2176.03,26.02,15.67
1918.79,-3326.51,23.98,15.66
2364.33,-2271.13,25.68,15.66
940.84,2882,32.29,15.66
-2300.16,1175.63,35.09,15.66
-2089.91,-1475.84,34.78,15.66
-1486.74,3037.33,28.39,15.66
-2146.68,-1001.09,28.92,15.65
3476.2,524.44,31.8,15.65
2916.06,-186.05,37.6,15.64
-3111.53,-1490.59,24.71,15.64
3668.77,2597.19,22.65,15.64
-1714.75,-3510.71,85.77,15.63
-3719.02,-443.56,33.8,15.63
-257.15,2198.87,25.5,15.63
2189.14,539.29,34.86,15.62
2795.75,2115.46,24.75,15.62
-2645.27,622.67,32.36,15.62
1920.48,481.03,28.21,15.62
-2289.26,598.89,23.55,15.62
-3434.6,-2275.59,40.02,15.62
-1888.28,-1895.52,34.03,15.61
-3275.4,-834.51,31.44,15.61
1674.03,3614.09,30.8,15.61
3686.65,530.2,31.08,15.61
-27.99,-3634.91,26.21,15.61
1937.87,-352.83,22.97,15.61
-3607.47,1875.2,24.55,15.6
-2347.99,-3341.43,28.83,15.6
-3450.76,-2801.49,26.36,15.6
-3399.34,-404.74,39.64,15.6
-128.05,3104.49,27.52,15.6
-2477.6,-3399.8,42.19,15.6
2123.31,4.65,22.82,15.6
-1162.72,-2159.77,36.81,15.59
-2487.95,-77.39,24.47,15.59
3069.41,1660.15,27.82,15.59
-2646.91,-984.65,35.04,15.59
2771.39,-2323.03,23.81,15.58
2533.24,-2352.07,38.54,15.58
-690.19,-3735.24,23.37,15.58
2388.6,-560.22,22.72,15.58
717.86,-2047.18,40.66,15.58
-1444.61,3281.1,94.24,15.58
-3261.37,3119.34,97.81,15.57
1948.99,5.09,31.24,15.57
1098.62,2194.86,32.79,15.57
-3674.31,-2621.24,24.54,15.57
2922,-442.67,25.61,15.57
2479.55,2029.64,24.69,15.57
2705.71,-3297.33,23.24,15.57
-3568.4,525.28,30.67,15.57
3511.99,794.28,23.13,15.56
-833.75,-3486.87,22.73,15.56
2650.81,-2329.72,45.85,15.56
2933.99,414.43,36.25,15.56
354.37,1862.85,16.93,15.55
-2631.56,-3390.38,23.06,15.55
-434.27,2096.29,22.85,15.55
393.59,3424.7,29.65,15.54
-2614,-1862.39,24.71,15.54
-2818.45,2958.97,39.21,15.54
601.5,-2326.89,30.08,15.53
855.57,-3030.31,24.63,15.53
2693.8,-750.13,70.66,15.53
2853.73,72.5,48.74,15.53
690.31,-3337.49,25.19,15.53
-3572.6,-1102.62,36.9,15.52
-1772.87,2306.02,24.1,15.52
-2562.42,-467.84,29.86,15.52
3736.17,2506.11,34.81,15.52
-2408.49,-3277.69,24.07,15.5
2970.36,-3579.23,31.42,15.5
-2256.41,-3606.22,41.31,15.5
-119.56,-2226.83,27.91,15.5
3624.68,-1886.75,35.56,15.5
703.8,2068.74,30.05,15.49
726.21,2089.73,28.71,15.49
3654.24,-3493.88,60.06,15.49
3131.57,3501.55,39.64,15.49
-2838.3,2032.73,38.42,15.48
902.53,1886.67,38.38,15.48
-1690.44,-3534.1,28.77,15.48
3064.51,496.66,22.81,15.48
-2901.95,-2734.2,30.88,15.48
2113.39,1597.87,39.87,15.47
-1409.89,-3458.25,31.51,15.47
2722.37,-3802.47,23.1,15.47
-2847.79,437.98,26.25,15.47
2009.67,272.67,34.6,15.47
-3664.71,3119.7,25.58,15.46
2992.11,-161.51,28.27,15.46
-3657.64,-2253.42,31.72,15.46
-2220.67,-842.9,27.34,15.46
-3176.76,1489.59,32.74,15.46
-2091.3,-3187.87,24.83,15.45
993.16,-3532.24,25.72,15.44
572.88,2227.34,24,15.44
3322.07,-3293.5,31.7,15.44
2317.2,-675.39,40.34,15.43
647.59,3617.71,29.81,15.43
1419.49,1972.11,23.78,15.43
-2800.97,907.5,43.72,15.43
-2545.53,313.32,35.78,15.43
-2439.58,2797.06,22.54,15.42
2179.56,-1504.05,24.34,15.42
630.06,2848.06,36.01,15.41
3033.51,940.72,29.64,15.41
2410.59,2819.39,28.06,15.41
1259.24,2764.47,24.76,15.41
628.19,3119.87,22.72,15.4
-1981.07,-333.26,26.86,15.4
1957.08,-52.81,22.52,15.4
2231.17,-1423.6,23.24,15.4
-2406.57,-2584.27,24.2,15.39
-2515.43,-144.48,29.73,15.39
-1316.03,2090.4,44.72,15.39
986.12,3739.64,32.59,15.38
2410.86,-1135.86,27.55,15.38
2578.92,-802.12,33.4,15.38
1126.52,2482.04,30.17,15.38
-3665.42,2696.88,36.41,15.38
-1333.4,-2359.52,87.18,15.37
-1622.24,-3480.29,25.49,15.37
3253.22,2368.23,26.77,15.37
3407.96,-3473.01,29.59,15.36
2087.69,-2106.52,25.82,15.36
2728.19,-3004.63,26.62,15.36
2249.99,1876.33,23.3,15.36
-2454.23,-1041.04,41.83,15.36
-291.69,3327.18,26.36,15.35
2626.13,3375.25,44.2,15.35
-3091.31,-3329.42,30.9,15.35
548.16,-2832.73,30.84,15.34
-178.11,-3507.15,81.58,15.34
2047.57,-2235.81,33.01,15.34
3509.89,-992.57,22.99,15.34
1270.09,3252.78,25.06,15.33
-2383.7,868.07,23.81,15.33
3174.56,-2844,36.98,15.33
1883.98,134.45,32.39,15.33
-2486.67,-288.53,25.18,15.32
-3549.75,-1315.99,27.49,15.32
-211.6,-2276.97,24.25,15.32
424.89,-2491.39,31.11,15.32
-1002.79,3498.87,25.94,15.31
3640.08,-1885.19,47.22,15.31
2926.16,1938.87,36.44,15.31
3282.12,1157.22,43.25,15.3
-2230.8,-1588.88,24.67,15.3
-3343.4,3404.72,25.9,15.29
2193.53,132.77,25.65,15.28
213.26,3596.86,33.73,15.28
1858.08,1997.59,26.68,15.28
-2430.38,-3696.36,30.58,15.28
-777.86,-2838.01,26.02,15.28
1627.77,-3720.25,28.49,15.27
-3012.14,-2546.62,22.57,15.27
-99.58,-2619.49,40.93,15.27
3444.25,-3595.6,23.15,15.26
1465.72,3698.87,35.39,15.26
-957.95,3339.79,60.28,15.26
3309.2,-1788.85,32.91,15.26
3510.14,-3252.4,25.7,15.26
2096.35,3178.34,28.3,15.26
-3714.18,-1464.31,23.24,15.26
2815.48,2183.19,28.06,15.25
1604.47,2520.81,23.26,15.25
-3011.08,-2002.32,65.19,15.25
-1202.29,2754.87,23.47,15.25
2209.31,-1619.33,31.05,15.25
-2635.02,1520.55,32.93,15.25
1795.63,-2359.39,25.46,15.24
3081.36,-3049.27,28.67,15.24
-1275.25,3690.86,24.48,15.24
-3609.02,2037.79,27.11,15.24
2210.41,-2514.39,43.12,15.24
-2720.46,-696.86,25.48,15.24
-377.02,2907.43,30.86,15.24
302.29,2384.74,40.82,15.23
-117.22,3795.33,27.25,15.23
2670.91,3427.57,24.62,15.23
2932.91,-1592.08,37.1,15.23
1479.08,2316.98,29.55,15.22
3209.61,2180.27,25.42,15.22
-2230.33,-1938.95,32.62,15.22
-3587.8,-1319.85,29.94,15.22
1520.89,-2951.05,37.99,15.22
-2292.32,-1816.42,31.35,15.21
2915.16,473.56,27.56,15.21
-65.58,3792.9,30.14,15.21
-3776.53,1687.21,29.93,15.21
2008.1,-2552.12,81.68,15.21
937.93,-2224.2,26.01,15.2
3449.06,3077.02,26.91,15.2
1931.55,1887.3,54.61,15.2
2620.44,3485.37,38.93,15.19
3314.26,2358.47,23.78,15.19
3220.47,-124.2,28.8,15.19
29.83,2380.68,28.17,15.19
2542.66,920.2,22.67,15.19
3736.42,1105.05,31.61,15.18
-2487.96,3194.08,32.02,15.18
2055.61,1015.28,63.37,15.18
-2671.77,-1943.49,43.28,15.17
-3641.69,307.16,24.93,15.17
2557.42,-3234.44,32.09,15.17
-3648.18,-1569.26,50.53,15.17
2511.77,1070.28,25.24,15.17
-2634.2,1071.69,23.8,15.16
2462.7,2964.1,42.67,15.16
-3399.74,1023.9,26.23,15.16
3397.39,-1947.99,26.72,15.16
2982.74,3226.63,27.89,15.15
2959.51,-1888.64,26.16,15.15
-3792.78,295.98,24.06,15.15
-2331.15,2315.52,51.26,15.14
-2261.65,-2731.31,25.19,15.14
646,2591.87,25.07,15.14
1939.9,3550.16,24.32,15.14
617.78,2175.05,28.14,15.13
40.31,-3326.6,27.94,15.13
3404.16,-476.82,48.52,15.13
-2416.8,-2631.59,36.16,15.13
2232.57,-3160.44,25.4,15.13
1769.89,-3172.29,24,15.13
-1604.21,-2434.48,26.06,15.13
-3607.3,-2101.9,31.88,15.13
-3067.82,651.48,35.8,15.12
-1532.3,2244.16,27.08,15.12
2486.1,-1147.48,25.72,15.12
-2751.19,806.58,23.24,15.12
-2910.33,-2120.9,34.71,15.12
3580.31,752.32,22.78,15.11
-563.41,-3431.87,26.1,15.11
-2517.22,-2518.4,23.16,15.11
375.09,2710.71,25.85,15.11
-1877.76,-3105.57,36.97,15.11
2320.91,-1053.28,28.24,15.1
-1362.35,3352.16,39.77,15.1
3515.26,2276.08,30.23,15.1
-1896.99,1212.29,41.02,15.1
100.35,3070.99,115.76,15.1
2564.93,-1749.89,23.96,15.1
-2807.58,3310.48,25.61,15.1
2677.73,-361.81,73.93,15.09
2015.47,-3217.95,25.55,15.09
3590.8,-2449.63,30.49,15.09
1064.11,-3040.65,35.24,15.09
-3593.45,-1701.7,24.55,15.06
-1878.99,-2584.03,55.87,15.06
-92.49,-2935.98,25.18,15.06
-2890.17,-58.85,27.93,15.06
2221.07,-806,23.05,15.05
2537.84,3128.58,24.29,15.05
99.71,-2630.68,32.87,15.04
3382.53,209.3,36.57,15.04
-32.08,-2771.27,23,15.04
-623.59,3762.83,24.98,15.03
3686.64,-1312.54,29.21,15.02
3387.59,3450.21,24.13,15.02
-2254.22,-3510.51,23.43,15.02
3309.11,-2595.76,30.07,15.02
2962.55,2342.17,32.68,15.02
799.66,-3365.96,46.12,15.02
-2589.84,1968.51,22.92,15.02
-2483.07,1036.68,28.89,15.01
826.45,-2593.87,25.12,15.01
-3282.41,-1260.27,26.65,15.01
-3460.98,1521.49,32.75,15.01
3042.55,-617.27,26.2,15.01
1936.85,-2149.01,54.29,15.01
-2307.78,3310.04,24.06,15
-1788.77,-1889.97,16.86,15
3793.99,3321.97,25.06,14.99
594.56,2312.77,25.66,14.99
-929.83,-3245.13,60.61,14.99
3507.41,-912,28.27,14.99
-3356.57,2318.56,41.11,14.99
694.61,2605.48,23.17,14.99
-2924.05,2199.12,24.86,14.98
3593.44,1762.55,26.74,14.98
-3340.91,-2242.19,41.3,14.97
-3449.24,-3484.71,47.45,14.96
874.08,3466.57,28.96,14.96
-279.33,-2115.57,26.42,14.95
3515.01,970.78,46.45,14.95
-2327.53,-1512.14,40.49,14.95
-2797.16,-1932.26,26.13,14.95
-1495.91,3434.06,25.28,14.95
-1580.45,2093.81,22.95,14.95
-1448.27,2035.11,26.01,14.94
2163.84,-3171.74,27.33,14.94
-452.7,2773.35,25.65,14.94
-763.25,-2572.92,29.24,14.93
1945.67,3495.78,28.58,14.93
-1730.37,2253.83,93.85,14.93
3763.52,2940.72,24.41,14.93
-1514.92,-3075.57,30.24,14.93
-3112.23,1954.69,31.56,14.92
-2831.55,-2990.95,37.53,14.92
382.3,-3226.81,85.16,14.92
2599.2,-2219.84,23.54,14.92
-411.49,3593.54,31.58,14.92
1604.71,-3442.91,23.77,14.92
-2347.1,919.79,29.28,14.91
2872.83,2028.57,32.17,14.91
659.55,-3702.79,34.12,14.91
-881.38,3397.26,30.02,14.9
-2409.99,-3116.2,24.68,14.9
2068.76,-1839.95,23.24,14.89
-2036.06,1032.16,32.8,14.89
-1004.88,-3434.86,27.35,14.89
-1678.89,-2199.41,24.19,14.89
-3286.4,1747.15,47.51,14.88
-2762.19,-564.43,73.77,14.88
2623.48,-1485.89,36.72,14.88
2387.17,-1413.4,27.1,14.87
-1913.36,2261.56,29.08,14.87
-1005.11,3326.23,34.28,14.87
-720.3,-1815.92,14.9,14.86
-906.39,-2413.98,25.5,14.86
-1492.5,2527.4,27.76,14.86
2696.37,-1898.01,23.07,14.85
2940.14,-367.33,22.6,14.85
-625.04,-2510.27,30.57,14.85
3115.39,2986.64,28.44,14.85
-831.61,3640.72,48.7,14.85
-3256.57,2231.44,30.45,14.84
155.96,2453.84,22.51,14.84
-1220.91,-2134.64,35.14,14.84
-1925,474.75,38.78,14.84
2780.85,-3657.32,29.2,14.84
-2074.62,350.3,23.65,14.83
-131.77,3337.58,39.55,14.83
3253.9,2788.87,28.79,14.83
-3658.01,1055.86,46.41,14.82
2445.36,-341,25.89,14.82
2556.87,-852.03,26.42,14.82
-3001.92,2648.73,34.01,14.82
-2480.08,-519.6,23.46,14.81
-2671.9,2449.56,31.98,14.8
3025.3,1690.57,22.76,14.8
3216.41,-1062.09,27.11,14.8
1802.93,1903.38,26.08,14.79
2751.71,-2996.3,27.28,14.79
3305.09,3555.8,32.87,14.79
2936.69,587.94,26.92,14.79
3263.22,-3519.71,25.37,14.78
3565.61,2965.93,29.91,14.78
-2388.76,1365.23,42.6,14.78
2692.17,2183.86,32.75,14.78
3255.08,-2329.56,49.49,14.77
3531.44,-1945.01,50.23,14.77
2660.57,3799.46,32.45,14.77
-902.1,-2833.6,26.07,14.77
1061.31,-3290.75,39.66,14.76
1214.42,3458.36,47.26,14.76
-2585.95,-1235.41,29.82,14.76
-1151.1,2034.84,33.79,14.76
-2785.22,-3513.05,25.94,14.76
1819.27,2248.75,28.86,14.76
-2698.25,-1274.52,39.18,14.76
-3781.54,173.88,24.1,14.75
-2054.53,1011.42,27.91,14.75
-3311.71,-3473.94,22.84,14.74
-3255.15,-152.79,23.23,14.74
2853.63,3379.51,26.69,14.73
-2386.13,3127.08,35.21,14.73
-2482.62,-919.24,26.19,14.73
3698.63,-2380.04,93.2,14.73
-1025.61,-2524.6,27.87,14.73
735.04,2613.86,26.76,14.73
2835.01,-1729.89,25,14.72
-2302.6,2664.19,24.07,14.72
411.6,-2402.24,89.99,14.72
-3155.96,1207,22.74,14.72
-781.16,-3175.09,29.04,14.71
3749.79,3414.72,40.97,14.7
-1632.41,2034.11,30.15,14.7
577.25,-3390.12,38.87,14.7
-3021.69,-86.5,38.92,14.69
2060.32,2680.08,27.71,14.69
-2608.91,2819.32,29.63,14.68
3692.85,934.05,33.05,14.68
-2979,2015.27,23.64,14.68
1308.82,2488.92,56.88,14.68
-2410.36,-153.52,37.01,14.68
-1576.44,-2349.56,22.86,14.68
-3411.56,-3456.1,22.77,14.68
3361.98,-185.58,39.42,14.67
-5.19,-2283.99,23.32,14.67
-3401,1988.55,37.84,14.67
-1179.33,3546.55,24.24,14.67
-2886.62,1571.79,25.24,14.66
1207.31,3497.88,91.1,14.66
3615.45,-302.41,28.62,14.65
2608.47,348.44,27.17,14.65
1974.49,-1143.15,26.15,14.65
2369.84,-1597.35,24.08,14.64
300.65,2911.02,28.58,14.64
-2251.62,-3323.68,34.41,14.63
-1752.86,3362.68,34.32,14.63
-2224.97,1083.08,42.89,14.63
-1834.7,2201.53,38.42,14.63
-3011.58,-3434.3,29.42,14.63
-2034.72,-1064.74,23.69,14.62
-1701.42,-2517.86,31.98,14.62
2193.6,-3248.52,44.01,14.62
-1291.06,2123.99,56.65,14.62
2816.71,2912.41,24.06,14.61
2368.32,1340.16,23.32,14.61
2393.75,-2129.95,32.54,14.6
3069.05,1135.38,34.56,14.6
-2419.99,-374.77,24.7,14.6
-3458.35,263.59,34.63,14.6
-1957.11,3709.11,31.63,14.6
1553.07,2410.89,24.52,14.6
2839.92,-737.14,29.12,14.59
-2424.87,-3318.91,45.05,14.59
2346.18,-2077.14,23.94,14.59
-1895.3,-1605.6,23.61,14.59
-2164.13,-3158.1,52.67,14.58
3343.36,-12.87,43.84,14.57
-1497.01,2324.08,26.58,14.57
-2163.58,1459.21,28.22,14.56
-2374.36,-276.49,23.42,14.56
-2154.49,1541.37,25.11,14.56
-3517.93,3277.02,23.25,14.56
598.78,3657.39,60.24,14.56
-1752.54,-3223.06,34.93,14.56
-3568.22,3285.82,23.72,14.56
3771.79,-3068.36,25.01,14.56
-2163.97,2741.62,32.45,14.55
2753.43,2056.72,24.67,14.55
528.25,3788.8,38.61,14.55
-3341.92,3135.98,31.43,14.55
-639.48,-3541.58,41.85,14.55
-2676.5,3543.72,28.76,14.55
-3547.91,-1517.71,42.32,14.54
2221.81,1086.11,43.67,14.54
1721.66,-2639.45,26.03,14.54
543.36,-3007.43,43.37,14.54
2239.94,1866.48,29.23,14.54
-3287.31,2185.54,29.77,14.54
497.4,3492.27,61.29,14.53
-2079.45,-1669.02,26.44,14.53
-171.22,2840.3,48.2,14.52
-1696.11,2342.71,24.83,14.52
2476.02,696.47,23.97,14.52
2064.51,-3506.32,23.47,14.52
-781.02,-3185.48,38.69,14.51
-1515.94,2675.74,24.93,14.51
615.68,-2485.39,24.64,14.51
64.77,2118.31,22.93,14.5
2321.04,-941.65,23.64,14.5
-3612.91,3144.44,23.66,14.5
1528.7,3238.24,27.87,14.5
2330.42,-2479.14,27.54,14.5
-2246.13,1636.08,34.45,14.5
2619.85,2102.18,56.52,14.49
-3205.28,-682.81,38.55,14.49
154.53,-2379.1,22.55,14.47
2211.83,809.47,25.23,14.47
-1230.13,1899.96,89.27,14.47
3729.4,-1075.17,22.85,14.47
-2965.79,1058.75,25.25,14.47
-2699.22,-2042.72,25.25,14.47
331.84,3619,44.18,14.47
197.71,3677.85,69.73,14.47
3665.51,2289.84,44.48,14.47
-2574.67,687.81,23.46,14.46
2419.78,-337.57,32.64,14.46
-3083.01,2042.02,31.29,14.46
2139.36,605.45,32.65,14.45
1678.45,-2338.97,37.63,14.45
833.66,3551.66,24.97,14.45
1237.81,-3154.57,29.33,14.44
3348.81,2331.69,36.67,14.43
2518.88,26.55,31.33,14.43
-1681.62,-2374.55,39.85,14.43
2226.31,-841.83,24.21,14.43
1439.56,-3264.98,22.79,14.43
3338.69,191.72,26.62,14.43
-2597.72,-2369.3,23.14,14.43
155.4,1937.21,22.85,14.42
-1494.57,3698.09,22.67,14.41
3660.74,3185.58,43.98,14.41
3414.2,500.21,39.29,14.41
-1584.9,-2157.74,25.02,14.41
-2955.25,1854.95,34.59,14.41
2043.32,-2225.88,25.87,14.41
-804.46,3257.43,28.45,14.4
2657.03,2085.64,30.27,14.4
-3436.99,1566.31,22.85,14.4
3064.89,2183.39,37.03,14.39
-827.36,2434.34,36.8,14.39
2190.28,-2447.75,52.5,14.38
-2504.55,2257.54,25.61,14.37
1261.96,1940.67,25.66,14.37
-3388.34,-193.02,27.02,14.37
-1868.34,3526.89,23.6,14.37
-743.43,-2140.98,31.02,14.36
-2800.78,3193.71,31.27,14.36
-3261.33,564.35,43.01,14.35
-1476.56,2997.45,26.43,14.35
351.87,-3617.96,76.19,14.35
2476.31,-3235.73,33.85,14.35
2281.02,1788.89,22.83,14.35
2601.48,712.16,22.75,14.34
2771.04,-2544.24,51.37,14.33
-1614.5,3373.73,31.61,14.33
-2082.95,1050.48,23.69,14.33
-2344.27,3314.27,25.73,14.33
-2510.64,-723,34.71,14.32
496.15,2019.95,27.17,14.32
-2077.75,3495.09,23.17,14.32
-1151.13,-2166.17,25.02,14.31
-3139.92,2418.45,25.93,14.31
1585.3,3643.18,27.93,14.31
1303.59,2129.23,23.14,14.31
-1953.99,70.92,26.37,14.31
-1894.76,877.3,28.35,14.31
776.79,-2152.82,35.18,14.3
-1764.98,3774.62,28.1,14.3
-2481,1870.65,22.6,14.29
-990.13,-2355.96,38.56,14.29
731.84,1949.28,33.31,14.29
-1663.9,3283.24,26.7,14.28
-1594.44,-2091.62,58.44,14.28
-707.88,2881.25,25.79,14.28
-162.48,-2734.54,32.76,14.27
-1603.94,-3198.33,87.71,14.27
3759.12,1279.67,23.73,14.26
843.28,-2879.33,29.71,14.26
806.71,3113.84,24.93,14.26
164.51,3771.84,23.01,14.26
2963.3,-57.6,31.56,14.25
-3572.63,-2141.26,44.12,14.25
-1712.19,-2007.72,83.96,14.25
3650.85,-2018.76,25.89,14.25
-2979.92,-235.17,31.27,14.25
-465.66,-2457.18,28.6,14.25
2575.59,2270.63,31.59,14.25
-2161.33,-2065.16,71.37,14.25
-731.54,-1824.76,87.49,14.24
-2983.02,3257.05,33.29,14.24
2347.82,2089.83,26.18,14.24
459.22,-3268.17,26.36,14.24
-2878.91,3514.18,29.24,14.24
-884.87,3600.17,26.75,14.23
2907.92,724.47,25.6,14.23
2407.13,-1415.33,22.5,14.22
-1156.98,3713.18,22.93,14.22
3193.69,-2810.95,29.1,14.21
2357.34,-1080.81,57.71,14.21
2329.89,1675.4,23.29,14.21
-3092.87,-1724.82,27.53,14.21
-1212.76,-3034.37,27.35,14.21
3702.31,-3163.67,34.13,14.21
-2548.06,1664.3,37.53,14.2
2834.48,2117.67,28.75,14.2
-1320.77,3128.91,31.08,14.2
-3634.56,-3253.92,27.87,14.2
2098.75,-3558.75,29.65,14.19
3233.94,627.76,373.01,14.19
1288.39,3490.51,23.26,14.19
2588.4,3003.17,42.19,14.19
-3509.12,-1075.03,29.21,14.19
-2745.44,1818.19,22.96,14.18
-2078.08,-1501.44,26.45,14.18
-1084.9,-1909.86,25.31,14.18
97.24,-1966.2,25.34,14.18
-163.64,2920.57,35.48,14.18
-3324.84,-3690.15,27.89,14.17
2248.34,977.65,24.61,14.17
3694.26,3174.98,30.17,14.17
-1985.4,3498.89,25.21,14.17
3155.32,-1084.18,33.38,14.17
1017.41,3318.09,27.06,14.16
-3791.53,183.26,27.27,14.16
304.14,-3396.41,25.66,14.15
-1733.83,2016.53,29.53,14.14
1914.78,-450.89,23.97,14.14
-3329.29,2035.51,25.5,14.14
-2821.16,-1187.09,44.98,14.14
-2969.12,-3402.16,33.12,14.13
-2512.73,-2302.98,39.05,14.13
3246.01,-1096.57,28.39,14.13
-1462.73,-2538.81,25.31,14.12
-805.1,-2229.88,49.09,14.12
-3401.74,-2489.58,29.08,14.12
-1202.39,2128.03,76.41,14.12
3706.15,-491.28,30.38,14.11
-1857.11,-3485.64,28.03,14.11
3426.7,439.42,52.51,14.11
3383.15,-918.86,56.43,14.1
-584.05,-3469.15,41.42,14.1
-3414.63,1152.87,25.5,14.1
-2198.68,-1376.27,23.72,14.1
-970.89,-3363.74,23.84,14.1
719.35,-2478.93,27.52,14.1
2362.49,2394.47,24.84,14.1
906.2,3079.49,24.68,14.09
1208.66,-3373.34,29.16,14.09
-929.92,2432.87,26.15,14.09
-3116.55,-2013.65,25.4,14.09
-2448.36,81.42,23.67,14.08
2014.29,1269.64,23.79,14.08
-2617.92,1914.73,31.38,14.08
-3615.06,-2378.59,32.67,14.08
375.71,-3722.4,22.68,14.08
3419.33,-2594.1,76.08,14.08
889.85,2427.49,32.61,14.08
-1745.37,-2441.77,23.1,14.08
-2950.68,-3525.41,83.74,14.07
-147.59,-1968.13,26.55,14.07
-3332.81,-2437.84,24.09,14.07
3543.87,3174.95,25.22,14.06
1706.89,3630.33,38.21,14.06
972.53,-3188.24,27.87,14.06
1678.24,3227.49,41.12,14.05
-1616.63,-2320.21,24.76,14.05
2233.99,-1250.1,25.48,14.04
-131.42,3269.61,37.42,14.04
1911.57,684.13,26.93,14.03
2529.06,2909.88,23.61,14.03
-2516.75,3539.39,35.47,14.03
-3615.57,-355.22,38.53,14.03
-581.51,2189.65,28.59,14.02
-2460.93,1076.16,51.83,14.02
-2889.53,-3395.64,23.81,14.02
521.8,3361.62,23.99,14.02
-1325.84,-2445.17,23.23,14.02
-1886.23,-638.79,15.28,14.01
-3586.2,625.42,28.83,14.01
340.55,2687.52,31.55,14.01
1052.38,2248.69,25.24,14
836.37,2836.4,25.44,14
3105.8,2348.18,24.05,14
-2084.59,3425.11,35.69,14
-1397.3,-2246.3,188.83,13.99
3429.15,-1570.16,22.99,13.99
-2617.47,3631.09,23.23,13.99
-2742.86,1445.65,34.75,13.99
2716.01,677.26,29.87,13.99
-929.4,1932.94,23.72,13.98
-3265.97,390.38,25.79,13.98
-2440.03,2043.44,28.55,13.97
1071.94,-3086.28,55.39,13.97
-2263.49,-2527.62,23.95,13.96
-3099.45,1098.17,26.55,13.96
-2312.17,1301.35,24.21,13.96
1705.2,-3023.46,45.1,13.95
-3371.32,1225.33,22.56,13.95
2059.03,1162.15,38.05,13.95
323.88,-3741.83,43.69,13.95
-344.54,2976.49,24.43,13.95
-1945.89,242.52,76.62,13.94
-2614.06,-2329.41,29.94,13.94
2946.48,-3671.47,28,13.94
-3113.65,-1901.34,26.45,13.94
2228.32,-3130.58,84.78,13.93
3372.59,-3775.18,25.68,13.93
-3729.23,-3710.6,24.35,13.93
-2132.04,-842.5,35.5,13.93
551.83,2669.68,36.32,13.93
2905.3,3533.66,25,13.92
2056.05,316.05,69.58,13.92
3175.23,-1342.71,25.69,13.91
-2053.6,-3416.71,27.77,13.91
-3515.41,1748.66,24.09,13.91
-3575.15,1236.87,26.44,13.9
2910.24,-2760.88,23.35,13.9
-2016.3,1718.82,28.34,13.9
2752.31,-3030.24,27.04,13.89
1542.87,-3358.99,25.06,13.89
3702.55,-2899.65,24.63,13.88
1675.51,-3341.08,22.63,13.88
3229.24,2421.3,52.41,13.87
1834.12,-2546.08,22.85,13.87
-2833.74,2174.25,35.51,13.87
3584.81,-2225.38,23.47,13.87
-3486.4,-2158.04,31,13.86
3732.06,1569.14,25.89,13.86
1437,3295.56,68.12,13.85
-3427.58,-2921.21,32.7,13.85
-2096.5,1454.43,22.97,13.85
-875.72,-2169.58,23.66,13.84
3591.52,2967.98,30.67,13.84
-2232.62,2872.09,40.67,13.84
-2589.6,3624.93,24.13,13.84
3497.3,-853.99,40.7,13.84
3294.62,-2579.02,32.38,13.84
-209.43,-3091.16,34.49,13.83
822.24,2630.01,44.67,13.83
3275.3,270.58,26.86,13.83
-2103.95,2161.71,40.31,13.83
-2465.44,-3455.57,30.28,13.83
-954.56,3077.61,57.07,13.83
1655.25,-2332.54,30.92,13.83
-190.67,3171.75,29.08,13.82
-1716.5,2168.62,42.91,13.82
3384.81,3034.84,41.22,13.81
1894.99,414.49,18.42,13.81
-2718.63,-3079.01,24.2,13.81
1359.84,2603.39,27.87,13.81
-2807.13,-474.2,35.09,13.8
-3229.13,-1665.37,22.83,13.8
2010.84,-2940.24,27.06,13.8
-3747.8,-624.85,22.85,13.8
3118.29,2987.17,31.86,13.79
1366.1,-3417.14,31.17,13.79
-2870.54,3611.61,34.61,13.79
1787.38,3646.03,26.23,13.78
-2373.69,-1962.43,31.28,13.78
-2912.75,2159.96,43.05,13.78
2973,1376.89,38.48,13.78
-3779.19,-1113.67,23.7,13.78
-2778.54,3573.56,32.11,13.78
-3375.04,-1085.56,29.34,13.77
2446.97,1483.79,28.93,13.77
1807.84,97.13,45.24,13.76
-2164.62,415.34,24.21,13.76
1270.86,-3326.52,26.33,13.76
1081.13,2901.01,62.11,13.76
-491.74,-2103.92,26.42,13.76
2779.56,975.51,34.41,13.75
-1028.49,-1936.52,25.23,13.75
-174.07,3035.94,47.4,13.75
-3043.16,-1153.43,28.63,13.75
-1108.01,2859.43,39.77,13.74
3738.49,2224.78,23.08,13.74
-2270.9,-2082.67,42.79,13.74
2249,2066.9,25.67,13.73
-3598.5,-820.51,23.99,13.73
-1267.61,2850.16,46.93,13.72
930.96,2026.28,27.98,13.72
-984.21,3399.54,39.95,13.72
-2374.59,969.49,23.78,13.71
-1870.89,-2752.63,67.46,13.71
3391.26,-3689.29,34.51,13.71
-1888.71,-658.1,31.82,13.71
3472.79,932.62,22.91,13.71
2290.9,-2184.03,23.38,13.71
-3004.18,-3560.69,22.55,13.7
322.67,-2657.29,26.45,13.7
-672.59,2182.32,27.62,13.7
1022.64,2840.17,40.13,13.7
3598.02,-220.93,26.37,13.7
-3169.89,-501.81,26.78,13.69
1032.38,1969.2,47.86,13.69
-2804.91,789.9,25.43,13.69
-3802.78,-2592.31,23.09,13.68
-2485.13,-1816.51,44.97,13.68
-3361.06,802.23,23.77,13.68
3245.5,-3541.31,27.32,13.67
3540.86,-2485.74,25.18,13.67
-363.25,-2568.33,30.87,13.67
3048.38,1501.78,23.17,13.67
3104.57,-1858.34,29.14,13.66
971.64,1931.44,25.72,13.65
2618.27,497.71,44.92,13.65
-1532.75,1999.5,30.79,13.64
1867.64,3059.16,24.37,13.64
693.55,-2167.26,32.27,13.63
-2734.96,-413.85,27.16,13.63
-2261.05,-1607.8,27.57,13.62
1004.67,-3727.1,23.53,13.62
3468.39,-2396.31,23.15,13.62
-1682.78,-2531.93,34.85,13.62
-1383.83,-2546.64,41.89,13.62
-2710.56,-246.53,26.93,13.61
1875.21,-2330.36,36.66,13.61
3004.07,3033.51,23.26,13.6
1424.99,-3055.46,66.19,13.6
-2446.59,2157.53,32.34,13.6
251.7,-2725.36,36.83,13.59
3184.58,1316.99,33.63,13.59
819.69,-1853.19,14.01,13.57
-3679.42,1815.88,33.7,13.57
-1973.28,1622.94,32.72,13.57
-2535.05,3175.07,23.21,13.57
126.54,3390.02,77.2,13.56
-3164.09,-804.13,31.93,13.56
-726.69,2420.71,80.15,13.56
1633.95,2462.88,25.72,13.55
379.96,-3133.8,23.75,13.55
-1901.13,3377.74,46.01,13.54
-1934.24,2851.36,33.43,13.54
7.23,-2165.73,32.46,13.54
2037.17,-3212.72,24.01,13.54
3319.68,2855.8,28.75,13.53
2233.79,-3175.45,26.35,13.53
3192.46,652.74,23.73,13.53
428.05,-2350.55,26.4,13.52
2123.55,2763.4,44.32,13.52
-3157.23,-1442.05,40.61,13.51
290.45,3322.63,33.61,13.51
-439.87,3538.1,28.24,13.51
617.52,-3426.68,22.79,13.5
1578.21,3523.56,26.35,13.5
1263.49,2870.47,29.11,13.5
-2495.49,-3172.47,26.8,13.5
1643.45,2868.41,29.86,13.5
3462.24,3768.3,33.55,13.5
-2305.56,2993.2,22.71,13.49
-1909.97,-3360.7,23.14,13.49
-1487.33,-2181.65,24.37,13.49
-506.18,3235.48,25.9,13.49
2669.43,-1298.95,27.85,13.48
2878.58,-2718.49,36.78,13.47
-657.79,2291.53,28.84,13.47
3482.87,2632.32,30.85,13.47
-3457.35,-1939.93,27.33,13.46
1081.28,-1983.95,28.96,13.46
-3466.73,-221.47,30.81,13.45
3521.1,-3455.97,40.61,13.45
564.7,-2119.81,33.11,13.45
2533.24,375.7,25.43,13.45
126.32,-3557.18,25.51,13.45
-1994.84,-2924.75,24.23,13.45
-928.81,3162.99,31.92,13.44
601.48,2490.67,24.66,13.43
-3471.16,-233.86,57.25,13.43
3278.81,174.75,27.38,13.43
3103.45,349.54,38.19,13.42
841.52,2468.1,79.9,13.42
-1998.6,-1654.39,28.1,13.42
2636.77,-96.8,41.86,13.42
762.06,-3185.48,27.09,13.41
129.2,-3798.87,27.36,13.41
3032.67,242.13,27.31,13.41
-2387,2784.73,27.72,13.41
2912.79,-1544.56,44.64,13.41
1733.6,-3342.97,34.41,13.4
1459.05,-2191.22,25.21,13.4
970.48,2041.97,44.18,13.4
346.88,2122.76,23.06,13.4
1747.25,-1959.54,28.62,13.4
-2823.49,1799.44,30.97,13.39
-2402.75,2794.93,23.48,13.39
2581.01,2502.52,24.89,13.39
2057.19,-3168.79,26.24,13.38
2990.83,-1298.1,43.05,13.38
3302.38,-3247.62,36.2,13.38
330.77,-2172.71,29.14,13.37
1916.48,2920.5,28.58,13.36
-3296.78,2556.93,29.5,13.36
796.06,2724.85,29.28,13.35
2546.92,-1930.6,26.99,13.34
2911.2,-3689.05,34.62,13.34
520.73,-2838.09,32.19,13.33
-238.87,1886.31,17.42,13.33
-3576.05,128.32,33.21,13.33
2651.95,2342.59,51.53,13.33
-3389.28,-2782.32,28.89,13.32
184.94,2516.9,27.72,13.31
2030.33,-2889.42,25.94,13.31
-3228.66,2666.78,31.61,13.31
3527.9,-3026.14,25.46,13.31
-268.22,3257.88,39.26,13.3
-2671.08,-1517.57,26.63,13.3
-2954.19,1971.15,137.26,13.3
2279.84,2320.14,25.29,13.29
-2067.56,-2061.16,24.49,13.29
-2820.57,-3111.75,30.03,13.29
-368.85,-2890.54,22.76,13.28
-2746.06,1124.43,29.01,13.28
-3498.44,2164.8,42.89,13.28
-3660.91,2337.52,46.47,13.28
-3609.94,962.58,33.07,13.27
-1174.43,-2387.8,23.96,13.27
3683.05,2187.15,26.66,13.27
2310.93,-1976.93,31.91,13.27
3651.31,3179.81,25.09,13.27
-2991.62,-3651.47,23.07,13.27
-93.24,3652.02,66.96,13.26
2611.35,1285.26,40.22,13.26
3469.45,-1671.68,43.57,13.26
3706.61,3138.26,55.63,13.26
3106.82,-168.43,32.69,13.26
-1118.94,2413.92,38.35,13.25
-1114.03,3008.47,32.42,13.25
1470.22,3191.54,32.96,13.25
-1275.68,2687.94,36.54,13.25
-1879.48,2974.7,28.2,13.24
2732.3,-3539.58,76.27,13.24
-1355.72,2029.02,26.78,13.23
-1566.31,3229.55,79.15,13.23
-1454.75,-3797.77,24.23,13.22
2623.01,2871.45,30.82,13.22
-2911.97,-696.63,22.51,13.22
-2703.61,-1650.34,33.93,13.21
-393.36,-2531.8,43.44,13.21
-2666.5,-3053.84,24.28,13.21
-792.27,-3362.48,25.13,13.21
-3536.83,-341.63,207.66,13.2
1704.61,-3298.77,32.33,13.19
-2697.04,2248.51,28.81,13.19
2470.54,1158.72,40.27,13.18
-1698.83,3762.47,27.92,13.18
-3111.36,-3365.68,24.23,13.18
1246.58,-3089.6,69.89,13.17
2847.97,1494.92,26.55,13.17
-2258.06,-1666.63,23.76,13.17
-2697.11,-1139.52,31.27,13.16
2941.24,-1684.23,40.99,13.16
-729.77,3076.64,59.04,13.16
2603.19,-2620.9,34.51,13.16
413.29,1885.35,30.4,13.15
3458.77,-1154.36,27,13.15
-3081.81,870.86,42.37,13.14
2007.45,-2727.07,22.68,13.14
-2063.01,-22.58,30.91,13.14
2158.29,646.47,79.24,13.14
-2798.76,3144.39,35.03,13.14
-2433.98,-556.35,33.56,13.14
1954.91,1715.92,27.24,13.14
909.65,-1944.25,27.59,13.14
-2929.46,-1255.09,62.57,13.13
3081.18,-2798.95,29.35,13.12
-597.09,2802,25.32,13.12
2247.75,-2599.41,39.8,13.12
-3467.61,3026.68,36.67,13.12
-1042.39,3330.28,44.67,13.12
-3750.85,-64.66,50.7,13.12
421.87,-2271.03,24.82,13.11
72.05,-2199.6,33.85,13.11
1243.16,-3765.85,28.12,13.11
-68.3,1930.86,23.51,13.11
1850.69,3397.44,24.62,13.1
-222.65,3343.21,31.51,13.1
600.14,3442.94,26.16,13.09
-286.85,-2413.22,54.4,13.09
-0.45,1894.09,47.38,13.09
2719.12,-3414.66,33.64,13.09
-1542.09,2686.51,27.74,13.09
1938.54,744.88,26.29,13.08
2226.42,842.26,24.61,13.08
3259.02,737.36,35.37,13.08
1253.36,3430.45,27.48,13.08
-2320.55,-2229.34,30.16,13.07
-2839.01,3172.48,32.34,13.07
-2180.94,-2279.18,23.93,13.07
2481.51,2732.2,23.72,13.06
1831.66,-2231.49,22.81,13.06
-981.71,1919.43,32.43,13.06
-3032.96,2472.04,45.3,13.05
895,-2225.51,23.09,13.05
-3503.98,-1932.53,25.14,13.04
-4.83,-2729.3,23.55,13.03
735.15,3295.24,24.06,13.03
3404.37,-1178.09,25.23,13.03
2199.34,-1312.18,23.38,13.03
-489.71,1842.53,23.94,13.03
-2478.46,755.18,24.41,13.03
-2407.11,-3572.18,25.7,13.03
-2657.07,1975.54,22.65,13.02
-517.92,-3457.65,24.36,13.02
-498.92,1886.35,15.78,13.02
2840.03,-288.96,23.34,13.02
-1010.32,3127.04,22.67,13.02
1741.5,3565.4,31.53,13.02
5.34,3685.59,27.38,13.02
3143.38,-212.39,42.29,13.02
653.29,-2452.06,39.32,13.01
-168.41,-3101.42,26.44,13.01
3459.94,-344.46,30.58,13.01
1312.64,1965.34,22.98,13.01
2153.45,-3049.52,41.02,13
-990.85,3592.73,25.53,13
-7.81,-2859.58,57.59,13
3039.44,-3427.41,24.19,12.99
-2926.1,2865,33.84,12.99
-0.46,-3338.15,27.3,12.99
-2125.51,98.86,25.06,12.98
-2254.98,-3118.46,28.68,12.98
-2100.97,160.07,23.46,12.97
2948.68,1345.47,38.84,12.97
-1994.25,-2647.34,24.56,12.97
-512.38,3012.15,28.18,12.97
-3414.1,-3133.75,49.64,12.96
-3596.13,-459.12,24.18,12.96
1987.27,-1264.2,28.68,12.96
-118.79,2246.92,24.41,12.96
2351.63,3552.07,28.49,12.96
-2063.53,1808.86,26.27,12.96
-2037.46,-585.61,49.84,12.95
-400.63,2998.12,39.66,12.95
3263.97,708.63,24.62,12.95
3140.74,1489.66,29.22,12.95
250.93,1872.47,13.42,12.95
3009.04,3329.34,28.72,12.95
2411.05,2596.69,31.01,12.95
-2917.1,2605.58,31.48,12.94
-1328.94,2968.17,24.6,12.94
-3392.83,2599.44,29.93,12.94
-1904.01,-603.68,27.26,12.94
3406.06,2562.1,22.86,12.94
3458.07,2035.65,25.43,12.94
-1260.68,-3620.78,23.07,12.94
-98.82,3095.31,25.54,12.93
-1947.26,1215.38,46.76,12.93
-515.35,-2902.84,39.63,12.93
1421.08,2343.34,25.48,12.93
112.77,-2088.24,28.15,12.93
-2927.66,12.42,22.58,12.93
-2628.63,-1102.11,25.34,12.92
-1898.78,1874.08,25.09,12.92
176.8,2477.11,34.07,12.91
1974.79,3562.83,68.28,12.91
-502,-3660.57,25.12,12.91
2537.48,-578.55,27.52,12.91
3078.94,1625.08,23.86,12.9
3466.4,15.47,49.01,12.9
143.87,-1945.53,22.71,12.9
1792.61,-3082.1,29.86,12.9
-2669.8,-3556.86,27.56,12.89
2768.98,-304.92,44.87,12.89
2951.96,930.83,24.41,12.89
2956.69,-1102.08,25.25,12.89
1359.98,3578.47,42.24,12.89
-327.02,3275.36,30.84,12.89
-3641.52,-1876.83,48.19,12.88
-873.17,-3089.11,27.09,12.88
2975.08,-2099.91,28.52,12.88
2222.66,2899.72,27.38,12.87
-3096.44,-3065.8,31.19,12.87
2096.85,-2841.52,34.02,12.87
-353.52,-3275.31,44.06,12.87
-367.06,2452.38,22.91,12.86
2673.48,2535.15,25.28,12.86
895.09,-2427.77,22.81,12.86
24.35,3224.57,46.91,12.86
-3315.13,1018.86,23.03,12.86
-2079.94,3017.13,25.31,12.86
177.43,-3690.63,27.75,12.85
2937.63,-49.16,34.9,12.84
-3003.76,2014.01,24.08,12.83
2573.91,-2212.39,27.13,12.83
-2808.66,1389.98,30.91,12.83
3548.23,2342.28,42.78,12.83
-802.82,2227.14,24.53,12.83
3631.2,1801.93,29.33,12.83
1881.4,-3002.59,40.01,12.82
2633.66,-2950.17,31.35,12.82
1920.68,-148,26.76,12.82
-2299.43,-1129.84,24.25,12.82
2237.14,2118.77,23.46,12.82
-3264.67,-1987.42,41.79,12.82
-1874.74,-477.37,17.85,12.81
3223.09,3726.05,23.26,12.81
2209.23,-1479.92,42.98,12.81
-481.23,-1905.85,25.48,12.8
-2219.91,-2391.77,30.53,12.8
-1975.17,2967.78,25.88,12.79
-3698.69,1646.41,31.72,12.79
-2856.51,2965.19,27.37,12.79
3094.03,-3097.97,23.29,12.79
-3603.48,-467.29,24.67,12.78
1833.3,-366.71,12.94,12.78
-2238.34,1176.39,37.21,12.78
643.99,2513.04,26.46,12.78
-1568.87,3192.01,24.25,12.78
2873.54,850.08,24.5,12.77
-2974.78,2933.93,31,12.77
1776.87,3416.38,28.52,12.77
3112.55,-1099.98,27.5,12.76
-1092.08,2271.58,25.68,12.76
369.46,1900.44,12.86,12.75
1012.7,3235.64,23.31,12.75
2624.82,2602.25,35.29,12.75
3690.66,-1561.92,24.15,12.75
-3241.57,-1589.09,27.49,12.74
3466.85,3411.53,26.17,12.74
2726.49,1063.7,87.57,12.74
-789.34,-3094.43,22.98,12.73
1890.97,3353.97,36.63,12.73
-2703.72,-1233.62,24.77,12.73
-89.24,3410.01,29.88,12.73
-2413.48,3319.55,28.71,12.72
-2026.74,1028.92,49.96,12.72
-1265.52,2853.49,36.19,12.72
560.09,3260.37,26.52,12.71
3658.87,1783.55,42.81,12.71
2163.73,1134.81,74.53,12.71
-3485.02,3301.35,23.58,12.71
-1197.39,-2642.66,24.67,12.71
1818.09,-1926.53,28.42,12.71
-2566.35,-2327.46,47.2,12.71
-116.01,3411.07,39.87,12.7
2611.21,-307.46,56.6,12.7
3741.85,262.91,26.72,12.69
-3000.55,-706.16,28.54,12.69
-222.73,-3345.2,30.83,12.69
-2789.7,2251.58,23.38,12.69
3782.8,3117.74,24.84,12.68
160.21,-1942.16,33.36,12.68
-3664.51,-543.28,24.29,12.68
-3342.6,-3489.78,32.6,12.68
3559.55,3192.15,49.18,12.68
2724.55,3482.84,22.9,12.67
-3441.97,-1164.37,23.55,12.67
2476.13,-229.84,39.88,12.67
-3317.49,-1438.97,26.04,12.66
-3181.63,263.25,23.42,12.65
789.86,-1868.96,16.18,12.65
-3297.38,-1821.86,38.87,12.65
2561.12,2873.03,23.24,12.65
2437.77,-2973.48,23.5,12.65
2507.73,-1325.18,22.58,12.64
1984.82,-2308.17,27.37,12.64
1927.71,-1631.91,27.76,12.63
2030.43,2431.88,64.79,12.63
-2258.49,1710.67,24.15,12.63
-2809.05,-381.69,25.87,12.63
-2887.5,3135.64,58.2,12.62
1179.36,-3117.32,30.18,12.61
2096.97,-2791.88,29.42,12.61
1617.77,2112.06,26.98,12.6
1498.21,-1993.02,49.86,12.6
3471.43,-3414.15,23.37,12.6
-2097.3,-179.89,22.6,12.6
-1990.75,1335.46,35.63,12.59
-1183.95,2766.84,38.07,12.59
-1545.94,2483.11,24.2,12.59
-1766.67,2604.64,33.48,12.59
-3173.83,-1475.46,28.62,12.59
633.97,-3623.2,23.78,12.59
842.22,2961.93,23.97,12.59
-1640.92,2701.1,28.8,12.59
-711.35,-2512.24,22.64,12.58
-840.96,-3308.7,43.47,12.58
-2811.59,-2394.55,30.51,12.58
178.12,3449.09,34.96,12.58
739.56,2570.56,22.87,12.58
-3388.15,-2001.52,23.09,12.58
-2932.77,111.31,24.01,12.57
-1375.58,2020.79,25.22,12.57
-3156.77,-2796.9,24.94,12.57
-2221.95,-2462.64,38.58,12.57
2652.46,511.29,27.45,12.56
-1782.1,2895.42,24.25,12.56
-2362.17,432.53,23.12,12.56
2217.81,40.69,22.77,12.55
-46.83,3097.3,37.18,12.55
2045.11,732.37,24.88,12.55
699.84,2178.17,23.42,12.55
-486.08,2492.11,27.79,12.55
-3720.38,756,23.13,12.55
2352.8,2199.12,26.54,12.55
3217.1,-1393.69,46.19,12.54
-2768.77,2670.08,29.94,12.54
2238.19,-2265.67,25.06,12.53
-101.58,-2300.2,32.35,12.53
2572.83,1119.45,34.51,12.53
-717.81,-2434.36,33.86,12.53
3344.28,1390.47,29.24,12.51
-3362.06,1062.13,49.6,12.5
-1705.94,-1908.44,23.58,12.5
1889.11,377.18,12.62,12.5
2622.99,-642.66,23.18,12.5
1859.25,55.12,18.81,12.49
2114.86,2625.93,28.23,12.49
-686.84,-3130.59,22.96,12.49
-877.76,2371.82,34.57,12.49
3575.39,-79.66,22.86,12.48
3089.94,-2006.06,26.62,12.48
-1994.92,-846.47,56,12.48
-2791.2,3617.93,25.43,12.48
-534.85,2567.94,24.59,12.47
2321.41,3430.84,58.23,12.47
413.28,3791.96,24.87,12.47
983.77,3668.65,23.99,12.47
-3491.27,1196.78,26.27,12.47
-944.98,-2438.11,23.77,12.47
2587.21,3016.93,26.8,12.47
-637.01,-2431.36,23.32,12.46
-3489.29,1956.98,31.76,12.46
3531.29,-2974.64,29.24,12.46
2598.49,1637.05,38.46,12.46
1497.27,2363.05,59.21,12.46
-2958.68,2333.13,32.9,12.46
952.07,2851.91,26.8,12.45
-2163.5,136.16,23.17,12.45
-2403.21,-1386.55,22.93,12.44
-344.54,-2829.63,30.61,12.44
2298.6,296.11,24.23,12.44
-1899.61,-479.28,33.69,12.43
-245.66,1894.73,29.37,12.43
2730.78,1869.61,41.93,12.43
-1093.93,-2695.44,31.05,12.43
3191.91,-1636.91,22.81,12.43
3192.94,-634.47,28.65,12.43
728.36,2220.12,26.35,12.43
542.18,2079.78,33.19,12.43
678.65,3080.73,23.44,12.43
142.96,2160.35,32.59,12.43
-2255.84,2619.97,25.28,12.42
-2759.77,781.68,36.48,12.42
2117.12,-1446.83,54.3,12.42
2552.27,-1175.84,28.57,12.42
-2214.98,572.76,44,12.42
-1665.35,1995.04,54.37,12.42
-1802,-1100.96,13.46,12.41
-3388.68,-2444.36,29.13,12.41
2841.37,301.78,33.5,12.41
-2174.29,-579.77,22.69,12.41
614.85,-2827.6,46.59,12.41
2178.86,-3385.27,26.75,12.41
-2294.64,3540.77,26.96,12.41
-1241.95,-3335.98,30.51,12.41
2383.75,1545.96,23.91,12.4
-2850.66,787.86,31.67,12.4
-2024.8,-215.57,31.29,12.4
1034.09,2020.71,28.05,12.4
2810.44,-3420.21,49.34,12.39
3729.65,-973.02,28.36,12.38
-1774.08,-1103.64,12.7,12.38
3630.34,991.75,22.78,12.38
-2723.45,412.34,33.24,12.38
190.31,-2145.93,24.2,12.37
2589.79,948.1,23.39,12.37
-2366.77,1859.97,30.66,12.37
2298.37,-3277.2,28.96,12.36
3352.07,1300.29,24.31,12.36
-2344.58,1897.78,23.83,12.36
1965.24,1066.04,23.04,12.36
-1817.83,-1177.88,12.37,12.36
2299.61,1826.83,37.98,12.36
2577.23,2029.46,24.73,12.36
3660.92,-1968.1,29.45,12.36
2094.53,-2532.25,23.12,12.35
-3100.35,2858.93,30.7,12.35
-3362.93,1708.21,28,12.34
3735.14,1899.72,26.69,12.34
-3291.78,2057.15,24.15,12.34
-3590.32,-3743.96,30.79,12.34
-3501.13,1695.46,24.29,12.34
1238.73,2807.66,24.75,12.33
-1248.96,2135.47,22.56,12.33
229.16,2565.02,24.28,12.33
-2287.38,-1287.52,30.74,12.33
1893.7,395.72,19.91,12.32
2926.51,-1298.48,61,12.32
1533.49,-2145.05,43.23,12.32
3686.23,-2344.9,27.55,12.31
26.53,-3742.56,27.56,12.31
1630.06,-3420.1,109.52,12.31
2341.35,-2021.15,27.92,12.31
-2717.02,2970.56,44.43,12.31
-1151.33,2437.16,22.56,12.31
1137.42,-2630.51,35.13,12.31
-2866.85,-1211.59,39.22,12.31
-1228.11,-2069.67,22.65,12.3
-2650.09,126.64,24.07,12.3
-2871.24,3364.99,34.92,12.3
-2174.51,-2216.96,24.33,12.3
1488.12,-2037.42,24.23,12.3
-2205.5,1144.86,34.58,12.3
-528.69,-2823.02,22.71,12.3
-3581.51,528.18,30.48,12.29
3605.6,1100.63,28.35,12.28
217.82,3217.73,26.08,12.28
1757.7,-2229.46,26.25,12.28
-2767.11,1944.43,65.66,12.28
3615.44,1230.65,31.61,12.28
-2979.91,116.87,25.92,12.28
1846.99,-390.51,71.33,12.28
2244.99,1154.61,29,12.28
2889.75,-1190.87,23.4,12.28
-779.97,3198,30.61,12.28
-1334.66,2449.92,22.99,12.28
2541.37,-636.55,40.43,12.27
2068.61,1744.01,33.38,12.26
3112.69,-2426.41,26.6,12.26
651.39,-2695.01,43.18,12.26
3228.16,3250.75,39.28,12.26
287.7,3220.04,42.36,12.26
-2245.07,-1529.44,34.4,12.26
3269.37,2138.4,26.92,12.26
-2184.23,-1169.62,24.6,12.26
-3124.31,-3555.68,22.52,12.25
2051.47,-2683.77,23.4,12.25
-802.49,-2496.6,34.14,12.24
-3582.07,1061.16,25.39,12.24
2648.28,-2270.71,24.26,12.24
-1905.16,-1217.87,22.78,12.24
3094.19,-2341.96,39.81,12.24
2339.82,-31.87,34.59,12.24
-2812.28,-3462.74,41.1,12.23
3737.37,-3678.73,25.06,12.23
-3220.92,-1283.79,33.06,12.22
-2366.68,2712.58,22.78,12.22
-3146.88,209.07,36.25,12.22
881.21,2510.59,33.92,12.22
926.17,-2225.41,38.87,12.22
-3700.12,-2812.72,42.42,12.22
233.16,1877.92,41.77,12.22
-3305.59,1950.19,35.37,12.22
-2256.04,-2176.41,37.11,12.22
-3453.39,-530.77,29.86,12.21
1109.47,-3372.93,24.24,12.2
882.27,2179.34,71.82,12.2
1018.32,2426.44,37.2,12.2
-3378.07,-2053.94,33.42,12.18
2680.31,-3297.77,23.18,12.18
-1706.23,3738.52,34.21,12.17
-3373.08,-3400.43,23.68,12.17
-3275.84,3311.66,196.97,12.16
1686.25,1921.61,30.25,12.16
-3398.65,2698.54,50.72,12.16
3382.92,1062.83,29.32,12.16
3404.14,-1932.19,22.5,12.16
2083.14,1565.97,25.79,12.15
-2235.03,2419.96,24.98,12.15
1651.27,2899.24,35.65,12.15
112.79,-2630.98,26.4,12.15
3072.5,-2604.64,36.91,12.14
-579.85,2673.32,24.91,12.14
-2864.92,-760,35.89,12.13
2807.99,-977.4,24.02,12.12
-3769.06,-1920.13,33.4,12.12
-1543.31,3611.94,22.89,12.11
231.71,-3277.17,70.81,12.11
-3172.06,-3427.67,33.26,12.1
3582.11,-1.54,22.77,12.1
-3207.51,-1234.82,37.48,12.1
2163.91,-3333.7,28.31,12.09
3351.94,3473.34,24.05,12.09
2542.61,-3667.1,43.82,12.09
-2570.72,-3060.59,54.26,12.09
3561.05,-1843.02,49.67,12.09
3356.15,-1917.29,44.7,12.08
671.17,-3122.29,24.37,12.08
2768.81,-284.36,32.59,12.08
2578.67,2155.84,23.38,12.07
2630.4,-608.76,78.39,12.07
-2691.09,-417.39,48.9,12.07
-261.32,-2108.35,46.05,12.07
2816.13,3454.79,22.66,12.07
352.99,3183.9,40.14,12.07
3489.74,2675.14,34.83,12.07
-2776.47,2576.92,39.06,12.06
-3264.29,-574.75,28.42,12.06
-267.44,2847.91,24.3,12.05
2381.82,-1122.85,22.93,12.05
3093.6,-3085.39,62.57,12.04
1241.58,2313.85,37.39,12.03
2626.37,-3428.52,42.44,12.03
3362.09,-1127.37,24.98,12.03
-3280.75,-274.37,38.21,12.03
3413.68,-2374.54,30.78,12.03
1843.37,57.89,91.28,12.03
2222.21,1102.69,30.26,12.02
-709.55,3218.97,26.85,12.02
-2267.94,3806.29,24.61,12.02
1102.61,2615.56,23.62,12.02
-488.02,2366.37,27.86,12.02
-3000.81,-1617.65,26.32,12.02
-904.16,3505.48,24.61,12.02
3429.13,1008.77,25.07,12.01
1350.06,-1946.06,25.68,12.01
2760.32,1085.85,24.95,12
3362.35,-190.2,22.67,12
-2324.17,-3702.22,25.68,12
-1072.07,3351.65,59.41,12
-555.58,-3457.1,28.59,11.99
3302.03,-3751.37,40.93,11.99
-1311.73,-2617.44,37.43,11.99
1852.54,3361.31,22.6,11.99
-125.57,2723.66,34.24,11.99
750.13,2261.48,26.86,11.99
-2847.23,312.59,23.77,11.99
2694.79,-1520.22,31.81,11.98
114.49,3414.85,23.9,11.98
-1915.28,-3522.73,31.56,11.98
695.29,2768.64,23.71,11.98
-3156.44,-1885.2,23.73,11.98
2443.29,1793.61,33.94,11.98
1884.99,-2760.23,26.38,11.97
3320.29,1309.2,23.68,11.97
-2153.07,-850.11,29.52,11.96
273.94,-1960.67,36.87,11.96
2841.15,-430.06,24.22,11.96
-532.33,-2639.76,24.14,11.96
3305.85,-3419.9,28.01,11.96
-1060.84,-2516.23,31.2,11.96
1441.63,2338.77,23.07,11.96
2028.11,-3767.18,40.01,11.96
-3316.1,3579.21,175.15,11.96
-3774.59,-438.53,28.27,11.95
3189.86,1815.59,41.94,11.95
-1314.84,-2106.24,31.79,11.95
567.45,1982.81,25.78,11.95
3037.96,3594.76,26.61,11.95
-3522.72,706.58,29.92,11.95
-2928.19,-2780.26,25.11,11.94
2133.19,-2144.27,34.49,11.93
3197.69,-1516.93,40.08,11.93
-455.47,3612.14,23.73,11.93
1262.06,-2286.91,26.35,11.93
-3498.4,-2645.17,47.28,11.93
-583.27,3471.24,33.52,11.92
1594.59,-3700.31,29.85,11.92
2118.36,2805.2,29.3,11.92
3108.95,148.16,25.08,11.92
-2325.67,-199.55,33.22,11.92
-3311.37,3186.99,23.54,11.91
3073.88,575.57,24.86,11.9
-234.27,3387.47,43.18,11.9
2050.43,-577.06,28.16,11.9
3574.92,2165.88,33.86,11.9
-2155.6,-2087.72,28.53,11.9
-2292.1,2714.11,37.66,11.9
-1773.81,-3325.57,44.46,11.89
3424.63,1217.88,36.87,11.89
-2666.08,-729.51,26.09,11.88
694.42,-2128.69,83.55,11.88
2656.08,-94.39,55.1,11.88
2438.13,8.15,27.02,11.87
2165.27,2203.85,27.99,11.87
2961.07,1749.91,23.25,11.87
2477.83,-1119.69,22.79,11.87
2000.93,-3500.31,22.61,11.87
-2173.45,48.38,47.83,11.87
-1573.95,1985.89,99.18,11.87
2531.07,-3186.97,30.22,11.87
-1124.26,3159.12,36.24,11.85
-1143.74,-2781.14,37.06,11.85
-2538.6,-2198.51,34.32,11.85
-3744.77,-3046.1,27.45,11.85
2359.08,2096.14,36.13,11.85
2117.91,2632.07,28.45,11.85
3451.89,2772.16,40.17,11.83
-2147.74,2874.05,100.23,11.83
3346.64,428.61,23.73,11.82
-303.88,-2956.53,28.05,11.82
2371.36,-2759.73,24.06,11.82
2900.68,115.53,22.78,11.81
59.09,-3547.93,37.89,11.8
3097.95,-1771.5,23.81,11.8
-2275.15,2829.5,27.1,11.8
-11.75,2000.67,35.49,11.8
-1598.5,2518.32,22.83,11.79
-2524.12,-288.26,28,11.79
-1387.59,3086.18,23.35,11.79
3208.85,-3781.05,24.29,11.78
2250.81,2711.86,23.74,11.78
87.54,3586.16,35.5,11.78
-2430.48,3380.25,26.79,11.78
-3779,2715.35,26.03,11.78
1313.95,-2022.73,26.36,11.77
325.97,2713.82,22.61,11.77
3794.78,-1505.65,23.03,11.77
634.72,3081.29,37.99,11.76
-2334.89,-188.82,23.5,11.75
-1294.35,2704.84,46.22,11.75
-2140.52,2120.24,27.8,11.75
3085.43,2054.26,27.58,11.75
2300.83,1153.28,24.07,11.75
1773.33,3699.11,23.1,11.74
30.27,-3728.1,50.66,11.74
-3708.79,2814.94,26.1,11.74
-282.88,1894.03,26.62,11.73
2152.94,2876.72,38.01,11.72
1887.38,790.26,52.85,11.72
-2310.53,2801.88,29.43,11.72
626.16,2247.15,30.76,11.71
-1814.19,-1195.1,12.98,11.71
1972.08,2315.9,23.07,11.7
-1383.64,3507.65,23.45,11.7
-2862.04,-404.44,27.53,11.7
3447.01,-3494.12,32.08,11.7
3347.69,-3686.7,29.87,11.7
1115.65,2426.24,25.27,11.7
3686.7,2921.41,25.57,11.69
-1574.81,-2341.68,69.4,11.69
-1336.68,-2376.38,36.9,11.69
-2782.5,-743.98,22.8,11.69
-3361.36,-2060.56,42.98,11.69
-3721.05,2049.78,25.4,11.68
-2835.81,-103.05,22.94,11.68
-2028.55,2376.98,42.9,11.68
436.09,-2579.05,31.26,11.67
-1084.99,-2534.19,41.76,11.67
3182.92,-2518.95,24.3,11.67
2079.91,1611.31,30.13,11.66
456.73,2167.97,36.45,11.66
-720.93,-3304.58,110.48,11.66
-1816.37,-1185.6,16.73,11.66
-98.74,3604,26.81,11.65
-3257.88,1393.76,26.53,11.65
2731.19,-1971.97,23.13,11.64
-2648.07,900.72,26.48,11.64
3510.55,-3392.24,24.74,11.64
2575.33,-785.08,27.38,11.63
-3786,1837.76,26.89,11.63
2016.41,163.39,23.95,11.63
122.31,2194.63,41.8,11.63
358.21,3391.58,31.25,11.63
-2838.16,2393.29,30.01,11.62
3368.2,-1382.19,40.27,11.62
1705.41,2506.56,27.16,11.61
-1185.94,-2352.48,23.27,11.61
2638.65,2884.23,24.43,11.61
-1796.68,-1923.72,62.72,11.6
1238.06,-3150.2,51.62,11.6
743.54,-2722.28,28.7,11.6
-1446.74,2815.71,25.26,11.6
336.58,3463.8,25.62,11.59
1569.5,2863.82,26.16,11.59
1761.83,3246.76,23.91,11.58
2268.54,49.94,26.11,11.58
1469.55,3420.2,37.95,11.58
2776.94,-3502.74,87.18,11.58
2527.19,3395.77,28.01,11.57
-2378.12,1790.82,23.73,11.57
2988.31,-2712.73,23.95,11.56
943.24,1942.19,70.69,11.56
-3230.16,2933.87,38.69,11.56
-3093.37,3021.33,43.49,11.56
2031.08,-1403.41,22.73,11.55
-1190.07,-3732.22,27.51,11.55
-2432.64,-265.66,39.4,11.55
-2469.37,2045.08,41.62,11.55
306.99,-2859.84,24.46,11.55
-3309.08,1126.41,25.39,11.55
-2967.47,768.87,27.43,11.54
3002.18,2867.94,55.18,11.54
-3802.01,1931.27,24.09,11.53
-1944.51,1515.37,31.46,11.53
-2177.41,3621.62,35.05,11.52
3624.41,2940.83,36.04,11.52
-2702.13,140.69,23.54,11.52
2808.22,-3013.94,23.54,11.52
2494.61,2342.66,25.33,11.51
-2199.96,-2160.17,26.07,11.51
-352.59,-3698.43,24.92,11.5
-513.41,1879.9,68.34,11.5
-3127.65,3699.2,22.6,11.49
1514.3,-3140.42,26.66,11.49
-2277.59,-1111.24,32.47,11.49
2438.34,-1125.87,25.34,11.48
-3650.24,-321.87,32.72,11.48
2616.58,-891.29,35.66,11.48
-1811.32,3315.91,22.66,11.47
1879.93,3212.03,31.07,11.47
-3422.18,2177.03,28.75,11.47
-3715.32,3545.29,25.31,11.47
-2868.65,1038.01,23.56,11.47
-174.76,2211.21,22.57,11.46
3331.99,799.87,32.33,11.46
-2208.82,3200.25,43.56,11.46
2422.9,3281.28,30.35,11.45
-1956.09,-514.67,58.6,11.45
2815.88,147.06,34.24,11.45
2855.07,-1595.18,22.78,11.45
-805.81,2011.82,22.99,11.45
1100.39,-2807.44,23.43,11.44
1638.94,1897.32,24.64,11.44
3502.79,-1804.63,27.89,11.44
-1081.75,-3733.4,32.43,11.44
3646.66,1661.89,31.1,11.43
-2814.47,-1952.35,27.2,11.43
-2416.37,-2539.04,32.11,11.43
-3130.22,2768.62,29.16,11.43
802.78,1981.53,27.6,11.43
-1425.35,2337.37,24.5,11.43
-2723.39,981.92,23.25,11.42
2017.5,-731.32,23.33,11.42
-2783.56,3701.6,23.81,11.42
-3258.7,2184.5,22.86,11.42
-20.15,2653.38,25.21,11.42
135.82,-2660.38,32.75,11.41
918.86,-2784.38,25.87,11.41
-3326.48,81.75,23.4,11.41
2786.44,3120.42,33.06,11.41
-975.16,-3194.07,27.79,11.41
2846.89,-3741.23,24.72,11.4
2240.28,1737.94,22.79,11.4
3511.71,2102.16,24.92,11.39
3700.38,3099.37,32.33,11.39
-1916.14,-2974.94,22.9,11.39
-3443.1,-1263.5,65.79,11.39
2809.78,2484.37,24.09,11.39
2814.66,2304.65,86.02,11.38
3291.12,-2486.64,22.96,11.38
3580.59,2719.82,43.17,11.38
923.07,-3660.44,32.92,11.38
-174.19,2162.76,60.15,11.38
2257.28,-955.44,24.47,11.37
2593.58,1231.59,25.14,11.37
-2120.36,94.96,32.44,11.37
-1413.13,-1983.77,24.45,11.35
3505.03,-1464.51,51.45,11.35
2150.34,-1997.54,24.7,11.35
1719,-2719.08,28.78,11.35
3619.06,2165.91,25.79,11.35
-2764.97,3246.16,24.98,11.35
2198.82,-495.19,29.04,11.34
3002.95,-207.06,24.76,11.34
-2636.55,3153.72,29.09,11.34
1429,2954.72,29.11,11.34
-1282.54,-2953.1,149.44,11.34
-3711.46,1420.54,29.25,11.33
-3809.25,1897.95,22.66,11.33
2614.43,754.42,24.19,11.32
-3655.94,-2108.65,24.15,11.32
2695.81,-209.44,22.84,11.31
-1929.77,78.84,30.11,11.31
-3176.94,-1477.05,48.99,11.3
-1179.49,2389.28,23.12,11.3
-2282.21,-3495.04,26.22,11.3
2422.78,-2750.83,29.87,11.3
3377.01,999.63,28.79,11.29
360.7,1878.59,34.75,11.29
739.05,3419.02,38.71,11.29
-152.83,-2251.11,23.42,11.29
1099.53,-3566.23,24.77,11.28
618.6,-3486.37,59.82,11.28
-438.64,1975.74,32.58,11.28
-1245.14,2798.49,22.5,11.27
-3752.52,-1956.82,32.22,11.26
187.08,-2092.25,22.68,11.25
2930.97,1587.41,26.3,11.25
192.75,2979.35,30.8,11.25
2026.69,-952.4,36.4,11.24
-1888.16,318.45,60.43,11.24
1977.4,-1285.76,52.86,11.24
-3499.43,2348.79,61.05,11.24
2798.49,-1722.43,23.52,11.24
-2986.59,2737.56,25.92,11.24
-3331.68,841.42,57.81,11.23
-3254.58,2864.21,27.17,11.23
-608.51,-3262.7,26.58,11.23
24.24,-2249.9,25.28,11.23
3045.09,-1173.64,40.56,11.23
2719.32,-2226.18,23.26,11.23
3631.14,-3102.81,26.59,11.23
1892.3,393.8,23.62,11.22
1846.51,-2971.5,54.66,11.22
-2690.19,3073.47,25.61,11.22
-2660.61,1993.09,41.21,11.22
-285.71,-2089.81,22.78,11.22
1978.71,1673.93,31.52,11.22
-3068.37,114.93,23.12,11.22
-3679.79,-3497.25,62.14,11.21
-1162.05,2732.15,23.41,11.21
-396.34,-3570.19,32.46,11.21
665.97,-2428.18,26.53,11.21
1647.44,2037.79,29.88,11.2
1908.07,1951.59,34.77,11.2
2601.97,-899.52,24.07,11.2
-2980.82,-1307.38,33.47,11.2
-2629.01,-1749.07,46.78,11.19
-378.69,-3335.81,24.19,11.19
310.41,-1913.79,35.22,11.18
-2664.62,-1842.07,30.56,11.18
-2243.72,-1710.19,60.75,11.18
-2206.91,922.42,54.89,11.18
-2373.08,-450.9,23.48,11.17
2564.61,-3571.33,30.9,11.17
-2595.39,-3046.31,24.14,11.17
1726.09,1968.09,28.45,11.17
3046.7,-325.91,23.89,11.17
2507.33,3600.84,41.45,11.16
3086.06,1051.97,26.67,11.16
2336.7,42.02,26.97,11.16
2416.09,2965.98,22.65,11.16
-3095.67,3546.5,32.82,11.16
223.2,2555.39,27.31,11.16
965.19,-2936.29,48.77,11.16
1120.92,3009.7,24.17,11.16
-2993.31,2339.24,26.6,11.16
-25.87,2997.4,41.59,11.15
2054.05,-3398.66,35.6,11.15
-851.55,-2645.26,40.77,11.15
1813.23,-3709.03,22.73,11.14
-795.39,-3451.39,27.79,11.14
3401.27,1669.74,28.26,11.14
-2342.51,2983.61,24.43,11.14
-2910.09,3107.77,35.9,11.14
-1920.47,129.02,23.02,11.14
-3597.34,-3679.91,35.55,11.13
-2932.05,-2945.74,48.14,11.13
47.33,3133.88,26.03,11.13
2819.41,2799.84,40.11,11.13
654.97,-2511.39,26.98,11.12
-899.02,3343.51,25.76,11.12
2783.81,-1922.69,23.26,11.12
-3307.17,-2026.39,26.02,11.12
1723.37,-1928.15,28.8,11.12
-2857.69,112.01,23.74,11.12
-1559.43,2849.01,23.94,11.11
-1589.17,3204.3,40.88,11.11
1226.48,2878.83,23.97,11.11
-2931.01,-1324.11,27.72,11.11
3700.33,3083.18,30.02,11.11
1897.37,1646.61,59.04,11.1
1020.09,3194.71,23.34,11.09
-415.99,-3367.33,31.02,11.08
-2129.08,-824.42,23.52,11.08
-754.41,-2671.86,23.35,11.08
2128.82,-3237.41,84.06,11.08
-3190.82,1885.78,40.51,11.08
-3392.89,-3607.9,27.83,11.08
2607.28,2740.59,30.32,11.07
2400.71,-437.1,28.54,11.07
-2463.63,-430.23,22.82,11.06
-2662.72,517.65,23.1,11.06
-21.57,2797.57,40.65,11.06
3661.31,-2399.22,31.26,11.06
-2415.53,-710.86,44.79,11.06
3500.13,2185.17,33.44,11.05
-1700.76,2933.27,35.26,11.05
3179.42,2769.86,22.97,11.05
-3075.68,2668.33,25.47,11.04
2833.13,3494.23,28.41,11.04
341.93,-3408.16,42.01,11.04
-2839.11,3309.8,27.68,11.04
-179.94,-2204.66,32.12,11.03
-2854.75,1836.79,51.84,11.03
-3206.89,-3512.94,22.69,11.03
2657.6,27.09,34.77,11.03
-2902.22,-2810.24,33.37,11.03
3436.29,-2716.65,34.82,11.03
-2499.06,1930.16,40.91,11.02
982.95,2640.03,35.12,11.02
2850.31,-3183.26,44.39,11.02
2338.37,3239.84,35.6,11.02
1981.22,3176.13,28.43,11.02
3057.78,-612.01,24.3,11.02
-136.42,2245,70.08,11.02
-2270.81,-3231.08,22.5,11.02
2356.72,-541.8,68.29,11.02
-1337.68,-3540.33,27.11,11.01
-1352.24,3756.22,43.01,11.01
2901.79,-1967.16,37.82,11.01
746.59,-3710.18,24.02,11.01
-2971.62,2349.85,52.12,11.01
-3327.89,-485.76,28.91,11
-2733.89,1822.95,28.96,11
3029.76,513.12,41.94,10.99
-1471.94,3638.37,31.78,10.98
-77.94,-3005.44,26.13,10.98
-3125.53,-2416.44,31.06,10.98
2456.94,-287.13,28.76,10.98
-2938.49,1643.09,39.25,10.98
3239.56,-2111.56,28.27,10.97
-1271.8,-2510.83,30.99,10.97
-3737.94,193.47,23.56,10.97
-2972.78,3771.23,25.84,10.96
1969.63,2638.13,35.36,10.96
-3236.06,2083.02,24.77,10.96
2361.76,2326.4,33.08,10.96
-1097.81,2427.39,23.42,10.96
821.18,-3534.38,26.94,10.95
289.65,2650.22,26.73,10.95
-1304.57,2085.74,28.85,10.94
-2853.17,1786.24,39.82,10.94
-1164.96,2620.59,38.28,10.94
-2710.94,-762.31,34.27,10.93
2407.53,3724.7,30.36,10.92
3444.8,2132,29.13,10.91
-128.46,-2263.87,23.62,10.91
2121.09,259.28,23.33,10.91
-3376.17,-1207.4,32.74,10.91
2265.23,-925.15,33.81,10.91
2459.21,2281.87,26.75,10.9
-504.85,3651.66,30.92,10.9
-1537.61,2720.47,24.14,10.9
-2159.04,264.47,40.71,10.89
3414.56,-978.88,26.11,10.89
-2268.78,3496.31,26.35,10.89
-2293.68,-701.27,24.44,10.89
-1625.32,2579.33,22.58,10.89
3257.88,1073.76,23.04,10.89
-1347.84,2818.53,35.98,10.88
-3498.48,109.17,22.57,10.88
-1141.45,3404.35,57.12,10.87
3757.6,-2111.97,24.75,10.87
3197.41,2638.17,30.93,10.86
1545.25,3782.89,43.21,10.86
-3203.99,-1683.7,32.83,10.85
-3119.8,-535.03,25.08,10.85
402.13,-1949.09,54.07,10.85
2280.42,3123.74,33.95,10.85
1636.47,2452.05,22.52,10.84
-2041.44,-2029.21,29.69,10.84
-2269.77,-1870.63,38.97,10.84
1977.2,-1741.7,26.43,10.84
6.67,-3489.92,31.8,10.84
-1917.8,-2256.06,47.71,10.83
127.67,-3231.88,31.43,10.83
1479.06,-3181.46,23.47,10.83
-3160.94,-976.18,32.14,10.83
51.74,-2912.65,37.59,10.83
3620.57,543.65,25.08,10.82
524.9,2441.49,22.57,10.82
673.81,3538.31,22.55,10.81
762.26,3055.05,40.33,10.81
-852.02,3417.83,25,10.81
871.26,-2371.45,30.85,10.81
-3597.57,-1903.56,62.05,10.81
3129.83,-1047.56,24.93,10.81
98.42,2079.29,45.73,10.8
2074.04,-1982.82,23.89,10.8
-3507.53,1400.76,31.36,10.8
2310.68,-3001.94,27.36,10.8
3601.02,-2667.21,46.13,10.8
3105.74,3455.37,26.13,10.8
2660.77,938.77,38.53,10.79
3438.06,353.2,27.6,10.78
-2564.08,2706.93,27.12,10.78
1670.36,3353.43,36.14,10.77
-1179.85,3774.66,29.34,10.77
-2363.82,-1217.94,25.07,10.77
-2361.13,-2882.91,29.43,10.77
-1252.36,3671.73,29.04,10.76
1332.85,-3726.08,27.87,10.76
-341.26,2259.73,37.3,10.76
1369.81,-3125.14,23.59,10.75
-2385.79,-2467.14,22.81,10.75
-3439.7,2894.42,28.54,10.74
-1564.22,-2987.82,23.04,10.74
1995.11,2242.23,32.98,10.73
-1537.45,-3722.8,37.06,10.73
-992.97,-3361.79,40.5,10.73
-3493.29,-3399.99,67.97,10.73
3774.41,3021.17,29.28,10.73
-2491.66,-3097.5,28.9,10.73
3630.58,-3641.79,38.69,10.72
-3668.54,332.63,22.83,10.72
-2940.49,2875.4,29.92,10.71
816.5,-2183.05,55.66,10.71
3115.55,2929.4,37.59,10.71
3668.94,-2109.17,33.9,10.71
3005.05,1821.83,39.03,10.7
-2372.11,-1679.67,23.36,10.7
-2247.55,492.39,29.58,10.7
3070.78,2782.83,31.04,10.7
-3440.44,1044.03,22.54,10.7
600.28,-2536.3,27.29,10.7
2832.83,1572,26.44,10.69
-45.33,-2964.33,31.25,10.69
3032.44,-642.02,47.94,10.69
-3490.11,-1799.63,29.25,10.69
-2295.21,-769.05,31.61,10.69
2068.7,-202.84,53.06,10.68
-2729.69,3485.07,29.54,10.68
2670.83,-1423.56,26.18,10.68
-1234.39,3737.9,44.61,10.68
-3772.82,3326.28,28.52,10.68
-1647.84,2546.2,23.69,10.67
-2337.49,1493.1,22.79,10.67
-3319.43,-2090.87,25.65,10.67
-2720.87,-1347.41,27.45,10.66
1515.98,2697.45,28.96,10.66
-2242.77,-693.85,30.11,10.66
-2129.89,-3728.81,22.76,10.66
-2626.48,-284.4,38.99,10.66
2512.23,-2208.86,26.84,10.66
1914.73,884.92,24.76,10.66
-2774.17,-1516.46,22.89,10.66
-2363.84,-1635.12,32.54,10.65
-498.06,-3120.35,22.83,10.65
2532.77,586.47,22.97,10.65
-539.52,2408.43,30.4,10.64
-3470.42,-1771.71,34.88,10.63
3776.48,1336.27,29.57,10.63
-561.2,2410.39,25.71,10.63
2621.65,1226.61,28.53,10.63
1001.13,-3010.15,23.58,10.63
3710.68,-3618.31,22.97,10.63
-607.05,-3415.31,23.22,10.62
-1921.77,-1722.38,23.3,10.62
-910.52,-3255.1,33.19,10.62
-1440.2,-2117.68,55.39,10.62
-2065.28,-1007.73,23.79,10.61
-2538.48,-6.84,25.92,10.61
2325.88,-2604.99,36.59,10.61
-602.26,3371.92,26.02,10.61
-2650.32,-3345.13,24.24,10.61
3447.04,-717,32.54,10.61
-181.06,1945.61,72.36,10.6
3708.75,-3502.69,24.77,10.6
-2933.62,1952.74,31.3,10.6
761.41,-1953.04,29.1,10.6
1815.33,-2586.37,26.3,10.59
3460.56,-109.66,28.56,10.59
-1088.03,-2260.04,29.03,10.59
-3179.64,-3606.55,23.93,10.58
-2264.31,1957.93,24.59,10.58
-280.65,-3725.3,48.63,10.58
3161.75,1994.4,27.61,10.57
102.95,3496.29,22.56,10.57
-348.07,3696.05,34.58,10.56
1452.5,3609.15,38.41,10.56
-163.6,3542.77,24.09,10.56
-2215.91,963.67,22.69,10.55
2015.02,-1534.24,27.69,10.55
254.2,3071.21,24.76,10.55
1526.46,-3483.8,27.54,10.54
2061.63,-2064.02,28.5,10.54
-2960.96,1992.7,37.92,10.53
-3581.94,2631.05,30.92,10.53
-2174.83,3335.67,24.9,10.53
2126.04,-2708.89,25.72,10.52
-2341.25,-2718,23.9,10.52
-3045,3220.01,32.33,10.51
-1801.5,-1142.04,125,10.51
-3116.3,278.14,44.14,10.5
-2678.89,3624.71,22.88,10.5
721.1,-3169.01,33.04,10.49
2999.4,956.44,39.35,10.49
-2596.5,595.91,29.79,10.49
-1942.76,-2477.54,29.08,10.49
-3061.31,-482.38,36.41,10.49
2266.8,-2746.85,30.49,10.48
3212.66,-1262.55,30.46,10.48
2933.75,1612.79,30.3,10.48
-1061.87,2309.4,28.53,10.48
3137.94,1883.92,80.75,10.47
795.93,-1870.35,54.54,10.47
3191.57,2532.72,44.1,10.46
-2755.58,-2640.7,26.44,10.46
-2559.49,-2595.48,23.58,10.46
1999.17,1204.59,31.59,10.46
-2374.13,940.03,23.92,10.45
-2352.69,2386.55,30.86,10.45
-2499.1,-319.96,25.35,10.44
-1594.16,-3059.41,23.14,10.44
-1609.05,2403.84,22.94,10.44
-2025.06,2251.53,34.07,10.44
-1450.98,-2592.03,32.73,10.44
2953.37,-2521.08,51.01,10.43
-2766.36,-760.4,33.91,10.43
2381.93,1338.39,32.2,10.42
2714.5,2628.26,23.9,10.42
-194.17,-2212.2,29.09,10.42
335.29,-2951.42,107.25,10.42
-173.49,-2927.5,25.08,10.42
-1466.4,-3175.69,26.39,10.42
82.72,-2458.78,23.06,10.41
3232.21,2865.62,27.2,10.41
-3371.06,-396.41,28.81,10.41
2845.94,-3159.32,28.22,10.4
-1720.83,-2109.96,26.67,10.4
2033.17,-2577.12,24.48,10.4
2294.72,1015.66,32.31,10.39
2751.19,2999.04,32.61,10.39
-1702.78,-2728.09,35.55,10.39
978.47,3606.19,29.03,10.39
1922.44,-1461.34,33.21,10.38
900.29,-2462.34,39.8,10.38
2900.63,-1077.87,29.99,10.37
-53.13,2683.23,22.92,10.37
-2106.4,-1556.48,26.98,10.37
-2530.91,1086.52,36.71,10.36
-3129.59,2947.32,25.85,10.36
2656.12,-1916,24.23,10.36
-1115.9,-3044.49,26.88,10.36
3410.66,139.12,26.13,10.36
-3242.71,-1146.29,26.65,10.36
2474.02,1266.3,23.54,10.35
-3055.33,-393.44,30.67,10.35
1505.92,-2703.39,24.11,10.35
-1340.72,-3402.09,23.03,10.34
1101.3,2709.32,23,10.34
-3585.14,-1112.26,30.39,10.34
-3227.44,-2597.25,57.92,10.34
2519.07,1552.76,25.72,10.33
-1667.38,2810.36,23.4,10.33
-497.42,-3519.76,23.49,10.32
3298.17,1562.92,30.85,10.32
2927.37,964.76,35.09,10.32
3300.74,1966.97,23.91,10.32
-2691.63,-2648.36,75.18,10.31
-797.58,-3430.28,23.53,10.31
2446.56,-313.64,36.71,10.31
-3625.8,-3316.2,29.42,10.31
-1994.52,490.7,22.95,10.31
3736.7,823.4,22.83,10.3
3210.41,-2371.98,22.71,10.3
2867.16,-1791.28,41.97,10.3
2740.33,2206.86,27.96,10.3
-595.69,3555.59,23.53,10.3
-3507.22,3765.76,54.27,10.29
-3716.69,313.8,29.28,10.29
2931.13,-3740.89,27.11,10.29
-3061.96,-1854.86,60.02,10.29
2349.81,-3252.11,52.92,10.28
2106.78,-93.85,30.8,10.28
-1940.79,-2964.72,35.48,10.27
918.52,-3259.06,23.6,10.26
836.88,-2862.51,32,10.26
-3121.95,2510.19,28.27,10.26
3496.02,3660.94,34.97,10.26
2843.54,3555.63,24.66,10.26
-1297.61,-2956.47,27.21,10.26
2879.3,-207.61,28.84,10.25
-1996.68,44.35,25.47,10.25
3368.28,-3585.27,32.74,10.25
2623.61,1690.13,36.32,10.25
-1165.47,2631.62,24.13,10.24
-2282.74,-1138.64,32.46,10.24
283.37,2103.59,23.18,10.24
1462.31,-2543.6,34.71,10.23
-952.21,-2527.18,28.97,10.23
2189.69,-3659.42,23.19,10.23
3276.23,-1008.69,26.06,10.23
-2145.92,3018.31,37,10.22
-1312.82,2060.36,22.52,10.22
-2743.87,654.37,81.8,10.21
-3209.98,3436.29,30,10.21
-2448.18,2741.57,37.17,10.2
3172.83,-1403.58,25.72,10.2
-3195.48,2536.44,29.07,10.2
3170.7,1145.37,29.51,10.2
-2421.46,-2232.57,41.9,10.19
3212.52,-1163.19,23.49,10.19
-2215.91,-860.65,36.22,10.19
3237.28,933.49,43.35,10.19
2472.73,2057.38,41.81,10.18
-2513.1,-156.25,36.35,10.18
2055.93,-464.11,27.33,10.17
2820.99,-3270.41,22.71,10.17
-2226.2,-3386.89,43.72,10.17
2349.77,614.47,34.65,10.16
2326.05,-2917.86,44.28,10.16
3473.81,-407.86,27.94,10.15
-99.77,-2014.31,64.12,10.15
3732.92,-3653.22,33.71,10.15
-2502.39,3002.27,26.86,10.15
-484.64,-2289.8,23.35,10.15
3074.31,273.46,27.02,10.15
-2140.32,-2003.1,33.36,10.14
3134.65,-3631.76,29.6,10.13
2455.12,-2937.97,33.28,10.13
52.84,-2646.92,23.98,10.13
1414.89,2423.18,31.95,10.13
92.7,2338.77,25.1,10.11
-3454.53,-1474.11,26.43,10.11
1641.53,2874.37,29.37,10.11
-3325.15,-2916.35,26,10.11
1964.02,2066.53,27.73,10.11
-3002.55,3597.05,42.21,10.11
-827.58,2279.87,30.38,10.11
-2985.59,3079.8,28.64,10.1
2594.8,-3612.07,86.79,10.1
558.38,-1913.71,28.05,10.1
-1627.04,-2950.89,35.77,10.1
-3454.08,2796.47,37.8,10.09
46.15,-2657.99,22.77,10.09
2981.57,2971.73,41.56,10.09
-563.93,3040.04,23.62,10.09
2465.95,-2898.92,35.23,10.09
1580.8,2138.37,29.88,10.09
1216.49,3114.76,23.83,10.09
-183.11,3202.47,23.22,10.08
3113.62,1373.37,22.99,10.07
3251.57,1685.17,35.58,10.07
-2182.64,2336.65,31.66,10.07
-525.15,2186.75,29.28,10.07
3518.18,108.63,42.28,10.07
3420.58,-210.7,31.33,10.07
-517.63,-2419.93,26.77,10.07
2163.19,2637,22.81,10.07
-2415.11,-2534.02,27.47,10.06
-2394.37,-833.2,27,10.05
3056.11,2483.77,30.41,10.05
-1812.56,3067.18,26.13,10.05
788.96,2813.02,26.02,10.03
2452.65,-3501.42,47.31,10.03
1104.6,-2098.54,32.73,10.03
1701.25,-2652.78,25.14,10.02
-1463.19,-3310.66,44.7,10.02
-2751.86,-1198.4,22.9,10.02
-2517.48,-293.8,23.04,10.02
2470.61,2190.14,32.91,10.02
1296.61,-2757.24,25.98,10.02
2449.02,1676.48,24.48,10.02
1167.91,2316.79,42.34,10.02
2698.02,-2344.27,22.59,10.02
-3485,2022.81,29.55,10.02
2860.22,-2277.66,35.23,10.01
-2511.48,-2814.52,82.76,10.01
462.59,-2987.12,52.5,10.01
-2407.39,966.72,27.49,10.01
-3582.83,2313.45,24.18,10
-1966.59,-85.59,35.33,5.81
