PosX,PosY,Diameter,Age
-455.091,243.177,242.122,201.364
-173.156,-581.449,250.871,200.81
176.496,-581.775,243.845,135.725
-470.257,80.5573,112.902,99.2977
-109.378,-759.205,107.306,97.1766
17.14,-764.046,100.788,96.798
146.966,815.727,96.6209,96.5396
-33.7192,320.69,169.883,78.481
442.427,-174.522,92.194,76.7403
-672.101,673.02,77.583,75.8616
650.624,-376.343,142.193,75.6558
-755.715,498.57,77.7701,73.4687
-412.848,849.359,82.341,71.4248
-419.66,-127.586,161.395,67.3019
225.123,125.083,81.7305,63.634
559.392,-593.322,78.4549,63.6149
592.115,327.06,90.3643,61.8549
-319.247,413.556,67.8405,61.3481
842.915,589.047,68.7033,58.4765
-33.1008,331.45,66.1529,57.8145
-594.348,-218.704,174.573,57.7522
-409.223,-313.114,83.6562,57.5518
823.673,-670.727,79.5579,54.5947
-271.434,-815.185,87.811,54.1688
-502.43,256.866,125.006,53.4882
804.46,453.446,63.8697,52.5934
224.953,455.865,52.9675,52.5742
781.08,-553.711,65.4459,52.1591
-521.126,504.373,153.591,51.0099
-244.115,445.728,58.3948,50.9104
519.564,-620.531,66.6204,49.6323
679.287,585.682,54.5573,47.3842
768.419,-492.426,63.0778,46.5955
583.301,396.979,52.3328,46.3184
138.961,-870.08,59.2848,45.1687
-425.67,136.41,59.2361,44.9285
606.196,-64.0484,55.9324,44.8649
-516.514,410.89,46.1418,44.4024
-314.898,587.388,44.7506,44.2961
-476.557,225.724,56.8611,42.6208
-155.317,608.985,47.7415,42.0877
-15.0764,389.508,84.8988,42.0343
-703.726,285.937,41.6321,41.6185
-217.853,-622.898,47.9105,41.3706
215.136,572.176,47.0075,41.1725
674.581,-398.723,43.7765,41.0846
315.303,-599.022,56.3633,40.9016
-421.648,180.742,58.4465,40.8817
589.501,-807.447,77.8641,40.761
-730.945,-815.907,41.3835,40.472
-204.81,889.183,42.4045,40.1789
-470.81,53.1047,40.8438,40.1717
858.159,-581.016,41.0511,39.802
690.335,624.132,81.418,38.9391
537.249,-283.055,49.9909,38.5142
520.578,-379.335,57.8804,38.4557
-591.87,-889.916,44.5853,38.3734
-58.9206,664.749,55.5585,38.3661
-760.398,-469.856,68.8593,38.3574
752.178,444.07,39.8622,38.1678
-439.517,-98.0081,45.1279,38.0587
902.32,493.579,40.1221,37.3888
-469.133,296.998,73.447,37.2361
610.221,-600.268,42.2922,37.1726
-180.8,-744.708,37.3228,37.1614
653.208,-537.367,37.9394,37.0745
-291.761,-426.388,61.9017,36.9341
742.725,830.676,60.0878,36.7389
-20.5307,-584.188,41.5789,36.6094
-387.578,-663.319,44.8846,36.5666
-697.582,-270.123,39.1097,36.5321
768.71,-486.234,44.0812,36.4296
-45.5954,-544.695,43.2385,36.4091
-619.086,620.929,78.6355,36.2341
534.292,866.558,43.9257,36.0566
663.178,650.421,41.6128,36.0519
-425.736,-819.825,37.4853,36.0348
-643.328,378.595,65.4404,35.8016
-593.718,455.856,37.9354,35.7612
574.509,-247.517,52.7855,35.6973
-64.395,493.96,38.253,35.4297
329.141,736.635,38.743,35.3615
-478.011,-612.38,74.9068,35.2303
421.869,-505.553,36.8485,34.973
502.222,-69.9771,52.8548,34.8754
502.736,746.516,41.2061,34.8242
751.853,-123.153,36.9913,34.7669
-526.863,-720.665,41.3568,34.7324
-482.614,615.361,43.5014,34.606
569.019,42.6906,36.96,34.4731
-339.183,-540.662,43.1966,34.4399
498.481,-669.106,37.392,34.4121
-613.986,207.521,34.1406,33.6467
361.523,669.627,84.1813,33.4995
246.138,497.142,33.9269,33.4109
693.523,262.452,38.4463,33.3436
666.531,460.736,57.8537,33.288
434.307,715.846,35.4373,33.1919
799.946,-389.682,64.4815,33.0634
277.317,-755.896,39.4194,33.0176
281.024,-515.677,35.2392,32.961
63.1287,763.788,41.4787,32.5753
29.4825,-534.152,32.9796,32.5732
861.873,224.883,63.5289,32.5225
-230.593,-442.57,60.9396,32.4955
-508.679,598.363,45.0359,32.4232
-675.246,-822.574,35.6764,32.3859
-819.11,-359.134,39.2762,32.3136
782.087,446.905,44.073,32.2573
422.431,510.878,34.3037,32.245
-888.922,457.738,34.491,32.0943
-455.787,290.305,137.181,32.0909
-673.17,547.903,34.8854,32.0266
749.329,215.982,38.6047,31.8729
-856.298,11.6003,42.5423,31.8123
-767.112,625.308,34.9855,31.5598
377.518,-753.325,31.6352,31.4784
787.584,-115.358,67.0383,31.4771
564.333,-578.827,35.9524,31.2821
668.168,346.542,42.6766,31.1833
-573.628,-450.251,42.1721,31.1292
-831.267,-869.471,31.7547,30.94
765.879,-448.675,86.0059,30.9162
-297.029,521.367,52.4958,30.8444
811.46,457.436,85.0865,30.825
530.375,566.841,31.9142,30.8215
-873.768,-428.101,34.936,30.6324
-314.998,676.83,33.2579,30.6042
-536.633,179.214,31.6759,30.5006
174.685,-710.87,31.0922,30.4462
-372.077,635.899,41.4555,30.4081
-246.099,-597.164,66.6033,30.2551
574.458,-877.585,40.826,30.2158
-150.651,605.334,44.333,30.2151
721.29,-745.875,47.2687,30.2087
-413.198,121.594,59.6214,30.1858
-802.181,-675.338,34.227,30.134
-699.689,763.98,44.5146,30.0973
-699.536,-327.083,31.3375,29.8882
853.246,-742.281,34.2131,29.8665
312.854,727.945,35.3428,29.8533
481.218,-363.344,31.5306,29.5336
-513.969,-424.188,42.1032,29.3542
819.784,464.777,31.8364,29.2915
671.889,586.399,82.3403,29.2436
825.455,194.08,30.8537,29.0918
779.606,193.167,30.0016,29.0116
-212.177,-473.328,32.2923,28.7077
491.913,551.935,34.5187,28.5131
488.731,-274.362,89.4993,28.375
333.986,-790.947,29.8047,28.3418
-79.9167,-731.656,29.7283,28.3284
215.23,501.031,35.3275,28.1702
-496.713,150.711,28.1965,28.1248
-882.458,-551.619,33.1692,27.8593
-726.903,-557.873,31.261,27.6538
-703.665,-6.48901,32.3701,27.6481
482.547,-555.607,30.6333,27.634
547.094,466.03,31.8052,27.5226
252.647,-645.888,58.9389,27.4679
851.417,-5.88188,29.3659,27.3452
216.836,194.368,38.3596,27.3451
-564.008,582.453,34.1612,27.3323
658.462,411.611,27.3707,27.1217
565.285,626.941,36.5945,27.0991
369.322,890.87,38.3336,27.0413
-189.72,765.933,28.955,27.0274
154.352,-542.119,35.8982,27.0117
437.002,597.971,65.6628,26.9533
610.656,462.953,28.6392,26.8288
-455.694,145.921,36.7286,26.8214
754.389,876.555,28.0597,26.7899
5.50319,-812.623,27.0857,26.593
-468.493,31.8947,30.2504,26.5706
-767.644,-329.993,29.0324,26.3682
790.813,256.929,84.137,26.363
423.906,-449.279,36.6582,26.1999
-77.8517,841.537,39.4272,26.119
-642.575,883.802,48.317,25.9483
-396.778,573.365,43.4752,25.8663
266.725,104.504,189.663,25.8636
-394.035,536.62,40.6184,25.8393
477.506,-212.266,27.3293,25.672
422.576,782.21,30.191,25.65
-736.942,569.465,27.4752,25.5968
694.954,-415.069,42.8747,25.5903
892.654,-349.534,51.0522,25.5533
-849.816,668.668,44.7458,25.5148
-633.671,-598.157,28.6669,25.4977
746.646,522.837,47.6877,25.4084
130.649,724.788,38.8765,25.2904
-450.409,-80.4245,40.1345,25.2355
-472.366,-218.936,26.5124,25.2327
-176.637,672.128,27.0823,25.1963
606.771,46.4015,30.7002,25.1819
24.3889,705.056,26.5208,25.156
650.703,161.626,28.3956,25.1133
867.832,679.023,26.1211,25.1114
233.883,-718.66,35.3879,24.8355
-337.535,-546.503,42.3643,24.832
269.255,-551.529,26.4874,24.7891
-854.605,-544.786,25.2872,24.7708
65.0876,869.792,34.868,24.755
-560.948,-851.764,33.0107,24.7356
36.8784,-808.416,34.5289,24.7019
-377.915,639.796,25.0772,24.6753
-458.672,369.693,25.3502,24.5101
-317.682,-566.55,32.5963,24.4825
828.621,100.855,43.1282,24.4257
568.95,-669.197,40.4837,24.2798
-709.928,797.938,34.1173,24.2081
749.762,-237.242,25.9332,24.1998
906.64,-175.073,24.6517,24.1943
429.082,-491.554,34.3135,24.1566
510.185,-86.6661,23.9995,23.9671
318.018,897,47.1204,23.8839
449.308,-3.76021,30.4767,23.8563
-848.499,-201.372,40.0282,23.8293
-515.327,296.617,27.3819,23.805
562.52,-228.761,40.148,23.7408
477.25,-136.369,41.4594,23.6882
765.511,-492.875,24.2456,23.6529
900.019,-547.031,31.5513,23.5907
-486.399,7.15595,35.1848,23.5883
155.065,-683.606,31.3774,23.571
874.576,-558.809,31.1383,23.5231
774.571,139.139,35.4165,23.4608
734.596,534.913,23.7606,23.3066
586.336,136.103,39.8047,23.0603
853.284,-551.1,32.4023,22.9259
213.493,649.203,29.6669,22.8399
520.697,-66.3011,24.1344,22.795
646.416,760.325,43.0654,22.6909
-252.073,-593.46,26.0583,22.6857
-517.408,214.112,29.1949,22.6197
281.433,-779.593,35.3447,22.5789
-498.277,576.449,38.8259,22.5401
257.544,-828.412,27.2139,22.5321
-458.298,504.751,23.1331,22.5189
-23.2768,-854.576,28.8888,22.4723
746.269,567.494,24.7834,22.4331
563.772,-741.71,31.0646,22.3271
818.845,-499.266,30.406,22.2734
705.751,-134.055,30.8114,22.1943
914.246,483.691,32.102,22.1257
-681.444,108.08,23.3747,22.096
498.684,-7.32131,38.0581,22.0918
-364.71,-750.354,32.9364,22.0829
-485.298,354.975,22.2757,22.0802
-815.439,-61.3807,48.0951,21.9845
549.02,-450.79,27.4975,21.9516
-670.844,-359.024,53.6515,21.8925
-471.371,737.857,36.112,21.8459
-621.539,-192.619,22.7907,21.8307
180.194,559.968,22.3335,21.8175
-878.834,227.347,24.4991,21.8154
290.751,671.505,23.9072,21.8121
-515.124,-423.559,22.124,21.8106
-634.849,862.031,27.0171,21.7972
317.064,925.809,23.9673,21.7766
21.2839,844.701,26.5133,21.6711
-624.467,819.594,22.847,21.6532
-699.691,-344.38,22.4588,21.6432
477.176,738.812,23.2264,21.5691
-442.738,603.473,22.4201,21.5623
-928.873,-129.851,22.1191,21.5255
488.352,157.205,25.8025,21.4677
892.025,701.888,23.2739,21.4632
-846.726,-126.669,23.7495,21.3632
67.5328,784.275,22.1856,21.3411
179.213,796.859,22.2252,21.3354
-882.991,-212.879,23.3924,21.3336
98.6636,805.706,39.6055,21.3107
-149.045,482.1,24.9641,21.2724
-497.254,-846.994,25.2686,21.2537
-588.169,273.876,23.4088,21.2338
372.556,-809.335,22.5303,21.2325
-491.635,207.421,22.1517,21.1748
687.169,350.278,33.8759,21.1387
915.569,703.87,23.8759,20.9982
-611.278,776.309,35.8867,20.9871
861.271,-693.323,22.2203,20.9606
560.988,268.034,21.974,20.9199
-932.189,457.58,22.4938,20.7936
-486.215,906.519,38.3901,20.7917
-768.001,-527.413,35.4736,20.7871
-533.494,-663.456,21.361,20.7809
491.262,223.389,33.6515,20.7547
911.236,617.637,23.6866,20.7351
-486.912,-631.185,21.0471,20.5682
428.557,-590.295,44.4207,20.5186
428.759,591.446,21.8975,20.5109
-714.942,209.575,24.1156,20.5016
-790.292,-750.355,20.6318,20.3939
642.76,-362.128,20.8971,20.3368
864.53,841.451,37.7451,20.2964
494.791,331.887,37.526,20.2794
487.497,-360.188,20.5056,20.2501
-720.402,347.574,24.134,20.2159
-448.03,461.026,20.3198,20.2129
-769.278,-634.236,33.8482,20.1827
-639.159,880.093,20.8652,20.1426
805.191,-207.962,21.9007,20.1412
-538.243,483.749,20.8122,20.1393
773.83,208.001,21.6714,20.1222
446.604,507.922,23.5154,20.1193
-745.85,748.254,20.3476,20.0597
416.058,-816.037,23.0828,20.0527
-637.449,-307.471,21.4375,19.9923
-65.6275,529.307,26.9624,19.901
154.281,461.378,22.1888,19.8148
-339.57,-837.185,21.7186,19.7696
583.575,325.707,30.0591,19.754
803.088,-884.786,22.5281,19.6949
-475.586,-660.051,34.8896,19.6857
606.229,-678.312,20.3136,19.6808
-664.668,355.727,19.8561,19.6574
276.642,752.695,31.9056,19.622
-483.335,-624.64,19.8446,19.5979
-741.02,-564.872,21.7266,19.5799
70.743,536.384,21.7622,19.5568
794.83,-864.307,19.6175,19.493
728.914,260.772,23.897,19.4838
-916.352,440.879,19.5591,19.4769
-509.788,-117.674,19.9049,19.4591
-43.6329,-670.869,19.7764,19.4462
-788.859,6.52485,23.8004,19.3485
-352.225,457.089,61.9664,19.3434
-728.255,-141.363,21.724,19.3346
-159.818,587.678,20.99,19.326
-829.876,663.136,19.3755,19.3229
422.297,-526.889,22.5443,19.287
-915.734,-536.123,20.0354,19.2862
526.856,-372.017,53.2343,19.2824
763.264,-747.868,36.916,19.2401
912.023,664.589,20.4772,19.2142
295.961,812.108,20.0508,19.2048
31.7651,738.746,27.7289,19.1952
659.114,-269.727,46.7905,19.1884
-931.22,503.943,20.2769,19.137
867.085,-555.582,22.527,19.1367
-470.425,16.8608,21.272,19.0994
869.349,-636.415,26.4636,19.0829
914.679,863.78,22.4421,19.0748
877.301,268.189,23.64,19.0459
-869.859,324.466,20.2253,19.0455
-580.664,241.096,20.6468,19.0269
-584.45,-69.8705,21.1524,19.0116
-622.756,-832.391,20.1825,18.9891
-656.395,532.766,19.6332,18.9869
157.958,460.28,23.471,18.9637
-278.959,535.25,21.9395,18.956
753.167,576.748,20.2458,18.9061
342.561,555.65,21.1645,18.8914
-324.321,500.407,26.9684,18.8742
-140.167,752.384,19.0115,18.8592
-621.366,511.909,25.1865,18.8499
681.28,-670.37,18.9688,18.8358
816.599,-318.595,30.7103,18.8146
-647.358,699.575,19.1953,18.8016
582.952,259.274,21.2031,18.7786
76.6976,693.955,18.862,18.7635
-646.814,347.835,20.0666,18.7362
537.385,601.727,20.0979,18.7311
922.965,633.766,28.1519,18.6805
690.842,754.129,19.6839,18.679
-493.42,-591.964,24.3724,18.6766
-439.417,603.708,20.3994,18.6754
293.545,-686.984,25.5841,18.6748
153.186,719.413,22.2999,18.6702
436.662,527.547,19.2868,18.6569
873.209,-814.321,32.4068,18.6475
17.2667,816.802,24.6278,18.638
565.441,13.4559,19.5813,18.6249
889.298,88.559,19.3538,18.6074
117.951,-485.413,29.9686,18.5975
537.007,-717.316,41.7042,18.5954
672.187,532.195,33.1696,18.5675
796.938,186.573,26.938,18.5569
795.672,604.726,25.2799,18.552
628.762,301.579,28.4415,18.511
-861.754,-838.095,24.2662,18.5101
748.516,-431.201,19.0459,18.4289
-485.554,911.935,21.2959,18.416
774.901,823.329,18.3631,18.3614
-22.9746,471.723,24.4138,18.3538
-584.966,752.105,20.9594,18.3349
529.996,488.699,45.7637,18.3308
-618.859,22.1841,22.5546,18.3198
-248.347,642.61,22.4812,18.2908
485.589,766.95,49.8355,18.2692
275.38,878.331,19.3541,18.2674
-3.54348,710.618,18.7609,18.2591
-275.338,687.452,25.1418,18.2582
-525.007,-630.715,18.6686,18.2473
-761.345,578.108,21.2992,18.2444
-885.076,28.9119,19.3001,18.2223
-153.929,577.73,21.0619,18.2152
226.988,-575.312,31.1171,18.1943
446.411,-700.228,19.1674,18.1874
596.049,665.385,18.2632,18.1787
-845.705,4.68337,18.3135,18.1565
-682.354,200.601,18.5109,18.1492
-387.932,726.603,21.6334,18.1465
-109.653,-511.648,19.392,18.1433
-496.942,-410.812,19.5525,18.1405
-532.044,855.007,26.1216,18.0945
-682.263,56.0314,22.617,18.0847
682.139,637.706,19.2404,18.0813
-905.609,519.598,18.5827,18.0685
-706.662,516.435,21.5726,18.0572
-816.782,-289.656,25.2411,18.0396
865.508,-769.107,20.663,18.038
-488.351,-508.856,21.7173,18.0363
-798.59,824.419,20.6386,18.0285
325.4,729.394,18.2466,18.0264
-528.114,-878.232,21.4316,17.9463
797.008,-461.663,20.2195,17.9455
581.703,-884.862,20.4018,17.9422
-502.601,431.25,21.2035,17.9323
-742.374,-79.1245,22.357,17.9227
789.225,298.33,18.1682,17.9097
-688.212,-554.445,21.2131,17.8607
192.253,863.324,18.2875,17.8522
-848.945,-557.643,20.559,17.8316
-430.128,-714.793,28.7204,17.8197
176.849,824.311,18.7218,17.8036
-401.569,-634.187,19.7669,17.7848
-316.838,556.389,21.3108,17.7738
529.759,822.53,20.5334,17.7707
438.316,759.364,22.4092,17.77
-556.636,-366.176,24.7202,17.7691
-566.429,-849.54,20.3735,17.7611
-315.175,-493.448,27.166,17.7388
-192.199,566.559,18.4915,17.7291
-519.252,498.129,23.2993,17.7218
605.893,-309.09,20.6139,17.7069
663.369,84.5543,19.2703,17.6998
-660.777,404.854,18.7076,17.6834
-12.4285,857.216,22.344,17.6484
63.1718,812.549,24.4026,17.6218
-581.838,-408.77,22.3202,17.6201
504.752,305.763,19.3604,17.608
-818.214,471.936,28.2311,17.6019
639.641,21.6131,23.6395,17.5922
619.649,719.431,22.2996,17.5839
891.916,177.772,26.7406,17.5553
23.3542,-538.521,26.9458,17.5349
601.245,-57.0139,40.058,17.4634
682.858,-746.703,20.4106,17.4148
-639.56,-154.795,56.9613,17.4144
10.5348,463.146,22.8457,17.405
880.701,-714.261,25.028,17.4016
320.198,-808.651,29.4602,17.3857
-833.951,-191.993,18.3081,17.3758
-284.595,-557.264,20.1313,17.3745
-712.865,873.876,30.1144,17.3484
239.595,-679.088,19.495,17.3266
718.476,271.595,19.0321,17.3231
-213.682,-917.91,22.04,17.2851
-627.705,-451.301,21.1602,17.2602
732.39,915.957,31.3926,17.2554
-873.501,-810.024,19.2411,17.2043
-168.686,-787.414,19.1122,17.2006
749.638,-850.107,33.0822,17.1989
233.941,-923.17,26.7821,17.1802
271.31,530.529,17.1931,17.1593
11.4229,752.049,18.1867,17.1396
-562.391,465.296,18.3832,17.1379
-726.111,-706.882,19.9071,17.1175
-518.671,575.587,20.2617,17.1055
-705.117,-243.1,20.8242,17.1008
-3.70389,-504.698,23.9717,17.0896
-260.94,755.031,23.1652,17.0755
-840.252,239.495,18.1607,17.0631
-568.439,385.495,17.9617,17.0629
700.667,25.6006,21.0213,17.019
845.067,-464.877,18.8359,17.0183
-766.912,-346.421,78.2839,17.0153
21.466,757.871,23.0585,17.0065
-783.627,-581.964,19.011,16.9398
-768.859,-711.834,19.5041,16.9339
719.544,-538.265,18.9132,16.9264
-29.3184,733.247,20.7035,16.9167
-465.556,-444.924,17.807,16.9148
-482.936,311.381,32.649,16.8944
665.737,490,24.0305,16.8671
-833.547,646.655,17.8663,16.8657
289.325,583.055,24.5241,16.8455
-725.065,302.84,17.4616,16.8234
535.034,142.885,22.3815,16.8233
578.64,78.5121,26.0613,16.821
60.4031,-780.666,19.8156,16.8181
-695.029,526.925,18.0174,16.7825
-567.936,-659.685,22.2948,16.7815
-649.404,775.244,23.2412,16.7787
-129.365,669.836,17.6264,16.7376
260.589,763.479,20.453,16.7368
-361.567,-776.56,25.3075,16.7327
-225.047,-742.205,22.1605,16.7239
-87.5942,-868.295,28.6578,16.7226
816.901,-414.524,17.366,16.7134
793.379,278.439,20.6068,16.6954
758.786,-350.253,21.4471,16.6717
920.89,44.208,30.2078,16.656
860.796,863.934,22.4251,16.6513
131.121,621.59,17.4308,16.638
79.0699,894.856,17.7521,16.6321
668.645,148.218,28.8978,16.6259
-21.987,-822.522,17.0874,16.6154
-675.76,-115.536,18.4834,16.6114
-620.88,-136.27,21.1382,16.6114
407.502,477.33,17.7201,16.6027
-303.89,494.859,22.8744,16.5693
-11.9151,-686.408,18.8258,16.5585
-281.284,-709.773,16.78,16.5552
-772.048,616.326,20.2264,16.5531
633.589,550.807,25.7381,16.5269
-89.4797,669.2,22.986,16.5074
-388.101,919.799,18.4577,16.474
-516.562,729.374,19.5927,16.4696
677.65,-674.844,17.5119,16.468
-45.3153,887.8,18.9458,16.4543
-108.261,-549.294,17.6031,16.4518
552.947,-622.249,27.1034,16.4308
724.775,-356.401,18.5913,16.4237
-881.859,-501.57,18.0367,16.4234
-856.911,72.9895,16.9235,16.4183
-348.831,496.645,17.9291,16.4163
937.978,822.965,16.891,16.4026
872.947,-552.763,17.0624,16.399
412.661,774.487,18.691,16.3986
566.616,-482.053,43.4285,16.3973
-634.495,87.8113,23.2045,16.3642
288.122,-814.625,16.9411,16.3536
-848.557,-634.631,16.774,16.3409
814.768,605.932,19.6686,16.3295
-413.926,-770.221,17.4866,16.298
-651.891,-189.172,20.0798,16.2281
-784.061,-406.477,18.6819,16.2079
-518.05,9.11645,18.4968,16.2
-261.716,620.698,19.127,16.1898
676.257,916.143,17.3686,16.1862
726.743,825.046,16.5291,16.1791
-903.465,298.548,18.3706,16.1612
390.36,570.799,16.5873,16.1414
601.989,454.073,20.279,16.1394
-646.997,-418.394,18.783,16.1066
724.033,8.12519,18.5851,16.0936
540.654,687.272,36.3756,16.0876
-741.524,-803.242,20.2465,16.0675
603.484,546.248,20.9158,16.0377
-659.161,86.7416,20.7956,16.0273
-541.471,-747.579,19.1129,16.0157
-727.657,638.898,21.0775,15.9817
741.801,125.061,21.519,15.9706
801.009,705.032,21.3754,15.9699
-836.848,-671.187,19.725,15.9672
-31.1263,661.746,19.2578,15.9415
613.604,-267.957,36.5979,15.9344
-918.029,-804.203,20.5137,15.9285
675.942,358.877,16.7462,15.9212
-716.825,-658.315,17.6884,15.9208
463.966,394.317,19.2898,15.9165
686.14,-416.546,15.9829,15.9058
-648.474,28.4311,18.0864,15.9026
-826.049,701.272,18.8628,15.9012
658.219,863.147,21.8832,15.8977
551.636,881.625,16.9877,15.8898
-449.498,-829.342,15.9083,15.8857
-164.286,699.379,17.1606,15.8641
722.259,832.212,19.7599,15.8617
868.667,-266.083,23.0005,15.8589
768.958,-275.293,20.0124,15.8445
-232.836,460.653,16.5463,15.8436
433.219,729.533,22.5442,15.8409
756.297,-234.312,19.3831,15.8357
-709.886,-127.688,20.2689,15.8326
685.379,-678.065,20.2339,15.8264
462.934,-24.0377,16.4014,15.8262
-701.78,-147.934,17.4109,15.8214
-871.606,476.636,21.6892,15.8077
149.343,860.146,16.5972,15.797
680.801,-924.677,22.9909,15.7681
463.728,-367.926,24.4028,15.7576
170.917,467.057,17.3435,15.755
-533.759,458.665,20.0979,15.7543
387.686,580.813,30.7168,15.7514
-126.781,632.675,21.5223,15.7488
639.719,882.206,18.2135,15.7323
-408.529,912.737,23.7515,15.7188
-918.48,-224.693,15.7176,15.7012
11.5796,636.241,21.7922,15.6982
724.362,-929.881,20.4528,15.6979
197.005,560.645,17.9567,15.6896
-34.2517,-800.28,15.9605,15.6818
548.944,182.526,19.4773,15.6749
185.108,-702.912,16.3925,15.6659
863.009,-320.209,16.4938,15.6568
-526.734,838.879,18.549,15.6311
400.077,693.615,63.5477,15.6267
-539.914,700.246,21.0115,15.6229
-706.118,-605.774,17.0837,15.6157
-246.401,624.839,42.2428,15.6149
-878.996,-310.659,22.0926,15.6122
22.993,-783.145,25.9934,15.6078
580.152,-578.137,28.7019,15.6026
578.96,-16.3205,42.5524,15.5955
-554.416,-639.617,18.3805,15.58
190.368,-672.809,27.7914,15.5591
-71.3138,892.215,16.2134,15.5505
-521.56,284.381,29.2974,15.5479
349.905,639.358,16.8863,15.5478
-183.566,615.798,16.358,15.532
-573.136,-477.753,16.0833,15.5225
650.03,-773.581,21.5995,15.5198
783.297,-825.73,16.3558,15.506
-91.4582,-457.973,44.5181,15.4888
-306.694,-527.202,22.8639,15.477
-823.367,-341.52,19.7323,15.4672
-71.9188,842.228,26.0282,15.4505
-485.25,-783.7,18.476,15.449
360.128,-689.326,18.4911,15.4477
273.935,595.794,15.4563,15.4444
-129.017,628.294,23.5295,15.4388
853.98,901.692,21.7609,15.4341
-54.6992,-611.347,17.0513,15.4328
-614.504,523.193,45.4244,15.4247
-139.802,-498.776,21.118,15.4154
-674.687,526.157,21.3154,15.4097
-72.5506,-933.558,20.5892,15.4069
-473.307,-211.758,24.6198,15.3979
-750.03,-570.041,20.624,15.3763
-353.975,820.528,16.9642,15.358
526.923,448.776,24.0802,15.358
288.593,-761.103,16.986,15.3576
-789.772,-140.526,17.8098,15.3493
-541.028,263.969,15.3854,15.3405
860.202,-13.2323,21.4126,15.3281
145.431,764.163,52.797,15.3133
-490.638,-370.435,20.9897,15.2963
458.857,-796.759,38.3691,15.28
-41.9151,787.164,22.0118,15.2777
-132.33,-679.97,18.0001,15.2654
-157.62,-711.923,37.0493,15.2637
262.48,515.775,25.3941,15.2607
-81.9869,672.92,24.7917,15.2392
-80.7357,528.727,17.1079,15.239
227.227,-486.938,17.2833,15.2304
813.407,-814.921,42.3381,15.2299
-385.663,-438.833,35.9181,15.204
789.26,-480.825,23.6717,15.1807
143.456,873.487,18.1234,15.1716
-150.234,659.325,15.4643,15.1714
587.432,249.402,15.4432,15.1649
-695.847,-638.32,38.94,15.1622
490.222,-767.741,18.1984,15.1519
888.656,273.667,17.3746,15.1247
-487.422,-466.771,16.0034,15.1224
630.941,-885.976,21.8651,15.1025
-783.455,-488.594,22.2962,15.0923
-819.58,503.016,16.0619,15.0899
275.326,574.031,24.5975,15.0702
440.65,408.447,16.8426,15.0663
908.621,-792.069,16.8285,15.0631
-181.399,-457.948,19.0122,15.0552
179.458,793.901,17.1684,15.0453
-503.244,-660.005,17.3309,15.0428
-711.867,754.807,21.0749,15.0427
885.936,588.198,15.0466,15.0422
827.411,-465.487,18.6265,15.0414
643.339,-134,24.7389,15.0379
-773.075,-180.65,16.4012,15.0322
835.653,-933.429,15.9343,15.0294
25.9045,841.766,19.3937,15.0245
-613.634,-123.12,18.9901,15.0131
-291.113,710.4,21.0002,15.0055
-569.01,878.049,17.2515,14.997
848.406,257.397,15.5832,14.971
607.611,-295.63,32.2912,14.9637
-130.235,707.639,17.3501,14.9631
90.6038,827.905,15.9836,14.948
285.276,-773.358,15.1931,14.9403
489.591,-489.937,18.4279,14.9368
744.686,-863.163,16.7374,14.9357
-618.983,-477.561,21.9029,14.9285
632.199,468.032,17.1585,14.9011
699.524,383.425,16.869,14.8966
-874.777,-641.519,42.4236,14.8871
-27.1014,781.298,16.0961,14.8827
-736.869,769.564,22.1683,14.8783
487.713,-358.74,15.7761,14.8668
134.276,-815.227,17.6917,14.8362
722.54,352.819,14.8472,14.8298
-658.532,-831.304,17.9669,14.8204
849.79,-762.81,20.2066,14.8125
-241.678,-734.464,23.5526,14.8056
498.176,523.799,21.203,14.8025
-394.61,-626.831,25.1335,14.7897
867.426,-795.95,20.9416,14.7886
-735.134,145.076,25.6715,14.7876
374.382,549.497,31.6612,14.7855
-736.493,501.757,18.2891,14.7836
-833.923,114.091,22.0385,14.7828
798.199,860.045,17.0969,14.7789
-277.666,-787.297,19.2697,14.7777
293.989,550.967,64.9084,14.7773
746.781,-83.6844,16.8744,14.7744
-695.683,-714.939,20.2798,14.7742
600.302,-704.43,14.9937,14.7616
-830.365,152.264,28.4841,14.7607
676.863,572.946,17.3397,14.7604
493.819,-270.894,23.1017,14.7589
243.175,-669.161,16.8038,14.7519
-358.038,632.755,17.0472,14.7402
601.579,536.014,16.6018,14.7357
-396.475,-593.652,16.3305,14.7314
242.694,-893.818,15.6133,14.7295
-466.079,-904.372,14.985,14.7069
850.102,-680.397,24.9359,14.6967
5.02727,-557.007,15.2299,14.683
852.565,-812.667,18.6279,14.6566
534.791,749.059,27.366,14.6431
371.453,-607.731,19.7464,14.6316
570.049,-593.448,16.0902,14.601
517.805,493.009,18.1659,14.5811
559.597,389.667,14.887,14.5511
-892.219,326.15,26.5866,14.5509
488.714,-844.584,18.9618,14.5443
504.537,619.154,16.7695,14.5301
561.553,492.631,15.8728,14.5153
-35.9087,853.467,19.9001,14.5014
-886.206,248.78,19.5854,14.5001
35.5923,766.281,17.4945,14.498
305.851,-649.515,15.6459,14.4977
-189.433,746.586,15.2217,14.4879
-781.296,-83.4988,21.8172,14.4764
-239.78,-656.731,14.8838,14.4732
756.558,-110.593,19.0946,14.4681
-779.88,-142.872,19.3863,14.4605
234.806,-494.763,19.1284,14.4558
-727.141,107.893,16.2955,14.4518
-635.147,-65.3871,16.1642,14.4504
630.935,402.332,18.0958,14.4451
-861.636,-453.751,15.8054,14.4283
415.906,-727.066,15.5631,14.4252
-99.534,513.325,16.0101,14.4203
-389.287,884.155,24.1456,14.4203
773.216,-630.449,15.1842,14.4163
-914.101,265.835,17.2191,14.4139
-510.425,41.9474,16.3583,14.4119
-656.237,435.022,15.8996,14.4094
-246.896,-675.38,17.4451,14.4071
820.663,704.991,15.2222,14.3991
758.68,-201.744,30.8265,14.3985
137.538,876.863,16.6708,14.3979
-894.231,-836.89,21.3519,14.3845
-617.863,-393.877,15.8351,14.3838
274.704,-467.912,18.4106,14.3812
326.418,-796.071,15.6563,14.3554
908.402,575.222,15.4262,14.3528
849.222,515.183,27.3033,14.3505
-225.967,-542.886,15.5916,14.3463
866.336,33.9743,17.3314,14.3462
386.544,-895.905,14.9406,14.3379
377.466,-534.784,16.9474,14.3374
589.466,552.85,15.8968,14.3261
879.339,934.435,18.4528,14.3214
891.329,-38.844,15.5996,14.3092
-132.042,-834.013,14.6548,14.3054
213.417,782.57,14.7376,14.3001
335.905,-771.043,21.1092,14.2965
-491.371,788.356,22.3159,14.2957
14.3623,-889.229,21.0923,14.2826
369.326,878.37,21.6128,14.2819
-338.337,-771.536,14.3138,14.2689
-278.478,778.292,16.2531,14.2647
531.991,337.971,19.7614,14.2604
767.968,-131.607,26.2303,14.2448
-476.624,573.307,29.2188,14.2369
-9.15741,690.333,15.1799,14.2348
605.873,466.189,15.9725,14.2214
-104.567,-670.566,14.3547,14.2149
-869.493,-478.61,16.9239,14.204
686.761,-246.468,17.1595,14.196
505.915,-122.602,17.7536,14.1887
701.815,-673.114,17.1546,14.1876
-114.4,907.414,18.3107,14.1842
-623.902,-49.3892,21.3872,14.169
-742.897,52.429,17.0903,14.1653
-720.261,-389.645,14.5497,14.1528
-915.891,-622.539,21.8507,14.1399
695.197,919.656,28.3675,14.1377
560.748,793.076,16.841,14.1357
-199.28,-500.24,16.9023,14.135
-728.614,-159.517,16.52,14.1304
-774.657,-876.184,19.7862,14.1304
835.325,633.603,16.3991,14.1303
-873.136,628.203,14.161,14.1277
-305.497,-579.706,15.7693,14.1174
-858.548,-332.6,17.4064,14.1154
-544.44,-415.972,15.5977,14.114
-838.134,-72.0663,14.2977,14.1108
-909.113,921.223,14.5586,14.1089
-179.823,-597.243,19.2375,14.1
-216.595,559.87,14.3194,14.0987
-828.882,144.21,18.2121,14.0932
-622.442,-111.836,26.5963,14.0916
474.645,824.313,14.1694,14.0801
-915.993,269.922,15.9107,14.0794
114.833,-696.279,14.9517,14.079
842.847,-507.311,17.9754,14.0788
664.915,355.532,18.5595,14.078
785.62,-93.9071,15.7132,14.0652
316.772,478.304,22.7268,14.0584
-868.934,668.705,15.0659,14.0529
-779.912,-55.5358,29.4248,14.051
-682.782,-164.156,16.8742,14.0444
724.725,677.492,14.7842,14.042
-631.212,918.017,15.3177,14.039
906.867,842.231,19.4242,14.0381
-895.264,-488.6,17.1956,14.0338
40.5028,-861.911,18.8036,14.0316
-823.834,-108.767,22.5018,14.0288
-469.82,-526.417,22.2854,14.0274
-356.131,-624.11,14.4105,14.0145
-497.176,-874.74,22.7415,14.0033
-513.634,-431.757,42.0959,13.9956
787.66,263.77,14.9614,13.9915
769.295,-557.561,17.604,13.9806
110.199,742.285,16.6014,13.9779
-684.744,595.601,16.4542,13.977
24.646,-659.147,15.9842,13.9712
181.045,-618.676,16.0796,13.9696
-692.714,-267.74,15.8252,13.9614
-58.2301,497.004,15.41,13.9608
-445.006,796.042,15.8314,13.9549
494.597,503.556,31.1113,13.9486
-673.858,-723.113,14.579,13.9399
719.962,-876.626,14.3368,13.9343
-48.0145,-665.699,18.3416,13.9335
836.419,-46.7525,18.4376,13.9263
-596.286,2.94265,18.9599,13.9238
661.081,878.795,21.4073,13.9129
-535.267,561.569,16.4582,13.9093
-752.971,17.372,20.8313,13.905
-885.422,614.779,18.0294,13.904
-611.18,557.128,19.372,13.9037
-123.066,-931.956,14.7683,13.8836
-205.3,-783.318,59.2526,13.8762
460.265,-527.558,15.355,13.8754
-202.429,-596.161,20.0213,13.867
-328.3,-546.96,17.6797,13.8606
833.237,95.7858,16.8253,13.8576
922.348,-199.93,25.938,13.8516
-681.315,-785.619,16.1351,13.8447
-797.639,345.406,21.5667,13.8441
562.279,-284.234,14.819,13.8394
-449.392,-582.878,15.9978,13.8355
-892.607,-805.176,16.4055,13.8348
222.365,-624.587,13.8977,13.8289
-836.069,-616.958,22.1988,13.8169
-561.902,278.784,15.937,13.8079
-192.919,-596.409,14.2308,13.8026
-707.451,796.839,14.1719,13.7999
786.815,846.706,14.065,13.794
486.899,-434.152,18.3169,13.7926
438.192,471.372,144.397,13.7787
150.336,758.257,18.109,13.775
-512.902,-85.9534,16.2115,13.7688
507.429,543.985,19.8035,13.7543
-764.448,460.634,14.6893,13.7537
-564.153,-881.359,15.3605,13.7485
-644.849,229.816,17.0829,13.7434
-550.822,-606.178,15.9058,13.741
-579.117,675.582,14.9381,13.7397
-107.363,879.682,16.6364,13.7376
-872.758,600.982,14.7398,13.7343
15.3969,887.358,16.5644,13.7342
104.405,766.667,13.7333,13.733
896.201,150.639,17.0523,13.7208
-766.529,-145.59,14.4657,13.7096
-877.706,-122.838,20.2709,13.7055
487.346,568.87,19.2075,13.7027
343.279,685.774,13.8451,13.6971
323.817,903.017,13.8094,13.691
-666.255,-756.369,17.2726,13.6905
913.836,-10.9649,13.9124,13.6807
50.9602,-931.757,18.3037,13.6577
532.605,-149.735,15.9834,13.6539
-742.624,254.209,16.9492,13.6514
-629.131,-198.295,19.5497,13.6467
389.232,-600.19,15.733,13.6307
-904.859,340.671,13.802,13.6252
-536.149,-408.172,15.6564,13.6208
-767.966,808.601,20.3687,13.616
-314.692,-595.17,15.3932,13.6104
-574.14,-139.587,16.0991,13.5974
-670.749,221.312,15.9839,13.5957
-355.728,528.832,17.5083,13.5915
466.458,455.809,13.7701,13.5904
858.173,-432.578,23.3507,13.583
153.186,747.753,19.6783,13.5828
-828.248,754.557,17.2503,13.5788
623.42,831.49,78.3822,13.5706
763.534,-777.666,60.6835,13.5595
-557.179,-307.624,14.0314,13.5577
-552.971,482.821,15.7989,13.5552
673.08,-459.281,14.2007,13.5542
-775.859,-711.087,17.9541,13.5517
-821.45,-679.176,21.2426,13.5427
844.306,-352.436,16.5328,13.5398
741.741,-262.846,17.6847,13.5364
-939.274,-495.534,14.6914,13.5306
739.255,-111.349,14.2962,13.5283
-856.79,-675.493,15.3273,13.5267
-157.877,-815.981,16.3788,13.5263
-692.954,231.944,15.2226,13.5097
598.158,-624.28,14.5113,13.5066
665.527,-750.376,14.651,13.5009
583.805,-6.49139,18.4269,13.5003
-868.593,-872.91,15.4262,13.4975
836.209,-523.001,16.8072,13.4941
139.646,-684.625,23.5505,13.4854
-432.062,-601.465,16.0001,13.4846
663.49,-546.598,13.5932,13.4759
-120.899,543.385,19.8962,13.4744
438.73,-708.792,14.9653,13.4669
719.265,-611.134,15.0797,13.4549
-659.9,-145.249,14.4861,13.4544
155.282,473.798,15.5296,13.4537
-696.11,-928.455,22.5208,13.4445
491.017,22.0658,21.1298,13.4347
-32.438,750.616,16.4665,13.4338
-2.35097,-880.281,16.0849,13.432
425.764,-859.45,14.3014,13.4168
227.489,-793.587,25.3801,13.4093
-413.702,-878.37,14.7413,13.4023
732.707,47.6991,18.1192,13.3954
566.799,-144.455,13.4386,13.3661
762.32,-144.739,24.9574,13.3609
458.817,233.269,23.9247,13.3578
626.735,274.856,15.9757,13.3535
18.089,879.702,13.9854,13.3466
2.64505,-774.917,33.21,13.3377
-141.511,-824.269,16.953,13.3262
-861.903,189.991,14.4782,13.3254
773.639,780.421,14.5434,13.324
-848.352,-365.014,28.798,13.3199
214.268,857.293,21.739,13.319
718.368,-242.188,16.0879,13.3174
810.286,-897.226,13.4622,13.3165
-799.517,-645.434,14.7023,13.3137
-561.846,601.958,17.9928,13.3135
773.644,-756.623,15.5511,13.3044
90.1314,-853.225,20.4679,13.2994
-269.643,-802.382,15.1074,13.2932
-714.28,324.597,16.1159,13.2874
584.977,-727.907,13.8017,13.2801
528.386,-857.969,14.3326,13.2781
-46.1166,916.547,14.1494,13.2756
-859.157,187.346,14.4752,13.2708
435.62,-548.41,19.654,13.261
464.66,-537.913,20.8501,13.2488
451.621,-750.45,17.0628,13.2482
266.722,481.347,15.8738,13.2466
-304.242,-893.235,14.6785,13.2274
-763.222,-575.038,18.4803,13.2251
552.426,-376.788,15.7708,13.2088
152.817,-800.193,16.1842,13.1945
-607.445,726.909,13.753,13.1936
-672.87,-267.342,25.6758,13.1936
-571.268,-33.6304,43.521,13.1799
-158.806,-617.511,14.1877,13.1788
-923.011,697.292,13.789,13.1751
312.665,-802.082,17.1969,13.1672
595.117,648.871,16.861,13.1585
-528.713,732.505,15.5975,13.1572
185.89,911.538,19.5757,13.1567
-40.705,598.683,14.3813,13.1541
673.743,-348.55,14.8957,13.1374
618.495,-231.928,13.4048,13.1303
-479.45,-673.713,13.2426,13.1143
-841.655,-773.863,13.266,13.1113
373.314,-540.224,15.0341,13.1107
314.236,-618.162,14.9146,13.1103
-705.447,121.59,13.2875,13.1086
99.2649,-887.836,13.2401,13.1086
466.929,-169.247,40.3549,13.1034
-466.959,-75.0057,20.0302,13.0961
-854.349,804.171,18.5041,13.0933
651.701,917.344,13.1312,13.0867
-931.222,-212.707,14.1819,13.0855
376.165,-662.961,13.3997,13.0758
-358.827,-637.422,22.5464,13.064
-547.1,-877.216,30.238,13.0626
407.323,766.965,17.501,13.0512
798.611,112.066,13.6869,13.0495
612.643,-450.424,28.1715,13.0343
91.0185,-681.879,15.4783,13.0236
-533.551,756.553,16.7548,13.0073
-373.66,-560.239,14.004,13.0026
-444.903,707.502,17.1037,12.9985
814.775,-402.442,27.0709,12.996
-818.543,-697.524,13.3016,12.9928
916.959,744.894,18.1214,12.9921
253.966,-604.627,40.962,12.9838
518.724,-747.13,34.1104,12.9828
-770.829,-14.0664,15.4499,12.9827
-558.858,-246.949,14.2787,12.9776
197.651,716.351,31.7803,12.9738
925.912,-274.77,13.3708,12.9698
-410.314,-656.384,13.2808,12.9659
-896.024,-718.699,26.8368,12.9609
-96.0584,-826.613,13.2435,12.9576
-74.3987,-629.822,14.921,12.9535
-279.094,-719.854,14.1856,12.949
-75.1904,658.658,21.0705,12.9387
244.626,627.078,17.9958,12.9372
-846.315,849.515,13.5816,12.937
499.532,-528.448,14.505,12.9336
-470.609,-931.615,17.0253,12.9275
248.856,-509.981,22.1857,12.9239
496.874,680.105,14.512,12.9157
706.4,-14.2209,18.1658,12.9135
141.864,914.57,13.6257,12.9073
-439.837,-742.588,17.121,12.9006
636.335,144.108,13.3856,12.8965
805.09,683.857,16.5113,12.8958
140.401,648.33,17.8732,12.8767
139.147,466.554,13.9695,12.8701
-108.366,771.453,80.0627,12.8666
796.87,399.04,15.8547,12.8635
499.446,689.257,13.6542,12.8575
743.75,181.358,13.1128,12.8496
-695.485,-42.9662,12.9221,12.8487
-365.162,885.124,20.2633,12.8476
134.467,902.851,28.5216,12.8412
-105.535,876.925,15.135,12.8387
-536.331,-908.038,14.9619,12.8378
-629.358,-322.378,15.4969,12.8342
700.796,-454.352,14.0333,12.8271
-469.401,-291.551,40.8633,12.826
-910.521,629.949,35.2702,12.8255
645.31,854.77,14.695,12.8236
-373.797,-826.872,14.1631,12.8202
786.168,-121.984,13.8941,12.8107
-846.209,329.635,18.6635,12.808
-614.278,-250.92,14.5615,12.8034
-697.325,-514.875,13.1742,12.796
436.932,-701.602,18.0791,12.7938
-825.847,917.053,15.57,12.7918
874.295,-456.488,13.3993,12.7898
-421.604,-724.532,17.7231,12.7841
799.574,-35.6625,13.6662,12.7815
-59.5652,511.193,17.7775,12.781
504.818,726.741,15.3839,12.7784
602.19,-758.395,30.7808,12.7765
688.445,313.053,14.183,12.7752
-430.615,682.321,15.1287,12.7687
-893.214,462.211,15.5116,12.765
-601.256,-2.86404,13.2082,12.7623
-120.316,-579.808,16.2974,12.7585
415.558,933.714,14.6577,12.756
676.238,-801.813,23.2389,12.7519
-37.9399,-450.804,13.599,12.7452
-620.156,-680.796,13.3159,12.7393
-582.237,912.117,21.9177,12.7332
-107.374,752.833,13.8342,12.7331
-779.732,-160.433,13.4944,12.7193
321.76,-888.488,19.2777,12.7145
-163.669,905.866,16.8105,12.7052
502.867,181.306,21.3499,12.6963
-776.926,317.059,15.9589,12.6934
-467.857,636.132,14.1424,12.6879
99.8087,934.529,18.9308,12.6785
-670.083,-537.989,13.8974,12.6757
-268.946,-605.898,18.267,12.6745
-472.771,466.129,14.5434,12.6642
-169.36,845.895,12.7325,12.6641
123.03,-649.641,15.2922,12.6616
562.04,769.234,15.2767,12.6593
-579.759,-259.87,15.8285,12.6591
-130.381,650.932,14.297,12.6578
-76.2989,-750.067,17.3202,12.6519
928.755,179.586,14.5405,12.6512
-559.77,-596.535,24.8805,12.6466
-380.145,901.174,16.6422,12.6466
-388.59,-800.496,12.755,12.6443
527.853,61.9924,16.9276,12.6433
358.282,772.188,14.935,12.6365
-77.2584,524.821,13.6836,12.6356
-722.557,-85.425,14.3255,12.6286
-430.315,721.313,13.7013,12.6256
686.509,654.38,16.0929,12.6255
-211.738,-797.953,12.6709,12.6254
-834.415,-710.414,16.4996,12.616
620.838,-312.426,19.5728,12.6148
-284.502,535.03,15.7673,12.6102
291.607,781.576,22.9054,12.6095
-103.977,898.067,18.1648,12.6068
70.4595,-559.739,17.15,12.6061
-784.18,360.992,12.6297,12.6052
48.4551,779.629,21.3026,12.6051
-853.153,762.932,14.3113,12.5976
575.046,-899.137,16.5734,12.596
-710.782,-337.88,15.2045,12.5937
-584.605,632.593,15.2057,12.5919
-336.213,552.839,15.8125,12.5908
-826.246,291.02,12.919,12.5901
589.486,513.938,19.9056,12.587
-600.882,-530.935,17.6303,12.5796
747.557,-148.038,13.4294,12.5747
33.9773,636.816,15.456,12.574
-318.051,922.342,13.0713,12.5641
105.256,-923.765,12.6257,12.5624
938.318,-516.774,12.8791,12.5518
846.055,-237.285,15.2733,12.5514
593.657,-191.07,37.2521,12.5495
-189.338,-733.743,14.7867,12.5456
-531.308,-499.651,17.1765,12.5357
591.393,-652.528,12.7,12.5334
-174.626,480.719,13.3437,12.5266
864.741,-768.759,13.9924,12.5265
249.981,-576.15,13.9037,12.521
186.4,-895.622,13.5147,12.5209
-846.3,456.421,20.8161,12.5174
131.737,903.038,14.431,12.517
-493.698,-326.173,18.3136,12.5125
-448.096,486.324,17.3504,12.5109
-853.787,-177.383,12.6255,12.505
-734.511,585.998,13.9747,12.4994
-82.1189,777.016,14.8784,12.4967
-6.25801,-558.014,17.7397,12.4956
-552.42,119.042,13.8321,12.4926
-809.842,-174.595,12.8363,12.4882
675.231,-794.907,12.8956,12.4852
-415.384,-832.405,17.3485,12.4837
456.281,651.555,14.681,12.4825
830.41,-903.907,13.3706,12.4757
-318.864,-493.476,16.6252,12.4742
-874.268,933.076,12.4893,12.4703
31.1759,636.719,12.667,12.4658
255.597,-722.82,18.611,12.4654
421.135,-507.928,15.1317,12.4591
-226.979,-526.495,21.6524,12.4503
15.7892,-923.485,18.9733,12.4459
544.326,301.725,15.4017,12.4369
589.282,-415.465,15.2373,12.4348
805.921,-460.573,13.729,12.428
503.101,-182.727,13.0155,12.4258
938.943,-378.743,12.9772,12.4244
377.417,-895.403,13.754,12.4208
-813.394,756.285,14.8092,12.4178
-783.736,819.02,22.1254,12.4103
-188.25,-506.208,13.2607,12.409
-107.22,-466.186,13.0986,12.4088
789.493,460.214,15.2951,12.4066
473.415,-433.99,39.2408,12.4039
498.659,91.4416,18.9737,12.4021
-763.241,-348.075,13.2332,12.4011
711.906,-180.824,13.072,12.3983
-887.456,-656.693,24.6788,12.3979
-641.577,445.012,15.7938,12.3902
261.017,-936.231,14.207,12.3775
555.125,24.8293,16.2795,12.3723
858.89,-792.557,16.4695,12.3674
-340.152,-541.38,17.6969,12.3661
853.25,595.524,18.135,12.3654
-554.897,-287.79,18.5314,12.3628
-510.117,323.868,13.4484,12.3592
-931.133,432.312,17.6362,12.3582
662.997,890.529,13.0128,12.3534
-921.682,-602.009,26.9245,12.3532
-597.142,335.508,15.9771,12.3532
138.612,729.335,16.2671,12.3468
-415.405,635.55,14.4729,12.3453
591.638,553.458,14.083,12.345
-29.581,706.919,18.8131,12.3431
570.847,-64.9745,13.0608,12.3394
714.08,172.767,15.5457,12.3386
660.118,-677.98,18.4621,12.331
47.1693,-829.52,12.5411,12.3301
-4.51634,718.996,13.1727,12.3257
902.006,937.269,17.1895,12.324
466.758,153.644,12.892,12.3228
-858.263,-523.479,12.569,12.3157
-131.854,900.333,13.3521,12.3138
-900.816,-111.628,14.992,12.3121
-853.925,769.723,19.4182,12.3076
440.88,844.082,17.5501,12.3067
147.165,-534.587,13.6749,12.3054
-364.967,-744.591,12.8873,12.3014
-577.315,-268.698,14.8396,12.2975
40.4778,-542.109,14.5419,12.2973
-67.6611,-896.417,13.9695,12.2972
-925.945,741.922,19.5327,12.2911
349.203,518.062,23.0569,12.2894
795.647,-837.758,13.866,12.2884
696.287,-569.12,19.6075,12.2868
-547.971,-895.676,16.7823,12.2794
36.8344,667.755,12.8251,12.2755
-505.182,-352.86,17.6856,12.2733
-629.392,-113.087,13.0604,12.2623
204.83,531.886,22.4835,12.26
820.64,142.535,13.061,12.2525
-418.718,-550.796,14.5592,12.2497
-451.474,517.811,86.5604,12.2495
568.685,740.133,17.0133,12.2455
520.645,534.465,24.4144,12.2401
-40.5582,907.524,12.6508,12.2322
-533.221,-64.0755,12.3994,12.232
-47.188,-928.497,25.5878,12.2297
738.747,-691.417,14.5514,12.2287
446.733,-618.476,13.7433,12.2262
-486.457,129.342,15.9506,12.2215
-925.755,577.119,14.0913,12.2192
-564.527,-667.648,12.8725,12.2183
706.144,-112.462,12.6727,12.2157
-287.239,-782.063,15.6035,12.2156
-762.535,-863.021,12.7458,12.2143
850.07,270.237,12.2899,12.2131
30.3729,868.759,16.1419,12.2122
488.953,-110.801,17.1196,12.2092
74.2937,474.319,14.786,12.2086
-924.247,-355.324,18.3362,12.2011
887.718,-824.908,19.6049,12.2002
687.506,-701.504,15.176,12.1939
-498.172,-248.031,15.8534,12.1928
488.938,-782.515,20.9317,12.1926
538.381,876.813,12.854,12.1916
69.1572,872.276,13.7703,12.1908
-579.242,-33.3889,12.229,12.1902
-668.829,66.8775,14.4303,12.1859
902.455,662.347,19.0694,12.1715
-685.396,320.363,23.1889,12.1622
389.103,-671.397,13.8182,12.1617
-165.544,510.297,26.8798,12.1463
-570.727,125.643,13.9188,12.1425
464.537,435.153,15.5002,12.1378
363.147,911.462,14.1178,12.136
760.051,-389.937,12.4392,12.1345
-178.818,790.551,15.1198,12.1322
70.7235,565.202,16.6935,12.1279
473.572,-293.749,16.7354,12.122
592.597,67.765,20.0866,12.1215
-273.402,704.28,12.7308,12.1204
544.996,448.608,12.9345,12.12
-514.499,831.384,19,12.1191
900.979,928.447,12.3712,12.1173
-144.031,796.808,12.5553,12.1119
27.6769,-522.685,17.9812,12.1088
652.537,944.308,12.6523,12.1073
-506.142,-662.578,13.254,12.0922
-752.698,901.585,16.3497,12.092
505.031,749.406,12.6128,12.0881
-413.476,924.733,19.1822,12.0833
-898.757,-426.781,17.6275,12.0787
-475.376,871.473,14.6223,12.0721
-675.153,773.92,12.8992,12.0711
-738.993,-821.185,14.4591,12.0699
-352.389,681.146,16.4758,12.0637
-815.371,346.235,17.0295,12.063
923.083,-360.685,27.1406,12.0625
72.3756,487.636,14.0844,12.0598
-801.326,-865.366,16.2618,12.0586
-658.511,-877.236,17.485,12.0579
-652.272,-112.079,14.6286,12.056
-882.434,154.722,12.1686,12.051
-807.002,-250.065,14.3004,12.0448
799.072,-407.89,12.7215,12.0412
26.3867,614.694,13.5592,12.0399
688.812,681.035,23.9033,12.0392
-391.2,-529.136,15.5235,12.0333
-712.864,503.171,36.5336,12.0248
-592.08,-176.893,19.7996,12.0244
572.982,-435.715,15.1365,12.0189
889.503,-588.66,12.4645,12.0113
435.111,522.357,14.4698,12.0099
-433.388,-835.746,18.0811,12.005
111.16,678.163,22.1458,12.0025
891.006,-584.468,15.5758,12.0016
-230.064,-534.229,18.3363,12.0006
-483.093,23.2619,12.0592,11.9984
-629.415,111.843,21.2762,11.9972
-905.056,-111.27,12.0405,11.9906
-895.759,-890.254,18.4951,11.9896
626.638,-88.6728,12.0179,11.985
905.889,-860.614,15.1618,11.9843
-707.627,-151.413,12.5056,11.9717
-4.85348,478.461,12.2631,11.9612
-287.171,-925.147,12.0869,11.9606
-451.927,-842.539,12.8648,11.96
326.102,-554.843,13.0383,11.9582
207.764,-576.494,21.5023,11.9563
-49.6584,896.039,13.9171,11.95
714.642,-405.588,20.2882,11.9463
363.57,941.464,12.1843,11.9424
-767.513,449.154,13.9453,11.9392
913.218,-534.303,14.4308,11.9386
341.621,-519.292,12.1961,11.938
-614.65,433.889,12.0205,11.9361
-456.935,-825.784,13.2016,11.9285
145.554,-691.361,14.3835,11.9215
-226.138,787.658,13.5789,11.9201
-491.762,-91.8041,14.4652,11.9133
-768.077,891.609,23.8545,11.912
-36.5981,-717.306,12.4721,11.9114
-657.953,142.846,12.1437,11.9033
23.8919,-873.85,12.6902,11.9022
350.756,-798.709,13.6541,11.9017
437.187,-718.607,11.9807,11.8968
-767.043,-812.581,12.9522,11.8906
-829.391,540.146,14.3241,11.8888
-847.113,-642.715,11.8929,11.8887
738.875,-165.399,15.7456,11.8869
719.957,-881.718,14.8528,11.8855
754.738,-552.627,13.1338,11.8642
118.597,-470.759,12.5645,11.8634
515.378,188.809,12.1285,11.8632
239.54,925.284,16.6015,11.8488
-756.577,-322.137,12.0705,11.8468
-478.552,470.995,12.592,11.8416
-530.049,-712.488,47.8484,11.8408
480.55,-283.056,12.293,11.8401
-844.05,527.11,11.8989,11.8303
-236.306,-680.581,16.3459,11.8277
-381.718,532.665,13.862,11.8123
-281.4,847.162,16.5662,11.8101
-907.572,130.743,13.1666,11.7984
558.383,774.503,15.9111,11.7929
913.507,909.456,14.5641,11.7914
922.76,-139.598,17.835,11.7846
-116.678,-493.362,17.2575,11.7796
244.527,-851.293,11.8071,11.7777
-567.998,-675.959,13.5519,11.7709
-442.145,775.608,15.4958,11.7698
900.725,715.39,13.9959,11.7675
715.666,-472.193,15.2764,11.7604
-582.264,-446.486,13.6964,11.7582
530.907,269,12.183,11.7575
-824.931,90.9658,12.3751,11.7574
36.3881,472.759,12.1421,11.7561
665.632,-215.939,11.9843,11.7559
49.3367,640.84,12.2816,11.7532
-876.317,224.494,14.543,11.752
563.57,-893.567,12.8614,11.7515
-884.065,-220.653,13.2292,11.751
39.8408,-479.803,14.1261,11.7504
141.707,895.458,12.5576,11.749
-785.178,-605.97,13.5252,11.7482
806.121,-272.683,13.2684,11.7476
-364.087,608.947,13.3502,11.7465
510.975,344.795,18.0019,11.7464
-554.517,-180.186,12.3999,11.7439
-72.0389,534.09,20.5773,11.74
624.743,-438.273,21.2659,11.7395
-764.479,883.736,22.2893,11.7366
560.08,173.344,12.6488,11.7343
684.376,872.415,12.0012,11.7304
86.1765,-892.874,21.5944,11.7281
834.933,-329.049,16.6477,11.7235
-619.595,-776.574,17.9359,11.7218
-539.702,484.407,20.4898,11.7207
9.30928,899.005,18.3929,11.7202
864.177,357.004,13.5055,11.7145
-154.507,-807.97,13.2045,11.7142
-926.747,563.723,14.9584,11.7139
-835.82,-201.439,13.9229,11.7082
-561.764,603.672,12.162,11.7054
331.275,482.11,16.5627,11.7042
-283.784,-650.83,11.9694,11.6971
-408.001,504.653,13.7354,11.697
685.295,-103.572,13.2115,11.6885
670.753,-931.216,14.6245,11.6885
-903.597,657.843,13.0001,11.6862
-591.505,181.583,11.8477,11.6811
-907.602,127.398,12.553,11.6759
-882.302,-940.866,13.5815,11.6744
-353.674,-560.578,14.8722,11.6688
866.811,656.088,12.5216,11.6656
-11.7704,-492.08,12.9768,11.6646
537.445,-64.8318,16.4046,11.6645
604.845,-75.2903,13.3761,11.6603
-359.779,842.66,14.2919,11.6599
53.9518,667.845,21.548,11.6478
231.122,872.244,13.8555,11.6468
734.459,-511.161,12.7172,11.6466
-938.664,-444.989,15.2153,11.643
-833.072,190.507,15.4648,11.6395
547.502,844.214,13.8803,11.6383
-667.071,632.658,12.2259,11.636
-898.803,-537.546,17.5681,11.6342
-813.772,-695.441,13.9253,11.6329
-268.005,-689.058,11.9466,11.6328
-111.776,-781.303,11.8302,11.6295
707.386,-435.172,15.3452,11.6286
-833.102,-642.473,15.4134,11.627
-548.29,-381.594,14.2483,11.6268
-684.708,-160.942,12.5834,11.626
935.273,432.787,14.257,11.6237
-628.374,-792.292,13.8472,11.6187
-523.252,540.319,14.5432,11.6174
-356.815,683.565,13.7566,11.6165
-851.353,150.447,16.1369,11.6105
-805.751,133.948,12.5245,11.6013
-508.5,-483.515,12.4163,11.6011
-805.587,824.389,14.0536,11.6005
-822.801,8.73645,20.71,11.6003
-57.0772,821.004,12.8103,11.5954
-934.124,-643.111,16.7936,11.5948
760.314,15.9003,13.7698,11.5876
-82.9983,889.974,11.6623,11.5869
-860.557,373.154,12.3911,11.5863
926.159,-691.024,17.6841,11.5848
-698.255,723.321,12.0869,11.5809
-601.64,418.668,15.7889,11.5804
-420.245,-606.295,14.9601,11.5792
40.6699,789.612,14.3361,11.5744
-796.484,-716.918,13.8863,11.5715
385.963,-531.086,13.7251,11.5617
-799.999,-559.47,13.0788,11.5612
911.601,434.519,14.4754,11.5591
-556.629,342.944,11.8335,11.5558
407.015,-653.367,11.8699,11.549
784.846,-122.774,25.1719,11.5484
-897.712,838.406,16.2053,11.5476
-23.1689,699.746,12.4786,11.547
-549.336,124.522,11.9254,11.5468
-651.858,-859.203,12.0603,11.5395
536.176,-432.985,11.5612,11.5361
-594.555,-669.111,18.0482,11.5317
763.329,-863.939,13.1665,11.5221
-756.715,-584.85,38.5231,11.5217
278.569,624.924,16.0697,11.5215
-61.4512,-824.987,12.1529,11.5198
508.897,-3.44185,11.7505,11.517
726.486,-282.786,11.595,11.5164
-475.855,-153.743,13.0611,11.5153
572.966,-428.671,12.5014,11.5112
517.532,778.908,21.7722,11.51
-8.5406,619.132,11.8087,11.5082
227.931,872.928,11.5369,11.5077
-586.572,574.408,19.4227,11.5044
870.693,185.158,13.6739,11.5021
-126.956,-740.816,17.7755,11.4952
708.87,370.444,12.4728,11.4936
-171.477,-828.404,11.5927,11.4932
-467.974,-735.462,43.187,11.4842
-106.926,-808.398,15.9617,11.4816
-268.861,570.611,19.4035,11.4809
416.391,-812.881,11.6253,11.477
-752.855,414.25,28.4449,11.4763
669.009,613.874,15.5233,11.4668
-788.672,780.427,13.5698,11.463
-98.7351,-667.691,11.7873,11.4567
-115.614,-651.801,12.4491,11.4554
754.001,841.394,31.3051,11.4541
-805.002,394.977,17.8721,11.4538
-640.22,198.313,16.7743,11.4532
915.021,835.561,11.5118,11.4505
385.742,-808.929,16.3766,11.4501
-258.038,-746.003,62.9013,11.4441
-866.179,-142.219,11.5218,11.444
-606.017,-833.985,13.4154,11.4416
-308.179,-488.338,15.5679,11.435
717.695,-900.131,16.2497,11.4339
-808.921,840.253,15.8817,11.4328
-891.357,596.861,12.0701,11.4328
890.648,307.583,13.2794,11.4249
532.753,-14.4071,14.9323,11.4198
140.69,-459.614,17.3942,11.4196
765.644,79.3588,12.3964,11.4161
805.936,697.415,13.3344,11.4156
828.357,87.9002,17.3076,11.4128
336.193,800.879,12.358,11.4092
712.107,-638.107,12.3114,11.4082
-423.43,579.062,13.3508,11.403
-302.23,509.339,12.0171,11.4026
599.037,269.843,12.0437,11.4009
879.905,149.461,13.2492,11.3974
-874.607,697.347,11.4841,11.3938
339.587,879.518,20.4949,11.3918
-749.609,135.008,13.556,11.3849
-159.563,595.062,12.5312,11.3832
-331.445,878.156,15.027,11.3822
139.39,900.806,27.5327,11.3789
-729.38,367,15.9802,11.3754
52.8229,662.107,15.5199,11.3731
487.572,-3.18406,16.1504,11.3729
449.948,-719.086,12.6931,11.3704
-665.905,-417.384,16.9326,11.3699
-895.14,-97.1543,18.2487,11.3664
699.387,19.9718,13.0075,11.3618
-524.34,-794.283,18.5868,11.3595
-712.043,-187.098,13.0995,11.3589
-509.067,304.338,13.5394,11.3519
171.606,625.818,12.0967,11.3505
492.862,139.868,13.6685,11.3444
-700.178,429.053,12.0285,11.3393
586.632,-563.467,12.7645,11.338
648.977,458.795,11.4938,11.3377
492.412,182.202,12.1471,11.3372
74.2092,712.196,17.906,11.3362
768.266,-654.444,12.0158,11.3356
-113.139,877.623,12.6026,11.3351
-269.102,694.851,14.465,11.3304
-308.365,-544.664,21.8006,11.3293
510.793,109.481,12.4186,11.3183
-89.5373,-596.245,23.3745,11.3157
275.583,-870.494,11.9631,11.312
903.154,-145.206,12.7669,11.3096
924.138,-498.388,19.1672,11.3089
127.708,-575.157,12.7919,11.3088
509.084,-61.3299,12.9573,11.3059
252.555,-479.889,13.0996,11.3012
-404.146,619.787,13.2642,11.2987
72.647,867.324,12.7284,11.2985
-66.4868,-669.128,14.7772,11.2965
-326.915,-836.588,15.5478,11.296
-378.503,-901.565,11.8437,11.294
-871.584,-337.107,19.2308,11.2927
-428.607,-546.481,11.8366,11.2892
184.046,596.386,16.5005,11.2882
642.439,716.013,12.4857,11.281
201.095,-923.766,18.1698,11.2804
684.627,201.561,23.6011,11.2755
565.381,613.53,11.4984,11.2752
-680.686,0.715272,17.679,11.2746
80.395,-680.303,15.7043,11.2725
900.377,641.546,11.7881,11.2724
-833.294,580.268,11.6907,11.2716
-274.622,-839.067,13.0778,11.2698
721.354,-227.111,11.8982,11.2695
-519.238,-211.989,15.236,11.268
872.649,-152.689,15.4413,11.2652
469.527,886.684,12.4601,11.2639
661.278,362.715,13.5337,11.2615
804.092,-196.006,12.0108,11.2579
-717.993,64.0322,11.5243,11.2572
188.058,841.907,13.5718,11.2545
-145.308,783.605,13.4631,11.2531
-824.486,-855.174,13.901,11.2513
327.709,484.492,14.1307,11.243
485.557,-191.112,11.2858,11.2426
582.943,-385.98,16.2616,11.2421
251.189,658.982,14.1659,11.2411
-855.608,-805.891,11.2733,11.2409
-159.404,-619.32,15.6902,11.2399
-875.12,-760.9,14.3286,11.2394
-14.7036,-895.764,13.2755,11.239
-631.213,-540.853,12.2088,11.2365
-218.191,-560.794,13.7371,11.2354
46.9688,-813.719,11.9034,11.234
407.065,-508.496,11.584,11.231
-623.046,-41.7291,12.3916,11.2292
656.684,-419.262,18.8921,11.2281
431.844,-923.826,12.8267,11.228
800.588,-130.227,11.5931,11.2247
141.051,944.344,12.1293,11.2234
-715.179,798.9,12.6012,11.2233
-664.394,159.055,13.9559,11.2231
871.403,-286.935,11.3738,11.2211
12.1247,470.471,14.2418,11.2199
-270.483,862.766,12.1264,11.2197
20.9056,819.826,19.1938,11.218
-720.383,-602.265,12.2714,11.2178
754.139,-781.484,11.2723,11.2176
-578.931,-159.853,11.4762,11.2154
716.572,-524.714,17.037,11.212
943.604,346.649,12.5458,11.2119
-698.071,673.613,12.7458,11.211
595.551,457.303,12.4407,11.2027
99.7294,-889.252,11.2368,11.2026
-482.277,-249.012,19.0729,11.2
-703.937,-683.745,12.1779,11.1973
-220.335,-831.42,16.4124,11.1959
-440.105,542.61,15.7784,11.1959
-516.354,657.663,13.3706,11.1955
785.477,0.0874431,11.3098,11.1955
131.113,531.254,12.6443,11.1933
256.64,-749.494,12.5561,11.1916
-554.009,-856.171,13.3768,11.1873
-224.101,-487.856,12.5591,11.1837
589.775,434.127,11.4558,11.1815
567.704,343.754,16.9855,11.1793
17.6985,-838.204,12.0652,11.1748
529.295,-853.171,26.7038,11.1735
510.208,640.195,12.879,11.1676
835.504,-148.449,11.1911,11.1658
-525.354,11.6648,14.4352,11.1638
-275.006,-807.899,11.3637,11.1634
-545.661,503.645,11.385,11.1606
722.944,484.304,12.7508,11.1564
877.599,-402.029,13.7386,11.1557
430.85,-524.131,16.3541,11.1525
-706.214,-323.429,11.6172,11.1498
567.907,618.238,11.1889,11.148
-909.259,-449.363,11.1933,11.1425
-310.042,-700.81,17.2498,11.1373
-245.559,721.601,11.1703,11.1354
699.967,-271.825,26.5721,11.1332
156.5,730.915,12.211,11.1323
-711.612,450.233,11.4031,11.1262
-721.332,-541.587,13.3353,11.1257
-528.523,496.249,11.7248,11.1225
-340.613,543.815,16.8541,11.1221
-816.515,-542.048,12.5124,11.1198
-794.268,59.3639,14.1363,11.1185
164.577,933.498,15.1642,11.1169
493.669,59.3603,14.8536,11.115
-450.487,-726.418,11.1583,11.1145
936.245,221.382,14.5257,11.1145
23.3686,599.308,14.2432,11.1124
579.328,556.042,14.0331,11.1122
-542.288,374.856,13.4774,11.1121
565.761,233.094,16.4176,11.1078
5.94553,-600.51,11.5185,11.1061
-529.662,-829.086,11.7801,11.1059
-899.269,-747.787,14.1156,11.1056
861.228,886.82,13.1039,11.1052
-841.512,-204.913,32.436,11.1028
550.992,-203.553,11.1462,11.1002
-172.114,845.817,11.2717,11.0937
-435.938,-751.929,12.1376,11.0886
198.589,626.413,14.7237,11.0881
597.096,707.88,11.3766,11.0844
-599.358,827.515,12.6234,11.0843
792.841,312.318,12.2229,11.0789
-805.902,682.818,15.6404,11.0768
433.9,735.732,12.5964,11.075
920.239,323.973,11.5803,11.0746
-613.013,301.957,16.3832,11.0694
651.296,-504.53,16.7475,11.0676
-515.717,68.2242,12.1282,11.0675
-369.045,-762.903,12.9136,11.0671
918.778,180.797,15.1315,11.0666
897.441,627.459,11.1767,11.065
501.676,820.426,15.9371,11.0631
803.059,757.174,19.0721,11.062
-114.881,834.294,12.3894,11.0614
659.756,-884.206,12.435,11.0614
502.89,230.876,13.5621,11.0612
887.116,-794.397,12.0655,11.0603
-579.512,277.594,11.3682,11.0596
-282.365,-718.575,11.1559,11.0561
142.609,-814.143,11.2801,11.0538
-687.001,658.565,11.1444,11.053
-689.701,236.069,11.3088,11.051
-474.253,-179.625,11.3779,11.0501
355.663,-529.896,18.4749,11.0501
180.345,583.439,11.4373,11.0488
-858.713,827.179,16.0673,11.0484
364.062,675.379,11.6245,11.0478
769.006,-536.252,11.229,11.047
437.592,-657.363,19.4002,11.0461
-791.932,-584.932,14.9395,11.0408
-378.485,-583.734,13.4782,11.0395
-872.015,-590.374,13.0784,11.0363
504.167,540.01,13.7825,11.036
347.077,813.018,11.6822,11.0358
-301.057,905.383,11.9555,11.034
385.853,-530.406,22.1668,11.0339
-547.043,-699.674,14.3321,11.0296
917.899,24.5692,12.1905,11.0285
817.571,-815.512,12.0356,11.0283
-262.767,-520.959,11.9917,11.0273
-216.162,890.082,11.8763,11.0267
-533.199,288.622,11.0549,11.0255
-759.278,715.862,13.2184,11.0244
-593.42,543.884,11.3929,11.0242
646.261,313.521,11.2103,11.02
289.095,465.26,15.0471,11.0196
-702.86,-0.287327,12.7351,11.018
799.829,-609.525,14.6295,11.0169
761,-302.753,11.1229,11.0146
663.945,338.264,23.485,11.0123
627.09,632.544,12.5554,11.0116
819.296,5.00883,13.3146,11.0111
-322.216,-820.351,13.292,11.0085
-923.214,-113.869,11.3527,11.0063
-41.9338,569.214,12.0851,11.001
455.621,-631.428,12.8824,10.9993
-377.331,-875.195,14.6267,10.9991
-205.831,481.878,17.8296,10.9972
666.295,-675.001,11.2497,10.995
-624.132,249.508,12.205,10.992
-804.109,-572.525,15.4852,10.9912
-398.64,-780.725,11.5841,10.991
-792.217,143.925,16.4814,10.99
-706.565,786.13,11.0301,10.9891
498.827,-290.584,11.0762,10.9885
529.475,-10.9253,16.2892,10.9864
-635.229,-157.594,11.6098,10.9843
519.074,542.1,15.7228,10.9837
-484.168,-487.528,11.1195,10.9827
-743.273,-670.022,11.7085,10.9806
25.802,-680.505,11.3488,10.9776
481.911,173.513,12.693,10.9762
800.003,-101.664,11.4692,10.9738
-174.631,574.269,11.1735,10.973
-297.755,641.942,21.2773,10.9725
275.919,500.197,15.6,10.9718
861.327,69.8017,13.7708,10.9705
-893.848,-347.319,14.6772,10.9691
111.4,589.317,19.466,10.9666
587.933,909.737,11.6312,10.9662
873.272,-647.603,17.7185,10.9638
648.497,868.882,11.7941,10.9632
216.304,-695.198,14.2071,10.9599
-2.39082,-598.161,11.0305,10.9591
-516.652,-757.507,20.0644,10.9565
-719.012,942.729,13.9041,10.9535
782.796,-309.577,11.5985,10.9527
-145.488,806.924,11.4572,10.9522
924.404,-184.005,11.1286,10.9456
-717.015,402.42,15.9698,10.9443
566.649,84.3686,12.7612,10.943
528.935,700.429,11.6822,10.9425
-197.343,-791.035,15.0223,10.9422
407.453,-679.314,15.2318,10.9414
-619.89,-84.6794,11.9959,10.939
624.149,-362.212,13.0945,10.9387
-869.794,-816.232,10.9765,10.9386
-583.934,-84.2526,11.6037,10.9354
572.19,457.335,14.9745,10.9354
694.579,-853.091,11.9787,10.9353
-795.857,126.957,12.0788,10.9353
910.568,196.558,11.0317,10.9343
485.89,371.519,11.7697,10.9341
325.794,-929.981,14.9971,10.934
-851.977,151.419,17.3649,10.934
-846.306,-663.281,15.5594,10.9308
-563.196,236.706,12.5808,10.9297
-8.74536,-572.219,11.4909,10.9245
-936.814,658.228,11.9659,10.9237
-736.726,218.673,11.1331,10.9219
-600.629,-378.863,11.7543,10.9202
778.397,-880.153,11.7846,10.9199
-324.745,476.406,14.3979,10.9186
-245.414,-749.133,12.9007,10.9165
-557.325,-97.3659,19.2917,10.9163
-140.604,817.064,11.1275,10.9128
202.074,-755.544,12.1495,10.9116
-24.2823,892.341,14.6433,10.9109
512.256,-197.498,12.6503,10.9102
74.001,-857.974,15.4672,10.9101
-627.312,112.956,12.0358,10.9096
-106.259,-703.547,12.2479,10.9084
452.676,-795.584,21.214,10.9049
611.324,-654.98,11.6941,10.9015
811.894,-445.359,15.2873,10.8969
-484.771,-946.359,10.9573,10.8966
-250.048,811.431,19.9923,10.8955
-337.591,675.626,14.6179,10.8952
-611.72,-291.932,12.4228,10.8936
671.297,-616.225,11.2827,10.8922
-84.9532,-906.625,11.1129,10.8922
108.009,-769.448,15.5309,10.8917
-895.933,-367.26,17.2708,10.8907
-337.339,487.406,11.5503,10.8905
-334.911,509.982,10.9351,10.8902
854.162,679.249,12.8242,10.8901
-616.537,-773.682,16.9972,10.8872
876.641,812.679,12.1934,10.8862
-52.7066,-780.633,15.1581,10.8854
-830.791,-813.495,11.4866,10.8854
643.494,34.755,11.7245,10.8841
106.46,709.992,12.8681,10.8808
578.531,-593.932,11.1921,10.8798
-899.209,471.56,12.5084,10.8765
677.704,659.886,23.1619,10.8751
-627.012,-662.128,11.2359,10.8737
574.038,-765.42,17.9452,10.8715
747.278,194.144,11.32,10.8665
663.165,-627.709,15.5055,10.8645
-511.024,171.429,11.3716,10.8645
720.453,155.684,12.0132,10.8634
524.941,-541.38,11.2171,10.8612
91.6038,-773.799,10.918,10.8608
-587.343,218.286,11.2472,10.8608
-616.792,-353.525,11.4255,10.858
824.314,596.312,11.8946,10.8576
-56.1161,776.175,11.003,10.8511
-360.124,-727.541,11.3779,10.8462
795.578,-822.972,11.2105,10.8453
-528.941,-197.004,11.5114,10.8437
-862.256,17.1269,11.1354,10.8396
832.198,-522.433,19.9592,10.8392
126.514,577.577,44.7661,10.8366
149.428,939.137,11.7058,10.8361
695.712,684.102,11.8977,10.8355
399.917,749.372,11.8299,10.8354
630.976,-553.757,11.0443,10.834
-293.775,726.572,11.3238,10.8288
876.895,200.784,18.6956,10.8278
-758.207,-859.907,17.5748,10.8278
831.062,-1.27709,11.1269,10.82
-746.567,41.5303,11.0772,10.8181
641.339,937.537,11.227,10.8181
367.002,-596.256,12.583,10.8145
861.307,-281.629,11.2136,10.8116
507.21,-127.315,11.0315,10.8109
769.511,-376.187,10.8381,10.8092
-919.985,-139.948,15.7164,10.8062
28.8186,-626.446,11.8911,10.8058
20.6622,-664.998,11.6952,10.8058
853.499,524.74,19.9191,10.8042
361.303,-513.607,11.964,10.8022
-46.4826,-776.201,11.0712,10.8017
582.051,547.647,13.2218,10.8002
594.138,102.043,10.9972,10.7986
-238.636,-740.984,11.2197,10.7944
-166.665,-938.656,11.8581,10.7931
-737.329,736.861,11.0349,10.7911
822.616,-602.243,13.1118,10.7908
-127.87,921.322,10.9816,10.7903
771.501,282.391,13.4906,10.7872
-803.283,795.16,12.2178,10.7857
314.508,-887.689,16.9734,10.7844
-191.67,-905.087,12.0213,10.7841
474.926,478.646,20.2493,10.784
-798.223,805.347,14.4585,10.7827
-242.353,-668.297,13.4628,10.7825
-943.135,-62.7132,11.3129,10.782
-698.927,-296.145,36.0654,10.7796
-334.764,-566.151,12.2092,10.7791
660.334,-356.587,13.2042,10.7766
-141.759,-577.502,11.977,10.7751
-474.207,585.023,11.7571,10.7731
325.45,-791.329,11.3749,10.773
906.925,345.209,21.8796,10.772
-491.224,-273.083,14.2873,10.7702
475.983,611.188,11.2329,10.7694
491.979,-897.08,31.6241,10.7681
431.918,-629.863,10.9456,10.7678
755.911,573.281,12.1442,10.7676
729.623,-747.521,11.3496,10.7672
-801.869,-816.787,10.8054,10.767
866.167,759.991,11.6569,10.7653
-909.962,662.972,15.3264,10.7652
-289.7,-649.929,10.8574,10.7646
808.411,-715.643,22.3058,10.7634
-365.743,739.672,11.4049,10.7619
719.226,355.005,13.7967,10.7606
182.277,513.19,12.0598,10.7598
-577.947,-719.192,11.2007,10.759
350.492,-512.44,18.1985,10.7549
3.15954,-442.353,12.7536,10.754
-348.438,-565.813,11.431,10.7537
440.977,848.346,11.2174,10.7526
451.222,-603.883,15.7389,10.7497
539.019,-352.499,11.4725,10.7486
527.196,-618.651,21.2984,10.7474
102.665,485.669,43.3471,10.7474
-436.343,806.724,18.3815,10.7448
-840.01,-731.303,10.9253,10.7444
21.5229,-805.31,10.9229,10.7443
832.098,574.331,11.1075,10.7442
-475.528,844.59,11.0323,10.7422
619.865,-381.768,10.9251,10.7418
831.718,862.783,11.5122,10.7415
-15.6689,625.176,12.9642,10.7412
534.397,283.657,10.9341,10.7396
708.12,-57.8376,15.1414,10.7381
305.472,-651.831,11.0764,10.7378
921.571,-488.684,12.0487,10.7344
565.982,-178.481,11.0257,10.7343
-566.022,861.813,10.8966,10.7326
753.49,-143.772,12.5872,10.7292
-760.76,564.052,12.196,10.725
-637.69,620.401,11.3327,10.7246
-199.309,-492.26,11.1477,10.7224
-755.999,-372.184,10.8444,10.7193
873.969,-70.5396,17.9937,10.7191
563.465,261.376,12.9082,10.7126
-880.821,242.849,18.9613,10.7108
-543.493,-277.966,12.025,10.7105
-772.001,-184.142,11.2288,10.7088
-370.174,492.733,10.8672,10.7087
-72.2285,-693.308,10.9527,10.7075
909.797,-73.0199,10.9546,10.7063
664.309,-255.187,10.7602,10.7053
-698.686,609.277,11.4991,10.7053
-773.497,495.976,22.0983,10.7049
-593.854,-576.786,11.0163,10.7042
-322.065,805.102,20.7722,10.7033
-699.194,687.579,10.7496,10.7032
-659.523,515.191,11.0232,10.7031
710.254,-643.551,11.0392,10.7023
336.02,827.077,13.1583,10.7014
447.183,767.877,10.7424,10.7005
-265.13,782.433,14.8139,10.6991
372.18,-626.35,11.2269,10.6951
547.188,-748.067,10.7961,10.69
847.308,-406.461,11.2449,10.6871
743.85,769.89,12.1979,10.687
-510.631,661.226,19.2843,10.6863
-766.306,825.689,12.6639,10.6857
-526.867,578.508,10.9928,10.6843
802.304,247.151,10.9079,10.6831
829.839,543.613,10.801,10.6827
292.305,926.036,11.2687,10.6809
139.27,-680.893,10.7857,10.6785
38.4447,658.05,11.5724,10.676
909.817,906.334,21.1328,10.6747
653.103,620.937,11.0623,10.6736
870.3,219.385,14.9813,10.6725
-713.553,721.123,13.4914,10.6665
-916.889,877.682,10.7776,10.6642
-896.685,64.0567,10.9568,10.6636
54.6862,662.991,11.0557,10.6626
107.042,801.413,11.0783,10.6614
-698.434,920.677,12.1703,10.6612
735.393,99.6111,13.7933,10.6599
796.445,342.038,14.0853,10.6594
252.443,-713.072,12.6417,10.6591
777.004,-141.497,11.2061,10.658
865.957,71.1231,14.7003,10.6575
-25.664,-871.008,12.9242,10.6571
302.898,-856.636,10.9627,10.6559
-372.708,-899.985,11.7094,10.6542
627.541,164.76,13.679,10.6535
778.978,299.826,10.9731,10.6518
79.7566,-521.326,25.1725,10.6517
687.847,810.609,10.9604,10.6484
571.237,-51.8642,10.6878,10.6464
-928.31,-717.69,13.0796,10.646
665.49,572.677,10.6659,10.6444
609.262,10.5998,11.2088,10.6432
640.397,-578.824,10.7242,10.6429
524.508,-888.751,12.9915,10.6425
-581.641,272.073,10.8336,10.6419
585.799,35.5589,10.7719,10.6419
738.92,329.522,11.1337,10.6401
-810.578,444.547,13.1793,10.6389
555.874,-156.955,10.7919,10.6377
-620.146,-228.412,10.7878,10.637
-828.651,317.372,13.8773,10.637
-302.411,-842.942,10.9381,10.6349
-550.827,-634.472,11.275,10.6338
72.096,-784.756,10.7981,10.6334
487.212,-586.2,19.3964,10.6306
252.855,583.29,12.5067,10.6283
-204.495,-731.357,15.0259,10.6266
503.69,-560.429,12.6646,10.6258
-814.612,-229.985,11.6854,10.6249
-300.441,-622.045,10.683,10.624
-641.958,-113.263,11.0633,10.6238
888.895,930.921,10.7524,10.623
889.668,321.212,12.1286,10.622
-845.726,-117.04,12.5347,10.6218
453.198,752.507,10.9452,10.6213
-850.177,932.083,11.016,10.6211
116.186,813.071,11.098,10.6211
-227.474,519.816,11.7577,10.6194
-826.519,445.028,10.9833,10.6187
692.435,-128.026,10.7879,10.6165
-538.517,-876.648,15.4268,10.6158
902.883,81.979,12.4218,10.6152
815.564,-77.3548,14.3361,10.6117
-833.357,308.495,11.0123,10.6114
9.36697,-444.903,11.094,10.6096
708.614,368.826,10.6922,10.6088
-344.659,509.188,12.3747,10.597
628.542,-941.751,10.6148,10.5961
-629.443,785.604,13.6404,10.5958
-485.372,-771.96,11.5866,10.5949
-896.738,114.035,10.9495,10.5948
899.4,-738.227,22.4442,10.5945
309.092,920.492,12.9544,10.5928
561.426,558.722,11.1225,10.5918
759.035,505.129,14.8451,10.5915
-490.504,306.264,14.1543,10.5913
0.980498,764.524,13.1936,10.5911
808.132,-42.0927,12.5633,10.5892
487.573,118.005,10.8762,10.585
-393.892,508.232,11.7651,10.5843
-729.072,912.834,10.7023,10.5831
883.686,-279.773,10.9733,10.5828
-194.411,478.356,10.7653,10.5828
-766.365,210.128,10.5895,10.5821
695.959,678.9,10.6747,10.5816
777.827,30.2674,11.1626,10.5815
-617.764,-717.947,11.0573,10.5811
-782.526,562.422,11.6878,10.5807
-500.199,707.41,17.0863,10.5794
121.695,710.407,19.7563,10.5785
-707.51,876.65,12.6188,10.5784
26.6026,-635.253,12.6681,10.5781
394.962,781.592,10.7108,10.5778
444.233,681.907,10.797,10.5771
-528.358,-597.539,11.1702,10.5751
670.806,580.012,11.964,10.5749
-503.197,-854.608,13.967,10.5727
-598.46,901.609,11.7406,10.571
153.131,-899.222,11.0737,10.5709
111.22,-644.413,13.044,10.5698
-442.582,495.192,10.7884,10.5671
408.004,-533.86,17.1645,10.565
-922.468,-470.943,11.4787,10.5622
743.142,601.578,10.8768,10.5604
-127.367,803.199,10.7591,10.5601
-518.871,-938.967,10.862,10.559
129.359,-498.876,11.4839,10.5579
543.816,-209.98,13.5395,10.557
764.544,509.718,11.1558,10.5569
754.551,433.995,10.8319,10.5561
626.331,218.156,12.8282,10.5486
-341.011,-911.25,12.0136,10.5484
-618.336,841.454,10.7411,10.5458
557.354,-676.652,10.6323,10.5454
30.9254,-468.243,11.7367,10.5448
-752.704,-866.479,10.5533,10.5446
21.807,-808.698,10.6572,10.5446
43.0618,-667.324,11.0621,10.5446
-529.281,235.313,11.5235,10.5442
-882.239,878.801,10.6577,10.5438
-687.261,-507.625,10.5998,10.5432
577.187,31.1402,37.5105,10.5432
207.152,-718.934,10.8958,10.5431
-719.035,689.765,11.188,10.5415
573.588,648.686,14.5254,10.5402
3.44147,-574.45,21.9288,10.5398
-913.762,751.599,10.7243,10.5396
-923.341,-481.929,20.2713,10.5374
533.679,639.951,13.5351,10.5374
-340.866,-914.577,14.5218,10.5351
-493.49,898.28,10.7822,10.5343
494.904,742.601,11.0835,10.5318
-800.772,843.788,16.4313,10.5311
753.023,727.308,11.1431,10.5307
773.664,192.586,10.7034,10.5306
838.323,805.673,11.1672,10.5303
674.853,797.4,10.6632,10.5296
855.834,650.777,12.6642,10.5291
-113.645,-736.369,10.7192,10.5228
933.56,-125.512,13.8672,10.5225
718.765,887.141,14.0557,10.5201
892.698,-125.721,11.159,10.519
819.13,647.874,10.887,10.5189
691.792,-57.8123,11.1517,10.5131
-715.353,541.545,30.6047,10.513
-601.75,-126.184,10.6469,10.5124
573.838,609.018,13.3839,10.5099
77.8227,762.776,10.6218,10.5088
-390.778,-866.638,12.1872,10.5066
910.276,461.237,11.3479,10.5065
740.793,760.552,11.8641,10.505
694.537,-294.971,12.2209,10.504
610.442,-718.721,11.8459,10.5023
-307.194,-901.663,14.877,10.4996
606.44,326.588,10.7622,10.4987
163.128,786.612,10.6979,10.4959
652.643,-186.921,13.3291,10.4947
-396.607,672.627,12.3082,10.4947
-410.738,-538.418,10.6148,10.4927
601.168,-511.87,10.7372,10.492
-677.424,550.617,18.2834,10.4916
-648.262,536.001,10.8333,10.4911
606.483,-786.71,17.4452,10.4898
-184.594,-803.514,10.8756,10.4892
577.963,-376.836,11.5243,10.4891
-534.59,859.845,11.7328,10.4889
922.352,-238.034,10.947,10.4887
754.887,695.188,10.5453,10.4868
552.668,291.128,10.5549,10.4866
152.685,631.568,10.8978,10.4842
811.365,492.291,17.9617,10.4841
-929.929,-193.788,10.9322,10.4829
-725.574,-190.842,14.148,10.4806
240.271,-744.109,12.1431,10.4795
-853.519,465.264,10.4868,10.4753
169.323,529.446,15.1997,10.4738
-491.326,-253.202,11.3864,10.4726
-664.228,524.484,10.5784,10.4687
-601.291,-541.144,11.0761,10.4673
663.449,700.312,10.7688,10.4666
907.835,514.623,12.3555,10.4649
385.114,675.421,10.7265,10.4649
-569.291,-301.784,10.541,10.4637
-397.743,879.441,16.8442,10.4619
-390.04,896.006,30.2158,10.4619
545.938,817.234,10.6787,10.4616
-198.947,764.627,10.8076,10.4604
-504.247,-326.431,11.0872,10.4589
-489.694,-696.962,12.2856,10.4567
-689.91,-360.528,15.5349,10.4561
861.271,-200.511,19.5809,10.4549
-533.683,203.734,12.1133,10.4549
603.463,232.624,12.4736,10.4539
-694.749,-242.385,18.8595,10.4532
868.704,-104.558,10.9182,10.4525
842.078,110.744,10.5395,10.4525
-525.708,-912.374,10.6261,10.4522
-337.003,-711.766,10.6094,10.4519
637.697,514.007,11.2242,10.4515
-862.579,-383.833,10.5912,10.4502
-877.181,540.609,10.7991,10.4499
900.206,-608.831,10.787,10.4464
70.2815,-657.014,10.616,10.4453
97.5422,850.04,10.5708,10.4438
851.509,-449.404,13.7902,10.4436
820.913,49.0386,11.0491,10.4418
915.674,-499.756,10.6237,10.4388
548.473,-120.792,10.5532,10.4386
-627.772,-642.11,11.0228,10.4384
767.917,-902.88,10.9431,10.4373
894.457,-540.004,10.4986,10.437
748.999,-240.502,10.4346,10.4344
19.0026,-637.978,12.6441,10.4325
-617.326,-620.059,10.4921,10.4323
-181.723,-598.101,12.6654,10.4319
132.424,-596.188,13.2407,10.4273
-756.661,731.349,10.6319,10.4268
-137.486,-650.218,10.9358,10.4259
-823.425,-336.944,10.8662,10.4247
-452.331,-592.803,12.1238,10.4241
713.435,529.409,10.436,10.4239
14.9282,743.775,10.4238,10.4228
-304.638,-535.419,10.4273,10.4225
-469.197,525.614,10.7176,10.4218
698.313,812.797,10.4272,10.4203
848.018,-597.994,10.5523,10.4185
489.866,-301.04,11.1823,10.4184
-311.864,-815.548,15.7617,10.4179
-587.605,-266.565,11.4558,10.4177
-576.239,463.865,23.3473,10.4173
-746.859,299.129,10.7264,10.4169
679.35,-389.724,11.0861,10.4167
-796.08,-731.392,11.6633,10.4162
484.501,-547.794,16.8293,10.4161
296.24,-569.137,13.2776,10.4138
873.959,453.112,13.102,10.4126
-199.274,482.702,11.0495,10.4118
876.997,-722.087,10.8794,10.4113
154.612,-861.167,10.4496,10.4103
-479.586,-5.17805,10.5009,10.4087
787.462,564.54,11.2042,10.4073
328.799,-600.261,10.8741,10.407
355.617,789.266,10.5564,10.4062
-520.864,88.2961,19.157,10.406
-707.027,187.059,12.7368,10.4044
247.212,-924.911,11.606,10.4041
-795.37,-943.066,10.4315,10.4039
518.047,628.086,11.511,10.4037
-808.22,-854.784,10.6512,10.4023
-655.6,113.384,10.915,10.4021
712.73,894.594,13.3501,10.4016
-53.5255,-758.354,17.3635,10.4011
619.921,7.16299,15.0749,10.4009
678.167,629.318,16.0323,10.4001
837.355,149.638,12.848,10.3993
-830.452,108.101,11.3874,10.3986
455.92,888.072,10.578,10.3978
-766.056,-829.602,11.9528,10.3973
-589.731,-35.2441,10.9549,10.3966
-815.718,-78.2976,10.5145,10.3957
493.955,-626.165,11.3491,10.3943
821.833,-499.553,10.8167,10.3938
-524.235,480.924,10.7583,10.3928
628.945,370.3,15.4159,10.392
-402.811,802.722,10.6789,10.3916
-561.255,-304.97,10.4427,10.3914
-477.6,673.671,10.539,10.3902
575.882,810.162,10.7044,10.3886
478.985,-916.846,18.4493,10.3871
-261.523,-850.847,10.4616,10.3844
-711.455,191.293,10.7061,10.3839
105.561,486.381,10.5134,10.3808
267.051,-788.993,12.5309,10.3793
-448.216,-625.019,10.4433,10.3746
381.595,650.567,10.6133,10.3726
-263.829,933.305,11.2123,10.3698
890.777,786.491,11.1478,10.3685
626.081,728.898,10.8281,10.368
852.293,492.89,10.9646,10.3679
596.636,235.203,11.4713,10.3672
654.025,-763.76,15.293,10.367
23.4579,-922.854,11.5102,10.367
659.69,919.851,10.5684,10.3664
-405.606,695.674,11.2001,10.3663
-937.14,68.6321,10.5098,10.3662
-568.363,19.718,10.3877,10.3654
-444.636,-609.483,12.2411,10.3653
244.89,-895.811,16.7186,10.3644
-684.254,477.166,12.8691,10.3643
-693.967,-82.4425,15.251,10.3622
-536.398,-238.158,11.6864,10.3621
103.104,828.64,11.4233,10.3614
865.179,-649.569,10.4805,10.3602
473.948,104.27,16.5562,10.3599
863.877,446.144,10.799,10.3573
-838.814,853.469,13.3534,10.3557
-720.207,762.282,10.637,10.3546
-339.941,-878.175,11.1535,10.3542
-468.752,-353.949,10.7115,10.3533
-484.53,-233.348,10.4928,10.3523
598.417,634.291,10.4813,10.3522
-478.362,-856.273,10.7106,10.3521
-19.5152,-586.49,10.8823,10.3488
472.197,773.355,10.7453,10.3487
847.049,-194.332,11.5733,10.3478
585.236,-664.254,13.2928,10.3474
-147.672,-498.489,12.9769,10.3456
224.177,-537.836,11.6315,10.3453
399.899,732.391,10.3879,10.3446
555.166,-544.917,10.4119,10.3438
-238.555,-937.641,11.743,10.3436
-816.11,479.507,10.8514,10.3436
-844.038,249.973,10.6753,10.3435
0.420661,-443.411,14.4671,10.3434
821.018,-540.043,12.0143,10.3422
392.585,879.732,14.7669,10.3415
809.294,-663.288,10.3793,10.3406
707.413,106.326,10.5833,10.34
-571.464,938.092,10.758,10.3387
100.44,-915.314,10.8794,10.3381
-116.857,-935.783,10.4089,10.338
-549.781,-486.186,17.0921,10.3378
-687.728,-827.126,11.1357,10.337
-72.246,762.833,10.5691,10.3369
-172.013,-588.667,17.1175,10.336
696.1,915.133,10.4144,10.3352
674.735,-382.928,11.1101,10.3349
599.357,522.25,13.6957,10.3344
-60.6451,932.174,10.3442,10.3322
544.238,-811.377,10.5923,10.332
118.838,-716.788,11.2056,10.332
-76.118,671.776,10.3645,10.3313
-700.189,-270.688,11.2125,10.3308
-260.736,-552.264,11.5705,10.3297
-368.981,869.748,10.472,10.3289
77.9829,-677.428,10.9349,10.328
648.672,709.904,10.4157,10.3258
665.924,553.054,17.8247,10.3255
-946.775,101.605,10.4958,10.3249
-822.722,474.534,10.3581,10.3214
-777.114,739.786,13.3976,10.3212
848.926,-299.79,10.7341,10.3212
355.574,-469.536,10.5478,10.3205
390.486,726.265,11.4364,10.3205
110.923,759.591,11.9351,10.3191
56.1776,757.386,11.0014,10.3191
795.065,-91.5529,10.4053,10.3184
46.4111,-841.159,15.6123,10.3172
-620.412,-827.083,10.6188,10.3172
592.136,169.181,10.6387,10.3164
-752.055,-282.425,10.5791,10.3164
709.639,934.332,10.4362,10.3163
663.012,-103.167,10.4201,10.3147
-701.581,719.912,10.9073,10.3132
-901.773,-731.346,10.5058,10.3118
-210.164,-801.995,10.8351,10.3111
-281.537,514.427,21.0056,10.3099
-690.361,-929.536,10.5785,10.3091
725.725,222.888,11.2069,10.3089
-243.614,-727.584,11.1866,10.3084
-588.579,-50.2849,10.5612,10.3075
-570.353,746.092,12.1526,10.3073
507.944,142.477,11.434,10.3073
-363.664,-780.623,10.3805,10.3068
526.061,-103.064,14.8102,10.306
-562.537,650.966,11.3362,10.3054
-524.653,-337.074,10.5119,10.3051
-78.4087,500.532,10.6541,10.305
-475.362,458.325,11.0697,10.3008
665.584,-417.234,11.5119,10.3003
24.7996,499.951,11.1827,10.3003
-40.175,624.287,10.3888,10.3001
18.7327,619.145,10.3954,10.2993
-622.976,748.747,10.7164,10.2984
-503.864,321.084,10.7162,10.2983
126.718,-642.96,11.0772,10.2982
-900.972,199.721,11.5881,10.2974
-581.663,-935.058,10.6344,10.2974
-418.907,622.722,10.4146,10.2973
366.696,-906.355,10.5917,10.2968
468.852,50.0929,10.6456,10.296
677.324,586.194,10.4752,10.296
762.408,-799.033,13.8656,10.296
-461.932,651.151,10.5879,10.2958
-728.586,533.367,13.2999,10.2955
-598.769,-115.462,11.0803,10.2935
24.8974,-670.174,11.1805,10.2934
621.371,-118.171,10.3582,10.2924
-530.955,-929.958,10.4305,10.2922
225.841,877.551,10.4541,10.2916
-581.675,-28.7016,10.36,10.2913
805.753,293.782,11.0662,10.2905
915.481,-219.781,10.3808,10.2903
519.652,582.367,10.6764,10.2902
-528.145,514.948,10.3314,10.2872
-555.305,-641.605,10.4597,10.2868
185.626,-766.735,12.9249,10.2852
525.836,-232.207,10.807,10.2845
541.425,-807.137,11.7105,10.2836
272.66,892.376,11.0122,10.2807
-572.587,-693.938,10.8045,10.2805
-301.827,-849.009,13.0692,10.279
815.709,719.862,10.8446,10.277
794.405,838.206,10.4412,10.2762
-901.736,-904.555,10.7971,10.2756
-128.647,-836.797,11.0266,10.2753
-469.639,-548.131,13.8193,10.2717
53.5711,609.179,11.4407,10.2687
-504.192,843.737,10.6434,10.2687
-483.758,286.154,10.3769,10.2675
890.092,-249.557,10.5986,10.2668
-829.527,896.757,10.2939,10.2659
-449.246,-797.839,10.3045,10.2657
-615.022,182.03,10.4166,10.2649
732.834,-559.955,10.4695,10.2647
-399.051,-602.34,10.5027,10.2626
703.626,-258.591,31.3444,10.261
495.427,743.482,10.4082,10.2602
-941.391,-219.089,10.3836,10.2599
598.372,745.305,11.2083,10.2575
523.114,78.5321,10.262,10.2573
795.121,521.859,10.3237,10.2559
-605.43,485.396,29.052,10.2555
571.331,840.425,10.3899,10.2548
-754.242,79.6367,18.5042,10.2547
-560.345,-369.123,10.2946,10.2544
531.915,-763.881,10.7396,10.2538
595.287,-338.846,10.7532,10.2534
-854.261,691.859,11.1409,10.2534
-718.267,244.994,10.2905,10.2521
119.366,692.806,10.7143,10.2517
895.028,-465.824,11.2075,10.2516
573.456,231.483,10.2741,10.2511
466.071,506.63,11.1891,10.2498
-829.299,366.102,10.8732,10.2495
138.5,685.817,11.1506,10.2495
796.462,-311.921,11.0841,10.2491
636.282,322.151,10.3437,10.249
-624.04,24.8746,10.6987,10.2489
123.509,-549.219,10.5854,10.2487
-616.976,-199.66,10.9005,10.2484
614.809,848.543,10.2583,10.2483
-785.84,-102.006,10.3713,10.2482
288.476,-851.722,10.2639,10.2469
-854.718,144.763,10.2784,10.2466
-924.79,55.415,10.4574,10.2463
-786.037,-319.204,59.7734,10.2415
-261.635,-537.37,10.2417,10.2411
700.482,-182.015,11.3404,10.2408
914.992,374.144,10.5616,10.2403
-45.1839,847.061,13.5372,10.2399
793.122,6.10734,11.6028,10.2398
-415.339,722.742,10.6638,10.2394
-505.882,-877.112,11.2916,10.2384
578.977,277.917,15.3357,10.2367
-880.66,158.453,10.4897,10.2361
-880.127,-669.072,10.2883,10.2342
-395.581,-658.091,10.5697,10.2337
63.0727,-635.96,10.3203,10.233
16.3622,664.941,10.2639,10.2313
-721.084,-51.5861,10.2822,10.2306
-820.866,542.128,12.5497,10.2302
567.055,-536.129,14.8431,10.2301
-597.141,-512.048,10.339,10.2291
-618.867,188.106,10.542,10.2291
724.914,-516.078,10.3485,10.2289
841.362,-366.137,12.1021,10.2288
-605.215,196.222,11.5989,10.2261
402.036,793.235,10.3003,10.2258
405.611,609.464,12.0914,10.2254
-870.26,-842.267,10.8477,10.2253
-6.31517,-451.674,57.7928,10.2249
453.343,789.53,14.4717,10.2249
-621.253,654.72,12.2165,10.2243
244.306,-614.501,15.1734,10.2237
469.214,460.031,10.9701,10.2225
924.681,-538.346,10.4716,10.2221
-712.018,744.867,10.6865,10.2213
-801.902,160.75,10.2814,10.2208
823.664,-687.398,10.6542,10.2195
-772.281,-667.514,22.0193,10.2191
-943.512,197.074,10.8165,10.2187
-642.446,-799.706,26.8572,10.2186
177.959,-605.347,10.5985,10.2186
210.289,-752.819,13.0958,10.2178
800.194,452.312,10.4289,10.2169
-833.477,342.632,10.3975,10.2166
525.652,233.875,10.5954,10.2145
-718.135,492.305,10.2238,10.214
-766.696,-172.212,10.2848,10.214
-608.889,-295.228,10.9428,10.2138
-433.803,693.303,10.4197,10.2138
161.21,-601.95,10.4192,10.2132
-560.188,-589.603,12.0226,10.2123
-665.331,669.46,10.2618,10.2107
-3.00617,877.475,11.041,10.2107
291.593,-492.031,16.8503,10.2102
-852.579,802.847,10.4783,10.2094
448.407,915.724,11.3348,10.2086
-683.816,37.8225,10.2576,10.2079
844.392,503.749,12.8075,10.2062
76.3213,510.347,17.5396,10.2058
838.132,-305.327,10.3466,10.2055
823.449,-749.242,10.7438,10.204
834.879,914.553,10.7779,10.2025
-870.981,-922.821,10.3739,10.2021
-492.769,883.575,10.6363,10.2013
550.969,163.741,10.2932,10.2004
-359,626.981,10.444,10.1995
-427.479,-527.865,10.3773,10.1985
-98.007,-898.601,11.7594,10.1981
455.078,-461.671,26.2773,10.1973
451.784,761.726,10.2618,10.1969
-686.377,-268.08,11.3454,10.1968
-191.128,-745.182,10.1965,10.1965
340.665,-785.018,14.036,10.1958
158.506,508.251,10.53,10.1955
-380.743,-470.487,10.3166,10.1954
-930.184,216.758,10.4633,10.1949
47.2035,731.682,12.0446,10.1941
681.053,120.157,11.0071,10.1902
-77.7788,-548.99,19.9481,10.19
289.086,-541.104,13.5439,10.1896
472.59,-677.593,10.9876,10.1893
66.5639,-611.593,10.3817,10.1892
-868.048,-674.713,14.779,10.1892
786.621,197,12.5587,10.1854
890.135,840.493,11.6985,10.1852
609.59,-310.715,11.0562,10.1849
795.674,842.375,10.2608,10.1846
243.832,783.753,11.072,10.1841
900.6,-692.649,10.3481,10.1828
-252.121,-898.058,10.3258,10.1823
166.766,-564.358,17.3575,10.1821
-821.833,-858.412,10.1902,10.1804
787.968,317.805,10.4538,10.1801
-350.548,834.487,10.251,10.1799
528.353,120.05,14.0353,10.1789
115.247,850.595,11.4616,10.1784
-74.7403,515.982,11.0324,10.178
772.678,201.271,12.145,10.1775
-941.222,-684.6,10.283,10.1773
212.07,694.41,10.6881,10.1769
673.035,-439.19,13.3435,10.1757
-676.092,105.162,10.457,10.1754
137.086,-836.047,10.2977,10.1751
209.798,-850.468,10.6844,10.1747
-171.104,-611.084,10.6173,10.1742
106.5,-894.142,10.7988,10.1742
-676.089,818.254,11.3493,10.1741
-174.341,-732.159,13.8105,10.1734
896.292,-215.478,12.5078,10.1732
-392.992,648.45,23.0393,10.1731
691.51,342.727,10.1907,10.172
666.205,787.271,10.2303,10.1705
-550.861,670.457,10.7936,10.17
-718.424,670.63,10.3887,10.1694
311.963,584.324,11.0031,10.1683
669.701,-261.696,10.3761,10.1682
704.585,-441.126,10.2374,10.1681
217.383,632.019,14.93,10.1679
-776.528,-917.303,10.2246,10.1677
-690.091,-75.9057,11.9144,10.1676
-844.267,383.601,11.3462,10.1674
908.077,875.384,10.424,10.1671
-231.949,-499.498,10.1971,10.167
534.875,-487.148,10.6223,10.1668
-132.056,-843.719,10.1797,10.1667
696.552,462.386,10.4456,10.1666
936.346,-590.314,11.1056,10.1656
617.837,317.402,10.3045,10.1636
604.316,664.509,10.3186,10.1633
537.878,-493.78,10.5862,10.163
68.0141,-727.361,11.6778,10.1623
-142.192,-849.392,10.2021,10.1621
923.098,-865.427,10.3201,10.1621
-777.681,175.924,12.6536,10.1617
-676.943,358.235,11.1618,10.1617
942.676,690.43,10.7844,10.1607
828.645,143.111,22.7248,10.1604
-22.5519,-881.614,10.679,10.1602
-916.402,-350.172,10.2004,10.159
-74.8419,-586.622,10.6701,10.1588
603.021,-682.217,10.5201,10.1588
-583.756,235.295,10.9025,10.158
781.462,-19.8172,11.7511,10.1561
325.506,-587.787,10.5475,10.1554
911.484,-612.403,10.2569,10.155
-711.567,496.702,10.4554,10.1543
-94.4593,-835.52,10.1816,10.1521
873.482,579.344,12.1345,10.1515
909.458,-172.077,10.9793,10.1513
-352.329,-602.654,10.7397,10.1501
869.529,-678.082,16.6504,10.1493
-900.02,667.066,10.4769,10.148
-667.834,-160.926,10.3392,10.1469
-585.403,77.3858,10.5786,10.1463
-711.911,266.906,22.3062,10.1462
43.7303,-794.123,10.1828,10.146
624.026,856.156,10.2736,10.1448
-687.049,423.557,10.49,10.1447
715.969,-703.506,10.8782,10.1445
-599.26,933.85,10.2606,10.1437
113.296,692.175,10.6405,10.1434
190.411,600.698,10.4191,10.1431
-494.495,931.541,11.5181,10.143
-816.587,479.612,10.1683,10.1427
723.426,-700.767,12.0157,10.1423
-204.592,-665.673,10.4187,10.1416
-353.227,-577.807,10.9162,10.141
-671.981,142.591,10.1713,10.1408
373.2,-488.705,10.4649,10.1406
-709.19,35.5459,19.3631,10.1397
-166.844,734.73,10.286,10.1394
893.845,-474.33,11.4517,10.1368
-71.1325,-540.359,10.1392,10.1365
-533.659,851.395,10.3621,10.1358
-696.521,800.282,11.1848,10.1358
874.656,-557.72,10.4946,10.1333
-942.665,627.148,10.4997,10.1327
597.447,778.381,10.4926,10.132
58.3531,544.137,10.3244,10.1318
282.854,-674.93,10.152,10.1292
555.398,118.147,10.216,10.1287
-696.425,-354.456,10.8736,10.1285
-288.668,547.577,11.0344,10.1282
811.489,-923.369,10.7333,10.1281
431.523,721.213,11.6036,10.1262
708.241,-201.493,10.3813,10.1262
-795.851,656.178,10.1312,10.1258
484.691,140.009,10.6887,10.125
-741.19,249.307,10.2603,10.1245
285.052,673.361,10.3524,10.1245
-169.471,702.029,10.1896,10.1244
816.512,-262.574,11.9941,10.1238
-574.647,-388.611,14.9102,10.1225
-601.921,497.263,10.5558,10.1211
-11.5232,-651.486,15.5476,10.1205
613.701,-140.67,21.5425,10.1204
441.782,-638.88,10.1647,10.12
-178.201,-691.377,10.3236,10.1198
-789.392,346.603,11.0458,10.1194
512.61,61.9635,13.3751,10.1192
-567.346,-6.14527,13.9502,10.1191
-153.062,-776.988,10.3468,10.1187
-668.482,491.84,11.0524,10.1186
386.034,475.305,19.955,10.1181
-748.365,572.199,15.4191,10.1176
565.295,-418.497,17.8194,10.1174
-443.973,842.323,10.8225,10.117
-643.606,-871.191,11.0525,10.1162
521.868,-395.871,11.1053,10.1137
788.913,758.259,10.2353,10.1133
-837.235,-229.275,10.4922,10.1126
328.513,-543.73,10.3116,10.1119
896.728,156.633,10.3559,10.1118
384.933,550.192,10.4745,10.1116
-5.49523,-815.864,11.229,10.1113
-46.6653,761.947,10.2155,10.1112
384.174,-723.348,10.8133,10.1107
-714.511,-762.763,10.1357,10.1104
-495.545,369.466,11.1942,10.1104
-936.264,-542.731,10.8797,10.1103
-823.869,-217.831,12.0279,10.1101
584.839,-397.431,10.4675,10.1094
-720.522,-235.13,10.4602,10.1093
524.478,-136.213,10.1392,10.1087
96.2849,834.303,10.4099,10.1085
-568.522,289.772,21.3312,10.1077
684.668,555.424,10.1586,10.1073
-665.091,-594.765,18.0073,10.1067
487.707,503.583,10.3539,10.1064
180.254,700.349,10.468,10.1059
308.823,491.695,10.3431,10.1057
693.156,-94.2727,11.5474,10.1056
267.287,826.166,10.6643,10.1054
-438.522,821.679,10.4177,10.1053
-622.133,-721.505,10.1387,10.1052
-499.919,197.127,15.1588,10.1052
705.584,674.574,10.3314,10.1046
394.337,-605.786,10.1134,10.1045
677.485,-568.588,10.2766,10.1043
397.199,-738.649,10.3623,10.1018
-724.032,517.344,10.3544,10.1017
376.586,-642.89,10.1532,10.101
940.829,-628.909,10.5593,10.0988
935.848,-733.895,10.231,10.0986
126.807,-660.799,10.3005,10.0979
405.878,-493.603,12.6258,10.0966
-187.38,582.465,10.467,10.0961
-798.373,532.868,10.0962,10.0954
489.109,-13.9257,11.1085,10.0952
-775.391,675.81,10.4891,10.095
-526.369,211.983,10.4033,10.094
843.608,152.575,10.2189,10.094
-738.686,640.109,10.3048,10.0919
912.037,858.051,10.7794,10.0918
-894.121,690.621,10.1635,10.0915
-317.526,-911.179,10.0979,10.0901
924.806,670.296,10.7964,10.0899
-800.078,-69.666,10.2657,10.0895
294.542,-649.907,10.1102,10.0895
-212.117,-729.733,10.5967,10.0893
-598.342,-141.724,10.1246,10.0893
685.848,-781.48,10.2307,10.0881
-586.239,259.15,10.0983,10.0878
914.912,-497.751,10.2831,10.0874
-867.143,-640.054,10.9335,10.0873
-217.78,-717.874,10.1837,10.0872
467.942,-402.27,10.4907,10.0866
560.274,399.813,10.2749,10.0864
-841.362,242.626,10.3199,10.0862
770.653,-100.291,13.3829,10.0861
-815.511,-628.701,10.5702,10.085
553.854,167.358,10.0996,10.0847
810.14,594.733,10.6252,10.0843
-476.831,557.239,10.4767,10.0843
926.459,-2.97719,10.498,10.0837
-618.385,-783.253,10.144,10.0822
-207.812,841.874,10.1153,10.0821
-265.962,875.427,10.5134,10.0816
-650.936,-371.912,10.4403,10.0812
-268.515,-800.59,10.2756,10.0808
-344.075,584.449,11.1149,10.0807
-851.401,523.894,13.6138,10.0801
-451.448,-587.535,10.0842,10.0801
133.502,666.465,10.1986,10.0798
757.735,882.215,10.5027,10.0793
-851.778,-285.003,10.147,10.0791
-513.982,276.096,10.2372,10.0768
516.789,512.254,10.1088,10.0768
-931.495,-240.804,10.6967,10.0768
274.135,-920.442,10.7442,10.0761
711.278,-9.72342,10.1976,10.076
-561.699,-327.619,10.3429,10.0751
-858.256,-664.397,10.0975,10.0736
-665.881,729.285,10.1583,10.0726
702.21,-357.065,12.3257,10.0717
661.747,-522.795,10.2264,10.0717
-915.008,-827.163,10.1018,10.0715
514.859,594.865,10.397,10.0714
-509.986,-888.166,10.7342,10.0709
-841.493,168.77,10.2163,10.0706
386.142,-501.753,10.3784,10.0698
-486.789,895.054,10.0848,10.0695
753.473,-24.1173,10.2636,10.0689
835.328,-882.068,10.2311,10.0682
-108.432,724.057,10.1181,10.0681
601.957,83.9797,10.4623,10.0681
304.043,-633.895,19.1767,10.068
270.576,657.695,10.2858,10.0677
529.425,699.472,10.5079,10.0674
-635.37,-105.489,15.3399,10.0673
-361.754,770.666,10.2236,10.067
294.702,853.96,10.0693,10.0669
191.747,599.22,11.1574,10.0665
523.894,138.686,10.1468,10.0663
84.1736,610.294,11.2188,10.0661
619.572,-714.485,10.8307,10.0659
-557.055,-138.315,13.9711,10.0656
120.2,619.696,10.7647,10.0653
-176.227,503.292,11.5164,10.065
-796.644,540.43,11.0296,10.0642
333.959,-911.19,10.2365,10.0641
710.153,-217.306,10.1407,10.0638
-741.73,-163.315,10.5512,10.0638
-352.248,-594.281,10.1238,10.0627
-654.951,882.146,10.0928,10.0619
-679.445,427.537,11.2144,10.0616
-875.411,-663.914,10.0759,10.0608
734.833,-436.199,10.2986,10.0604
646.539,-790.331,10.0724,10.0603
-684.088,-388.269,11.9553,10.0591
514.644,-627.663,10.7384,10.059
-149.638,598.742,10.1883,10.059
-566.464,-489.009,10.3629,10.0581
-350.941,781.652,10.0647,10.0578
600.563,-915.254,10.1243,10.0578
434.342,-718.969,10.1104,10.0578
790.173,-75.8519,10.1549,10.0575
311.801,-570.733,10.3484,10.0573
-140.207,592.47,10.7936,10.0572
259.564,727.944,13.6673,10.0571
-893.872,678.089,10.5287,10.0569
800.082,457.478,10.1617,10.0558
791.743,884.229,10.0594,10.0555
362.37,-851.29,12.2657,10.0551
200.309,582.252,12.1715,10.055
249.389,-942.137,10.3807,10.0546
-563.415,-326.394,11.1785,10.0545
-887.509,659.93,10.1724,10.0544
-541.183,-316.759,10.3095,10.0542
-676.463,-457.846,10.4015,10.0539
814.281,335.815,10.4954,10.0538
-767.494,-252.226,10.736,10.0537
-2.10783,-654.051,10.0865,10.0533
-102.669,-909.871,11.0945,10.0526
-328.185,906.983,11.2441,10.052
567.66,-570.674,10.12,10.0518
12.3425,495.771,10.4139,10.0515
527.672,856.949,10.9006,10.0513
-740.158,-14.0263,10.4155,10.0513
208.302,604.595,10.2646,10.0507
-498.925,-723.232,10.2768,10.0507
454.809,-599.232,10.2232,10.0501
-478.3,-362.789,10.2026,10.0488
727.42,-83.4919,10.7254,10.0483
365.582,705.119,10.1084,10.0483
360.073,498.902,10.1197,10.048
-609.139,610.623,10.837,10.0469
-332.49,-684.342,10.3003,10.0461
-787.604,-582.191,10.1294,10.046
-472.556,-863.676,10.6037,10.0456
-853.521,378.755,10.0969,10.0456
-833.427,-334.923,10.2059,10.0455
-802.426,155.351,10.0505,10.0452
751.94,10.387,20.4215,10.0452
593.798,117.478,10.0877,10.045
-873.493,143.501,10.0536,10.0446
747.157,-431.861,11.5178,10.0445
671.389,-597.968,13.1731,10.0444
9.52144,-804.744,16.9967,10.044
-520.639,-758.767,10.0465,10.044
-923.526,361.01,10.2602,10.0439
-494.264,532.896,10.0462,10.0438
-421.811,857.422,10.8679,10.043
566.404,-669.109,10.3175,10.0428
-492.166,890.813,10.1345,10.042
-701.742,829.17,11.4465,10.042
-536.029,-273.727,10.0604,10.0402
135.184,-664.912,10.0662,10.0402
-609.755,315.07,10.0501,10.0398
-860.764,-200.769,10.2621,10.0398
584.221,290.113,11.1875,10.0386
37.0004,-801.021,10.1193,10.0385
806.62,709.136,10.1738,10.0382
110.611,-523.339,10.8718,10.038
904.68,-440.711,10.1294,10.0371
374.26,815.456,10.2763,10.0365
677.455,548.815,10.0405,10.0358
354.164,-625.125,16.6344,10.035
868.174,346.836,14.2286,10.0343
566.898,91.4449,10.1631,10.0338
896.016,364.294,19.6884,10.032
1.93889,-654.78,10.0697,10.0319
165.011,869.531,10.1381,10.0315
588.736,-232.855,10.2431,10.0308
-822.911,-835.393,10.0565,10.0305
-394.154,730.99,19.4577,10.0303
-161.218,-684.022,10.077,10.0299
-762.213,-796.675,10.4924,10.0299
113.008,-677.885,10.4457,10.0297
315.233,-645.369,10.0506,10.0288
843.581,-728.105,11.3045,10.0286
446.544,662.832,11.6972,10.028
-17.3692,944.257,11.1937,10.0279
-395.233,920.167,20.9534,10.0277
602.108,-8.06152,10.0401,10.0273
563.183,-462.588,10.1366,10.026
-839.047,138.925,10.2402,10.0259
640.831,-739.308,10.0331,10.0257
385.39,-887.768,10.057,10.0253
512.963,-310.347,10.113,10.0249
-430.58,778.588,10.1205,10.024
-865.727,-789.886,10.5116,10.0238
844.742,-589.347,10.5539,10.0236
-284.466,-794.042,10.0524,10.0234
-829.482,896.417,10.0246,10.0229
-861.212,894.411,10.0983,10.0228
-298.485,614.98,10.3323,10.0221
-522.456,111.025,10.038,10.0217
-537.823,-205.084,10.3476,10.0217
-861.095,665.408,10.4071,10.0213
684.504,143.63,10.0304,10.0212
-915.713,405.207,10.0629,10.0207
-581.186,338.134,10.544,10.0207
-848.345,-140.83,10.1465,10.0202
503.054,355.692,10.1811,10.02
355.022,677.29,10.6153,10.0198
56.491,783.711,15.0419,10.0193
-760.801,488.165,10.3247,10.0191
642.618,-100.632,10.1578,10.0191
405.056,-922.92,10.0245,10.0186
451.287,589.796,10.5114,10.0184
-729.281,-403.911,10.0309,10.0181
492.064,-196.96,10.0568,10.0178
-864.462,321.631,10.018,10.0171
836.575,-446.705,10.0164,10.0164
781.038,631.192,10.04,10.016
658.67,-509.902,12.3182,10.0159
834.903,724.368,10.0325,10.0157
-658.897,-612.829,10.0282,10.0155
-836.659,-40.3109,10.0488,10.0155
-296.909,-539.937,10.0262,10.0148
120.531,-661.729,10.0739,10.0146
-9.28559,660.516,11.0132,10.0146
237.656,-838.133,10.0983,10.014
788.179,262.029,10.87,10.0129
500.984,-784.846,10.2367,10.0127
-838.727,407.661,10.026,10.0126
-847.602,713.679,10.4659,10.0123
-822.477,-902.299,10.4511,10.0123
-638.228,-787.086,10.0698,10.0119
-824.297,-691.837,10.3277,10.0119
577.598,107.312,10.1021,10.0118
-890.36,644.433,10.0147,10.0117
822.316,500.327,10.0367,10.0116
-740.692,499.273,10.0504,10.0116
-788.005,504.219,10.015,10.0114
-155.583,774.976,10.0504,10.0113
549.653,667.297,10.2004,10.0105
-723.207,792.036,10.0803,10.0101
-720.56,79.983,10.0267,10.0101
459.75,-289.098,19.4852,10.0098
-109.422,937.706,11.177,10.0097
-689.042,235.252,10.1761,10.0096
-623.127,-692.397,10.3914,10.0094
-712.134,118.697,10.071,10.0092
609.051,451.849,10.4127,10.0091
-543.271,682.064,10.3326,10.0083
-922.79,-197.137,10.7663,10.0082
529.765,468.264,10.0705,10.0079
819.696,427.818,10.2921,10.0079
-530.971,-508.674,10.1333,10.0069
671.895,178.521,10.4676,10.0059
342.079,918.797,10.0181,10.0048
292.926,581.901,10.2806,10.0047
-818.995,-605.269,10.2706,10.0045
-911.464,-32.5555,10.0224,10.0041
526.83,220.594,10.2059,10.0039
580.421,-373.154,10.1156,10.0036
-341.974,-822.37,18.6651,10.0034
66.9459,-530.752,10.0176,10.0033
735.151,273.462,10.5185,10.003
891.469,103.431,10.0121,10.0027
-777.016,-282.137,13.2342,10.0026
582.944,710.274,10.009,10.0023
-513.414,-122.664,10.0803,10.0018
-823.011,-676.626,10.0226,10.0017
-874.445,-22.4513,10.0026,10.0015
-845.251,-579.139,10.0118,10.0015
704.916,413.088,10.0455,10.0013
-624.469,-435.863,10.0473,10.0013
-805.596,371.752,10.1142,10.0012
-30.6154,-923.815,10.286,10.0011
863.566,397.006,13.467,10.0009
-212.072,609.299,11.2198,10.0008
643.429,-454.714,10.0887,10.0004
368.379,-683.114,10.0298,10.0002
452.582,619.54,9.94851,9.80003
-850.802,133.374,9.6019,9.60116
-816.126,-428.711,9.75247,9.53626
844.683,233.902,9.72049,9.44921
716.353,305.499,9.65064,9.44616
931.463,-765.974,10.1102,9.44528
-938.306,-296.889,9.66391,9.43111
615.185,-683.747,9.54781,9.4241
-268.277,-902.37,9.74524,9.39406
896.21,-164.349,9.97595,9.39031
-775.648,49.3281,9.46843,9.38483
166.218,497.717,9.75458,9.34401
947.122,-876.252,9.42062,9.32683
-555.545,-121.804,9.61392,9.31465
38.2569,-537.195,9.78297,9.30144
648.117,278.226,9.4734,9.26419
438.989,-778.93,9.97167,9.25464
-593.298,230.715,9.44238,9.25259
-131.317,892.364,9.34186,9.2441
854.748,7.04144,9.64031,9.23982
-652.319,944.189,9.76438,9.22411
-854.712,-381.182,9.31085,9.21604
116.823,743.191,9.31495,9.2105
-110.451,-868.148,9.43304,9.17644
-571.909,-471.021,9.91683,9.16381
-851.838,181.211,9.92408,9.14959
866.449,549.987,9.58374,9.14488
575.401,443.587,9.96871,9.09179
765.472,-121.068,9.53494,9.08815
-583.669,185.299,9.85542,9.07755
514.284,126.125,9.10609,9.06263
625.253,-377.501,9.28189,9.0564
-490.572,265.459,9.11099,8.99411
-589.058,-301.572,9.28291,8.98583
644.008,400.474,9.83099,8.96827
477.566,854.235,9.80221,8.95902
167.682,-644.818,9.11731,8.93033
-303.821,527.936,9.90292,8.9285
546.388,-51.5701,9.81072,8.9219
-802.639,-706.653,9.30545,8.88757
-565.063,-886.86,9.08671,8.88592
-879.784,692.843,9.83455,8.88548
-733.173,-697.987,9.94141,8.88545
634.152,315.928,9.22791,8.87804
20.6228,-903.889,9.26722,8.8779
-351.188,821.399,9.76203,8.84796
773.064,-697.217,9.06156,8.83614
168.618,793.03,9.84669,8.78858
812.016,669.778,9.25138,8.78775
-56.0608,915.118,8.84664,8.76925
-736.195,572.758,8.78068,8.76729
-302.088,-843.123,8.96383,8.76186
744.709,622.329,9.34783,8.75961
-279.839,517.524,9.16739,8.75691
384.437,517.325,9.17458,8.74626
-200.454,589.591,9.43616,8.73471
837.846,-525.477,9.46827,8.70913
-732.317,-855.762,9.99941,8.69783
-207.145,-610.487,9.96032,8.69608
-69.8336,-471.56,9.43897,8.69571
-786.773,-526.994,9.85092,8.68254
-15.8187,-859.226,9.81993,8.6774
-879.752,890.603,9.10101,8.67324
-488.256,449.924,9.80965,8.67029
883.523,459.097,9.25828,8.6692
-555.3,-337.462,9.63701,8.6644
749.022,-851.548,9.2042,8.65988
117.395,-491.921,8.86202,8.65617
525.736,654.946,8.72192,8.64182
-164.868,-938.132,9.71378,8.64126
-102.209,-725.921,9.01035,8.6278
-205.448,857.73,8.63068,8.62192
291.121,-937.766,9.33992,8.6039
705.392,785.222,9.20969,8.60237
495.399,349.827,8.92763,8.5892
-520.622,746.766,8.76738,8.58176
-251.12,708.305,8.79751,8.5729
328.692,836.846,9.47248,8.57252
-692.777,-363.72,8.67064,8.57212
604.046,-728.499,9.19149,8.56897
884.181,-379.876,8.83398,8.5559
-49.634,-481.908,8.80301,8.54838
182.697,-834.265,8.93631,8.5441
-912.759,-810.44,9.71323,8.52415
-755.033,-499.558,8.68919,8.51706
879.138,-450.421,8.77042,8.51496
670.34,-609.371,8.74464,8.51053
474.717,-944.805,8.52981,8.50688
194.166,-487.217,8.9339,8.50288
-754.784,-618.16,9.28172,8.4895
788.775,-904.1,9.51011,8.47705
672.301,-632.374,9.2166,8.47467
-452.052,503.303,8.85451,8.45866
-709.772,-181.303,8.56983,8.45811
-928.802,-731.02,9.63413,8.44963
-576.552,-213.255,9.83125,8.44802
-658.05,-196.963,9.54721,8.44359
-782.571,-780.886,8.5209,8.43663
782.913,-472.464,8.8741,8.41743
-480.021,-557.031,9.87664,8.40041
-237.815,-743.537,8.72164,8.39833
-601.775,768.525,8.66843,8.39625
-698.68,-939.996,9.70107,8.37438
209.409,-650.336,8.75788,8.37423
650.004,452.461,8.91895,8.37345
-324.014,843.589,8.47543,8.36829
-903.614,166.865,9.22616,8.36569
479.791,-212.837,9.08837,8.35679
-110.389,933.967,9.91112,8.35048
24.1802,-933.457,9.80649,8.34501
497.856,-756.361,8.555,8.32651
320.741,-632.878,8.50785,8.31798
-219.808,838.706,9.20046,8.30839
-656.916,-427.305,9.84895,8.29983
-704.431,165.446,9.75432,8.29066
-811.023,-285.984,9.24137,8.28963
75.9987,-842.46,9.08802,8.28424
-945.405,-432.021,8.6546,8.27869
-790.62,-278.061,8.97269,8.27374
-705.946,-363.965,9.24248,8.27005
-57.3989,-675.368,9.70665,8.2466
636.829,684.97,8.7559,8.24184
-770.329,308.91,9.00345,8.2417
702.091,434.175,9.53495,8.23978
944.72,-886.875,8.36477,8.2299
119.382,-882.483,8.97891,8.22913
-555.028,389.873,9.20196,8.22759
108.448,-912.676,9.03562,8.22518
879.396,-476.24,8.50288,8.21881
-790.858,-350.257,9.05862,8.21013
139.378,-838.772,9.79968,8.20232
-946.883,867.644,8.80221,8.20027
-564.867,-852.461,9.73756,8.19403
-659.764,557.243,8.22447,8.19172
557.602,-417.071,9.15817,8.18908
406.996,617.859,8.19279,8.18691
147.63,916.357,8.50994,8.17991
-635.736,-547.22,8.99986,8.17365
-521.495,744.731,9.09912,8.16571
-470.385,-118.892,9.2705,8.1631
-576.647,-446.061,8.69701,8.15939
492.359,289.261,8.68451,8.15161
-687.674,-626.291,8.50889,8.1424
-488.067,29.8273,8.73907,8.14167
810.084,351.748,9.25871,8.14011
690.515,-552.52,8.26623,8.13733
-671.99,-498.714,9.12303,8.1211
16.0614,-533.136,9.08376,8.11564
538.064,-502.269,8.54303,8.10492
-771.122,525.016,9.05514,8.10146
489.068,-867.562,8.24416,8.10111
252.665,547.503,8.16953,8.06768
-296.641,595.4,8.64867,8.05883
72.0887,705.685,8.80595,8.05663
482.364,916.143,9.09584,8.04763
266.203,877.822,8.84958,8.0468
-322.534,-823.391,8.91731,8.04537
-485.52,65.0303,9.03391,8.04465
-610.894,-434.014,8.20608,8.03533
-914.759,-456.569,9.5179,8.03495
-179.568,776.831,9.42618,8.03382
-474.709,786.336,8.39399,8.02992
-500.551,-607.275,8.37734,8.02493
136.879,-548.522,8.08966,8.01967
-374.492,-504.409,9.68779,8.01203
843.532,-557.11,8.47209,7.99915
470.344,383.492,8.60207,7.99655
-399.783,-908.568,9.37512,7.99287
537.49,-773.145,9.24583,7.98965
-682.101,-44.0534,9.57381,7.9896
-878.378,-619.177,9.45758,7.98939
873.46,-119.833,9.28586,7.98121
740.136,97.0728,9.78783,7.96838
-373.898,-584.13,8.5781,7.96586
770.567,-688.223,8.1738,7.96484
361.305,604.062,8.96827,7.94848
-815.982,-133.937,9.16698,7.93783
-701.517,-891.853,9.28357,7.93055
571.387,-425.776,9.18865,7.91692
-293.791,-683.14,8.56546,7.9164
279.094,-819.82,8.04578,7.88888
324.131,740.516,8.71347,7.88667
-915.794,-528.508,8.492,7.8859
-446.887,708.539,8.19863,7.88225
602.094,418.839,8.61337,7.8724
555.846,-270.357,9.77258,7.86173
491.451,-383.104,9.30948,7.85516
-804.305,719.391,9.14065,7.85089
-381.397,-858.489,9.24096,7.84769
-847.212,-156.647,8.41822,7.84513
-500.037,-662.342,7.92663,7.84456
-764.306,482.641,8.985,7.84127
-662.836,187.872,8.72726,7.84088
-488.383,925.875,9.17852,7.83453
649.158,-542.73,7.86287,7.83347
-280.728,-583.311,8.15934,7.83053
831.176,578.969,9.79469,7.82712
-473.096,872.18,8.27221,7.81791
-895.138,-159.818,7.91431,7.81733
-846.142,-364.485,8.04077,7.81179
703.223,-161.232,9.49428,7.80603
-858.502,-864.823,9.05207,7.80524
14.6076,-490.132,8.27607,7.80458
136.951,868.067,8.37672,7.79643
-411.468,-847.097,7.90095,7.7938
30.3315,-482.088,9.13261,7.78648
218.006,-721.887,8.56587,7.78255
-144.751,-945.579,9.01303,7.7818
741.424,-565.065,9.47567,7.76982
-103.599,-710.734,9.96022,7.76958
23.4859,-856.468,9.18403,7.76811
642.092,-791.514,8.12405,7.7518
934.783,-516.253,8.1896,7.74823
273.43,512.297,8.91429,7.7396
-658.916,-176.318,8.85678,7.73513
708.981,-776.438,9.78043,7.72784
49.125,-821.373,7.93746,7.72759
-407.309,633.259,8.57849,7.72241
-500.494,910.359,8.76705,7.71671
-186.324,-557.53,9.01764,7.71534
-730.751,-522.947,9.41197,7.71376
239.037,718.48,9.50569,7.70208
675.277,-134.759,9.0514,7.69785
-13.9053,-654.952,8.28266,7.69543
-709.537,-813.539,8.84254,7.68813
-364.229,-736.196,7.9622,7.68689
-776.701,-319.479,9.66281,7.68464
221.574,-621.588,7.73604,7.68252
580.405,466.849,8.01744,7.68166
830.012,-197.069,9.0245,7.67695
639.225,-891.453,9.98553,7.67485
-750.138,527.523,8.86009,7.67288
-770.729,-252.024,7.95037,7.66757
753.156,-346.981,8.8317,7.66704
-459.775,-651.777,7.84944,7.66525
536.977,-40.4585,7.90754,7.66396
-51.6418,-585.927,8.18544,7.65591
-445.877,861.816,8.31243,7.65238
-602.423,150.557,8.48909,7.64288
450.751,850.768,7.70389,7.63698
479.79,699.502,8.13959,7.63672
-484.827,-666.824,9.63293,7.63426
-755.064,-620.372,8.6904,7.61338
658.472,-592.572,7.81276,7.61161
154.817,735.463,9.08982,7.60767
-722.56,-629.174,9.35493,7.6074
35.6498,583.467,9.275,7.607
737.321,-457.936,8.94468,7.6026
-334.955,826.162,8.82034,7.6013
-262.046,520.528,9.07644,7.5993
-559.799,-416.706,8.17195,7.59767
-46.4908,625.015,9.8285,7.59599
469.069,616.608,8.73626,7.59463
642.413,869.628,8.36467,7.59382
852.699,676.528,7.64943,7.59367
-297.394,728.957,8.26372,7.58856
-543.737,-176.026,8.24594,7.58455
-361.422,933.247,8.03558,7.58184
-945.579,-259.624,8.17654,7.57847
69.6488,-853.838,8.99223,7.57802
-891.125,-289.013,8.3474,7.57749
685.668,-512.317,8.48363,7.57669
-587.243,179.696,8.24933,7.57649
586.778,-922.052,8.17475,7.57221
946.993,448.424,8.52171,7.56526
538.055,466.859,9.83108,7.56446
-948.022,595.585,7.93917,7.56286
205.387,-942.143,7.94136,7.56164
931.499,85.8306,8.83457,7.55415
-482.521,755.371,8.488,7.55077
427.36,519.407,9.33174,7.54888
891.156,-252.451,8.93663,7.54169
-825.363,695.49,9.7716,7.54032
-937.062,-76.3264,8.27909,7.53716
694.074,-107.747,8.15709,7.53372
863.735,829.145,8.53591,7.53329
-261.539,764.045,8.77377,7.53148
-380.513,-558.946,7.77022,7.52968
785.482,-57.4469,9.37445,7.52395
934.926,896.976,9.47932,7.52148
-274.776,-939.805,7.53713,7.51799
615.632,-760.088,9.83412,7.51407
-200.68,-831.003,7.71599,7.51094
-5.45966,-739.276,7.79875,7.50235
154.457,-877.721,9.71002,7.49978
-507.273,-32.7643,8.06146,7.49533
272.995,764.504,8.95385,7.49251
-752.692,-399.391,7.63496,7.49063
608.89,200.781,8.14951,7.48776
-641.419,-877.083,8.23564,7.48474
-493.581,533.348,7.72024,7.4805
850.97,621.744,8.20527,7.47701
-61.1694,616.85,8.4352,7.4724
575.27,578.867,9.1244,7.46583
215.999,-859.144,8.70237,7.46427
730.223,595.53,8.68949,7.4596
836.157,-645.177,8.45244,7.45672
-860.378,-408.415,7.61952,7.45104
-413.932,913.573,8.66004,7.44516
207.704,-501.637,8.60222,7.44444
-588.204,602.609,7.92434,7.4442
-444.856,-600.422,8.09363,7.44291
-420.541,-926.744,9.67178,7.43909
583.905,362.752,7.95038,7.43876
854.306,716.234,9.47615,7.43617
869.35,-216.912,8.98784,7.43469
592.669,-431.521,7.47123,7.42769
-759.53,119.759,8.09417,7.42555
-148.309,-484.658,9.21179,7.41768
-10.0816,646.613,8.00726,7.41746
280.261,-768.228,8.12045,7.41745
208.191,-928.536,9.68774,7.41673
479.123,-691.168,9.18534,7.4163
720.836,793.791,7.46798,7.41157
619.796,-799.907,7.85761,7.41062
735.148,-325.148,9.82651,7.40848
-419.515,-916.927,8.93315,7.40809
643.935,891.164,9.27209,7.40591
458.506,842.68,7.41633,7.3918
640.662,-573.563,9.70366,7.39061
676.612,-713.093,7.5731,7.38447
-877.443,-362.938,7.98178,7.38247
670.112,-190.237,8.704,7.38035
496.611,-273.737,8.89203,7.36775
-652.151,232.708,8.28762,7.36525
717.185,389.72,8.05157,7.36453
-20.7136,681.346,7.74567,7.36343
-793.24,-13.3352,9.95148,7.35449
-659.085,116.347,8.7757,7.35286
714.456,-884.053,8.03411,7.34616
822.695,-377.52,8.69229,7.34268
640.636,-916.271,9.30812,7.34208
366.715,-890.784,8.02957,7.34056
666.822,-393.686,8.04997,7.33879
-762.397,361.17,7.72442,7.33879
-442.114,882.914,8.26025,7.33699
-931.823,295.88,8.45599,7.32603
-655.921,527.869,7.47665,7.30934
-915.269,-47.5837,9.11271,7.30904
-809.969,-445.168,8.48073,7.30803
-594.332,696.296,7.4172,7.30415
79.2534,-731.493,7.68502,7.30367
-262.192,557.95,8.72413,7.30361
-252.104,-516.938,7.69742,7.30264
-232.313,510.653,8.22027,7.3024
-881.164,199.089,7.99726,7.30142
516.892,-137.323,9.94701,7.29498
96.1804,612.425,7.40165,7.29401
353.604,760.259,7.38304,7.29326
-330.766,-906.724,7.48856,7.28911
409.709,-780.656,8.37475,7.28849
-523.851,-245.447,8.28739,7.28676
-692.737,397.618,9.69158,7.286
-661.909,-76.9671,8.55993,7.2852
43.8938,768.474,7.78683,7.28318
-831.325,-929.198,7.43907,7.28313
-719.297,-646.479,7.3577,7.28246
-236.623,-928.472,8.43599,7.28181
-146.884,556.003,7.53067,7.27655
838.408,433.828,8.15535,7.27177
475.943,405.512,8.2032,7.27152
-161.427,-595.603,9.10175,7.26982
-157.316,511.004,8.06863,7.26592
-835.657,258.977,8.13485,7.26368
500.736,96.5039,8.25064,7.26348
571.821,134.831,7.72338,7.25407
-891.563,-151.041,8.66562,7.25399
-95.0995,930.891,7.81575,7.24745
354.952,-520.447,8.356,7.24606
-755.96,-504.117,8.48197,7.24247
-612.097,-489.666,7.62491,7.24244
-745.044,-305.498,8.26747,7.23957
-919.909,-641.365,8.73988,7.23938
-726.25,-382.222,8.1228,7.2357
160.661,-929.834,8.76871,7.23185
734.784,-820.839,8.32546,7.22612
-175.46,-590.075,7.69845,7.22396
-539.379,315.173,7.6689,7.21818
-660.054,-655.377,9.20793,7.21238
693.715,872.328,7.94325,7.20763
835.529,716.566,7.23324,7.20165
499.655,-665.439,8.58644,7.19918
-290.758,-587.008,7.44335,7.19758
815.058,185.395,9.46282,7.19435
-162.736,585.142,9.09794,7.18251
-255.07,-866,7.40515,7.17505
-668.154,-625.177,7.35594,7.17299
252.911,-763.512,8.21932,7.17256
-627.33,79.9116,7.40482,7.16975
884.638,-920.517,8.14118,7.15913
-527.282,-302.141,8.06855,7.15654
-461.126,-579.763,8.05271,7.15581
95.4736,-712.788,7.29412,7.15206
-594.363,-271.717,9.50357,7.15167
-279.627,-741.835,9.363,7.15012
465.937,-747.125,7.34576,7.14985
347.424,489.394,8.23975,7.14943
797.157,-842.601,8.34693,7.14774
-178.596,940.251,9.12653,7.14562
-291.584,-625.253,7.91913,7.14387
-424.633,-815.661,7.99144,7.14325
-454.834,584.362,8.2717,7.13774
-836.957,-913.622,7.50893,7.13752
626.54,639.8,9.19794,7.13196
-212.257,685.509,8.97318,7.13155
903.381,283.421,9.26551,7.13125
-554.332,-192.108,7.2034,7.12416
497.951,-254.045,8.79462,7.12307
760.109,-547.68,7.51595,7.123
529.22,-218.213,7.41101,7.12264
-791.118,-69.9522,8.09079,7.12048
872.349,425.781,7.68449,7.11077
632.06,-435.142,7.64048,7.10777
-312.447,766.636,7.38238,7.10552
-921.486,199.878,8.61482,7.10383
937.037,-18.8947,7.39436,7.09768
-6.22674,598.586,8.99881,7.09128
-395.843,810.457,8.31819,7.0845
504.191,561.085,8.65008,7.07572
-583.303,-826.911,8.6496,7.07248
676.696,613.511,7.41124,7.07094
81.0167,845.32,9.0928,7.06945
-910.285,-930.761,9.2928,7.06385
-905.495,-655.698,7.10607,7.05856
-379.496,-793.487,8.63455,7.05718
-484.208,-126.71,7.45227,7.05606
-840.701,8.49637,8.67357,7.05044
74.9741,940.817,7.26363,7.04451
-380.636,908.07,7.47089,7.044
202.082,-720.431,8.15837,7.04277
925.098,611.218,8.33619,7.03718
-219.352,570.639,7.3763,7.03672
475.348,-668.624,8.51493,7.03528
-331.977,786.626,7.7696,7.03021
-422.081,702.171,7.16627,7.02538
170.077,654.578,9.56412,7.02526
-483.632,887.417,7.39838,7.02046
-736.218,-578.711,9.70135,7.01987
-526.893,417.437,7.17702,7.01797
748.556,770.733,8.91627,7.01547
933.749,-717.147,7.17421,7.01494
82.2452,929.621,8.99809,7.01194
-844.573,-333.868,7.37078,7.00948
-554.072,662.478,7.14198,7.00356
-819.741,650.55,8.86415,7.00095
715.117,-459.529,9.14036,6.99988
-310.75,814.392,7.746,6.99855
-655.118,-12.6649,8.68942,6.99158
783.847,660.832,7.18971,6.98205
-842.573,863.556,8.2629,6.97819
-167.027,-655.853,7.12107,6.97311
-461.473,668.281,7.0302,6.973
-480.945,-546.07,7.55371,6.96543
552.792,906.25,9.18746,6.96365
-298.911,520.628,9.62523,6.96344
692.36,460.031,7.06381,6.96206
240.729,-791.919,6.96104,6.95484
752.203,712.488,8.35773,6.9524
-110.332,-605.742,7.89665,6.94952
-533.714,-873.878,8.7279,6.94396
811.161,-454.831,7.47326,6.94153
859.207,-760.378,7.37661,6.93709
-501.473,920.691,7.34032,6.93441
906.812,708.985,7.39638,6.93213
-70.0547,-923.508,9.34617,6.93114
-406.932,618.712,9.90455,6.9288
-772.079,811.027,8.80888,6.92861
-812.166,158.89,7.4336,6.92258
82.3797,-635.287,8.48984,6.92004
-906.6,-83.1235,9.18699,6.91601
-846.946,720.54,8.39695,6.90953
-661.906,939.352,7.58718,6.90953
570.965,247.167,9.10684,6.90636
699.167,700.356,8.69273,6.90494
680.406,-470.815,7.31222,6.90197
-171.843,483.434,6.90928,6.90123
558.801,-311.445,8.72037,6.90058
699.064,477.779,9.25871,6.90004
-745.002,353.583,7.03829,6.89967
-140.493,-890.454,8.32148,6.89781
-758.035,-312.638,7.46742,6.89704
-692.02,233.471,8.54999,6.89591
-535.858,27.9872,8.65674,6.88917
-308.733,503.992,8.91303,6.88838
285.347,-832.97,7.66811,6.88173
-424.885,-888.371,7.003,6.8812
737.436,63.6379,8.24918,6.87947
-665.337,592.879,9.14808,6.87791
-811.783,-638.54,8.94337,6.8779
651.904,166.819,8.45682,6.87601
712.681,-46.1451,7.72922,6.87549
794.944,876.889,7.42513,6.86519
-495.847,-460.387,8.05326,6.86459
258.327,773.301,7.1855,6.863
756.012,104.5,9.87143,6.86146
-606.279,225.719,7.07895,6.85872
-667.307,-342.94,9.46106,6.85808
-844.625,531.717,8.43948,6.85796
-515.713,548.041,7.78514,6.8578
172.817,-812.196,7.49104,6.85741
796.768,-60.7823,9.76555,6.85218
-164.973,-812.586,7.22055,6.85099
-907.884,-480.482,8.47625,6.84693
253.093,-907.106,7.88341,6.84661
457.778,-883.455,7.36009,6.8447
-616.454,-719.022,7.30548,6.84237
303.128,-731.697,7.12563,6.84102
-494.37,360.42,7.53999,6.83904
162.011,679.516,8.96676,6.83874
631.772,624.791,7.18472,6.83792
-610.781,-775.53,8.04515,6.83331
-756.044,669.045,8.22969,6.83129
-385.839,908.596,8.49344,6.82886
-940.34,642.794,9.02124,6.82858
712.143,755.265,6.89387,6.82281
-92.5478,-848.394,7.86924,6.8195
86.4442,-933.21,7.93334,6.81025
641.465,606.451,6.96329,6.80959
342.785,915.931,7.01893,6.80857
-766.754,163.749,7.2159,6.80797
903.863,482.743,7.64507,6.80783
-149.57,-940.503,6.85631,6.80726
593.332,-609.138,7.81499,6.80565
829.373,-276.532,7.34281,6.80314
276.666,-810.167,7.88948,6.80154
406.436,-863.421,6.80509,6.80081
252.216,-701.04,6.83741,6.80003
512.919,697.695,7.99805,6.79968
-167.757,559.281,9.94615,6.79965
-379.098,655.393,9.45194,6.79893
662.714,886.427,7.59917,6.79782
171.755,-791.825,7.53457,6.79776
-887.878,-639.023,7.19225,6.79718
147.146,-704.725,7.51039,6.79478
931.053,-138.182,8.68737,6.79192
868.216,-190.623,8.13447,6.7918
-309.622,-867.066,6.85087,6.78886
939.9,153.633,8.13187,6.78876
-203.502,925.064,8.10112,6.78818
-586.93,872.121,8.31007,6.78338
-227.357,910.743,9.1195,6.78276
747.281,713.338,8.65198,6.78015
518.46,834.456,8.19792,6.77467
534.386,380.294,8.04458,6.76415
689.92,392.594,7.21244,6.76227
526.589,374.858,8.39513,6.7613
457.297,-932.244,7.76059,6.75438
-530.826,-187.85,6.912,6.7471
894.477,-402.298,8.71146,6.74683
-752.237,608.207,8.24543,6.74327
-513.874,739.309,7.65669,6.74282
618.716,143.456,6.95951,6.74047
29.1189,-516.021,8.3345,6.73754
209.249,-698.767,9.29328,6.73546
-136.231,-806.451,9.00336,6.73223
-626.305,605.662,7.06739,6.72647
935.144,789.044,8.92691,6.72242
393.44,-529.367,7.43934,6.72235
-851.658,-693.093,7.39708,6.71062
606.29,92.5572,7.10495,6.70418
-862.355,-120.723,8.01736,6.70298
773.256,909.277,8.57368,6.70255
896.028,584.266,8.13908,6.70245
717.065,430.562,9.90194,6.69621
-431.419,-841.044,7.38429,6.69465
-331.97,-527.985,9.21136,6.69304
-714.615,-618.098,6.91381,6.69268
487.998,-692.438,7.74544,6.68928
3.98319,486.064,7.8487,6.68769
-773.926,125.281,7.83006,6.68454
40.0461,652.532,7.66258,6.68357
-890.604,-232.314,7.47983,6.68179
-596.353,-73.624,6.72678,6.6805
-528.096,-271.022,7.77591,6.67834
-511.547,734.866,6.9649,6.67698
525.122,-917.566,7.70721,6.67483
-174.681,-907.633,9.9977,6.6742
126.944,-831.025,9.23234,6.67285
915.564,291.435,7.23401,6.66884
-773.019,695.859,8.58412,6.6675
-549.846,337.538,8.72816,6.66513
50.2854,880.776,7.69204,6.66486
564.522,-330.436,7.66373,6.66287
413.248,-582.013,7.47067,6.66133
-507.424,-28.5542,9.96523,6.65788
298.316,862.538,7.10572,6.65696
546.321,524.269,7.54265,6.65349
-520.324,-532.027,9.24241,6.65235
859.829,874.958,7.22432,6.65104
-478.106,-920.659,8.49023,6.64814
-495.66,354.5,7.96517,6.64045
-769.982,-864.649,8.01512,6.64032
44.4646,479.768,8.86433,6.6347
-208.273,775.331,7.3556,6.63195
-117.414,526.095,7.2972,6.63085
-567.049,869.351,7.39289,6.63015
576.23,736.615,9.3813,6.629
-902.381,343.187,9.41563,6.62762
-59.6943,776.642,8.54361,6.62409
-528.455,473.265,8.57001,6.622
235.604,887.277,7.57853,6.61944
-817.537,-428.104,7.78789,6.61882
812.93,231.148,9.57244,6.61819
-407.116,-519.622,6.74176,6.6169
-591.789,-441.358,7.91963,6.61275
-666.807,771.396,6.86597,6.61106
-899.929,-711.864,9.11375,6.61064
632.81,-590.271,8.08661,6.60818
400.29,-728.78,7.58143,6.60305
224.74,-870.162,8.59552,6.6019
825.628,212.606,6.67184,6.6017
-42.5108,552.28,8.68106,6.60052
-939.572,-32.4019,9.04949,6.59643
758.141,740.755,8.86666,6.59577
739.271,-37.3956,7.64786,6.59222
-47.8631,-647.415,7.10557,6.59033
716.313,-145.987,8.71911,6.58696
824.562,888.051,7.9057,6.58587
863.068,-357.802,7.65487,6.58364
-716.467,562.78,9.17886,6.58326
450.925,-886.488,6.98232,6.5823
-640.106,-543.301,7.6671,6.58075
-531.994,-204.556,7.047,6.58057
755.706,-773.852,6.69512,6.578
-749.627,901.324,7.35061,6.57737
-643.77,91.0679,7.35834,6.57728
-335.888,-829.318,7.30931,6.57717
-876.772,766.204,7.83692,6.57409
914.845,-446.374,7.35653,6.573
821.195,-863.082,9.69601,6.56802
601.514,693.49,8.87291,6.56149
903.04,699.728,6.67185,6.55489
882.903,411.476,8.48201,6.55229
-903.21,667.195,6.83486,6.55007
-550.157,-632.832,7.83715,6.54971
-266.579,747.384,7.38143,6.54968
-693.712,-613.09,8.51207,6.54694
-586.635,-24.9585,8.21078,6.54604
512.828,-51.1156,8.46227,6.54354
-113.714,567.022,7.69877,6.53899
645.641,183.533,6.58158,6.53572
486.515,-314.204,7.29354,6.53385
-64.8152,-857.573,6.87629,6.5326
756.175,939.299,8.28429,6.5306
171.572,-610.225,6.8643,6.52984
698.297,616.383,8.33513,6.52676
-96.998,-867.079,8.85306,6.5254
-451.797,494.368,9.34812,6.52438
-775.227,902.266,7.4723,6.52045
456.067,652.533,6.84185,6.51919
-636.753,-778.535,9.13763,6.51521
-180.716,686.747,8.25654,6.51346
-239.618,-909.416,9.12769,6.51286
-621.038,-494.633,7.43867,6.50777
80.5,677.534,6.72079,6.50681
-826.191,841.398,7.27611,6.50667
158.288,-922.141,8.72461,6.50198
644.612,-812.143,8.14602,6.50092
590.151,-79.2876,8.86765,6.50013
-860.405,-932.571,7.51173,6.49822
679.695,512.003,7.71647,6.49654
-901.963,557.875,7.21943,6.49504
-621.324,-576.105,7.93451,6.49453
-940.927,935.392,8.8288,6.49285
512.651,-105.586,6.86218,6.49036
-34.7038,948.076,7.48457,6.48557
-641.28,-544.451,6.53614,6.48536
522.886,-395.628,6.74597,6.4836
536.45,-670.423,7.66069,6.48235
86.0514,-657.917,7.68853,6.48208
-534.356,-706.613,6.73687,6.48047
-737.8,-390.203,9.43969,6.4782
890.419,65.4224,6.89136,6.47677
-665.39,-816.844,9.20735,6.4716
-130.592,647.752,9.01814,6.46804
-357.225,-804.576,8.95367,6.46552
517.979,-546.685,8.20866,6.46399
-601.112,-802.887,7.18058,6.46305
838.101,-809.51,9.73453,6.45781
-477.444,-905.188,7.74867,6.45684
-479.561,-552.198,6.99637,6.4564
-271.208,483.335,6.93231,6.4548
650.293,-134.303,6.7698,6.45276
699.768,-452.194,7.50737,6.4515
-58.6344,-705.973,7.5107,6.4496
764.248,-298.448,6.63544,6.44953
-114.086,-582.678,9.40497,6.4485
-583.218,489.343,7.43614,6.44769
-734.925,34.9294,8.70474,6.44692
110.604,-762.171,8.15805,6.44647
273.758,783.623,7.08434,6.44162
-600.07,-617.412,7.0013,6.44043
601.664,-5.54471,6.63584,6.43902
152.925,610.61,9.10576,6.4357
-673.891,-194.322,8.92093,6.43336
82.8426,-905.522,7.66789,6.42648
426.655,-663.293,7.01269,6.42466
506.296,924.951,7.51828,6.42165
-529.429,-915.049,8.29188,6.42
-747.917,160.409,6.75646,6.41445
421.054,469.759,9.51069,6.41356
-884.809,460.839,7.26788,6.41281
77.9617,-858.489,9.83488,6.40749
576.357,218.149,8.03776,6.40724
-906.623,763.699,7.69381,6.40436
-353.656,649.564,7.43396,6.40314
-403.117,-791.061,8.77006,6.40311
-497.602,636.514,7.50519,6.40215
-546.181,424.602,6.95595,6.40183
-337.188,-831.815,7.97439,6.40123
847.609,-607.669,9.96237,6.39641
-15.5271,916.439,8.82489,6.39592
347.161,-866.407,8.18325,6.39078
-606.974,-479.716,7.7792,6.38986
904.797,-420.45,9.55071,6.38875
-720.719,-298.153,7.56061,6.38597
690.969,-658.365,8.56312,6.38546
-148.548,824.593,9.6449,6.38397
-375.336,-775.773,6.46453,6.37961
35.2007,-831.625,9.13184,6.37916
-562.964,188.524,8.00501,6.37849
599.666,829.936,7.6715,6.378
-104.887,-583.572,7.17259,6.37676
-907.499,-752.695,7.06683,6.37126
-874.235,522.805,9.56489,6.37074
-834.884,-641.576,6.70271,6.36995
546.003,-437.649,7.64868,6.36302
829.194,321.446,8.24909,6.36182
654.557,909.016,8.13554,6.35417
-730.661,117.908,7.40794,6.35227
-791.533,-689.541,6.58263,6.35153
-711.429,848.589,6.87197,6.3501
-256.882,834.046,6.86961,6.35006
-905.638,-914.051,6.61522,6.3494
928.871,891.539,8.37416,6.34913
518.662,-13.0459,8.22196,6.34892
-778.896,53.2766,6.86495,6.34453
-185.017,929.161,7.53332,6.3436
935.225,204.32,8.5487,6.3358
668.233,725.917,7.90324,6.3317
-922.677,845.217,7.99675,6.32769
187.405,-711.945,7.05098,6.31855
545.111,581.965,8.04284,6.3181
-791.481,-126.993,8.79703,6.31633
-475.109,-899.883,9.14829,6.31535
147.093,-502.561,7.32879,6.31506
36.9152,-820.425,7.74913,6.31404
484.138,157.958,8.19661,6.31127
-240.923,894.64,6.37561,6.30355
-647.212,57.7075,6.60019,6.30067
-689.22,-423.353,6.93266,6.30016
-733.097,-639.859,8.18575,6.29542
721.881,-494.237,6.45347,6.29398
173.232,701.914,7.21192,6.29313
-899.762,768.297,9.28775,6.29287
-886.353,817.558,6.3814,6.29194
72.0819,916.552,7.23605,6.29062
455.881,-795.059,7.25568,6.2887
-196.828,491.599,6.72558,6.28754
809.201,-653.107,8.48831,6.28547
-465.354,773.463,6.66043,6.28528
-187.523,565.803,8.33146,6.28103
-27.8102,-816.54,6.87246,6.28057
802.377,453.476,6.70401,6.27941
695.363,152.181,6.29865,6.27938
-948.62,120.166,7.42867,6.27798
-77.2362,721.625,7.2535,6.27134
-843.473,-253.486,8.1669,6.26856
-293.967,660.018,8.89734,6.26851
618.895,-287.107,7.30179,6.26692
-826.108,-61.1944,6.26909,6.26607
-765.62,-774.537,8.31038,6.26374
-904.801,853.759,7.00765,6.26105
373.031,-864.541,8.50254,6.26071
491.292,411.003,9.38158,6.26014
-537.325,-810.997,7.96957,6.25224
618.336,928.103,8.88191,6.24974
610.616,333.572,6.98846,6.24926
-561.607,-95.2323,7.20529,6.24838
944.242,412.133,9.4683,6.24766
-859.726,536.835,8.16634,6.24288
-578.096,172.722,6.59391,6.24263
-926.172,98.8436,9.91692,6.24091
575.129,170.407,9.0505,6.2377
-707.247,319.301,6.25427,6.2375
218.532,603.694,9.24883,6.2352
-695.08,193.757,8.14965,6.22908
-84.7892,863.576,9.68669,6.22451
-664.291,-862.263,8.03924,6.21775
-939.802,110.823,7.58739,6.21764
693.332,-456.633,6.68689,6.21394
-910.718,493.304,8.66755,6.21329
599.507,638.081,8.55005,6.21328
823.47,535.745,6.82667,6.21032
137.155,-578.027,8.68882,6.20987
-626.982,303.286,6.35411,6.20907
648.297,48.5693,6.37411,6.20714
-741.484,645.334,8.43675,6.20673
-81.5367,830.242,7.51585,6.19859
-206.386,-852.086,6.40323,6.19619
-773.437,-448.411,8.5978,6.1956
165.937,904.106,6.92783,6.19404
598.897,474.534,9.20651,6.19131
-518.081,621.205,7.72459,6.18793
-831.286,-430.859,6.19255,6.18669
304.929,768.884,6.64206,6.18612
206.044,-680.013,7.68599,6.18314
-763.79,-624.549,8.57883,6.17549
-156.926,502.768,6.55677,6.16899
773.069,-287.915,6.392,6.16446
-850.207,410.703,9.21006,6.15975
450.664,916.992,8.99138,6.15845
626.024,-816.784,6.91958,6.15418
-555.221,-245.594,7.28067,6.15245
-754.585,-239.366,8.33688,6.14895
567.12,-300.896,9.10767,6.14841
485.043,547.765,8.01172,6.14721
778.777,920.691,6.77085,6.14692
25.0303,709.702,6.28783,6.14679
934.839,-185.579,6.65029,6.14647
-475.698,178.953,6.4436,6.14645
-884.833,-929.028,6.43359,6.14456
-937.595,-728.86,8.45621,6.14137
-485.776,-172.821,8.6575,6.13779
580.157,-130.898,6.62509,6.13669
-320.468,561.771,8.50777,6.13393
-656.459,-937.297,8.30979,6.13034
-517.008,-826.257,6.91809,6.13019
596.792,-460.353,7.06453,6.12901
-218.675,682.77,6.85932,6.12807
552.608,-368.236,9.24933,6.1248
-905.761,889.851,6.24471,6.12457
554.964,220.537,6.91486,6.12121
-757.987,478.951,6.64772,6.12081
-780.61,-152.049,8.25473,6.12029
879.938,-272.314,6.7621,6.11913
840.616,-861.808,7.56338,6.11839
255.503,-763.649,6.63349,6.11517
-94.2911,-624.44,8.36401,6.11449
710.798,-127.139,7.44547,6.11194
-549.431,-351.94,9.69433,6.11128
479.004,-692.937,6.38915,6.11088
564.042,473.231,9.83109,6.10921
776.759,-681.815,8.99476,6.10798
785.29,179.259,7.11301,6.10729
-802.708,-438.872,7.02211,6.1062
590.471,274.85,8.80497,6.10581
645.547,516.39,6.70106,6.10532
-107.615,-875.463,7.10314,6.10283
804.211,479.84,6.49278,6.10267
-1.86301,830.86,9.33163,6.09985
-630.118,-108.69,6.2114,6.09718
303.575,541.835,9.67694,6.09521
-669.483,-352.811,9.14217,6.09425
-285.427,-896.381,7.41574,6.09192
750.326,83.2851,6.47029,6.08982
522.274,-278.189,7.61733,6.08528
-591.648,66.8932,7.78631,6.08501
-906.588,868.741,8.09897,6.08494
708.418,-849.018,6.53875,6.0849
939.985,-48.7341,6.43225,6.08429
62.2478,-738.975,9.60189,6.08383
-516.846,862.709,7.50925,6.08065
900.02,579.048,7.80171,6.07844
865.197,-431.944,6.19836,6.07709
-333.312,-810.004,7.21547,6.07669
914.426,582.927,9.5576,6.07622
-94.6171,-848.286,8.03946,6.07187
731.663,900.835,6.229,6.06815
184.835,816.215,7.23756,6.06795
-567.95,39.809,6.68428,6.06176
-843.327,-189.609,9.90009,6.05982
11.8785,913.233,6.39068,6.05925
-746.145,888.452,6.70255,6.05876
-599.101,-369.182,7.88094,6.05869
838.754,-114.86,6.43364,6.05793
-91.4204,-568.716,8.83889,6.05615
144.563,803.709,6.98635,6.05475
141.38,-919.069,7.30381,6.05331
-571.271,-852.937,6.77208,6.05105
535.014,63.9406,7.54794,6.04611
685.234,781.593,6.58062,6.04546
-757.58,914.521,7.2107,6.04476
-528.572,270.862,8.82579,6.04132
4.61668,-711.768,7.01819,6.0407
-530.17,231.732,7.58775,6.04067
-113.608,598.026,6.49572,6.04063
-711.209,-908.621,7.42812,6.03741
226.044,656.636,6.49262,6.03595
820.635,-569.666,8.02815,6.03484
582.938,-840.086,7.20646,6.03463
94.0518,534.866,6.79606,6.03324
740.396,7.33758,9.03662,6.02964
-855.422,683.595,9.75798,6.02923
-86.0453,926.446,6.43019,6.02727
136.852,767.925,6.83829,6.02666
44.2016,-836.163,9.45841,6.02564
509.378,-57.4322,6.19012,6.02548
168.177,-665.718,7.64308,6.02289
375.07,-729.557,6.70511,6.02124
570.793,461.193,8.64428,6.01938
-845.223,10.8128,6.89581,6.01933
-548,-945.617,8.9506,6.0164
536.981,866.178,6.05612,6.01477
582.894,-924.369,6.06376,6.01192
93.4899,-809.902,6.52704,6.0094
162.873,-536.089,9.87265,6.00907
529.92,-153.622,8.60707,6.00841
-501.061,30.3084,7.25728,6.00776
-619.297,342.558,9.63272,6.00564
190.513,529.621,7.37436,6.00343
640.813,593.799,6.66818,6.00133
907.247,933.688,7.15415,5.99987
62.9928,-540.946,6.14258,5.99878
720.245,665.004,7.81194,5.9982
480.664,-667.972,6.76792,5.99722
-460.104,622.732,9.86941,5.99618
-475.114,-367.66,6.52814,5.99305
834.833,-383.871,7.4839,5.99173
154.156,636.359,7.89778,5.99106
-457.421,635.323,8.8483,5.98984
-571.994,-111.622,6.19648,5.98914
-54.4579,719.955,7.11509,5.9869
-523.804,206.321,8.11452,5.98376
-514.639,416.719,7.50773,5.98373
-642.155,-69.5016,9.31933,5.98162
-199.855,938.325,7.44339,5.98139
727.572,775.011,6.4348,5.98047
-883.992,491.23,6.82261,5.9794
-575.958,-928.451,6.72767,5.97843
698.262,-248.616,8.14467,5.97782
683.847,-178.311,9.54452,5.97737
-128.553,716.082,9.73498,5.97712
642.574,198.736,6.32511,5.97687
-609.382,-779.693,7.60889,5.97612
-272.537,-936.406,8.59399,5.97331
-523.837,687.722,7.55972,5.97112
-542.856,413.242,8.60944,5.96579
480.865,-438.411,6.70648,5.96513
35.0157,-805.224,6.46776,5.96324
-605.748,-869.753,6.76237,5.96293
-804.691,560.583,6.68003,5.96237
-631.783,37.565,9.32596,5.96185
330.195,536.948,6.43384,5.95488
722.14,598.769,8.54925,5.95015
-886.941,99.1449,7.03105,5.94994
-610.933,-98.2782,9.56585,5.94778
-936.908,-924.384,8.8136,5.9458
-360.322,616.927,7.81481,5.94525
530.373,831.411,8.95274,5.94424
-472.91,-518.111,8.34788,5.94377
-505.424,-142.811,6.088,5.9429
-495.677,-616.268,6.89822,5.93766
-537.333,576.146,6.5118,5.93637
788.493,834.736,7.84422,5.93591
85.078,-853.157,6.10348,5.934
586.666,-86.0657,8.22864,5.93055
-607.145,-220.291,6.62412,5.92952
-3.30173,711.055,7.61773,5.92636
585.286,425.169,9.50017,5.9246
934.603,-484.807,9.39731,5.92423
-680.212,55.7821,6.03888,5.92326
28.0348,-583.06,9.00768,5.92318
-529.458,-460.579,7.5939,5.92302
134.295,477.553,6.18698,5.92286
71.7037,792.375,8.11181,5.92191
760.751,-615.914,7.68593,5.92146
791.772,83.7934,8.07349,5.9205
666.488,740.426,5.98938,5.91836
896.246,-478.44,5.95086,5.91823
-589.824,865.56,9.15707,5.9176
911.586,677.854,6.06258,5.91742
-745.854,-555.556,7.69462,5.91546
-51.7112,-489.775,7.52148,5.91246
-683.158,479.143,8.19075,5.91131
-662.166,-827.445,6.86595,5.90981
-384.473,-653.187,8.3031,5.90912
-818.876,13.5157,9.11624,5.90737
-420.003,772.541,6.98125,5.90518
-403.98,604.26,9.66665,5.90266
-838.293,-27.3646,7.46386,5.90174
638.523,-583.474,7.32504,5.89996
948.776,416.191,6.31437,5.89875
447.972,-728.788,6.50522,5.89707
487.891,25.0633,8.66422,5.89562
626.565,-715.154,8.22499,5.89545
547.63,-445.832,7.82644,5.89527
-396.898,-805.117,7.12028,5.89098
463.197,708.668,7.38594,5.89074
-526.947,-160.234,6.15905,5.89012
-832.097,153.784,7.53337,5.88812
-98.0141,534.727,7.8319,5.88506
-87.7396,-937.378,9.14187,5.88314
-422.67,721.727,8.66812,5.88125
-388.003,490.959,6.06533,5.88071
-633.345,-0.228132,6.2632,5.87863
-936.302,450.032,6.56815,5.87294
-890.332,118.094,8.32252,5.86788
832.669,-903.105,6.1742,5.86643
710.243,679.766,6.15278,5.86613
803.648,-366.923,8.54085,5.86427
529.546,-728.874,8.08041,5.86279
-826.85,857.584,8.63965,5.86186
491.411,-91.7329,7.05821,5.86181
935.468,901.473,6.80613,5.85413
35.8849,-569.057,9.58655,5.85373
378.142,-864.346,7.62058,5.85362
-570.29,-785.914,6.18988,5.85189
-453.904,627.892,6.082,5.85102
691.188,86.2583,7.85124,5.84564
253.685,671.035,8.77365,5.84456
799.388,-432.376,7.97755,5.84406
627.777,-166.651,6.08357,5.84386
562.129,212.493,9.85749,5.84337
-53.7817,-810.35,6.51755,5.84216
-577.343,229.051,8.46232,5.84206
755.641,715.214,6.6149,5.84086
778.789,-512.02,5.90212,5.83933
903.302,349.56,8.96133,5.83768
474.637,-144.628,7.95547,5.83702
488.452,806.948,6.25967,5.83698
251.864,480.533,8.19148,5.83467
835.608,-857.324,5.93939,5.8339
-213.171,727.816,7.26241,5.83214
-478.711,558.634,5.93799,5.83146
-799.633,-320.067,7.44446,5.83068
917.64,-282.431,7.13253,5.83021
-172.472,-843.725,8.66335,5.8283
-500.597,-879.865,8.43796,5.82709
228.744,-580.044,6.59682,5.82646
596.939,-101.191,7.02176,5.82621
-229.725,-944.563,8.54107,5.82344
5.66875,757.604,6.38543,5.82211
-758.391,573.406,7.67077,5.82091
-726.984,-68.825,6.22709,5.81966
344.075,547.867,6.50939,5.81916
-893.235,-148.409,6.69599,5.8189
949.439,-803.064,7.27976,5.81111
473.226,331.605,6.29665,5.81029
864.905,903.029,9.11884,5.80887
-599.161,818.863,6.60584,5.80724
421.943,-699.184,6.30093,5.80657
-545.387,-173.88,6.29235,5.80292
-369.568,666.665,6.62726,5.80147
225.435,-824.333,6.81929,5.80043
624.389,133.181,8.06815,5.79889
-36.8606,567.616,5.87069,5.79832
532.736,78.1576,6.23334,5.79779
-193.06,502.48,6.57072,5.79547
612.591,196.547,5.93788,5.79509
-861.629,-487.554,8.51392,5.79475
572.444,100.206,9.36089,5.79462
-397.137,-720.072,8.0387,5.79408
597.226,375.924,7.24414,5.79193
753.958,-553.835,6.34315,5.79132
901.146,-130.702,5.95778,5.79075
-785.898,176.364,7.21674,5.78702
-120.02,-517.525,7.89385,5.78655
-13.1165,484.318,5.83051,5.78512
395.256,665.223,6.3315,5.78448
480.429,679.568,9.67299,5.78301
487.124,897.784,5.89766,5.78249
-11.6829,563.073,7.29229,5.78204
-217.334,-652.486,6.03772,5.77975
-518.304,-488.353,5.79511,5.77954
256.33,-534.794,5.93843,5.77907
-614.819,343.76,7.96463,5.77787
-410.996,838.125,6.40986,5.77754
-581.515,-615.292,9.51541,5.77712
799.002,60.3494,7.07601,5.7755
926.5,-224.625,8.42675,5.77389
104.321,884.69,5.99156,5.77365
-445.986,-821.499,6.59124,5.77341
-126.57,598.238,7.10047,5.77036
551.307,-849.675,7.71257,5.76924
-734.28,-384.801,5.87589,5.76864
517.793,809.143,7.14814,5.76712
560.594,-819.392,9.79302,5.7669
933.101,553.305,7.38404,5.76395
520.723,943.245,6.36468,5.76322
750.485,-278.545,6.87077,5.76264
-741.337,856.963,6.51793,5.76185
916.576,-688.622,9.48051,5.75746
132.52,903.275,6.37554,5.75612
-202.982,-660.83,9.81582,5.7543
-689.023,-385.9,6.70562,5.75423
674.107,204.999,8.21095,5.75338
-944.234,328.959,6.92247,5.75161
-573.381,109.613,5.86629,5.74977
-141.506,-809.668,5.98533,5.7456
851.633,57.4953,6.28605,5.7455
-484.785,906.677,6.53847,5.74379
-395.314,-699.683,6.51549,5.74162
726.915,452.353,5.96483,5.74072
-52.5418,681.674,6.93925,5.73927
710.631,79.3601,6.58488,5.73927
-782.803,247.236,7.4547,5.73812
-826.2,-130.274,8.21391,5.7377
-459.149,-663.911,9.16399,5.73534
193.39,-824.661,8.64587,5.73353
-529.232,-527.783,7.17676,5.73344
756.615,362.575,5.73553,5.73299
-683.624,-576.027,6.3128,5.73219
552.984,-534.912,6.2331,5.73136
-145.008,602.959,6.56608,5.73116
-358.914,-909.413,6.86546,5.73112
753.309,592.381,6.23046,5.73091
135.777,-911.359,7.28338,5.72993
501.634,-514.894,6.15195,5.72743
-683.063,274.825,7.01251,5.7266
393.721,-503.663,6.76154,5.72591
689.444,262.102,5.8468,5.7217
169.574,-885.564,6.87666,5.72083
883.481,-239.919,5.88353,5.71804
698.238,526.469,6.5365,5.71683
582.905,-508.278,6.50802,5.7162
730.059,436.532,8.51824,5.71447
-670.643,-212.258,6.57492,5.71429
509.492,30.4678,6.37181,5.71392
643.074,724.838,6.35186,5.71311
-425.295,584.491,5.94309,5.71113
-441.405,-822.578,9.80716,5.71104
-751.629,-292.795,9.61456,5.71089
-782.474,481.463,8.56607,5.7079
706.416,725.45,6.81043,5.70715
471.672,510.077,6.08855,5.70544
755.415,440.809,6.40822,5.70408
-814.188,-345.232,6.89332,5.70337
-895.226,391.231,7.59959,5.7026
668.139,-516.955,6.47278,5.70045
588.86,-918.664,7.96111,5.69908
-582.859,82.1975,7.30583,5.69861
888.792,-324.95,5.97406,5.69831
117.436,479.425,6.3599,5.69815
312.527,775.818,6.89258,5.6979
553.5,-689.531,9.83601,5.69716
398.037,-517.421,7.40942,5.69365
-920.087,882,9.65554,5.69215
-597.308,-466.527,7.96186,5.69073
-865.016,-199.645,9.08714,5.68967
280.537,621.872,6.32958,5.68661
-721.81,-60.4423,5.99263,5.68536
62.5977,739.913,5.78892,5.68523
730.358,-615.437,6.92941,5.68468
708.183,-461.861,7.44817,5.68459
670.633,-552.888,6.65341,5.68375
-892.725,520.39,6.45342,5.68374
-314.561,564.724,8.70427,5.68249
121.482,-804.816,8.95536,5.68217
-87.2938,503.577,7.64169,5.68213
691.337,-437.824,6.374,5.68019
232.1,-474.091,5.81412,5.67982
-635.068,115.563,5.7242,5.67979
-828.782,583.729,6.2087,5.67972
115.894,-697.394,8.63387,5.67784
837.129,-324.082,8.34604,5.67739
836.393,724.001,8.6858,5.67689
-579.949,-275.596,7.15291,5.67642
-568.995,-352.275,6.22519,5.676
-911.595,476.067,6.67624,5.67465
118.161,538.947,6.41878,5.6744
815.414,517.484,7.29197,5.674
615.85,256.508,6.92933,5.67262
613.517,913.247,5.91518,5.66773
-540.87,-513.231,6.22226,5.66642
-919.294,734.693,8.993,5.6661
-479.566,-401.643,5.92862,5.66474
-878.619,386.718,8.01254,5.66319
-639.899,-717.45,6.41201,5.65959
281.8,-951.35,6.18029,5.65921
936.159,719.719,6.69919,5.6591
794.195,707.989,7.5533,5.65785
421.539,835.315,6.26496,5.65718
95.1412,946.618,5.9105,5.65369
453.436,-921.548,7.36751,5.6529
-369.287,-722.717,7.16465,5.65197
-227.647,746.18,8.74255,5.65138
-824.862,741.999,6.40982,5.65137
636.883,880.02,7.04718,5.65087
806.978,407.982,5.79319,5.65067
-577.624,-603.81,7.44425,5.64718
-704.642,213.132,7.11238,5.64693
877.909,165.714,6.20745,5.64417
-453.513,617.983,5.77469,5.64335
-277.36,871.763,8.29724,5.64221
-819.033,906.993,7.56484,5.64184
-927.241,-626.936,6.76902,5.64052
523.972,125.907,5.9209,5.63985
-931.937,-658.933,5.75721,5.63904
865.792,-724.512,8.32249,5.63664
-499.606,791.534,8.19488,5.63599
-337.543,507.464,5.70092,5.63555
871.077,744.145,8.68815,5.63224
-624.815,263.042,6.09693,5.62993
660.872,-491.631,8.43329,5.62962
-725.044,627.962,6.57549,5.62754
819.171,-229.432,6.7207,5.62647
651.994,672.406,7.55387,5.62391
825.989,638.775,5.65514,5.62352
-541.633,204.674,6.07352,5.62269
-293.493,-941.849,5.72997,5.62213
349.156,546.069,6.02615,5.62136
-220.987,-810.475,6.11594,5.62128
704.529,502.848,6.35208,5.61989
-386.211,-846.427,6.29047,5.61619
-1.23243,755.149,6.04215,5.61574
-872.681,-657.318,9.71891,5.61329
-802.679,296.037,7.16447,5.61326
-615.826,320.901,6.61557,5.61237
892.169,-233.265,9.05985,5.61109
775.296,-207.447,7.75424,5.60999
529.293,-537.22,5.68391,5.60958
523.682,827.507,10.486,5.60648
-672.309,-498.508,6.08363,5.60588
617.873,-351.178,8.3995,5.60385
733.46,84.6092,7.95166,5.60316
920.333,189.814,7.01569,5.60135
688.15,-565.389,5.8305,5.59991
667.911,293.173,6.5048,5.5984
-330.963,-877.355,6.68473,5.59671
250.281,-880.441,5.9841,5.59664
828.375,801.785,6.00121,5.59395
602.75,-251.124,6.36633,5.59222
588.683,-535.707,7.69416,5.58921
236.444,-662.053,7.82717,5.5891
787.99,-161.341,6.00536,5.58872
707.107,-8.33589,7.90916,5.58804
404.896,-718.992,6.95243,5.58346
-573.866,-623.67,8.07043,5.58286
-757.075,798.462,6.2144,5.58008
-551.521,-673.844,6.47359,5.57877
-656.704,-580.892,6.83885,5.57814
687.197,515.859,8.21884,5.57723
-816.374,-567.126,8.67418,5.57591
-835.331,429.742,8.29029,5.57513
197.007,-707.357,6.9509,5.57496
354.19,547.643,6.91157,5.57461
587.56,-795.708,6.58468,5.57439
-698.549,-106.276,6.99748,5.57388
877.707,398.042,5.70055,5.57328
612.298,546.268,6.80226,5.57186
-789.146,-277.132,6.54025,5.57119
847.743,-279.608,6.47337,5.57
727.106,-169.2,10.0609,5.56933
584.457,-168.531,6.31306,5.56888
-529.041,396.198,5.9902,5.56741
717.255,593.114,9.81269,5.56683
-617.226,-44.7295,8.5114,5.56377
-465.239,934.407,5.73374,5.56373
804.178,-235.45,5.84686,5.5618
-461.336,906.591,6.05855,5.56142
589.442,-406.761,8.98842,5.56017
834.149,320.193,9.34446,5.55855
-593.551,778.381,5.6569,5.55812
-252.855,803.216,7.80428,5.558
-550.892,614.618,6.4034,5.55769
491.541,-104.408,8.46541,5.55434
-928.79,124.95,7.91183,5.5526
-862.513,-903.876,6.99345,5.55254
439.086,-655.361,5.87448,5.55205
861.182,106.8,6.83072,5.55134
-245.891,668.738,6.27591,5.5513
56.4376,925.354,8.69695,5.55063
-742.981,-892.196,7.26001,5.54915
-839.69,319.998,7.99422,5.54837
-939.807,-578.48,9.31662,5.54754
162.158,-848.582,8.66114,5.54554
601.807,454.708,6.64396,5.5448
-461.335,568.948,5.74861,5.54391
9.8301,627.197,9.31359,5.5428
537.975,79.5731,7.95138,5.5423
351.614,-545.362,7.10156,5.54199
811.04,-419.366,6.23256,5.54126
-788.167,15.7397,9.75502,5.53783
-23.3148,887.089,8.77557,5.53714
-902.387,-761.571,6.56115,5.53661
870.606,-486.588,6.51014,5.53658
934.739,-915.309,5.65639,5.5357
517.767,503.633,7.32727,5.53441
721.738,-856.668,6.09567,5.5333
-481.382,31.4975,6.44401,5.53175
492.953,763.769,8.11755,5.52661
758.414,738.532,6.19286,5.5264
-924.448,-608.156,6.0367,5.52432
-854.493,525.57,9.67922,5.52392
-579.885,604.35,9.31069,5.52335
-422.945,663.453,7.3221,5.52195
-175.652,812.261,7.27277,5.51866
470.849,636.312,7.34362,5.51838
312.546,-910.244,7.50994,5.51798
580.21,-740.623,6.22074,5.51743
428.875,714.948,6.03547,5.51696
-207.019,-884.672,5.71668,5.51564
776.049,161.135,7.30245,5.51508
795.498,-712.14,6.33567,5.51282
810.165,571.51,9.63952,5.51256
-283.994,-589.587,6.6319,5.50889
-559.825,-254.028,6.71912,5.50772
639.284,98.2021,7.53276,5.50162
-469.922,514.099,6.47038,5.50037
834.987,-317.23,5.88138,5.50028
579.201,387.954,5.69084,5.49836
936.387,-826.712,6.35154,5.49803
108.833,-934.13,7.53421,5.49672
-196.735,-619.233,9.35046,5.49539
-310.351,-888.038,6.10981,5.49368
113.688,-784.615,5.99402,5.49309
-144.821,-686.969,6.97766,5.49191
597.097,942.358,6.40657,5.49079
593.174,759.501,7.23507,5.4901
-317.537,835.656,5.94111,5.48897
708.859,-601.089,9.12112,5.48798
536.644,-102.744,7.03022,5.48658
705.671,915.916,9.2001,5.48395
866.12,376.441,8.6523,5.48352
-622.584,403.071,8.26008,5.48254
647.104,237.547,8.18014,5.48202
-83.7008,-740.11,5.89679,5.47953
444.181,-474.022,6.67337,5.4788
205.561,-577.957,6.5719,5.47879
-909.765,804.523,8.16847,5.47877
24.8844,-770.912,8.28302,5.47601
-148.944,607.562,7.54718,5.47553
811.992,-477.246,6.89779,5.47511
776.898,-533.395,9.00262,5.47491
377.352,-707.81,6.04575,5.47487
138.216,576.158,8.67807,5.47485
868.176,605.497,5.93198,5.47419
67.014,-525.593,6.21492,5.47409
228.988,519.879,9.97343,5.47387
538.054,688.967,7.59532,5.47323
478.079,464.137,6.75831,5.46986
-596.942,-327.11,5.83787,5.46981
-344.33,-849.688,5.73699,5.46927
937.386,756.064,5.92076,5.46866
-226.333,609.561,8.1159,5.46479
-599.094,-485.052,6.05581,5.4637
641.84,422.902,6.72751,5.46339
611.631,-531.577,6.03171,5.45763
-920.957,-252.65,7.71021,5.45622
863.072,257.889,6.85345,5.44911
-198.274,-786.039,7.77088,5.44871
-270.638,502.197,6.3128,5.44599
784.941,-14.9811,9.27618,5.44457
937.734,585.458,7.34095,5.44382
-840.893,-744.72,8.29405,5.44214
832.926,-684.727,9.96473,5.44141
-486.872,-801.845,9.29247,5.44063
714.923,687.647,6.71456,5.43749
-848.064,-553.35,8.34902,5.43639
124.081,-667.063,8.75076,5.4359
-619.701,435.027,9.83851,5.4304
-678.076,599.68,6.27513,5.43027
-829.947,-426.693,8.38583,5.42853
-322.592,868.686,7.22665,5.42749
-6.96225,935.31,7.82205,5.42745
-602.826,872.85,9.71859,5.42674
731.722,111.506,7.61351,5.42661
-516.871,-676.672,6.7994,5.42658
-911.906,193.45,6.9939,5.42454
905.588,7.69062,8.98189,5.42416
-911.82,-77.6661,7.30234,5.42292
926.32,257.234,7.28265,5.42162
750.05,-617.603,5.66039,5.42146
722.712,-936.409,6.64835,5.41975
-666.841,-540.15,9.29211,5.41928
622.673,-758.437,5.83192,5.41878
519.292,-870.421,7.74203,5.4161
367.113,-718.354,6.06266,5.41602
675.49,-435.756,6.00465,5.41559
68.1097,-551.593,6.18618,5.41451
-412.79,-934.298,6.96879,5.41372
-6.50499,736.937,7.21597,5.41327
400.711,-746.661,6.44919,5.41036
-743.826,217.7,7.04282,5.40942
828.721,875.611,6.25644,5.40682
-680.817,-134.183,8.9213,5.40637
-595.63,-54.5248,9.04122,5.40575
-572.639,768.414,6.02769,5.40561
-539.148,202.445,6.57074,5.40536
548.947,-597.945,6.94796,5.4043
-83.0798,-697.666,9.9223,5.40184
375.861,-859.368,7.00108,5.39782
-405.508,-794.45,6.07888,5.3962
769.895,631.016,6.60942,5.3909
-487.445,-592.942,5.75187,5.38757
848.662,-123.089,7.30301,5.38465
-480.689,362.59,8.93923,5.37991
645.683,-273.639,8.36531,5.37871
-850.78,341.774,7.25442,5.37845
658.135,573.893,6.99075,5.37817
645.052,-924.165,9.90586,5.37796
60.8867,664.29,5.9723,5.37663
695.007,-317.01,9.98134,5.37527
-867.242,258.944,7.75222,5.37491
942.84,-637.048,9.18246,5.37468
-826.501,-774.181,6.50377,5.3716
-628.544,-468.301,8.65273,5.37097
-583.049,437.861,7.85399,5.37067
419.916,608.644,7.04748,5.37044
-782.77,641.252,6.20787,5.37003
-481.259,270.834,6.04166,5.36717
853.876,160.957,8.44774,5.36646
619.58,-255.134,8.67968,5.36427
853.962,297.077,6.49653,5.36354
-210.808,856.712,5.67305,5.36206
-406.279,-589.421,5.81085,5.36152
-210.329,-935.167,6.03454,5.36121
-810.999,-72.5146,6.17251,5.36106
-345.114,681.53,9.43588,5.36015
537.314,323.356,9.43209,5.35962
359.937,798.892,8.29799,5.35675
-842.906,-13.9278,6.70356,5.35351
526.583,319.128,7.18858,5.35309
-754.653,802.643,7.56885,5.35265
339.368,-507.879,6.12812,5.3521
-755.677,-126.629,6.40076,5.34887
-668.698,39.1649,6.40588,5.34857
-876.567,87.4719,7.17772,5.34854
-402.124,-771.605,6.72233,5.34768
35.0635,-791.736,6.53035,5.34628
-939.604,-884.951,9.39004,5.3461
1.5781,713.064,9.26769,5.3448
915.326,363.15,5.94431,5.34234
-39.9296,-637.48,5.90061,5.33983
280.341,604.858,9.0396,5.33943
182.124,-838.247,7.79291,5.3361
695.01,458.594,7.44812,5.33514
-80.7188,527.113,8.31173,5.33088
-907.209,-698.497,7.7243,5.32971
536.365,695.582,6.83441,5.32944
-484.199,-72.602,5.98846,5.32863
124.271,665.309,9.08767,5.32777
-82.8796,-592.878,7.96978,5.32754
-761.758,68.314,7.43893,5.32735
320.511,-797.619,6.05521,5.32665
378.736,847.808,8.55835,5.32652
-465.472,882.224,5.7919,5.3248
518.812,-910.371,9.11978,5.32135
573.245,-175.83,6.55766,5.32079
-697.375,376.698,9.9317,5.31602
-743.436,483.096,9.43659,5.31527
875.685,-671.967,7.41957,5.31371
-521.312,-870.137,6.33474,5.31322
-891.685,672.591,5.91171,5.31255
592.089,-106.257,5.95113,5.3125
-565.421,505.861,7.78848,5.3118
-839.911,-469.627,7.7825,5.31078
317.266,554.204,7.21608,5.30838
470.266,893.914,8.8635,5.30792
67.9239,548.346,7.95941,5.30765
751.215,-658.326,9.06092,5.30682
605.435,708.733,6.2965,5.30569
-619.928,-3.58721,6.45813,5.30217
722.582,-186.918,8.09225,5.30128
77.8182,718.513,5.74922,5.30104
-926.36,-669.363,9.10835,5.30019
-710.855,-943.678,5.67377,5.29929
734.383,-870.767,9.68838,5.29489
-634.682,-859.048,6.22278,5.29478
-365.134,-484.337,6.86663,5.29254
-749.277,-874.183,8.01619,5.2918
680.733,-818.668,8.07038,5.29075
-257.773,-695.862,6.21505,5.29062
179.603,900.474,7.97464,5.2905
-681.404,873.458,6.20253,5.29021
-894.027,-927.955,6.17209,5.28997
-477.296,605.577,7.30129,5.28933
-742.05,-418.333,6.59304,5.28895
-254.577,949.792,6.65421,5.28626
-536.884,-247.74,6.48939,5.2855
-341.913,549.87,7.26428,5.28515
-775.387,-836.453,5.77622,5.28477
-338.26,-706.453,5.63477,5.28456
151.592,-843.544,7.1737,5.28257
822.458,847.946,7.54918,5.28074
-856.086,45.3297,7.59424,5.28066
-797.885,-941.578,7.4104,5.27872
762.144,610.115,5.68819,5.27863
-71.449,-857.615,9.20344,5.27753
-440.041,-719.096,8.92723,5.27549
547.971,245.02,7.92858,5.27285
-641.425,228.734,8.45228,5.2716
913.357,697.683,6.23958,5.27088
937.356,-951.557,6.96156,5.27069
-142.372,-729.278,6.04666,5.27023
852.203,-128.992,8.29839,5.269
-494.868,-379.861,6.17044,5.26789
759.942,-774.902,5.6422,5.26697
778.669,-583.608,6.56517,5.26667
579.956,579.327,6.27027,5.26507
682.702,723.014,8.32192,5.26378
-667.127,126.035,9.80641,5.26347
-694.394,748.899,8.30934,5.26153
620.698,-167.169,7.10567,5.26151
-733.836,96.0526,5.67915,5.26144
537.414,-2.01091,8.87185,5.26071
-651.486,-664.488,7.85387,5.25987
907.638,333.706,5.92452,5.25924
396.243,655.442,6.23122,5.25785
-219.402,-572.848,5.92975,5.25744
554.347,813.326,6.26562,5.25719
-269.064,-643.289,6.3634,5.25703
782.592,172.33,5.90382,5.25695
732.449,-361.483,7.21887,5.25624
-148.477,495.626,6.34957,5.25553
614.263,-546.973,5.73002,5.2535
-665.435,-114.544,6.91434,5.25255
658.697,336.551,5.87033,5.25203
322.777,814.057,7.75983,5.25182
-951.447,707.871,6.85841,5.25176
751.612,-277.968,6.73721,5.25002
725.508,-325.54,8.58897,5.24787
-515.133,614.057,7.67426,5.2463
910.877,562.639,8.17326,5.24625
60.6183,822.977,6.73184,5.24602
230.296,633.855,6.95687,5.24577
684.167,523.383,6.18881,5.24524
-87.2281,-884.142,9.50369,5.24355
-711.338,-705.866,5.94576,5.24216
-515.709,361.476,8.31195,5.2421
-575.902,-260.003,6.43273,5.2419
711.487,-183.479,5.93014,5.2405
-43.5124,-711.94,5.71425,5.24025
-238.003,846.488,6.49124,5.23452
864.168,625.911,7.63277,5.2321
-885.737,-591.847,7.20703,5.23146
506.894,-823.641,7.4793,5.23106
737.402,428.596,6.74396,5.22698
-496.382,-656.618,5.79648,5.22367
656.017,-490.908,8.49518,5.22208
-620.275,-394.164,6.30406,5.21965
254.379,-583.448,7.19287,5.21822
-382.949,691.182,8.56435,5.2181
-240.002,509.034,9.87926,5.21682
-437.504,-710.228,5.86349,5.21505
667.076,753.579,7.20893,5.21336
436.182,-771.061,8.62061,5.2123
-670.962,-472.328,9.70276,5.20968
-822.599,444.08,6.57907,5.20936
-729.388,685.529,6.73606,5.20877
616.225,-724.799,9.0007,5.20618
-653.904,-557.977,6.22569,5.20519
53.3877,718.331,7.48729,5.20392
917.131,-835.495,8.87101,5.20312
-366.234,-547.301,6.56658,5.20147
-533.484,196.944,7.31669,5.20089
424.535,699.61,9.84198,5.20022
294.678,-798.345,7.0363,5.19984
-949.165,-118.565,7.90881,5.19977
-42.487,626.614,5.7061,5.19907
-487.901,-696.318,7.02536,5.19746
419.059,-779.921,5.94747,5.19649
-879.196,311.183,6.59362,5.19586
850.206,-86.1991,7.91949,5.19415
472.592,126.817,7.44031,5.19315
41.5805,639.371,7.26609,5.19219
-531.731,-739.111,7.78489,5.19136
-58.1485,-844.74,7.09165,5.19135
196.863,-733.176,5.83473,5.19025
471.29,640.37,5.9803,5.18754
-625.212,-279.857,7.13334,5.1838
385.59,-477.102,6.76298,5.18239
765.825,-598.465,8.35469,5.18145
-427.478,850.662,7.91715,5.17982
309.254,620.161,9.29886,5.1788
-667.165,498.247,6.0574,5.17784
762.41,-791.823,6.4148,5.17625
540.649,-898.011,6.85534,5.17519
724.374,-255.022,6.96787,5.1735
805.702,481.024,7.79092,5.17282
-232.246,645.117,7.33209,5.17242
-725.55,-557.867,6.41105,5.17159
727.986,446.532,7.0371,5.16854
408.587,-633.889,7.85102,5.16826
762.82,-393.29,8.31828,5.1682
37.8811,-677.857,7.28551,5.16484
359.656,501.947,8.13721,5.1624
-243.624,-578.811,5.71369,5.16116
-749.837,-586.421,8.57598,5.16006
-584.26,-350.853,5.78849,5.16001
-749.275,495.305,5.72833,5.15965
524.709,-44.7132,6.13115,5.15857
-666.686,-809.096,9.77895,5.15485
-925.747,538.939,8.56412,5.15467
508.71,-454.166,7.63308,5.1545
-509.82,-931.927,7.09936,5.15335
-922.362,809.082,5.70139,5.15151
907.377,202.693,7.57758,5.14935
-577.345,-272.519,9.68405,5.14927
-692.108,66.516,5.8808,5.14904
725.176,906.714,8.87411,5.14832
526.437,-568.338,5.69937,5.14796
55.1835,-910.549,5.79093,5.14713
-821.273,-340.708,6.56706,5.1462
606.931,271.093,5.80396,5.14531
427.62,-767.125,7.64648,5.14471
-707.428,-78.1668,6.29345,5.14463
-687.744,-206.815,7.63778,5.13982
-368.954,-806.889,9.85219,5.13898
108.18,-942.767,5.77919,5.13737
-473.024,219.997,8.74205,5.13684
-533.157,-426.544,7.10976,5.13493
455.153,670.035,7.36747,5.13385
-704.394,-799.036,8.84205,5.133
862.693,-65.7188,5.99069,5.12987
-403.437,-551.443,6.98597,5.12931
-250.071,-761.044,6.76954,5.12852
-699.412,76.1281,6.27051,5.12836
-287.16,-878.093,5.79423,5.1277
417.44,-841.313,7.77225,5.12542
-486.819,-136.391,5.85932,5.12053
-765.731,-718.918,6.99717,5.12035
596.424,300.266,7.1702,5.1198
-825.051,941.435,8.72728,5.1193
870.885,-332.675,7.82348,5.11898
-613.059,-50.0688,7.26743,5.11872
669.472,907.422,5.71871,5.11772
665.168,176.182,5.89101,5.11753
638.54,-213.424,9.70003,5.11689
811.236,-505.807,6.87822,5.11304
-334.677,487.382,7.32216,5.11111
790.02,-215.871,6.63927,5.10936
-313.358,-944.945,5.75993,5.10878
483.55,649.882,6.07957,5.1086
492.829,-662.58,7.02554,5.10821
347.126,-533.644,5.74292,5.10807
451.424,538.279,6.4186,5.104
912.585,-567.29,5.68476,5.10374
-753.449,-893.511,7.32265,5.10265
492.811,265.441,7.79144,5.10033
14.5188,-872.356,5.77013,5.09964
-845.603,-317.399,7.94585,5.09904
-847.562,-925.338,6.28571,5.09671
-679.865,-325.679,5.74465,5.09562
-944.189,-743.667,7.19592,5.09492
-631.977,494.532,7.2597,5.0926
-637.937,104.914,7.74667,5.09164
-133.341,-494.718,7.73547,5.09068
-760.308,330.309,8.92298,5.08695
59.6593,680.126,8.06571,5.0837
-56.3565,606.343,6.58333,5.08313
-332.012,834.488,7.4442,5.0819
108.654,632.392,5.73802,5.08075
808.569,250.545,7.16665,5.08026
-543.954,-930.678,5.64845,5.07874
-935.506,941.157,7.15023,5.07867
-398.546,-778.464,8.33367,5.07385
-829.469,381.589,8.04748,5.07356
-426.16,530.74,6.08107,5.07302
938.482,-220.549,7.05458,5.07184
-813.274,-219.7,8.77754,5.07171
-779.047,-921.883,7.57874,5.07144
473.763,-489.18,8.07671,5.07098
-301.26,679.217,9.83915,5.07089
-665.409,544.365,6.70264,5.06992
-391.046,-643.494,8.03791,5.06971
-865.151,901.947,9.29195,5.06937
-582.83,-422.845,6.7303,5.06818
843.126,-792.644,7.66878,5.06687
616.698,-928.332,6.67056,5.06458
-880.113,42.9934,7.85092,5.06431
57.0552,-498.06,6.0594,5.06406
792.742,-273.573,7.67649,5.05879
-60.3047,-688.815,6.97251,5.05761
219.032,728.39,9.49526,5.0561
-542.185,-906.433,7.99202,5.05334
926.359,-469.48,5.81917,5.05289
-790.067,371.944,5.83197,5.0508
595.271,-399.974,6.53675,5.04939
-884.633,727.14,7.26107,5.04918
-48.9264,-714.868,6.45875,5.04868
926.837,194.602,6.47017,5.04511
-476.529,-335.321,6.0599,5.04506
596.432,749.666,9.24938,5.04416
516.242,455.398,6.0456,5.04395
-902.634,-336.726,6.55639,5.03835
339.296,518.243,6.01083,5.0379
-612.426,-842.15,8.54354,5.0377
-622.217,-750.048,7.00583,5.03609
391.545,771.465,9.16079,5.0351
-744.267,310.087,7.25934,5.03404
543.932,477.609,6.85666,5.03364
-567.783,727.278,7.92913,5.03328
912.868,624.574,9.22038,5.03294
950.006,-255.187,6.22255,5.03208
-950.53,-526.806,6.24309,5.03198
329.195,502.728,6.00525,5.03136
-670.26,-899.962,6.70651,5.02703
34.4237,-482.415,6.60233,5.02624
-518.399,40.1945,7.20471,5.02611
-510.219,-31.0768,7.4061,5.02384
628.054,20.8198,6.7891,5.02331
145.825,480.973,9.20994,5.02263
930.67,-285.532,6.18395,5.02249
56.3262,818.713,5.8067,5.02161
-539.404,-503.441,5.69416,5.02146
-559.609,808.1,6.43742,5.02113
-900.487,-722.779,8.24391,5.02003
560.775,222.602,8.48543,5.01926
539.792,735.315,7.86242,5.01845
475.495,-202.765,9.92969,5.01645
-480.507,-289.211,7.94194,5.01542
352.144,-869.049,6.49369,5.01511
-661.022,397.769,7.8263,5.01369
-818.909,629.773,6.78885,5.00994
767.686,483.998,7.00738,5.00973
638.536,145.759,5.91023,5.00958
566.995,640.874,6.99806,5.00797
-558.507,-927.935,7.19135,5.00707
834.179,881.107,8.2746,5.00669
-628.52,804.794,5.90412,5.00461
350.209,833.648,8.62084,5.00424
942.115,34.6181,6.40433,5.00165
-875.708,445.422,7.52115,5.00137
65.2672,873.464,6.92004,4.99925
478.842,289.401,7.75756,4.99898
-11.9452,-508.24,9.22516,4.9948
-680.852,-426.752,6.22639,4.99474
459.333,575.208,6.07775,4.99392
-614.68,-105.254,9.18776,4.9936
-866.048,-648.638,6.32897,4.99258
347.666,621.76,7.93481,4.99161
538.535,331.527,9.43258,4.99135
-80.7646,-939.197,8.33885,4.99132
-57.0946,695.38,10.0155,4.98831
-120.302,728.834,6.4397,4.98619
-849.932,-936.477,6.8305,4.98491
707.047,-512.401,7.66406,4.98396
-116.506,554.509,7.33596,4.98128
-706.575,756.97,8.92213,4.97818
886.36,-408.965,6.30678,4.97697
-822.463,-483.494,8.56112,4.97588
905.086,552.301,7.00878,4.97549
264.022,-683.18,9.53433,4.97255
-30.2034,-849.726,9.36665,4.97084
-661.601,26.4732,5.94416,4.96941
-838.902,-378.778,8.50238,4.96863
-845.443,244.564,9.49524,4.96758
226.134,-701.546,6.01179,4.96704
-362.171,-738.957,6.98149,4.96515
335.898,647.372,7.76714,4.96506
335.532,694.247,5.99524,4.96258
-920.682,93.6929,9.19233,4.9603
927.296,541.292,6.27055,4.95948
707.341,342.686,9.63261,4.95859
538.152,634.873,8.21163,4.95644
911.736,181.404,8.99176,4.95408
-848.175,773.691,6.54288,4.95172
186.96,621.445,7.23166,4.95147
-721.279,945.734,7.2944,4.94931
-802.433,660.147,7.55371,4.94831
-149.965,-671.418,5.64133,4.94792
537.055,566.865,8.17345,4.94174
860.8,108.105,5.79153,4.93994
-38.5851,-920.469,7.63292,4.93903
432.974,511.86,6.33984,4.93886
327.057,701.679,6.07461,4.93841
792.285,-700.151,5.86027,4.93796
741.098,614.486,5.79629,4.93727
-437.186,805.66,5.79764,4.93646
55.0553,-754.261,7.55418,4.93628
607.661,-610.728,8.67173,4.93492
382.38,-752.849,8.42952,4.93435
-408.987,771.079,5.86948,4.93127
-593.665,652.874,6.10646,4.92888
711.378,-389.337,7.00327,4.92847
-101.449,-557.104,9.16219,4.92806
317.623,481.675,6.31384,4.92796
-771.85,-516.554,6.39847,4.92788
-554.648,119.774,5.80075,4.92542
-44.3218,710.483,8.33725,4.92525
-232.096,538.702,6.75607,4.92468
-594.8,-2.74967,8.7101,4.9238
-244.395,-666.766,9.44711,4.92362
-246.188,-622.963,8.80346,4.92026
663.833,515.555,5.87779,4.91971
503.218,294.25,8.83049,4.91921
610.701,714.717,9.3258,4.91863
542.327,-155.617,7.88006,4.91759
-933.093,246.925,7.18711,4.91381
-562.185,-271.709,5.8411,4.91322
-345.852,731.914,7.06482,4.91257
314.23,-676.916,9.03524,4.91248
-839.796,328.462,7.24984,4.91008
472.34,-389.701,9.33208,4.90529
321.814,-493.275,9.84817,4.90502
-676.538,-921.058,7.69379,4.90477
671.976,-474.686,6.42082,4.90199
-852.618,784.614,8.21703,4.90103
333.41,920.155,5.82991,4.9003
-646.711,-704.05,6.28344,4.89798
-653.491,482.654,7.40015,4.89729
-536.148,227.972,7.06566,4.89523
837.999,-773.696,6.94344,4.89321
852.022,-885.235,9.42988,4.88711
-905.549,-274.036,6.62336,4.88586
640.254,934.344,7.13601,4.88387
535.96,-686.362,6.7685,4.8837
-929.43,-153.6,8.14021,4.88279
-140.081,-852.028,5.973,4.88264
556.7,-470.108,6.2703,4.88228
249.871,890.018,6.19411,4.88152
68.1207,533.406,8.61211,4.88066
-473.389,-802.935,6.86895,4.88044
-338.786,-676.694,8.48841,4.88012
-887.596,-399.612,6.49704,4.87652
359.669,-786.128,5.65722,4.87589
-412.014,-587.542,8.75307,4.87573
-409.682,-907.515,6.13917,4.8692
527.591,635.595,7.47086,4.86878
624.874,586.85,8.04678,4.86572
-926.398,39.9819,7.54465,4.86388
599.499,-559.568,5.74339,4.86312
-309.293,664.182,7.19832,4.86229
391.057,503.81,7.08755,4.86141
-489.888,-40.3901,5.94095,4.85973
400.157,-828.188,8.91298,4.85972
67.1707,566.812,9.86737,4.85872
-602.603,-269.658,6.36738,4.85457
-839.609,105.636,8.64026,4.85454
-649.613,236.771,8.1675,4.85428
114.53,-524.472,6.27281,4.85322
-847.566,-442.945,6.41219,4.85163
201.274,804.639,6.55284,4.8503
-480.322,33.1968,6.89447,4.84783
658.717,123.794,7.38138,4.84782
505.113,-57.9337,9.8356,4.84623
941.106,324.977,5.689,4.84433
-949.543,-66.8231,7.58799,4.84315
605.641,-334.684,9.8272,4.8427
462.194,475.874,7.99775,4.84223
-47.8678,723.002,6.21982,4.84087
563.32,-613.12,6.95782,4.83975
-587.827,69.6141,8.22277,4.83795
37.3084,773.583,5.69109,4.83774
-666.122,250.998,8.57618,4.83751
-946.029,-755.683,7.86599,4.83521
353.586,596.669,7.2951,4.83517
143.585,865.021,8.64604,4.83255
13.5016,-581.897,9.55838,4.83252
-596.502,716.841,7.20762,4.83216
494.802,-769.432,8.9002,4.83082
749.916,648.694,7.69626,4.83008
-128.546,840.308,7.29208,4.82324
554.045,-624.945,6.27582,4.82116
-522.765,-821.314,6.80225,4.81863
600.03,-690.823,9.53969,4.81819
-514.96,-151.97,7.44518,4.81783
270.326,849.665,9.98089,4.81649
-286.27,739.319,7.92267,4.81562
-166.819,-568.532,7.56761,4.81519
326.04,-525.454,5.66859,4.81518
-484.689,252.326,7.65379,4.81503
-883.767,372.377,9.25218,4.81447
326.878,687.973,5.98584,4.8126
391.626,598.204,8.55263,4.80861
794.553,282.878,5.83908,4.80572
577.562,-172.604,8.27119,4.80571
767.727,193.727,9.36215,4.80543
761.406,-633.385,7.26008,4.80502
-651.476,-39.5518,9.91118,4.8035
-707.932,392.265,7.66576,4.79746
130.233,-516.125,6.83544,4.79488
-86.8636,-898.475,8.1233,4.79472
-259.104,687.914,6.01455,4.79306
-786,462.185,7.77767,4.79033
584.862,536.492,7.44904,4.78974
616.855,587.226,7.25398,4.78876
-282.495,-931.863,5.91911,4.78841
539.803,923.739,9.48111,4.78806
-78.7739,788.12,6.39676,4.78535
608.343,-796.041,5.66484,4.78528
-502.703,566.197,8.0166,4.78527
-651.507,292.545,6.44197,4.78059
-846.654,543.395,6.92718,4.78048
-896.613,3.95556,6.7629,4.78019
-898.692,-52.4912,5.68778,4.78004
-454.669,-858.474,7.62044,4.77795
590.505,564.605,7.89873,4.77715
-550.548,-560.195,7.78352,4.77679
-475.721,322.522,5.98071,4.77636
-93.961,-660.828,9.88552,4.77613
839.974,99.6992,6.26344,4.77528
946.379,-718.303,8.76643,4.77372
-451.154,-821.091,6.8704,4.77208
-172.884,761.709,5.62895,4.77177
502.661,-342.659,6.93221,4.76867
395.694,576.786,8.20749,4.7686
683.091,675.406,7.17287,4.76674
-585.019,907.721,6.6843,4.76589
629.39,655.029,8.51839,4.76439
112.265,593.904,6.29268,4.7615
522.287,751.757,6.54806,4.75999
795.41,414.248,7.06089,4.75915
-668.201,326.562,5.65338,4.75762
-479.483,-380.768,6.94822,4.7575
-550.391,-694.666,9.91283,4.75651
512.744,-302.927,5.66809,4.75633
-366.754,-704.455,6.65549,4.7559
-663.766,893.136,6.37284,4.75527
551.462,-7.50723,6.67209,4.75514
-578.797,-35.6804,7.48624,4.75108
912.027,677.679,9.78111,4.75002
239.765,-699.117,5.98346,4.74881
-752.166,-904.569,6.90578,4.7488
-103.996,-598.162,7.69369,4.74848
940.748,-287.582,6.89208,4.74786
691.171,721.321,8.62938,4.74763
298.773,658.242,7.64678,4.74484
-133.409,-843.477,6.95254,4.74429
61.8097,820.409,8.74888,4.7432
72.163,685.815,6.08631,4.74315
-532.916,-588.218,6.20727,4.74292
-607.704,-714.778,7.49966,4.74202
266.9,-477.761,6.01887,4.74119
-736.823,-153.332,8.95249,4.736
684.451,-191.174,8.02704,4.73198
-501.623,-247.522,6.92979,4.73048
613.265,-372.658,7.93463,4.73022
-39.3117,506.319,6.68849,4.72994
494.681,29.1833,5.99113,4.72956
494.115,443.702,9.5778,4.72671
756.843,-554.073,8.18343,4.72609
-894.144,512.856,6.19839,4.72589
-644.567,930.486,8.39609,4.72586
-453.866,882.989,5.94981,4.7255
511.373,-859.282,7.59975,4.72432
-697.169,773.953,9.85181,4.72341
948.9,879.19,5.93073,4.72248
682.062,-920.248,5.69412,4.7213
728.696,-233.22,8.6826,4.7202
-317.584,-924.525,6.59865,4.71862
608.603,299.504,6.33454,4.71689
-951.246,263.671,5.97483,4.71579
416.129,-878.29,6.57482,4.71559
773.6,457.54,6.13112,4.71437
141.229,640.185,6.61793,4.71176
585.026,886.034,8.35911,4.70971
-73.6268,-610.848,5.85253,4.70956
-763.34,534.876,7.51422,4.70905
786.345,155.493,8.0411,4.70883
630.441,187.935,6.25808,4.70768
626.553,-753.491,6.56495,4.70685
-198.868,493.72,6.48892,4.70668
742.754,415.056,7.66934,4.70664
-698.862,211.934,6.36685,4.70645
-14.1261,-835.574,7.20436,4.70607
-661.795,-941.057,6.74559,4.69791
751.719,-427.225,6.83544,4.69726
903.453,31.8318,7.00904,4.69696
396.772,-632.603,6.35324,4.6959
-759.66,820.843,7.11993,4.69568
-101.918,-948.34,8.36384,4.69354
-57.9519,-631.953,8.24787,4.69043
-111.514,-722.85,7.33179,4.68942
-356.111,-829.603,6.20202,4.68859
-828.534,725.453,7.961,4.68848
311.836,920.146,6.01893,4.68799
656.857,-426.658,8.22157,4.68683
346.598,874.054,9.93766,4.68527
-201.679,-928.617,7.01083,4.68467
-674.401,-97.8656,8.09858,4.68327
-591.755,382.684,7.60932,4.68313
-805.283,902.047,7.70165,4.68275
382.222,-828.894,9.93368,4.68252
110.777,850.815,8.30078,4.68103
492.287,259.043,7.26342,4.68006
-620.623,-663.408,6.72667,4.67752
547.373,223.311,5.74879,4.67708
682.872,812.083,6.46437,4.67698
-590.691,46.1348,5.79859,4.67582
8.32519,599.974,8.10342,4.6754
-752.584,798.029,8.97972,4.67485
-648.631,-146.135,9.00941,4.67355
-887.11,690.056,6.26845,4.67144
916.758,-55.474,7.42703,4.67122
-951.452,498.939,6.39129,4.67114
-456.813,570.78,9.90369,4.67073
781.263,866.982,5.80825,4.67018
-486.742,-400.798,8.29468,4.66955
-813.5,293.181,9.04422,4.66892
885.143,-398.516,7.16133,4.66809
-732.938,646.537,8.4883,4.66707
-689.178,562.503,7.10271,4.66558
300.849,479.79,6.2986,4.66397
231.89,554.844,5.93947,4.66296
-23.9947,-716.173,8.68166,4.6572
586.771,-455.207,7.12359,4.65689
572.534,-857.259,8.05112,4.65191
863.104,83.6921,7.68347,4.65071
734.465,281.434,6.11059,4.64937
328.274,-704.032,5.73379,4.64647
568.971,418.83,6.64794,4.64553
162.184,-876.393,6.6303,4.64474
725.443,308.694,6.18762,4.64264
-364.051,662.94,7.35494,4.64249
-527.426,-607.256,5.83267,4.63953
852.285,914.873,9.13791,4.63901
-618.35,131.26,7.36147,4.63759
897.775,294.688,7.9208,4.63517
-537.567,616.16,6.21344,4.63177
-516.879,441.372,8.06979,4.63012
-285.317,878.428,8.63313,4.62759
321.126,770.903,6.69155,4.62736
458.798,923.992,7.05101,4.62118
401.429,-594.335,5.65122,4.62008
319.918,723.832,9.35841,4.62001
-90.1802,-947.281,6.49197,4.61873
-166.159,-490.937,7.48926,4.61746
-517.39,-805.416,7.37027,4.61602
633.324,-652.306,8.64914,4.61566
834.391,-480.932,8.85055,4.61415
-165.934,-667.109,8.28676,4.61038
-522.891,292.949,8.63639,4.60603
646.054,25.8684,9.42139,4.6042
-38.5308,520.048,5.77546,4.60409
241.334,-714.437,6.38221,4.60199
-816.215,946.892,7.52013,4.60186
-597.957,-12.0208,6.20384,4.6005
-653.027,-882.96,6.08334,4.59832
-526.726,-188.728,7.26277,4.59663
348.794,-530.348,5.83079,4.59425
-795.141,-223.976,7.88361,4.594
-106.309,636.557,8.63591,4.59211
-847.504,-665.75,6.98099,4.59015
580.961,421.903,5.84378,4.58889
-675.407,-871.002,7.45484,4.58499
-204.108,-564.239,6.10501,4.58382
-866.726,517.642,6.39508,4.58241
-242.834,-719.113,7.8376,4.58078
772.726,513.589,8.04539,4.57632
-661.985,853.667,9.22348,4.57473
571.723,-461.958,6.10506,4.57405
-570.997,168.947,5.88379,4.57396
269.723,-664.068,6.82769,4.57394
-101.232,757.344,5.86193,4.5735
28.8448,-591.089,5.82151,4.573
-127.788,-726.666,8.5052,4.57002
-85.7546,489.456,8.80373,4.56955
830.671,-592.572,5.98893,4.56482
114.366,-943.006,5.69046,4.56295
-39.514,849.401,6.90007,4.55979
-835.485,-700.106,8.87867,4.55815
-424.168,790.1,6.1788,4.55648
-103.565,862.747,6.01611,4.55464
261.875,-508.596,8.23703,4.55387
-857.805,-709.945,8.42375,4.55373
364.271,759.85,6.49684,4.55288
-559.066,182.855,7.68291,4.55253
655.25,767.717,9.21808,4.55202
716,927.724,6.4087,4.54891
-812.29,-336.679,5.83696,4.54818
497.404,785.573,8.10346,4.54808
891.77,-700.146,5.83778,4.54782
-792.469,-400.758,9.67067,4.54754
28.365,-742.407,6.14303,4.54587
-714.35,822.17,7.64779,4.54427
112.002,877.345,8.04666,4.54388
-508.331,316.941,5.83548,4.54311
689.138,776.339,6.48768,4.54276
-798.955,-126.95,8.09494,4.54179
833.769,609.908,9.42889,4.5416
471.537,-227.75,8.8009,4.54049
601.179,882.953,5.73118,4.54001
-943.944,299.09,8.679,4.53589
-650.13,-219.934,6.90016,4.53514
541.481,-95.4614,9.12186,4.53514
516.275,-827.873,6.01718,4.5312
-666.728,498.573,7.18928,4.52943
463.09,-776.78,8.04198,4.52889
-917.513,-649.149,5.95858,4.52845
-10.3549,-630.076,9.41844,4.52625
785.264,418.513,9.67052,4.52443
-824.602,-787.359,6.04358,4.52254
351.87,508.536,6.60251,4.52167
832.208,-788.046,7.55763,4.52002
-301.337,-904.86,7.72325,4.5191
608.556,-248.043,5.91909,4.5187
67.3772,-671.242,5.91697,4.51844
828.133,834.563,7.2746,4.51842
743.026,569.814,6.97905,4.51742
-649.212,-216.895,5.85799,4.51686
-869.816,-296.391,9.51418,4.51677
-594.756,200.727,8.24163,4.51638
-309.536,-870.29,9.39614,4.51532
233.255,506.182,6.50128,4.51436
-569.236,-931.516,8.12625,4.51305
932.301,619.461,6.86107,4.51203
-649.279,280.712,6.37615,4.51105
-810.237,826.4,6.95823,4.50953
485.971,130.982,8.26613,4.50859
786.185,-218.672,5.77145,4.50774
-501.119,-196.368,5.63487,4.50672
738.765,-485.749,9.74895,4.50465
510.391,-485.287,8.1906,4.50343
436.385,675.396,8.81173,4.50094
309.651,472.878,7.40586,4.5006
127.264,-917.978,7.98683,4.50003
-462.627,-519.816,7.72695,4.49887
134.085,658.01,9.19026,4.49826
-647.928,616.811,6.32683,4.49734
-718.519,940.956,8.14337,4.49493
-888.842,-291.853,5.97218,4.49487
-884.649,-219.045,7.83632,4.49087
553.385,831.325,6.1543,4.48672
668.456,243.985,7.42653,4.48583
208.796,831.881,5.64613,4.4845
232.024,902.78,5.79498,4.4844
543.034,-795.844,6.52346,4.48423
-621.451,-850.449,7.66479,4.48415
-140.065,-615.224,6.132,4.48352
545.705,315.236,8.42103,4.48331
-409.832,-832.642,9.97221,4.48281
-328.012,494.314,9.50052,4.48126
11.8707,-910.337,6.12168,4.4803
777.517,142.597,6.35531,4.47955
-555.105,516.744,6.9685,4.47916
-691.115,-922.91,5.75313,4.47758
924.453,79.7144,8.77134,4.47728
920.025,-302.315,8.68746,4.47708
946.248,-197.999,7.02475,4.47579
595.444,736.866,6.9802,4.47552
823.885,-161.905,6.20289,4.4753
-849.003,-742.186,6.12235,4.46796
510.326,-671.621,7.88709,4.46614
-883.226,720.609,6.19384,4.46567
831.978,53.5092,7.46302,4.4629
578.563,495.94,8.60455,4.46208
151.165,558.497,8.08598,4.46182
161.838,946.904,9.32292,4.45913
204.209,-761.802,6.41119,4.45382
433.667,-768.586,8.03449,4.45275
-22.6371,570.849,6.64205,4.45242
168.659,735.463,8.74239,4.4522
643.877,-796.515,9.48766,4.45161
-305.268,-694.632,7.86977,4.45079
-698.267,493.868,7.06113,4.45042
34.6332,-693.965,7.71102,4.45012
-874.506,-203.617,6.0737,4.44931
389.347,515.232,5.81047,4.44736
-631.438,-858.989,8.12881,4.44651
-333.03,-753.493,5.79984,4.44485
-143.152,-658.43,6.67382,4.44403
719.621,-491.86,8.13201,4.44245
-457.392,-858.499,6.32586,4.44187
785.253,10.5765,6.88157,4.44097
-12.1909,838.014,5.792,4.43959
-906.889,207.199,7.01313,4.4389
727.744,88.548,7.24527,4.4382
775.379,259.172,6.02501,4.4373
119.068,-797.269,5.70212,4.43707
106.576,605.051,6.3366,4.43697
-910.177,598.093,7.86149,4.43662
703.041,405.703,6.30325,4.43317
622.422,587.04,6.59639,4.43021
863.508,578.018,7.6375,4.42817
-527.404,148.96,6.69915,4.42669
783.032,-98.4777,6.13343,4.4263
-756.673,-130.368,6.72098,4.42526
-506.799,-267.6,6.39729,4.42344
-294.595,865.895,6.38298,4.4229
725.397,-674.52,6.57558,4.42261
-811.182,214.645,5.79193,4.42197
481.083,40.0509,9.97774,4.42162
166.698,701.451,7.17669,4.42119
762.803,703.973,6.61884,4.41949
44.1356,850.214,6.07353,4.41676
213.817,798.966,8.62498,4.41614
-325.806,761.231,6.79303,4.4146
20.1645,769.289,7.43259,4.4146
226.611,633.611,6.60078,4.4138
-593.471,-429.709,6.85113,4.41362
-837.558,-13.6735,7.84553,4.41006
-703.276,343.172,6.85248,4.40814
-627.291,-10.7104,5.88626,4.40671
-675.586,-450.486,6.02548,4.40524
518.903,473.43,8.9385,4.40405
696.182,-236.256,6.30586,4.40254
-706.169,123.995,8.44367,4.40219
561.396,-294.393,8.84447,4.3994
898.806,-230.332,6.98104,4.39876
-93.1031,908.471,6.00283,4.39872
-829.176,-87.317,7.9255,4.39815
744.042,211.644,9.62094,4.39473
186.055,-545.498,9.53163,4.39232
-562.119,-832.536,6.1838,4.39062
-596.68,-292.49,7.1586,4.38995
-651.02,3.39067,6.67021,4.38927
-199.337,-903.169,6.83654,4.38781
-530.939,-777.398,6.89093,4.38464
-543.554,910.488,6.12556,4.38358
-623.685,-208.741,6.17906,4.38354
-772.179,-674.741,7.47797,4.38244
880.161,-417.166,5.73919,4.3809
130.495,587.71,9.2119,4.37486
196.848,836.634,9.3977,4.3744
522.038,-9.2421,6.69007,4.37437
324.75,762.699,8.59975,4.37361
883.273,375.815,6.06797,4.37162
-588.385,948.992,8.11045,4.37149
-872.82,136.186,7.42984,4.36683
890.372,-35.6127,5.9291,4.36515
-760.406,517.842,6.125,4.3647
743.629,168.94,7.37379,4.36348
582.884,483.57,8.87071,4.36267
18.8025,729.661,6.31723,4.36249
0.301176,669.419,6.31874,4.36224
907.714,-691.335,7.69752,4.36079
92.6432,861.839,7.79585,4.36074
747.65,686.023,7.8582,4.36062
334.314,883.12,6.60556,4.36027
798.596,-844.588,5.89224,4.36024
411.446,891.58,8.14933,4.35967
703.268,-772.065,7.47007,4.35902
-308.161,475.798,7.98338,4.35841
-940.867,666.944,6.70184,4.35823
610.907,931.546,6.6851,4.35789
-908.027,31.6978,7.00254,4.35679
-131.651,-749.215,7.64747,4.3558
-96.5998,-690.974,8.07986,4.3544
-880.907,-424.202,8.56894,4.35314
269.602,572.539,5.87544,4.3515
-625.736,858.437,5.9613,4.3507
518.671,-787.793,9.0442,4.35056
-452.633,-547.54,6.60839,4.34995
687.883,-948.911,5.99359,4.34904
-476.113,911.305,7.84828,4.34825
-723.788,404.5,6.54597,4.34789
-260.751,-842.47,7.75272,4.34724
-177.133,-704.803,5.81828,4.345
-754.193,-697.21,6.16764,4.3437
772.34,71.0261,9.68788,4.34346
-734.578,121.794,9.92854,4.34278
-362.543,947.993,8.86045,4.34257
-45.3499,872.921,8.57952,4.34256
-939.202,-349.162,9.1791,4.34223
-84.7406,637.777,6.09255,4.34159
626.243,-377.438,8.33375,4.34065
758.55,244.865,9.04628,4.33902
174.813,-831.802,5.80514,4.33806
627.384,-514.286,6.28873,4.3378
-328.912,489.868,7.354,4.33719
734.868,681.438,8.48873,4.3367
674.888,526.167,8.49134,4.33178
173.525,883.827,9.67166,4.32991
-689.575,2.92499,6.23875,4.32938
-604.914,351.944,8.52353,4.32898
836.852,-144.876,7.44536,4.32796
-427.645,-559.571,8.50042,4.32688
540.277,924.059,9.51079,4.32672
-130.922,-928.375,7.08775,4.3264
672.825,-895.324,9.78454,4.32502
-721.905,889.098,6.84669,4.3236
762.648,539.834,6.49635,4.32324
-856.188,-276.929,6.86927,4.32255
-762.818,-706.012,5.73508,4.32071
883.414,445.624,5.64519,4.31771
-644.301,736.987,9.02736,4.31623
-415.014,725.208,6.52217,4.31603
-619.703,724.502,8.43441,4.31524
667.798,728.648,6.90951,4.315
934.135,-127.252,6.14381,4.31226
347.662,-565.144,9.93694,4.31073
920.073,-811.422,7.91254,4.30915
-869.646,-433.235,6.18761,4.30771
-340.103,720.147,6.26209,4.30736
-706.71,794.24,6.85928,4.30716
807.659,859.974,6.0189,4.30697
659.892,309.915,7.18713,4.30661
552.998,544.06,5.65808,4.30226
331.758,736.968,5.80384,4.30208
720.689,904.163,6.16082,4.30199
495.943,320.476,9.22414,4.30089
953.135,-630.751,5.71088,4.30085
248.864,776.6,7.71555,4.30035
230.122,-797.642,6.60502,4.29927
-680.284,-15.2531,5.84967,4.29907
604.272,571.125,9.18199,4.2977
-746.259,423.452,7.40524,4.29631
-932.41,-635.738,7.45058,4.29609
-312.643,-854.85,5.87545,4.29565
834.486,656.899,6.87103,4.29514
544.468,-838.377,7.51681,4.29127
-857.285,-899.557,7.06317,4.29107
-771.6,-67.1329,8.44914,4.28969
187.026,780.945,5.79347,4.28916
113.413,-800.759,7.78474,4.28654
768.386,897.722,6.17215,4.28591
-908.703,-490.299,9.97688,4.28477
323.489,-618.636,6.86202,4.28459
-479.727,84.7485,6.25664,4.28306
285.316,928.491,7.03029,4.28207
-432.097,685.607,7.55734,4.27979
-505.412,-844,6.23897,4.27946
821.289,494.65,8.57002,4.27846
290.438,819.585,7.03303,4.27782
659.881,-946.669,9.28528,4.27775
-886.096,683.504,6.47375,4.27466
-532.273,153.616,5.89325,4.2729
901.881,-430.469,7.40935,4.26816
583.92,663.524,6.18162,4.26728
632.601,336.903,6.05356,4.26676
651.289,386.61,7.78178,4.26565
584.706,418.291,7.08046,4.2629
-835.307,362.63,6.63397,4.25772
904.001,-307.935,6.39408,4.256
-565.109,-672.669,6.22801,4.25413
899.383,-872.678,9.95985,4.25324
-719.506,726.263,6.30018,4.25265
908.588,-554.491,6.36993,4.25222
267.087,-867.676,6.97221,4.25005
796.613,509.982,8.78404,4.24965
528.873,733.143,5.93683,4.24774
-291.144,924.75,7.78862,4.2431
-613.461,-803.776,7.83094,4.24136
-922.245,493.262,5.79886,4.24004
262.654,878.47,8.41386,4.23818
944.042,38.6174,8.6758,4.23795
-932.215,-436.775,7.92732,4.2375
567.415,361.369,6.88038,4.23745
-10.3357,801.146,5.86599,4.23709
863.894,850.389,5.67573,4.2369
700.5,-879.751,6.89224,4.23554
435.618,-875.053,5.99671,4.23516
-519.024,-651.5,8.4825,4.23406
-625.756,65.8874,5.7089,4.23347
-139.354,772.937,7.4235,4.23335
-570.404,-60.6305,7.28742,4.23261
149.499,828.424,5.97546,4.23119
692.757,72.2896,8.55613,4.23115
401.041,-524.593,8.7992,4.23099
160.978,606.511,6.67395,4.2302
-715.816,359.911,6.93843,4.22966
-925.788,362.452,6.2983,4.22648
-759.976,-549.557,6.96405,4.22645
223.775,645.23,6.6497,4.22494
777.437,-641.825,6.1328,4.22129
805.863,-655.224,6.34996,4.22089
-913.286,614.371,9.52979,4.22054
-896.29,222.821,7.02953,4.21991
680.544,324.817,5.91635,4.21757
-796.381,373.688,7.12348,4.21755
-935.93,-818.773,9.97849,4.21719
-175.786,-843.193,8.25484,4.21708
182.888,815.662,6.1402,4.21673
492.166,-507.541,7.92538,4.21638
-794.622,308.245,6.54991,4.21483
-90.7125,758.018,8.08951,4.21384
-908.893,-382.807,6.3455,4.21334
-558.796,-248.425,8.97802,4.20764
755.586,26.0959,7.35522,4.20759
728.511,-419.91,6.51195,4.20449
-500.993,304.602,5.77929,4.20403
842.866,-778.122,5.91819,4.20377
-491.936,892.634,6.60509,4.19875
54.2508,712.282,5.78304,4.19829
491.09,523.862,5.75551,4.19804
-485.565,786.07,6.26679,4.19709
-312.077,-522.744,6.3029,4.19675
693.651,242.46,9.32427,4.1958
340.882,-940.56,7.29944,4.19526
576.224,479.16,7.53738,4.19495
457.217,-820.427,8.65762,4.19317
29.3344,-489.066,9.63356,4.19304
-363.087,621.389,8.74653,4.19253
760.06,-829.168,7.49113,4.19017
-919.28,-521.733,7.30938,4.18991
-491.429,565.267,8.68735,4.18989
-104.288,-692.098,6.18932,4.18634
-803.536,-212.966,7.43436,4.18216
747.287,-311.606,8.35598,4.18141
374.597,531.458,8.18202,4.18089
929.52,-665.09,6.16544,4.18084
-943.739,630.483,6.14138,4.18047
705.799,-271.659,8.11333,4.17805
-376.408,-878.588,6.64487,4.17756
819.722,588.54,9.87231,4.17638
-670.02,222.199,8.59147,4.17568
-405.699,759.9,6.46948,4.17561
664.309,-421.975,6.08626,4.17496
-726.146,58.8512,7.8422,4.17358
354.659,-724.484,5.706,4.17279
30.3188,-583.559,6.11185,4.17177
466.222,550.807,6.38186,4.16939
-496.16,-835.785,6.13263,4.16933
513.132,721.408,8.02282,4.16924
183.622,731.295,8.77419,4.16855
230.852,870.404,5.63653,4.168
776.137,712.709,6.67162,4.16637
-663.868,-53.8129,6.43435,4.1663
495.281,-29.0009,9.53748,4.16128
649.066,307.788,6.66688,4.15533
81.6079,-636.774,6.02989,4.15431
733.716,-810.766,8.03816,4.15325
-817.001,-364.951,7.19208,4.15207
910.979,-412.464,8.75802,4.15079
-357.347,-720.66,7.86784,4.15072
586.726,347.698,5.64653,4.14856
604.233,-853.278,7.18095,4.1484
-454.768,-507.177,6.59185,4.14604
-811.951,778.989,7.08939,4.14528
832.04,39.4795,9.35103,4.14407
-433.366,-560.228,6.18034,4.14324
-435.518,-553.924,8.14448,4.14049
374.963,532.158,6.08724,4.13876
263.515,841.273,5.67634,4.13759
842.917,-306.073,9.48693,4.1364
866.208,695.952,6.07132,4.13624
911.097,-779.71,5.99913,4.13268
-500.502,-610.504,9.21832,4.13144
744.098,-82.5044,7.27668,4.1308
-319.299,780.844,5.81888,4.13038
539.898,466.395,8.23676,4.12995
399.012,-663.377,5.72349,4.12697
-797.152,-618.441,5.76947,4.12526
-378.4,-601.279,9.67998,4.12376
-871.672,-510.281,5.88348,4.12078
-583.547,702.645,6.46938,4.11967
670.893,-215.391,6.6623,4.11628
593.719,-471.948,6.27571,4.11489
-723.344,-99.8771,5.65367,4.11347
549.368,812.31,9.79213,4.11143
-745.065,-88.7889,8.32984,4.11093
-595.573,310.754,7.11955,4.11019
264.628,777.558,6.40394,4.1084
-63.2743,-550.753,6.26784,4.10337
77.7534,592.437,7.8552,4.10036
-731.398,-644.589,6.67402,4.10017
13.5516,-817.219,6.25598,4.09954
-372.04,587.249,7.96108,4.09892
-534.671,24.1374,7.15444,4.09864
524.02,643.399,7.35873,4.09781
-679.744,-545.508,7.52499,4.09734
94.0921,851.898,5.73535,4.0958
893.57,-676.117,5.79904,4.09437
-50.8309,550.966,7.7603,4.08905
885.952,-291.891,6.16433,4.08904
-482.886,26.3568,9.94195,4.08691
394.125,-608.067,5.83064,4.08687
775.404,-416.205,7.47897,4.08571
-389.426,566.14,6.10637,4.08257
-623.785,183.006,5.82705,4.08202
408.176,-818.443,7.7885,4.08113
796.414,-608.086,8.46639,4.08095
925.897,764.806,6.45793,4.07953
592.943,847.614,9.21263,4.07922
-827.812,-811.662,7.15843,4.07886
90.3791,-569.707,5.83322,4.07604
647.577,-691.8,5.84605,4.07601
845.039,-644.671,5.88225,4.07456
-272.886,551.015,6.72562,4.07427
-849.313,12.9457,5.97004,4.07246
609.342,516.905,5.95087,4.07049
-486.218,192.211,7.11629,4.06995
60.3331,-692.431,7.36385,4.06984
402.51,-828.798,8.8961,4.06922
-164.797,618.703,8.72645,4.06889
-128.236,-700.845,5.67599,4.06633
911.647,41.7986,6.13126,4.06485
690.818,-314.084,8.37158,4.06427
754.988,-141.344,9.77946,4.06238
539.52,-890.309,7.36098,4.06149
-32.5981,-907.967,8.61279,4.05885
-752.559,-429.449,8.79692,4.05868
687.702,-136.036,6.92109,4.05651
-785.823,-370.542,5.95381,4.0556
789.461,458.814,6.57308,4.05546
-653.421,-764.235,5.63163,4.05509
796.004,929.629,7.05575,4.05359
-313.153,-539.352,7.97957,4.05233
842.869,48.1077,9.61306,4.05034
594.408,-769.831,9.18151,4.04822
-792.678,710.772,6.46686,4.04779
-759.629,647.109,5.99078,4.04647
-759.913,-514.071,9.19058,4.04633
-574.475,-183.737,8.23337,4.04583
-235.242,582.005,7.05915,4.04412
694.085,-71.4336,5.98165,4.04351
855.222,-436.227,9.07995,4.0422
948.167,-869.465,6.65186,4.0403
-119.593,775.376,6.82909,4.03945
-297.395,795.612,9.06707,4.03908
-36.2111,-485.034,6.88784,4.03877
-56.4754,835.114,5.95725,4.03723
560.729,-89.2147,9.98589,4.03604
901.555,883.17,8.54777,4.03358
-401.343,-530.336,9.12457,4.03267
603.958,-5.46353,5.62788,4.03207
-620.838,-652.137,7.163,4.03015
-758.48,405.149,6.52745,4.02874
795.785,-470.187,7.18001,4.02621
873.185,445.522,6.11986,4.02338
699.081,628.198,6.30303,4.02083
-909.176,-735.671,8.63596,4.01768
-733.174,-181.531,7.28505,4.01758
-512.088,-680.957,5.71788,4.01747
-751.402,863.861,5.6696,4.0164
942.529,574.438,6.7121,4.01606
-577.815,172.479,5.6437,4.01554
-474.801,-944.791,7.4749,4.01288
415.48,-486.767,6.24106,4.00984
112.288,486.249,6.74495,4.00775
-935.462,695.937,9.18035,4.00628
-521.986,-388.219,8.12946,4.0058
838.96,526.55,6.70196,4.00471
330.316,659.43,5.79078,4.00342
-387.405,705.116,6.85616,4.00288
-374.886,696.69,7.62612,4.00041
-736.887,162.699,7.67046,3.99856
-789.286,-545.084,7.59434,3.99825
-502.182,-236.028,5.8157,3.99708
823.853,902.078,9.60955,3.99667
-204.002,-803.437,6.89954,3.99556
269.216,-879.379,6.87896,3.9939
536.784,-234.404,7.34485,3.99365
-913.559,-443.46,9.67825,3.99355
245.458,724.805,9.61007,3.99118
361.163,943.328,8.02207,3.99111
-567.511,-374.268,6.11203,3.98963
488.409,-597.608,6.68662,3.9891
-413.409,569.27,7.2859,3.98881
-854.313,827.949,8.31522,3.98754
247.786,-489.253,6.8667,3.98644
-84.8586,-899.031,6.33938,3.98641
-657.538,-58.8586,8.48003,3.98621
-772.309,-451.335,7.07559,3.9861
-653.245,-718.267,9.11225,3.98541
-621.998,771.369,6.62178,3.9841
493.524,160.686,8.34289,3.97981
-573.52,166.788,9.95537,3.97948
-206.639,-729.859,5.96831,3.97831
777.604,823.433,7.57396,3.97658
851.567,561.315,5.89942,3.97461
-866.503,-687.913,6.69392,3.97454
-244.931,659.813,5.62853,3.97405
-876.289,945.824,6.02184,3.97017
-19.6432,658.943,6.03352,3.96891
713.711,-923.536,8.78509,3.9677
756.249,-945.032,9.96372,3.96609
-756.394,-467.87,8.20164,3.96408
-740.149,524.429,7.07474,3.9628
650.343,890.622,6.76689,3.95801
-690.671,826.389,7.98564,3.95602
733.593,633.695,6.01551,3.95426
236.471,784.731,9.97574,3.95171
553.589,376.914,7.53442,3.95107
918.87,-855.298,7.07402,3.95101
-575.64,-75.4486,6.90244,3.95027
867.885,-891.973,9.78795,3.94927
-753.589,-748.175,8.91362,3.94444
-713.122,-810.513,7.99344,3.9432
-948.554,598.192,5.98265,3.94234
425.874,568.804,6.84958,3.94148
860.115,-284.144,7.02445,3.94104
314.162,924.489,7.14204,3.93807
-718.692,326.222,6.18965,3.93726
-510.539,440.053,6.55622,3.93552
-287.247,-709.846,9.25405,3.93384
-819.001,-552.746,6.34107,3.93177
855.844,395.977,7.19812,3.93174
-926.172,314.506,7.71084,3.93146
780.009,-658.415,8.86557,3.93129
803.703,852.381,5.79518,3.93114
-833.267,658.532,9.24138,3.9277
736.617,760.245,6.0365,3.92413
189.813,-537.647,5.67896,3.92304
-243.797,901.516,5.66998,3.92302
847.921,-20.7813,8.92251,3.9228
-656.125,-919.519,5.68085,3.92225
-53.8576,823.955,5.73889,3.92164
789.995,-106.17,9.09545,3.91914
-229.665,719.183,7.81597,3.9165
-716.084,-90.6554,6.13674,3.9117
-321.133,-599.426,5.70911,3.9103
855.952,808.076,5.78093,3.90703
-562.385,-564.419,8.17684,3.90293
-753.656,-729.248,6.92901,3.89944
748.893,753.527,8.68667,3.89887
728.409,-783.801,7.13263,3.8976
-169.375,589.924,6.81292,3.89749
402.385,770.136,9.79972,3.8951
521.105,-511.776,7.14874,3.89489
-748.762,284.649,5.7302,3.8947
477.784,413.22,8.70564,3.88998
-559.166,-720.461,6.33217,3.88717
176.237,727.946,9.37112,3.88497
-926.571,839.607,9.22169,3.8839
664.677,-629.735,5.62552,3.87784
-172.252,-808.308,6.36735,3.87653
459.913,-594.599,7.96442,3.87378
877.972,270.821,7.19426,3.86942
292.929,-680.46,7.18123,3.86831
910.906,27.7336,5.95707,3.86721
-881.776,907.305,8.77228,3.86707
517.424,63.9626,8.31965,3.86596
-899.015,626.339,6.92051,3.86439
933.915,-148.114,6.27201,3.86125
780.124,-929.841,8.18426,3.86059
781.604,-531.995,6.03191,3.85968
-658.057,-14.7238,6.92407,3.8595
-395.339,-934.256,9.65502,3.85937
-263.18,-733.298,9.04945,3.85903
739.755,105.524,6.05436,3.85859
-124.349,-614.014,6.71649,3.85816
591.5,-275.25,8.4457,3.8566
85.6744,-680.592,7.71042,3.85611
-284.214,689.9,5.80063,3.85442
-838.535,513.018,6.74023,3.85282
-657.78,770.001,9.18293,3.85043
-535.714,182.253,6.48981,3.84946
785.934,367.475,6.64699,3.84435
-623.24,925.154,5.83298,3.84414
469.343,723.004,6.22837,3.84227
636.05,-864.533,6.05964,3.84029
239.4,-821.93,7.74677,3.84
-861.757,933.272,7.39217,3.83937
437.315,-629.641,7.84025,3.8382
-619.396,518.704,8.29699,3.8364
535.41,-87.064,6.34694,3.8349
-423.029,-663.063,6.96568,3.83468
588.178,140.996,5.84538,3.83392
781.913,352.346,8.82051,3.83174
662.041,924.727,9.32702,3.83137
-553.405,-755.094,5.7057,3.83037
586.038,325.385,8.28048,3.82975
835.433,-11.547,9.16394,3.82904
-551.117,820.432,7.77783,3.82893
-539.276,-201.682,6.64771,3.82883
-909.276,-112.98,5.88929,3.82733
876.035,-630.62,5.79898,3.82635
485.108,-629.392,5.74438,3.82613
654.913,-529.992,6.57787,3.82425
-518.564,721.337,8.35706,3.82308
934.451,598.793,6.19015,3.82242
-938.123,19.0594,6.13613,3.82139
549.033,-781.888,7.17272,3.81857
729.745,-191.608,5.86551,3.81789
-310.597,907.581,9.15213,3.81776
-534.024,798.609,5.79806,3.81739
-918.521,-755.469,6.80033,3.81609
563.747,-280.539,7.93122,3.81548
470.334,-747.979,7.04088,3.81489
930.315,-803.634,6.24761,3.81422
-634.688,723.094,6.00958,3.81414
-372.873,-908.985,5.9731,3.81363
-563.548,-356.469,9.29317,3.81241
818.698,293.162,6.14414,3.81105
-832.114,3.13661,6.83829,3.80683
791.071,217.046,9.76465,3.80484
507.647,87.4279,5.98719,3.80275
-106.547,-906.468,5.93196,3.80252
-735.504,-694.108,5.85404,3.80238
920.151,-689.229,5.81011,3.802
-347.779,864.308,8.67982,3.8017
-278.184,-640.421,5.76184,3.80058
-547.335,65.44,9.11423,3.7997
765.641,527.819,8.08201,3.79834
658.571,-286.432,6.25735,3.79805
-753.504,36.4781,7.73347,3.79781
627.34,-201.085,7.70743,3.7977
545.861,-614.957,5.88479,3.79678
-868.353,731.083,9.26518,3.79638
-745.733,88.5384,5.69956,3.79595
-915.351,260.414,9.25968,3.79483
-692.998,-653.809,6.82161,3.79334
-679.033,515.295,7.49258,3.79305
383.88,-846.711,6.69057,3.79219
603.15,-808.465,6.23486,3.79209
564.114,354.7,7.33443,3.79165
463.934,-632.541,8.11719,3.79075
478.978,-104.029,7.60441,3.79072
-144.009,922.371,8.23695,3.78747
-913.171,77.2886,7.71091,3.78679
802.258,290.782,9.8002,3.78678
-601,4.16496,5.80332,3.78585
-578.819,359.324,9.16869,3.78561
-574.136,-714.901,8.03794,3.78183
-949.123,-84.2522,7.71338,3.78115
-660.883,-421.521,8.21056,3.78079
-350.959,735.303,6.0214,3.77155
742.279,-923.436,7.09525,3.77074
803.24,-121.249,7.34314,3.76739
-634.11,283.448,6.60994,3.76643
-711.801,883.372,7.92391,3.76547
670.613,650.37,6.0965,3.76494
733.936,-281.535,9.08143,3.76469
583.068,678.474,5.90122,3.76405
58.675,684.541,5.98655,3.76188
-634.026,452.802,9.6118,3.76138
-565.405,-551.638,9.09048,3.76026
-709.792,-588.895,8.95299,3.75942
-88.4956,-705.26,6.40853,3.75839
795.289,89.5505,7.82358,3.75823
467.618,-513.75,5.67445,3.75685
-194.887,-587.971,6.60664,3.7531
500.896,-473.478,7.34046,3.75284
621.237,-45.2406,5.78287,3.75207
-11.0435,-848.432,7.49839,3.75144
-56.5264,-554.319,8.08997,3.75114
-358.517,-573.058,5.88432,3.75085
899.945,141.866,7.10016,3.75012
-829.849,-309.06,7.30648,3.74528
565.075,-573.762,5.62852,3.74303
-562.734,483.51,8.24383,3.7422
559.081,552.895,7.76815,3.74123
-321.46,-582.058,6.86886,3.74031
762.654,-161.071,9.63975,3.7368
619.851,828.748,6.0569,3.73525
-427.464,-760.905,7.24443,3.73478
-646.369,776.426,6.98785,3.73381
153.49,602.885,8.50487,3.73189
687.315,813.482,8.32469,3.72899
-410.203,559.601,7.46097,3.72711
587.96,321.729,6.34752,3.7261
-607.406,-869.049,7.45565,3.72481
-602.753,324.047,5.63571,3.72316
638.269,328.571,6.27436,3.72234
-547.794,311.505,8.75604,3.72228
746.474,896.567,6.13844,3.72175
185.125,773.315,6.52589,3.71887
-662.447,-742.499,5.81565,3.71729
-287.48,-689.217,6.01036,3.71597
-12.5229,778.661,6.80921,3.71529
902.08,-319.834,7.92718,3.71488
-403.268,-702.631,6.35094,3.71385
-540.137,930.906,5.78539,3.71332
-257.409,-786.609,6.50139,3.71042
-802.423,-633.906,7.99852,3.70996
-873.308,628.867,6.66609,3.70797
254.658,-879.604,9.99809,3.70694
692.259,786.542,5.95194,3.70679
-80.8555,693.602,6.83116,3.70433
8.5431,744.899,6.13786,3.70224
-680.207,-352.49,9.2786,3.70173
921.282,-892.251,5.67386,3.6987
-473.875,811.243,8.43571,3.69766
-607.842,745.142,6.78465,3.69669
-576.578,269.984,6.338,3.69566
607.461,-616.999,5.64499,3.69493
581.33,787.355,9.65719,3.69216
-630.457,-63.0101,6.65174,3.68949
221.186,942.796,7.31693,3.68798
-626.543,576.104,8.27214,3.68775
540.731,573.538,6.15923,3.68631
-90.4192,-705.408,7.27354,3.68568
682.924,545.706,9.82841,3.68433
-533.256,-574.459,6.81889,3.68361
-634.834,665.319,7.62465,3.68104
-704.355,774.731,6.74154,3.67972
391.989,-787.319,7.47409,3.67782
870.375,-510.284,5.62735,3.67755
220.245,-488.407,7.17874,3.67489
-154.151,-630.819,6.04041,3.67304
100.055,-913.294,6.03205,3.67299
-905.852,225.61,6.36438,3.67296
-544.042,-533.577,5.62959,3.67135
265.994,856.895,9.37741,3.67021
-789.199,291.44,7.71284,3.66763
237.075,479.543,6.93103,3.66639
-588.927,-698.412,9.08254,3.66634
-720.893,-608.478,5.65153,3.66608
-883.046,613.993,8.17085,3.65903
-437.222,-698.607,7.25471,3.65644
72.2281,-615.639,6.50065,3.65547
96.4113,-788.547,6.57555,3.65497
-594.079,-174.488,6.48677,3.65493
-76.4359,-533.717,6.20379,3.65459
-13.6683,691.305,5.84343,3.64904
787.889,-617.235,6.0561,3.64827
-761.375,703.575,6.44956,3.64199
-146.112,920.576,8.98535,3.63977
-698.226,-616.191,9.07816,3.63924
-23.7345,619.887,7.31919,3.63582
122.88,920.545,8.45774,3.63138
602.6,-677.875,6.22914,3.62536
-896.102,-253.592,6.12413,3.6252
590.303,-826.983,8.73997,3.62435
689.41,-619.27,9.32045,3.6239
-70.5607,-590.843,7.7689,3.62384
-472.892,-377.692,7.02563,3.62379
-291.923,-559.136,6.63682,3.6223
148.109,-879.025,5.78001,3.62222
-804.378,-225.365,6.88222,3.62053
561.814,-31.8141,6.29246,3.61934
701.729,-849.079,7.05596,3.61788
704.659,126.038,7.05518,3.61764
-700.641,218.063,6.05314,3.61743
-884.672,66.1911,6.57111,3.6171
-900.062,176.882,7.95583,3.61706
933.05,891.478,9.86952,3.61691
145.974,-580.82,6.34356,3.61509
-382.157,-537.109,9.09621,3.61244
318.441,-585.133,7.80056,3.60575
541.734,-840.641,6.2587,3.60399
-881.83,214.055,6.20238,3.60389
-93.1416,549.547,8.46477,3.60048
-676.181,-345.976,6.21328,3.60018
-321.789,661.153,7.5234,3.59938
-881.025,843.897,9.87413,3.59502
692.885,-144.598,6.56159,3.59447
920.355,-135.353,5.95637,3.5936
-374.122,743.065,9.01013,3.59265
-834.172,-360.154,7.84759,3.59227
20.7481,944.28,7.55996,3.59028
700.532,782.729,5.9516,3.58971
-578.06,938.099,6.79283,3.58857
785.737,633.627,7.22215,3.58734
568.384,416.466,5.8827,3.58459
-689.159,365.767,6.86876,3.58453
-59.7267,540.662,7.925,3.58382
-636.548,-82.0823,5.69517,3.58329
-555.821,-603.456,7.8386,3.58275
-89.466,-857.641,5.94466,3.58228
-242.761,787.695,6.77116,3.5804
-900.943,467.661,7.11446,3.58017
8.8449,-811.783,8.66592,3.57823
-789.528,181.844,6.78245,3.57782
668.566,401.79,8.69827,3.57674
260.857,-507.095,6.7297,3.57562
863.85,-423.234,6.59757,3.57556
-682.076,-69.975,9.89694,3.57357
142.389,-832.475,5.80631,3.57293
274.449,-932.268,6.25733,3.57267
883.223,573.009,9.61384,3.57092
84.5667,827.618,9.2252,3.56981
548.389,-300.871,5.96454,3.56962
234.193,-626.817,8.05002,3.56871
78.0018,-840.908,7.82361,3.56432
-929.937,-89.404,6.32167,3.56375
-518.404,368.85,9.0266,3.56256
913.552,386.278,6.40687,3.56096
637.996,-409.268,8.78018,3.56049
-505.027,921.216,7.48242,3.55907
-621.508,-342.527,6.65485,3.55773
-244.354,757.565,8.366,3.55601
-872.352,248.862,7.04397,3.55582
-103.779,746.414,8.45962,3.55555
114.458,685.95,8.1629,3.55398
-826.759,210.683,5.8394,3.55275
-272.754,-552.476,7.29754,3.55251
146.807,-593.248,6.34582,3.55098
-806.611,-872.036,9.02347,3.5505
-190.877,-838.821,7.85066,3.54873
727.866,-161.577,9.12564,3.54815
257.988,-632.573,5.82056,3.54806
-652.091,-539.994,6.86704,3.54724
835.484,-263.105,7.5827,3.54636
-4.59104,806.971,5.68894,3.54632
683.714,-38.9978,6.12473,3.54523
157.155,-663.5,6.12953,3.54382
750.791,-10.0775,5.84574,3.5428
583.226,-603.137,9.91419,3.54239
572.396,942.596,6.69739,3.54031
53.1204,-877.479,9.87275,3.53778
-344.637,-951.671,6.2245,3.53596
-663.364,-261.721,5.65137,3.53544
-242.344,-778.799,9.10625,3.53394
861.695,694.7,7.67651,3.53318
-170.129,-725.976,8.89199,3.53199
779.934,-29.1247,8.31184,3.53131
582.295,-510.773,6.19765,3.53049
-801.321,-721.207,8.70438,3.52795
811.153,-144.087,6.60414,3.52187
948.918,888.137,6.5934,3.52099
719.01,154.015,5.96272,3.52099
688.214,322.583,9.29491,3.52092
-316.799,947.556,7.63448,3.52071
233.294,-635.036,6.74232,3.51946
-659.404,797.465,8.2045,3.5183
-370.673,-747.685,8.36609,3.5169
852.012,524.918,6.94994,3.51474
232.215,618.302,7.1519,3.51472
70.8271,-704.42,5.96388,3.51224
-613.711,-779.429,7.03596,3.51011
665.751,416.142,5.9103,3.5098
735.077,222.434,9.82731,3.5079
26.5155,-763.286,9.31927,3.50735
-543.14,-5.53082,7.04781,3.50486
-511.285,677.755,6.23615,3.5036
601.286,221.248,5.64149,3.4986
691.195,781.891,6.25922,3.4962
-554.961,50.1695,9.80391,3.49518
725.554,926.595,6.73934,3.49497
-34.6049,543.001,6.67136,3.49132
-377.328,778.383,5.90668,3.4911
-715.753,-213.323,5.62599,3.49045
418.068,689.589,6.09937,3.49017
-896.089,213.554,5.82631,3.4883
-829.537,-187.077,8.00778,3.48756
-646.212,-348.87,6.64054,3.48409
-928.907,601.142,5.63741,3.48241
-821.117,-430.269,7.78375,3.47793
-670.463,7.37938,8.48671,3.47782
19.214,-910.103,7.9164,3.47761
-922.285,-438.071,6.89201,3.4764
811.524,-691.628,5.71409,3.47633
-850.235,-305.569,6.95119,3.47572
-810.014,73.0615,5.81162,3.47527
-576.25,15.3841,5.7014,3.4738
-626.609,177.902,8.84894,3.47065
473.521,-285.269,5.70952,3.47029
247.196,621.04,5.63024,3.47011
766.283,480.811,8.64327,3.46859
202.499,-526.182,9.93411,3.46322
928.08,321.891,5.72946,3.4626
-712.595,221.597,6.08924,3.45876
701.829,327.52,6.55614,3.45814
637.391,-247.479,7.85026,3.45802
38.3506,876.091,8.47851,3.45796
-374.707,533.281,7.07684,3.45445
367.912,584.105,5.67493,3.45328
-620.394,-910.663,5.99207,3.45214
-240.757,606.494,6.63404,3.45203
-803.504,-194.053,8.93786,3.45141
-481.683,853.105,8.36251,3.44842
-677.423,892.378,7.51342,3.44693
-436.072,735.612,6.11046,3.44488
-525.093,-670.697,7.74245,3.44234
-303.125,-856.915,6.84438,3.44217
-823.349,881.585,8.96747,3.44074
798.826,-191.844,8.88006,3.44061
-709.341,66.0672,7.58588,3.43972
268.761,-868.379,6.09547,3.43783
2.85141,-817.172,8.12497,3.4374
614.233,440.798,6.60992,3.43558
-875.848,-864.069,5.93495,3.43537
793.418,-827.5,6.18651,3.43508
431.851,924.328,5.83196,3.42822
220.174,-599.553,5.66947,3.42761
-703.348,-187.652,7.00533,3.42664
636.581,796.489,5.63452,3.42631
-141.457,859.65,9.07623,3.42342
-621.337,719.532,6.42181,3.42107
-663.874,-128.496,5.9538,3.41986
-750.561,265.016,5.79635,3.41719
-601.315,-169.45,5.98502,3.41696
480.224,-576.192,9.30986,3.41645
942.67,-226.636,6.92581,3.41485
378.803,629.039,8.76447,3.41474
848.612,-716.987,6.19411,3.41415
691.201,-503.819,6.63834,3.41098
597.826,343.415,7.96594,3.41064
692.431,198.375,9.21197,3.41033
2.72565,-690.048,5.67205,3.40759
-50.4511,630.709,6.56531,3.40633
-791.937,-198.833,9.51205,3.40561
-820.952,711.227,6.04234,3.40458
-845.926,-667.349,6.28614,3.40357
-559.871,500.427,5.64441,3.40331
-182.303,810.039,7.92701,3.40057
-72.8357,-558.568,7.44912,3.3999
740.713,595.895,6.94042,3.39956
335.935,-809.586,5.99187,3.39934
-218.989,-563.113,6.8912,3.39928
-669.002,-182.499,6.26146,3.3992
631.786,479.151,6.55441,3.39887
172.767,648.106,6.41243,3.39643
-120.234,581.259,8.40304,3.39582
234.872,-831.109,5.68988,3.39465
-915.207,871.76,6.75801,3.39263
-868.526,319.773,7.95228,3.39013
510.846,-948.391,5.67309,3.38884
248.088,-864.577,5.78982,3.3871
-605.832,-720.288,5.83387,3.38561
266.91,837.582,6.24384,3.38501
-653.346,712.012,6.12869,3.38461
-540.938,-301.086,6.75826,3.38322
170.827,-516.419,6.29272,3.38252
-704.055,-917.195,5.84129,3.38078
726.416,-265.81,6.54383,3.37972
334.712,513.681,8.36027,3.37719
926.927,-738.72,6.70872,3.37716
-783.407,691.711,7.45676,3.37593
674.317,585.574,8.98005,3.37493
-631.421,621.045,6.4762,3.37277
-205.465,-649.296,7.54593,3.3722
-729.885,837.881,6.88104,3.37179
275.739,790.569,7.79343,3.37129
-942.621,799.414,7.95819,3.37032
-491.567,-237.204,6.20244,3.36448
157.669,-633.052,7.53847,3.36409
499.759,194.435,6.52754,3.36392
-268.13,-720.876,5.82476,3.36289
201.209,-508.81,6.41871,3.36107
814.225,-820.131,7.40349,3.36092
-649.656,-669.499,8.2534,3.35803
692.453,-747.813,5.64868,3.35799
551.617,25.3277,8.91282,3.35716
-576.258,-741.76,8.57688,3.35632
765.579,-922.758,7.93943,3.35631
-842.609,-951.349,5.80483,3.35502
-651.153,-310.616,7.16279,3.35292
-420.292,696.703,6.01191,3.35019
200.661,603.696,7.06761,3.35003
-415.665,-470.764,8.75169,3.34917
-724.684,-720.842,8.7123,3.34865
-540.595,-149.326,6.01686,3.34838
219.023,570.91,8.16669,3.34819
562.569,-238.502,8.34895,3.34809
816.38,-873.055,8.87259,3.34805
-785.524,-400.177,6.35618,3.34755
-542.189,-683.086,9.00736,3.34619
889.415,-867.561,5.72836,3.34528
53.0922,896.367,6.24735,3.34337
274.369,913.767,9.14487,3.34228
527.312,746.231,6.25725,3.34105
-239.244,-723.22,6.6524,3.34023
-594.614,565.695,8.57162,3.33919
597.779,437.74,5.96613,3.33881
116.257,-886.014,6.32897,3.33615
616.502,-468.319,6.84323,3.33549
364.403,-676.635,7.02746,3.33515
918.67,-366.9,6.8228,3.33478
914.855,71.6435,9.34026,3.32739
9.18538,762.612,5.92821,3.32651
-783.596,-381.593,7.26615,3.32398
640.368,-932.559,6.69682,3.32145
-594.136,-168.959,7.64828,3.32025
443.053,579.996,6.97734,3.31691
-933.602,515.483,5.74138,3.31455
280.561,-888.611,8.06245,3.31439
-5.03871,-572.447,5.89505,3.31312
397.482,780.376,6.7663,3.31295
766.265,723.648,6.19003,3.31155
711.134,70.0317,9.25465,3.30858
656.048,-58.7802,5.85984,3.30761
523.859,-118.457,6.04636,3.3074
947.735,646.847,5.78398,3.30614
732.373,-81.7319,5.71229,3.30542
-612.889,610.613,5.64387,3.30481
-507.146,332.321,6.37361,3.30465
881.463,662.499,6.44439,3.30277
804.963,323.737,5.9552,3.30222
279.815,-621.899,8.55935,3.29779
865.533,138.738,5.92282,3.29778
-353.748,-687.661,6.23309,3.29503
544.281,129.361,5.72087,3.29347
693.761,839.045,7.26534,3.29323
-847.961,-553.004,7.94247,3.29309
-750.36,527.07,7.9157,3.29308
-741.787,153.83,9.2046,3.29221
-653.177,20.1487,6.77956,3.29125
106.004,-623.232,8.26252,3.29122
106.297,488.526,6.96733,3.29086
-485.976,-557.198,9.6058,3.28739
-52.2891,680.369,5.76849,3.28677
876.175,387.089,5.63143,3.28505
504.297,-884.957,7.23783,3.28433
550.658,864.982,7.72612,3.28283
691.652,-365.377,6.10929,3.28125
796.826,937.497,7.45382,3.28053
-81.2267,-502.868,6.94163,3.28006
-875.258,868.017,6.80284,3.27977
347.031,919.179,9.93487,3.27744
-685.868,-555.738,6.79872,3.27732
-498.366,-384.143,7.60869,3.27648
-146.617,-527.698,6.23375,3.27471
828.112,-239.63,6.00573,3.27438
-98.5454,-887.747,6.23385,3.27292
537.194,806.803,9.49493,3.27166
729.236,654.582,7.21975,3.27163
453.319,589.381,6.53175,3.27119
-482.871,-167.658,6.77746,3.26935
-488.536,611.325,5.90728,3.26497
566.163,918.201,7.72314,3.26268
-563.391,944.541,8.79127,3.26119
689.901,495.449,7.48647,3.26061
-685.968,-911.101,6.12899,3.26056
-625.886,-521.473,6.48797,3.25819
-632.819,-307.016,7.65728,3.25741
390.806,932.124,7.13967,3.25412
-386.615,-537.114,6.53103,3.25308
1.5401,863.661,6.15844,3.25269
594.063,338.09,5.85404,3.25068
43.5634,-722.766,8.70177,3.24871
9.05864,-491.237,9.44185,3.24794
-906.992,-113.006,5.87334,3.2476
843.074,-26.557,8.04005,3.24627
42.709,-950.433,6.0367,3.24105
-570.015,-611.358,6.0256,3.23948
-513.75,-10.2264,7.63819,3.23917
749.902,499.219,6.66728,3.23833
-892.207,118.408,7.86609,3.23624
921.429,-424.564,8.73123,3.23538
-599.349,5.59064,8.18243,3.23457
655.163,322.468,5.90757,3.2306
601.453,776.2,7.56373,3.22799
-713.421,-436.741,7.09727,3.22718
-90.0839,789.472,9.45478,3.22648
-857.634,-215.783,6.43732,3.22515
-346.342,845.994,8.64009,3.2238
-829.971,417.58,5.91777,3.22319
207.611,-703.597,9.52445,3.22166
-604.403,-31.8641,8.12711,3.22127
-795.972,475.063,6.01386,3.22101
-663.452,492.101,7.58821,3.21807
-225.608,-820.685,7.63486,3.21768
-447.508,507.431,6.85964,3.21711
517.629,562.797,6.06188,3.21551
-850.151,-225.264,9.97096,3.21379
-509.893,-370.439,8.52309,3.2134
428.689,530.212,6.94216,3.21307
-743.183,927.081,7.21244,3.21305
800.655,-105.605,6.03385,3.21033
885.499,177.331,8.29175,3.20968
638.779,-217.237,6.64457,3.20806
-133.09,677.981,6.10112,3.20763
-642.072,-47.2872,6.49172,3.20615
-790.395,489.365,6.7181,3.2059
-270.838,817.129,9.39837,3.20565
-583.308,593.751,8.09435,3.20383
544.586,-200.663,9.1039,3.20233
329.114,-802.915,8.74872,3.20095
15.0492,802.207,8.12668,3.20036
-553.271,-648.407,7.52283,3.19784
501.825,637.669,9.62666,3.19504
71.2191,-631.117,6.81396,3.19484
623.463,345.861,6.21527,3.19366
726.224,-785.84,5.6737,3.18974
121.165,-725.933,9.3939,3.18927
-362.728,-505.129,9.03092,3.1888
-191.497,912.864,5.73633,3.18867
161.238,723.789,8.69521,3.18768
-28.1842,-808.599,6.2066,3.18532
300.996,-856.228,8.80574,3.18527
-490.009,-263.602,9.36512,3.1847
936.296,326.942,7.91411,3.18327
-597.08,-896.544,6.36619,3.18105
-581.165,-687.761,8.74855,3.18099
-493.683,446.576,5.69029,3.17681
-763.229,-355.491,9.1977,3.17666
927.246,132.229,5.66413,3.1749
434.906,594.671,7.90555,3.17334
-50.3872,910.753,5.82792,3.17283
849.524,-347.89,6.15563,3.17148
-387.774,-765.571,5.81205,3.17062
278.595,-793.948,6.54188,3.16994
-296.805,601.26,9.78182,3.16932
714.332,43.3815,8.4665,3.1691
-456.63,-546.119,6.12904,3.16743
67.2711,-768.676,6.98539,3.16675
613.961,172.203,6.13768,3.16264
-749.835,248.154,7.26082,3.16175
-494.548,700.069,6.95938,3.16089
-461.345,-613.742,7.18446,3.16064
589.708,-687.299,5.64444,3.1604
541.366,564.202,8.16637,3.1563
261.683,600.53,6.21453,3.15588
-449.893,497.546,5.9703,3.15503
517.257,-452.931,6.03641,3.1526
123.388,732.979,6.14534,3.15236
-238.557,-729.813,7.94356,3.149
481.861,-714.123,7.5168,3.14897
-842.071,245.41,8.62874,3.14541
844.49,663.636,7.20751,3.14516
398.88,717.705,9.44873,3.14375
-572.134,-420.101,5.8157,3.14211
-938.826,-30.6575,8.6984,3.14128
268.607,-850.738,7.86198,3.1405
93.8391,925.956,7.31861,3.1402
85.1178,-721.877,6.17346,3.13977
-343.028,-926.653,9.15313,3.13713
907.814,-111.785,5.75314,3.13227
-469.433,-592.49,9.87058,3.13057
-779.823,709.756,8.11865,3.13053
-911.355,668.821,6.29523,3.12629
527.901,339.886,6.71825,3.126
-120.406,-566.237,6.24736,3.12501
525.683,-174.948,7.73362,3.12267
-327.703,-495.705,7.49829,3.1221
106.183,845.41,6.96245,3.12037
478.106,878.625,8.10008,3.11919
-591.213,-7.63827,9.38295,3.1171
-467.465,-790.889,6.86617,3.11667
50.0517,735.664,6.7769,3.11542
798.808,-76.6969,8.67494,3.11442
771.719,-184.437,5.83722,3.11419
700.498,465.944,7.49496,3.11323
-581.757,651.485,8.79206,3.11266
457.762,727.085,9.50029,3.11092
-836.948,-262.234,7.66334,3.11001
816.252,602.377,6.89217,3.10982
139.248,722.944,8.1787,3.10978
594.112,-704.639,5.79426,3.10972
480.3,294.08,8.61619,3.10896
761.898,-933.671,8.7634,3.10889
-281.012,550.452,9.17422,3.10886
411.441,-863.393,5.84637,3.10644
-932.55,-735.294,5.90446,3.10597
-39.5166,557.808,6.80314,3.10583
537.85,-337.186,9.49953,3.10521
-528.308,-245.755,7.68984,3.10499
-820.119,472.971,9.33421,3.10397
-535.382,163.983,9.91232,3.10385
340.545,-597.973,9.25894,3.1019
-822.868,-592.866,7.58221,3.09938
-493.545,785.603,5.64379,3.09929
662.492,-648.599,5.73136,3.09897
-856.99,-585.879,7.69013,3.09672
-835.333,-675.439,6.68085,3.09476
802.903,-35.7501,5.76053,3.09257
676.354,127.229,8.59753,3.09211
461.751,729.91,6.29341,3.09187
-428.103,583.373,9.8582,3.09035
844.389,67.1205,5.96279,3.08884
595.75,1.50238,8.82755,3.08483
832.337,99.4775,6.4172,3.0827
451.329,-570.801,6.43925,3.07966
713.566,-790.626,6.63671,3.07908
482.146,919.693,6.17403,3.07899
718.367,120.758,6.53224,3.07654
-529.87,-93.3019,6.55389,3.07361
268.938,476.087,7.5146,3.06708
493.942,-632.187,7.38435,3.0661
558.345,658.16,6.2844,3.06588
-933.933,-155.33,6.60716,3.06549
-422.691,507.025,6.1814,3.0653
734.452,-810.73,7.12243,3.06485
-126.939,-951.46,6.64443,3.06389
630.516,-916.89,6.58209,3.06384
130.618,-739.902,6.96997,3.06312
480.862,908.845,5.73597,3.06212
374.271,-949.408,5.72711,3.06195
-558.258,-546.659,5.8663,3.06194
446.812,-875.749,7.37262,3.05911
552.072,73.1994,7.84996,3.05876
518.696,385.282,6.195,3.05869
-802.21,346.051,6.75811,3.05606
-591.803,-819.449,6.28297,3.05586
-624.892,161.663,5.66946,3.05148
-612.289,-72.6177,6.42628,3.05137
67.5954,943.115,5.79232,3.04882
233.321,688.596,9.3831,3.04805
302.62,481.566,9.00013,3.04553
-912.58,241.283,7.86366,3.04155
-499.709,650.682,9.79113,3.04019
-544.694,337.999,6.06681,3.03975
-158.465,832.258,6.66354,3.03895
-549.537,474.742,8.47951,3.03892
394.643,802.122,5.87847,3.03738
-784.274,417.727,6.42851,3.03534
633.923,153.234,5.8176,3.03514
-601.726,-736.758,8.98518,3.03344
-300.437,851.486,8.19224,3.03298
-481.16,644.616,7.41995,3.0328
-841.411,738.998,5.86233,3.03269
-608.399,303.833,6.48864,3.03239
666.906,460.851,6.51944,3.03157
71.6241,-722.479,9.95299,3.03123
-706.081,-320.318,6.01027,3.03107
-561.852,207.879,8.73655,3.03095
-616.567,-878.948,7.06546,3.02868
201.664,890.561,6.64469,3.028
-34.8229,653.29,6.98173,3.02529
-137.581,-502.555,6.55533,3.0242
263.884,770.783,7.38612,3.02105
-619.116,641.551,6.50858,3.02036
869.731,-528.003,7.50417,3.01961
-181.567,528.584,9.5749,3.01953
18.9868,671.738,6.31356,3.01947
602.801,-582.293,6.32139,3.01896
-238.761,-789.057,6.6284,3.01881
-790.426,223.445,7.50997,3.01858
740.597,-235.633,7.46274,3.01647
-715.981,724.597,9.81271,3.01596
-371.795,476.573,9.68491,3.01537
-756.905,493.701,5.86179,3.01315
559.727,-704.036,5.63932,3.01142
570.529,110.358,8.32783,3.01003
910.112,-826.303,6.46473,3.00964
-499.279,461.884,8.18754,3.00937
378.225,574.445,5.9553,3.009
-586.225,-379.377,6.4321,3.00714
-473.861,225.522,5.9814,3.00707
68.1909,-710.723,8.69731,3.00379
270.424,-769.702,6.88905,3.00376
0.063988,911.947,6.68187,3.00192
-574.384,284.519,8.09195,2.99909
-804.622,362.925,5.74844,2.99873
545.343,84.4941,6.09347,2.99836
-91.3529,-930.245,7.63838,2.99811
-440.628,850.439,9.04199,2.99773
924.931,-255.235,6.34184,2.99701
-649.605,322.945,8.48168,2.99544
632.757,-232.514,6.97736,2.99398
-439.703,935.538,7.02657,2.99341
-406.095,-534.748,6.17114,2.99297
716.398,693.779,6.53763,2.9929
-274.402,-719.694,6.3874,2.99065
235.844,-876.562,6.36315,2.99018
611.087,19.0896,9.81675,2.99007
-462.919,-646.657,5.81288,2.98999
22.1728,-708.319,8.83755,2.98786
277.008,854.206,6.80622,2.98577
-508.728,813.46,8.05387,2.9846
-873.034,-312.831,7.84657,2.98099
-80.6378,710.635,6.33981,2.98098
179.34,692.157,6.65917,2.98048
-43.8901,-588.738,7.54705,2.97988
-290.127,885.112,6.97267,2.97967
721.713,289.894,6.56182,2.97918
898.75,-265.411,9.04889,2.97739
499.094,-451.718,5.78246,2.97693
-890.26,296.588,9.29934,2.97509
545.12,-248.283,5.90931,2.97386
509.984,-638,7.12316,2.9711
-316.438,-843.008,7.81231,2.97039
657.248,-51.689,5.85396,2.96896
946.893,884.143,5.85483,2.96817
425.719,635.241,8.70702,2.9646
-712.065,181.47,7.53368,2.96317
-726.075,240.499,9.22918,2.96001
-842.875,-741.754,6.90286,2.95865
-893.034,-850.726,6.56581,2.95837
481.66,179.053,8.29573,2.95794
772.527,-911.11,6.91788,2.95769
680.519,51.6659,7.37985,2.95733
557.977,-135.364,5.71045,2.95696
575.271,-549.331,5.8194,2.95606
142.896,484.689,7.89204,2.95471
-892.316,-428.94,7.49265,2.95408
145.548,-695.911,7.63438,2.95344
225.504,846.855,5.89733,2.95294
-565.411,395.602,6.24381,2.95161
578.785,-727.731,9.21778,2.95111
488.659,220.161,7.24863,2.94748
663.287,-840.744,8.30201,2.94644
-549.483,698.233,6.17221,2.94523
932.858,-854.131,5.92849,2.94445
-140.017,538.567,7.91785,2.94344
949.725,-862.616,8.51259,2.94289
844.892,563.989,7.62611,2.94187
-814.442,-736.179,6.50755,2.94166
675.933,-654.643,8.15047,2.93976
258.516,-802.906,6.63624,2.93752
-262.106,940.193,9.64917,2.93723
-380.631,-902.436,7.02121,2.93636
-265.256,-517.014,8.68337,2.93614
-519.638,-746.233,7.26683,2.93284
-536.844,-387.825,5.90163,2.93231
558.2,-165.874,7.96703,2.93231
897.068,-440.477,6.83269,2.93083
667.422,-101.887,6.29604,2.92904
-829.216,-210.135,5.99364,2.92836
717.255,937.342,6.48637,2.92619
-129.39,526.542,6.34382,2.91813
904.524,733.402,7.13663,2.91522
871.46,-229.858,7.46177,2.91384
-540.674,-527.191,9.19641,2.91331
619.55,66.1937,9.90158,2.91277
317.662,-923.298,6.14408,2.91245
-631.841,790.843,6.00762,2.91218
-865.254,-327.915,5.69697,2.91095
944.625,805.78,9.59921,2.90896
-748.037,868.935,8.76311,2.90611
-704.201,231.507,7.25308,2.90573
817.444,-394.147,6.38581,2.90536
116.809,563.173,6.95999,2.89767
670.402,566.56,9.32872,2.89648
528.483,453.419,6.46794,2.89458
-516.982,190.441,5.83007,2.89291
-591.933,-903.34,9.88584,2.89141
274.489,891.606,6.91378,2.88853
698.815,-576.144,9.77541,2.88761
-930.884,475.924,5.70295,2.88573
225.795,-873.538,7.57578,2.88476
-6.55629,662.707,8.32108,2.88456
-836.261,61.359,8.10257,2.88442
-919.99,820.738,7.42884,2.88327
648.276,-725.636,6.55148,2.88207
519.911,-71.7528,6.46256,2.87788
373.959,828.438,7.26017,2.8778
-805.564,-562.612,9.201,2.8776
-656.076,-172.477,6.48572,2.87513
-376.057,617.403,6.92541,2.87445
391.489,-857.764,6.28364,2.87329
-920.248,734.581,6.83825,2.87314
-523.905,761.691,6.29692,2.8729
623.756,531.972,6.23266,2.87211
816.1,869.492,6.54758,2.87181
533.039,390.919,7.98506,2.86772
-655.413,480.794,5.80694,2.86754
-214.077,-678.502,7.51562,2.86701
-232.763,546.906,6.15609,2.86562
-783.643,-401.437,6.56035,2.86467
472.098,-864.775,6.80976,2.8626
582.995,-392.973,9.0476,2.86073
-149.31,-652.4,9.85047,2.8594
830.726,140.729,7.09206,2.85855
-134.308,864.228,6.88754,2.85708
537.046,-6.44277,7.03234,2.85647
276.847,636.513,6.28205,2.85583
-936.541,-517.993,5.75002,2.85482
-633.089,745.337,6.19814,2.8547
-127.321,715.051,5.67172,2.85412
-902.512,135.645,6.35734,2.85374
-726.637,-14.7906,6.67852,2.85324
335.886,-946.748,5.77709,2.85138
425.337,-602.361,5.86235,2.84828
-749.834,85.1541,5.67223,2.84825
849.49,-70.814,6.23413,2.84804
196.299,783.905,9.78579,2.84771
-397.551,-545.048,9.65145,2.84756
-380.788,911.488,6.3847,2.84543
-23.2212,856.558,9.06208,2.84245
-15.3789,-551.148,9.26745,2.84186
-844.483,-672.685,8.49954,2.8415
92.0147,885.507,6.46576,2.84137
-358.709,800.485,5.84427,2.84051
-517.573,507.973,8.37705,2.83907
-744.284,638.382,6.25186,2.83901
-787.669,794.62,5.69097,2.83585
-783.32,12.5799,7.70073,2.83569
-557.169,668.6,6.4795,2.83498
-179.019,-610.904,6.90598,2.83292
-619.659,-332.663,6.92623,2.8311
-662.197,745.026,8.09194,2.83074
177.154,-689.728,7.78125,2.83052
-259.186,-693.133,6.60194,2.82938
-919.48,739.679,8.33018,2.82816
798.975,-821.002,6.65586,2.82799
194.508,557.873,6.01356,2.82736
-918.807,535.814,7.62538,2.82646
96.2548,-883.51,7.49516,2.82618
893.379,-265.972,6.05208,2.82193
-879.393,360.887,5.79708,2.81929
862.24,-2.39064,5.70163,2.81707
-477.792,-737.044,6.77474,2.81565
659.342,-700.54,7.9147,2.8127
-573.523,-405.828,6.39341,2.81261
793.011,193.188,7.1459,2.81182
293.697,829.113,5.7222,2.81149
-702.375,-417.698,8.04946,2.81081
-483.557,-285.098,7.96346,2.80971
180.073,-837.964,6.48494,2.80908
435.645,892.104,7.85958,2.80887
545.333,435.593,5.92673,2.80511
-4.30986,769.695,5.68063,2.80471
664.808,-678.348,7.27182,2.79818
-731.058,663.623,5.69773,2.79811
-575.161,-556.608,5.91348,2.79633
495.373,-890.891,6.46984,2.79374
-561.085,133.955,7.76338,2.7905
-525.383,267.266,9.43393,2.78862
248.403,904.233,6.61031,2.78756
563.268,338.454,6.16385,2.78755
507.386,-597.27,9.41193,2.7861
-548.627,-64.2814,6.49107,2.78574
-899.851,-946.352,6.79425,2.78444
-629.836,248.748,6.48511,2.78287
419.642,559.508,9.17389,2.78123
853.428,505.352,6.09484,2.78046
938.902,-350.596,6.17202,2.77623
877.851,272.744,8.97422,2.7757
696.381,-824.819,8.28704,2.77564
-515.608,588.773,9.80116,2.77538
-720.421,102.071,7.5112,2.77497
-169.646,759.768,6.83493,2.77381
685.193,-920.334,7.49775,2.77214
274.073,-914.538,6.02512,2.77078
725.325,504.539,8.06793,2.76971
510.429,279.531,6.60996,2.76622
-947.227,-453.933,8.23142,2.7662
532.46,754.096,6.23364,2.76272
-610.452,-794.428,5.84705,2.76204
655.7,-923.048,6.71454,2.76072
-375.849,-748.91,9.10059,2.75974
-537.32,871.671,5.92606,2.75969
774.677,853.195,7.42362,2.75944
731.675,-923.027,5.84886,2.75843
822.608,-331.891,8.72998,2.75493
-344.072,-559.42,7.90837,2.75394
-580.464,428.541,5.71846,2.75392
425.104,-920.849,6.0262,2.75303
798.459,-902.31,7.79894,2.75269
768.706,863.341,9.19889,2.75199
-654.112,-904.742,6.88018,2.7492
-865.675,-40.9097,7.01398,2.74516
606.691,745.292,5.90715,2.74429
485.899,-121.516,5.68434,2.73724
804.424,-615.689,7.49545,2.73724
-451.241,881.796,8.80847,2.73714
548.491,-217.291,6.66942,2.7361
-57.2377,-814.575,7.97752,2.73599
-265.556,-894.95,7.75259,2.73517
-171.031,518.564,8.27147,2.73097
-477.353,719.584,9.15975,2.73095
780.296,-360.042,9.1066,2.73078
-274.736,-727.936,7.01703,2.72867
596.353,782.21,5.86473,2.72594
555.818,633.891,8.4101,2.72505
769.862,-57.4617,6.98706,2.72442
325.416,917.533,9.33828,2.72435
480.038,748.361,6.4178,2.72197
-181.795,-944.009,5.63388,2.72129
-512.202,-840.357,9.24742,2.72015
-691.411,920.909,6.42181,2.72003
-343.112,709.164,6.40556,2.71713
-100.153,-676.532,7.86638,2.71675
-770.344,696.413,8.10602,2.71116
780.407,-570.946,8.02604,2.709
79.8599,864.275,9.64598,2.7085
888.81,514.203,8.97432,2.70826
631.608,433.384,7.76094,2.70768
-656.393,-623.19,9.06497,2.70749
488.119,-766.718,9.52569,2.70533
607.236,-809.661,6.71182,2.70488
-306.01,-756.737,6.21,2.70392
-824.612,-574.316,8.181,2.70267
-466.252,-884.217,5.99291,2.70234
571.743,126.155,5.71581,2.69953
-797.077,-1.28428,6.70102,2.69823
491.23,-483.773,5.83868,2.69758
-131.72,598.12,6.69263,2.69746
-928.321,234.534,6.59505,2.69711
-454.694,-558.378,7.60257,2.69584
-565.811,-606.423,6.68196,2.69579
908.193,772.881,8.15557,2.69537
-563.656,527.354,7.64323,2.69459
422.878,-583.692,8.22907,2.69251
-537.406,31.8545,7.63261,2.69133
-550.228,-648.562,6.35,2.69057
643.222,-500.662,9.10746,2.68895
-545.384,304.542,5.73411,2.68834
-653.596,-133.606,7.74493,2.68798
192.065,-668.45,8.86529,2.6873
24.1218,906.963,5.84559,2.68466
783.954,-735.081,6.77124,2.6843
551.299,-707.141,9.1983,2.68391
-455.657,831.616,6.09094,2.682
895.73,-250.16,5.74889,2.68114
-542.386,568.993,8.9367,2.6768
-859.571,-377.052,7.04301,2.67592
-99.6526,-698.288,6.3772,2.67546
-592.13,65.9817,6.61587,2.67411
-774.913,450.831,9.92807,2.67393
572.521,-233.39,7.60878,2.67163
312.242,593.511,9.37006,2.67097
395.373,-619.547,6.94183,2.66926
709.669,525.803,7.54189,2.66923
751.189,-163.003,6.99962,2.66798
-649.225,-923.554,6.39043,2.66641
140.756,-924.035,7.26769,2.66636
478.182,-35.0953,6.66759,2.66528
-359.475,-878.753,6.42406,2.664
-646.586,106.183,7.89936,2.66162
831.435,-330.856,7.55925,2.65921
576.384,-13.4214,5.68089,2.65873
-567.469,-161.233,5.86645,2.65779
-640.432,404.425,6.41426,2.65731
104.933,-725.928,5.88947,2.65417
496.792,-139.614,8.0706,2.65387
-509.959,540.747,6.82115,2.64911
-750.09,-551.775,9.63836,2.64694
273.932,-618.367,9.49115,2.6467
-92.0398,-896.122,5.91586,2.64511
788.765,-649.179,5.8348,2.64018
-776.59,-728.1,6.64418,2.63918
-585.78,-631.427,7.92249,2.63842
-559.601,-572.079,5.71504,2.6383
443.749,769.116,6.1351,2.6376
-641.964,252.762,6.85832,2.63605
-297.233,661.49,6.95195,2.63436
-904.495,-716.11,8.99108,2.63435
480.872,-437.717,6.68647,2.63045
-623.188,-591.802,7.66842,2.62945
816.016,-943.995,6.80201,2.62796
-338.577,-781.713,8.09239,2.62688
-775.503,593.068,7.43341,2.62276
878.252,-471.004,9.25474,2.62189
-667.686,-485.147,6.5363,2.61624
-228.848,696.001,5.64171,2.61475
411.062,519.931,5.84646,2.61424
442.431,-928.115,7.74068,2.61144
-709.035,693.134,6.03434,2.61064
-603.243,887.823,5.63045,2.60748
505.061,39.3406,7.89741,2.60684
-942.802,633.713,5.75839,2.60447
-760.765,290.394,6.66752,2.60402
617.747,553.44,6.22789,2.60343
-575.835,-342.794,8.36336,2.603
150.971,-676.766,6.06861,2.60243
-759.241,-330.433,7.27378,2.60235
-56.5633,666.758,7.58026,2.60078
-6.32464,910.67,5.68328,2.6006
-482.251,-912.582,7.3736,2.59726
-533.422,-912.134,9.00009,2.59705
618.306,-436.895,6.70477,2.59566
811.632,599.198,9.93072,2.59473
-792.592,575.829,5.71655,2.59292
-654.901,-298.821,5.69033,2.59061
638.965,-321.118,7.94754,2.58747
648.939,943.395,7.71451,2.58643
-90.1676,-945.135,7.54666,2.5848
-592.402,659.41,6.57193,2.58462
777.25,-519.457,6.51165,2.58391
-482.021,-447.492,9.05597,2.58385
-75.2831,816.686,8.84751,2.58315
817.103,204.895,6.79447,2.58078
-676.526,118.122,7.99487,2.57578
-125.939,809.367,7.58069,2.57524
757.105,-149.041,5.69197,2.57513
777.174,-30.4906,6.45771,2.57434
829.764,320.693,6.38163,2.57373
-616.957,-65.1125,7.08872,2.57291
410.254,628.356,7.47143,2.57032
-516.885,925.466,8.4417,2.56921
596.906,258.998,9.87027,2.56861
274.266,748.356,8.97784,2.56603
-410.196,-511.638,6.44484,2.56428
-202.887,654.94,6.27102,2.56353
621.645,193.004,9.41195,2.5634
-778.583,-809.554,6.09233,2.55981
202.621,891.719,6.03617,2.55583
-65.6907,529.168,8.37855,2.55447
-902.837,468.053,6.27133,2.55226
-603.83,875.447,9.10119,2.55099
343.609,895.237,6.23484,2.54894
64.2285,605.198,7.39485,2.54783
-779.508,273.982,6.45241,2.54511
550.554,192.27,9.51869,2.54437
626.681,-861.965,6.35168,2.54237
653.552,217.692,8.41642,2.54176
877.098,-307.046,7.15367,2.54133
-546.783,-517.407,5.80282,2.53712
364.445,-479.045,6.30479,2.5316
-617.71,-609.825,6.95392,2.52874
-724.119,931.756,5.7551,2.52835
-646.483,-593.085,8.55301,2.5267
556.816,-670.775,6.75733,2.52403
-690.783,-395.03,8.4085,2.52385
-855.589,382.946,5.72785,2.52281
-417.146,-764.865,6.29831,2.52145
604.068,49.3887,6.15926,2.51984
596.754,-605.451,7.10397,2.51975
907.913,-151.661,6.53943,2.51931
612.086,317.247,8.01872,2.51846
-663.357,217.483,5.95753,2.51536
768.505,-625.913,7.79695,2.51533
-652.398,-587.557,7.47853,2.51466
-725.756,-841.919,5.68866,2.51422
394.178,-894.066,7.00118,2.51113
-115.81,-735.064,5.8808,2.51087
-270.09,788.07,6.3428,2.51018
-895.967,243.635,8.62921,2.50903
951.184,443.553,5.94063,2.50808
-565.798,247.26,6.23488,2.5077
-801.537,-776.062,8.49499,2.50745
-399.289,711.462,9.85253,2.50713
562.811,-920.524,6.17107,2.50681
-844.626,141.493,5.87626,2.50605
342.385,527.472,6.22039,2.5046
308.397,802.657,6.40507,2.50459
-851.468,369.616,9.62587,2.49908
660.123,83.7185,8.78404,2.49873
143.028,886.836,7.09153,2.4961
696.298,90.1787,9.15519,2.49512
446.437,807.145,5.67585,2.49482
943.98,924.713,8.0347,2.49197
388.222,495.758,6.4158,2.49011
-14.0294,516.429,8.47285,2.48964
375.978,-646.508,6.30808,2.48887
-723.171,259.48,8.54422,2.48835
554.328,-633.35,6.93863,2.48805
-456.207,-483.998,6.89948,2.48735
-834.983,-696.395,6.38247,2.48326
-290.15,500.954,6.07846,2.48185
-664.907,715.934,6.53777,2.48089
855.527,-783.786,7.72937,2.48075
686.111,147.529,9.55164,2.48025
-749.664,-723.323,5.9899,2.47889
-309.918,-709.158,6.55446,2.47675
674.816,-908.431,9.93958,2.47344
-120.761,923.257,6.98765,2.47174
-873.167,168.66,5.77151,2.4696
-676.553,839.01,5.89829,2.46651
612.463,-232.773,9.83393,2.46618
496.088,59.3168,6.41193,2.46507
671.948,-60.9174,7.79799,2.46325
-653.103,-89.3576,6.08221,2.46199
-844.777,250.864,6.60922,2.46184
-809.337,-655.641,8.91482,2.46178
918.145,-130.913,6.58229,2.45955
-232.549,-838.956,9.02806,2.45951
-805.388,371.181,6.56243,2.45868
128.766,704.411,7.40598,2.45416
-519.311,-395.664,7.95471,2.45379
560.929,544.606,6.42296,2.44991
-525.681,32.7112,7.17942,2.4491
519.754,146.066,9.16765,2.44671
508.654,479.658,6.22678,2.4418
-766.246,635.954,5.63197,2.44008
-220.592,-936.632,6.47218,2.43927
331.328,-522.888,6.12111,2.43902
755.409,424.435,7.8819,2.43822
-530.906,459.291,6.69786,2.43545
35.0674,695.253,8.26033,2.434
916.569,-644.962,6.68938,2.43365
477.307,-907.215,6.87202,2.43298
-114.567,-536.766,8.16889,2.43108
850.115,797.978,6.75322,2.43031
-310.749,777.706,8.49599,2.42952
-689.133,-830.976,6.23932,2.42949
598.788,554.086,5.86235,2.42894
526.296,29.4699,6.74048,2.4288
-816.545,-547.067,8.90027,2.42693
636.726,-250.078,6.39248,2.42689
621.58,-271.442,5.80759,2.42246
726.507,107.782,5.66934,2.42021
-65.2692,817.173,8.42828,2.41952
749.144,-391.242,6.16267,2.41626
-879.924,405.15,7.18287,2.41385
-512.431,-529.144,8.71294,2.41257
551.751,384.765,7.25064,2.41156
210.227,-880.878,6.54669,2.41148
15.0841,925.06,9.11589,2.41077
-17.3966,-629.691,7.2238,2.41021
-283.755,-813.24,6.16647,2.40993
-945.38,-557.844,6.98136,2.40771
493.29,42.1973,9.1104,2.40737
886.62,-109.391,6.72226,2.40688
817.552,-122.461,6.36896,2.4061
87.8684,-882.096,7.90696,2.40555
-42.1901,-937.471,9.39104,2.40459
858.734,-463.464,7.75466,2.4036
-244.135,-495.65,9.72457,2.40353
136.391,-571.476,7.85574,2.40285
-736.691,-185.36,8.71455,2.40183
793.36,35.4929,5.89949,2.40021
-847.784,707.268,7.61723,2.39917
869.206,58.4615,6.11856,2.39537
23.5602,824.661,5.77272,2.39533
-295.682,-671.245,6.13811,2.39448
806.332,-686.74,9.23894,2.39088
8.831,-867.417,8.85204,2.39022
887.709,247.244,7.86592,2.38927
367.84,804.121,7.45747,2.3848
-891.572,255.585,6.12891,2.38335
696.821,140.803,9.76739,2.38287
670.236,264.637,6.3773,2.38283
-359.195,500.84,7.96237,2.38166
-44.0475,835.025,8.2571,2.37984
-521.818,-203.424,6.19758,2.37968
-642.092,-848.139,9.23405,2.37952
-297.539,791.968,8.06175,2.37718
204.337,885.76,8.94143,2.37677
-424.97,817.779,8.57423,2.37526
902.593,-85.657,8.44403,2.3751
-352.314,702.198,7.44396,2.37255
-534.742,739.391,6.57524,2.37145
890.033,-349.085,9.64702,2.36996
154.984,-675.685,7.5622,2.36912
-695.248,104.751,8.90298,2.36681
266.849,535.971,6.95731,2.36525
658.947,-681.586,6.84491,2.36499
163.318,844.786,5.79431,2.35908
-756.434,-557.212,8.49724,2.3574
-342.099,-548.758,7.64996,2.35322
-931.906,682.326,6.02856,2.35189
-728.864,166.152,8.55814,2.35081
830.988,534.877,6.19671,2.3449
947.707,-50.9261,8.58608,2.34339
-103.045,-517.525,5.74032,2.34118
488.339,-104.007,5.79512,2.34049
431.73,-520.216,8.83558,2.34021
627.329,743.175,9.43883,2.33798
-720.405,911.402,6.96075,2.33784
-285.096,-471.161,4.70694,2.33657
-573.194,-938.495,6.66014,2.33641
-600.654,-818.272,6.68843,2.33239
928.916,-739.446,9.84303,2.33189
-347.879,620.964,6.19107,2.33075
866.776,-534.855,10.0872,2.3297
-503.746,-272.293,8.53536,2.32926
694.088,-361.851,7.42002,2.32874
492.197,-820.99,9.12146,2.32844
-540.991,450.533,8.24718,2.32404
-243.584,921.704,7.92758,2.32333
-366.423,737.824,8.26143,2.32319
-134.614,-926.981,5.87235,2.32285
509.034,-656.64,9.61056,2.32222
683.684,639.782,7.73363,2.31865
308.533,717.106,7.55891,2.31769
-41.1576,649.95,7.51804,2.31746
-491.423,-357.86,9.54046,2.31452
671.893,822.746,6.93531,2.31415
-315.406,-799.035,6.53119,2.31022
362.513,728.78,7.1807,2.30741
-295.255,800.752,8.77868,2.30477
89.2127,585.691,8.3759,2.30223
-690.087,134.263,9.94043,2.30135
-614.171,-569.853,7.86011,2.29978
-842.535,920.874,9.99223,2.29777
-513.533,-197.334,7.39632,2.29654
828.684,-912.19,9.6142,2.29637
-716.36,-453.012,5.90774,2.2929
-231.352,-685.857,5.81042,2.29227
262.173,-481.526,6.76829,2.29031
-830.119,-727.686,5.70228,2.28946
947.354,226.891,8.4543,2.2893
53.3704,519.806,5.69454,2.28849
709.366,-258.118,6.51945,2.28839
-637.002,-187.783,6.26178,2.28698
798.915,-212.577,6.06924,2.28623
398.482,909.378,6.97626,2.28502
281.864,734.169,5.93374,2.28116
311.063,738.63,9.49148,2.28083
-321.032,-711.981,7.05679,2.27948
56.5604,816.461,6.17307,2.27933
-126.08,839.894,9.15731,2.27915
-66.4174,-722.215,6.67513,2.27694
473.554,466.661,6.79919,2.27675
243.494,742.715,6.84731,2.27396
907.446,-747.764,9.08129,2.27387
605.683,-33.4213,5.80346,2.26934
245.127,948.361,6.56972,2.26928
540.391,-124.9,6.5355,2.26778
911.431,572.205,6.68815,2.26391
-551.451,892.771,7.98993,2.26356
927.603,266.036,8.45132,2.26251
883.285,-182.029,5.70212,2.26043
792.489,692.178,8.75411,2.26
132.524,766.588,7.77002,2.25864
-881.835,-476.294,7.34272,2.25766
-845.154,-434.744,5.86655,2.25742
-428.058,902.34,6.72877,2.25721
803.122,657.449,5.91624,2.25673
927.084,650.088,5.93479,2.25662
626.907,-27.3296,8.51973,2.25573
-563.801,179.375,8.98961,2.25501
-167.203,-492.024,9.42895,2.2546
20.8303,-858.961,6.23923,2.25444
-749.05,-806.142,9.1771,2.2531
-295.49,-808.608,7.09143,2.25213
-869.381,-247.852,9.23462,2.25062
5.48042,-916.334,6.52427,2.24783
307.351,593.739,8.46933,2.2427
756.191,389.207,8.53328,2.24217
897.575,-765.97,9.38766,2.2415
488.087,-701.992,5.73389,2.24141
-813.161,-708.073,6.70014,2.23902
-159.011,-703.066,6.32984,2.23746
944.707,-512.861,5.64378,2.23654
790.087,-669.262,8.25168,2.23588
-614.94,-680.505,6.15249,2.23471
447.462,-938.446,7.27588,2.23417
528.759,-614.458,9.97003,2.23341
-664.162,583.559,7.09364,2.23327
-824.683,723.712,9.15237,2.23268
-591.251,120.577,8.43558,2.23116
725.872,-672.975,6.96901,2.22947
-716.216,600.636,5.67421,2.22859
244.453,-857.729,9.99749,2.22521
656.091,-81.2939,6.34963,2.22495
360.531,-714.343,6.80442,2.22405
702.412,-92.3244,6.78923,2.22336
-65.903,506.515,9.41219,2.22311
-348.103,-909.729,5.82563,2.22283
-803.335,87.6639,6.96321,2.2213
-542.519,840.855,6.92036,2.22044
-826.845,-872.099,8.05119,2.22042
-850.833,102.945,7.69261,2.22034
270.201,540.348,9.88472,2.22026
487.91,346.908,7.52677,2.21992
-790.441,-8.0941,6.61876,2.21827
-719,-501.952,8.25914,2.2181
-817.065,432.806,7.38912,2.21761
735.256,-639.658,6.13221,2.21672
-266.798,709.417,6.84383,2.21668
-681.674,-267.433,9.71588,2.21411
353.167,-707.276,8.79742,2.21399
818.457,-648.478,9.50573,2.21355
-784.14,384.976,7.59956,2.21284
-744.729,351.096,9.53438,2.21127
-908.283,-471.02,7.96519,2.21091
607.32,-741.225,8.02686,2.20999
447.983,599.428,6.04883,2.20854
-756.832,-372.581,7.52115,2.20823
-692.477,-515.441,9.18551,2.20796
-145.004,-509.886,9.11866,2.20749
-782.667,-607.851,9.20281,2.20684
824.487,-343.717,5.75968,2.20613
812.288,-846.541,8.89387,2.20613
-785.862,555.479,9.57296,2.20391
-555.541,341.79,6.77692,2.20153
821.528,65.6898,5.8558,2.20105
-499.93,-564.149,6.07733,2.20058
-724.792,-922.405,6.42881,2.19941
378.819,896.777,5.9555,2.1991
-311.261,644.871,5.91731,2.19595
-501.912,-613.506,7.66991,2.19584
814.674,-524.669,6.31572,2.1943
761.801,-805.398,8.6923,2.19254
304.971,-691.62,7.80628,2.191
777.518,-908.5,5.67232,2.18756
240.663,-476.777,6.20162,2.18605
940.457,638.777,7.51786,2.18543
-762.474,-810.43,6.56401,2.18404
673.416,495.999,9.16121,2.18363
-817.916,416.93,7.83448,2.18336
662.257,341.736,6.91355,2.18231
481.693,18.9886,9.91294,2.17914
557.808,-130.648,6.58588,2.17868
846.485,-500.345,8.37109,2.17805
-756.773,-570.827,7.46731,2.17723
131.535,-575.3,5.80175,2.17644
-360.315,932.827,5.99468,2.17643
-751.698,-586.81,8.96282,2.17557
640.338,-783.916,8.57734,2.17504
-721.316,893.828,6.54622,2.17392
-750.762,563.641,6.0004,2.17292
-659.631,-901.646,9.74654,2.17212
707.663,-165.14,6.18844,2.17001
509.751,295.553,9.66414,2.16802
-919.225,-87.8233,9.83108,2.16738
-606.252,471.352,6.63055,2.16252
-852.398,211.191,9.90543,2.15807
-262.173,-576.049,6.56903,2.15785
-117.609,-871.97,7.40037,2.15705
444.464,-831.447,8.34984,2.15603
-182.525,-661.316,8.76082,2.15491
837.002,853.385,9.04897,2.15489
-393.769,-798.293,7.83524,2.15475
-821.615,-908.55,5.76388,2.15441
793.508,-561.779,6.45746,2.15434
189.235,-666.93,7.55457,2.15388
462.904,516.425,8.24524,2.15336
-838.991,-173.195,8.08377,2.15035
866.438,585.092,7.00745,2.14949
-675.477,152.867,5.65826,2.14601
653.997,-103.585,5.94887,2.14575
-843.262,-893.025,6.31877,2.14444
870.878,680.314,6.59537,2.14228
-175.19,-864.559,6.89214,2.14107
711.267,-215.174,5.98464,2.14085
789.468,818.097,7.23698,2.13968
-364.218,619.422,6.20888,2.13745
-473.277,-59.1097,7.71597,2.13716
-44.0157,721.52,6.12126,2.13433
-603.47,-125.854,9.51995,2.13331
457.356,-486.665,5.83626,2.13133
-474.492,363.261,6.97161,2.13122
-50.8874,598.178,7.33556,2.12903
-383.624,854.194,7.45765,2.12805
567.608,-239.117,9.1449,2.1274
-333.155,-948.485,6.34723,2.12569
-338.421,-911.742,8.66498,2.12342
521.505,-805.88,7.61509,2.12278
741.687,-20.519,7.56458,2.12253
-911.546,950.444,5.84172,2.1221
-140.881,-480.413,6.53459,2.12101
585.25,-131.642,9.11049,2.12083
-884.842,611.375,8.62433,2.11739
-534.759,49.5507,9.25931,2.11615
-620.861,-7.28817,5.82316,2.11614
-892.221,-389.92,5.7117,2.11577
1.45377,638.849,7.9571,2.11558
840.873,-278.039,6.89718,2.11548
-658.896,717.309,6.393,2.11541
406.848,783.737,6.58462,2.11522
-732.126,649.368,8.19722,2.11482
490.904,612.333,5.74593,2.11478
-154.189,-579.204,5.81929,2.11469
-148.995,-594.75,6.98976,2.11234
-226.749,-848.138,7.60109,2.11158
-649.837,373.009,8.79885,2.11152
-391.971,714.495,7.80149,2.11122
-768.169,30.2228,7.39846,2.11084
-461.476,723.133,7.68124,2.10937
-652.078,-388.829,6.27925,2.10884
-620.304,-819.155,6.89938,2.10848
-117.478,-826.392,8.83107,2.10837
-265.604,-650.828,9.18094,2.1068
716.752,383.411,5.83775,2.10475
485.175,-767.295,5.7396,2.1046
-824.488,-302.973,5.9844,2.10449
904.793,-28.7926,5.69339,2.10438
861.648,-98.4502,6.1013,2.10438
717.019,-800.67,5.70865,2.10369
-761.773,641.335,9.42719,2.10347
-525.471,-102.544,9.53552,2.10285
673.972,-100.053,5.85392,2.10247
-497.13,863.754,8.08553,2.10208
-274.492,805.59,9.28376,2.10172
677.174,-306.379,6.9109,2.10144
-283.991,-594.381,6.74566,2.10106
-368.721,762.789,6.10332,2.09957
-606.443,82.9423,6.43363,2.0991
-563.817,-122.335,6.02395,2.09737
-253.546,-834.719,9.53995,2.09351
-637.51,278.49,5.82462,2.09335
789.5,540.712,9.07455,2.09124
-127.59,564.946,7.21557,2.0908
-26.8562,665.576,8.31986,2.09011
624.582,-638.833,6.38795,2.08899
276.324,832.826,7.2191,2.08752
149.05,-704.796,7.11515,2.08676
87.94,621.951,8.83275,2.08647
907.683,-790.35,9.07734,2.08564
302.518,-732.778,5.96648,2.08561
669.558,-720.586,6.77631,2.08458
833.077,-798.332,8.00825,2.08431
-845.788,348.77,9.47862,2.08252
218.301,922.896,6.60916,2.08086
669.143,-813.234,8.25796,2.08044
793.878,274.129,7.17135,2.08001
-679.113,210.046,6.31264,2.07883
701.35,850.415,5.70013,2.0784
539.364,-155.464,6.50791,2.07567
729.335,486.718,7.37098,2.07145
529.993,-911.119,5.89827,2.07041
-139.783,930.829,6.45572,2.07004
471.603,395.901,2.82314,2.06936
-634.546,388.248,6.12308,2.0673
727.579,-214.603,6.2295,2.06708
-423.004,809.28,6.23359,2.067
699.733,602.313,7.49397,2.06432
198.894,847.029,8.15558,2.06341
571.509,-265.896,6.9635,2.06231
-326.83,640.968,5.96397,2.06137
-482.158,722.08,7.789,2.06024
-948.386,-892.477,8.04694,2.05999
471.631,37.8808,8.60646,2.0598
-498.277,413.501,6.18771,2.05943
364.356,779.903,5.76596,2.05584
608.005,340.592,5.76602,2.05433
-696.275,-860.44,7.35619,2.0539
-155.649,-773.115,8.9492,2.05207
-251.989,-793.066,7.51834,2.05178
651.799,594.031,7.10128,2.05121
-427.072,593.637,5.92159,2.04961
269.322,936.063,5.9948,2.04956
583.653,142.97,7.0919,2.0478
656.945,-902.033,6.87733,2.04766
-494.037,61.5517,9.75119,2.04478
-248.909,-600.701,8.86827,2.0442
-743.216,705.399,6.52727,2.04251
-421.542,-615.826,6.60808,2.04192
-784.95,-205.802,6.55421,2.0414
791.968,353.315,7.43998,2.04094
-719.651,698.92,7.55386,2.04048
545.837,-32.4213,7.64945,2.0403
938.969,-116.923,6.44017,2.04012
-613.694,-687.065,8.36014,2.03995
923.054,697.752,6.06842,2.03793
-810.167,695.47,7.09014,2.03779
-377.548,566.964,7.38825,2.03713
679.353,-260.003,6.1994,2.03679
508.311,436.035,6.22634,2.03527
-762.236,155.675,6.16905,2.03457
634.695,-765.245,6.81137,2.03455
-652.95,-95.8267,9.1586,2.0335
-950.215,848.436,7.74721,2.03268
-697.371,742.003,9.72101,2.03032
-940.255,637.89,6.34192,2.03021
429.806,625.541,9.35986,2.02954
826.124,-101.97,7.18177,2.02926
504.092,707.295,8.90864,2.02695
827.882,-883.916,5.83958,2.02658
482.322,-892.473,7.47513,2.02651
-709.417,-374.119,7.11904,2.02511
-483.735,-259.31,6.93807,2.02449
-683.373,275.052,5.66023,2.02347
-235.185,641.961,6.76264,2.02253
880.213,-839.176,5.87669,2.02209
289.73,-761.632,6.51795,2.02173
651.29,597.874,9.5854,2.02138
-423.476,840.355,5.81792,2.02129
901.598,734.019,6.31045,2.02109
799.806,823.401,9.25421,2.01877
-795.696,18.2248,5.93423,2.01642
707.716,285.313,6.28603,2.01347
147.948,-690.941,5.8385,2.01155
892.183,341.605,5.79311,2.00931
-51.2487,590.263,7.07767,2.00764
479.646,-867.88,8.16655,2.00591
-640.241,53.8526,8.71474,2.0052
-585.69,-650.814,9.20061,2.004
335.384,763.093,6.2584,2.00266
-854.474,128.987,6.51452,2.00245
-675.095,-938.525,8.21713,2.00151
572.649,651.462,5.62873,2.00128
-824.99,100.907,7.37071,1.99947
269.293,535.343,6.65524,1.99911
-384.675,909.712,7.06937,1.99876
896.329,-565.207,6.19379,1.99868
-708.602,-16.679,5.66362,1.99768
496.207,-900.467,7.13231,1.99715
-837.792,479.691,7.25391,1.99475
243.523,921.369,6.72805,1.99194
302.584,-895.911,5.87453,1.99125
-789.245,-23.5928,7.07316,1.98895
76.0633,789.119,7.3852,1.98888
-344.582,-926.627,9.11072,1.98869
-533.498,-600.696,9.8614,1.98635
-558.847,-554.387,6.46815,1.98247
172.89,-753.571,6.28716,1.98064
861.739,-813.131,9.13622,1.97976
-383.481,-857.267,6.789,1.97794
608.084,292.931,6.75559,1.97582
369.376,-598.769,5.76431,1.97577
38.9436,745.927,6.01816,1.97501
134.261,-824.725,5.9925,1.97488
642.079,-259.46,5.90398,1.97455
902.624,632.091,6.82428,1.97336
-502.658,-522.68,7.50533,1.97177
-598.169,729.405,5.96457,1.97117
-235.973,798.954,6.36086,1.96945
291.59,665.754,7.05498,1.9688
577.367,759.247,9.44754,1.96722
-62.2777,-875.761,5.68323,1.96321
-11.8223,-588.045,7.96889,1.95955
390.104,-801.981,9.33922,1.95827
-507.277,601.622,5.63945,1.95823
725.035,-107.739,6.49461,1.95769
917.828,548.951,6.45274,1.9575
944.613,719.283,7.49952,1.95679
695.648,-896.215,8.2174,1.95673
-747.618,-431.675,9.50642,1.95598
-538.056,345.529,7.71709,1.95352
609.019,785.928,6.02079,1.9521
-67.1852,702.638,6.26498,1.95133
927.451,-179.441,6.29619,1.9508
-20.5754,831.557,6.29168,1.95028
313.943,-530.025,6.65072,1.94926
597.168,-764.282,7.31136,1.94905
-715.127,-232.23,9.85294,1.94849
-340.984,750.954,6.44305,1.9481
-484.145,585.536,5.90456,1.94466
-335.473,-811.426,5.67009,1.94357
-412.391,871.331,8.99585,1.94315
-421.668,662.928,6.27154,1.94155
191.395,773.436,6.3117,1.9401
930.818,303.078,8.06557,1.93815
-598.493,-640.36,5.88375,1.93711
-214.349,944.895,7.73103,1.93586
926.176,73.3399,6.0434,1.93287
721.492,360.147,7.26777,1.9309
-636.53,-567.547,6.07705,1.92998
-384.48,-877.089,5.83335,1.92829
-894.301,497.18,8.66527,1.92755
-745.567,-432.958,6.63169,1.92748
-766.865,-668.629,6.72879,1.9273
-666.21,-608.947,7.44004,1.92669
-546.949,-101.518,7.52926,1.92324
-187.506,-831.483,8.60193,1.92265
-416.627,-626.133,5.93265,1.9223
-263.863,862.905,6.2107,1.92112
949.69,573.941,8.57913,1.91959
-572.754,704.55,9.08841,1.91586
720.627,-508.094,8.12081,1.91245
-565.555,428.61,6.60928,1.9102
496.337,87.4463,7.49944,1.90823
508.099,-404.364,5.98873,1.90682
-486.655,-44.9748,5.99452,1.90407
-671.001,935.134,6.80454,1.90387
727.794,197.836,6.10847,1.9005
481.773,820.054,7.38146,1.90035
-702.615,-384.172,6.40235,1.8997
-179.529,-562.645,8.94223,1.89961
593.937,646.042,9.77303,1.8992
405.259,631.732,6.13521,1.89687
474.027,-783.157,6.91696,1.89556
-768.667,233.196,8.01395,1.89542
-900.37,569.337,8.94147,1.89488
631.823,-436.688,7.02218,1.8948
-838.692,-618.539,9.33853,1.89429
662.758,-62.8785,8.72868,1.89424
250.561,-721.3,5.72746,1.89233
12.0794,-497.655,7.86641,1.89009
-715.399,387.7,6.70874,1.8896
-520.489,-463.431,5.74529,1.88822
550.023,482.575,6.10334,1.88796
-689.849,385.452,8.80932,1.88763
190.916,950.336,7.03893,1.88482
-785.624,901.472,7.4703,1.88372
407.23,-843.334,6.83492,1.88342
-838.226,157.493,8.91452,1.88277
-936.628,71.0772,8.90599,1.87959
-377.713,747.921,8.1951,1.8784
527.944,518.571,6.16562,1.87765
-193.497,-523.77,9.25306,1.87691
-478.577,-230.737,5.71065,1.87664
176.934,836.385,5.82835,1.8757
910.052,-822.108,7.11269,1.87364
927.775,-118.993,6.11307,1.87147
-716.493,320.063,6.83829,1.87141
-582.63,464.748,6.23546,1.87122
-709.113,43.4427,6.13864,1.86907
-79.7541,-675.75,6.65848,1.86757
534.282,508.732,8.84621,1.86681
203.496,847.058,8.70805,1.86577
-19.0191,-928.133,9.90821,1.86502
-306.196,-479.07,5.91902,1.86442
591.222,-627.316,7.79837,1.86364
-707.084,-484.344,7.04695,1.86337
-865.095,261.075,7.03936,1.86249
873.831,-791.584,5.67817,1.86178
-649.05,514.124,9.93638,1.86131
701.894,-268.905,7.3226,1.86039
-648.708,-355.236,7.95654,1.86013
-780.769,-910.504,6.5131,1.85607
571.993,93.7787,9.11906,1.85488
-593.378,-274.5,5.75744,1.85344
-678.314,71.8025,7.06565,1.8534
-755.924,738.412,9.04632,1.85293
-757.454,786.368,6.73001,1.85208
114.581,-691.053,6.63762,1.85032
-611.057,823.936,7.56791,1.84987
-363.678,-889.257,9.03134,1.84831
114.133,719.968,6.18417,1.84829
381.082,887.328,9.2284,1.84784
891.355,-217.638,7.17498,1.84721
-942.222,201.844,5.97124,1.84401
-547.555,383.198,6.78774,1.84368
398.412,-525.336,5.7405,1.84344
655.116,608.44,7.4195,1.84216
-675.71,549.189,7.28236,1.83933
897.996,-902.047,9.94072,1.83797
740.766,396.664,6.51452,1.83777
906.686,-366.58,6.2716,1.8357
-470.314,-1.40577,3.65629,1.83504
837.039,-470.211,7.23,1.83428
264.522,-869.001,9.53643,1.834
540.838,866.277,6.64942,1.83319
90.5257,-785.601,9.75168,1.83232
395.355,799.859,7.18746,1.83232
-17.0091,-756.889,8.07334,1.83113
329.789,596.266,5.6865,1.83019
828.936,169.254,6.90925,1.82793
-220.381,878.561,8.21453,1.82431
-53.1568,745.082,6.3749,1.824
393.338,555.579,8.54653,1.82348
813.368,-881.163,6.83131,1.82329
-921.15,618.733,9.51938,1.82287
679.683,476.962,6.65665,1.81831
-592.428,-380.236,7.77387,1.81757
46.9612,526.853,7.21803,1.81479
-191.554,679.621,7.8756,1.81382
484.144,-788.646,7.38677,1.81361
-908.517,361.295,7.08218,1.81351
-773.684,-545.842,7.9519,1.8107
580.075,705.073,5.65386,1.8099
664.835,-485.028,5.70045,1.80922
-140.532,526.013,5.8932,1.80806
106.507,747.541,8.06245,1.8077
-866.48,747.602,6.34043,1.80595
-71.1718,811.396,7.30241,1.80551
496.866,-131.605,9.80704,1.80214
-86.1836,-823.026,6.1736,1.79993
828.494,-53.2678,8.3015,1.79713
831.578,-873.082,8.51296,1.7968
-722.147,92.7,9.33111,1.79645
-402.088,666.365,6.83732,1.79538
909.572,-810.119,7.03191,1.79441
897.65,-366.274,5.75838,1.79273
-440.498,-590.818,9.68673,1.79079
-389.658,-675.837,7.01972,1.79045
-263.889,931.849,9.9121,1.79029
573.722,155.444,7.93707,1.78938
65.2443,675.248,6.28798,1.78912
477.316,-821.008,6.90394,1.78455
-283.982,941.835,6.58651,1.78409
-488.274,9.67019,8.13671,1.78294
-295.917,-546.202,6.33964,1.78288
-415.95,787.497,5.93067,1.78263
551.085,-599.48,5.97857,1.78055
742.246,296.52,7.05926,1.77942
775.635,-912.045,9.89895,1.77708
-684.398,-695.301,6.57565,1.77695
-32.5869,-533.889,6.04813,1.77494
-556.958,-640.661,6.98237,1.77436
-913.628,435.271,7.65571,1.77348
-924.024,803.547,6.90055,1.77201
206.48,647.081,7.51156,1.77179
677.488,-554.834,5.98418,1.77042
-946.935,246.002,7.77489,1.76974
-297.316,-674.974,6.22271,1.76947
-413.564,881.353,7.27896,1.76938
772.823,-319.634,6.43918,1.76539
927.064,-453.426,5.68365,1.76535
884.554,488.96,5.99352,1.75886
-866.384,-198.793,9.92159,1.75641
-484.617,-298.86,6.01236,1.75529
650.353,855.879,9.44564,1.75334
-19.2079,630.344,6.3602,1.75225
202.643,-498.138,7.0333,1.75213
741.147,226.046,7.19326,1.75168
-674.575,-293.301,6.47758,1.7509
396.712,-492.742,7.6108,1.74972
542.483,495.901,6.146,1.74892
-885.23,170.876,7.68727,1.74834
800.671,-525.431,5.96755,1.74818
-717.027,14.8545,8.71386,1.74671
-568.435,851.906,5.7564,1.74661
-585.386,824.508,5.65456,1.74582
513.725,54.1992,6.5691,1.74559
745.418,770.268,9.19767,1.74346
939.378,105.056,6.38343,1.74215
801.054,-455.067,6.39747,1.73973
832.625,928.57,9.11303,1.73934
527.72,-843.033,7.96144,1.73906
-690.699,34.7669,6.10648,1.73841
-814.478,660.904,8.87519,1.73553
-420.583,930.105,6.42539,1.73316
877.707,-587.028,8.06635,1.73296
520.267,651.093,6.85663,1.73258
768.017,759.003,5.6776,1.73195
-750.305,595.703,7.88444,1.73109
-452.117,-573.195,9.29617,1.73036
-591.921,-4.78407,6.31626,1.72923
-44.5627,-771.334,6.61286,1.7283
-938.103,-883.386,6.26877,1.72581
-699.732,755.209,6.56133,1.72251
-895.258,-800.153,5.90277,1.72097
768.251,810.614,7.22725,1.71848
-809.255,149.528,8.31312,1.71841
-860.995,684.598,9.33657,1.71605
915.256,-445.943,9.81972,1.71419
155.312,-856.331,6.32041,1.71387
803.559,-674.901,7.65823,1.71356
313.133,-473.263,6.88168,1.71227
-120.322,-707.918,8.34488,1.71096
-902.347,-310.571,5.70354,1.70863
365.295,909.357,5.99385,1.70783
-511.295,640.327,7.4266,1.70702
-818.692,865.543,7.56536,1.70519
695.329,221.016,8.76149,1.70127
605.992,-278.646,7.85622,1.69865
803.251,-760.468,7.1913,1.69787
-284.561,-760.552,6.94271,1.69744
-869.77,335.751,6.0065,1.6964
-433.217,486.33,5.68536,1.69461
-905.969,-752.786,8.51626,1.69363
-502.703,768.195,7.705,1.69055
951.975,466.04,6.33572,1.69012
-716.126,-286.513,6.10853,1.68942
-390.569,-501.036,6.21664,1.6874
-878.565,-642.848,6.36682,1.6865
882.611,-484.003,7.85504,1.68376
480.773,336.605,6.83482,1.68303
-688.464,-169.209,6.54646,1.68209
178.559,-928.449,5.63295,1.6816
-613.491,246.487,6.15168,1.68092
539.797,-917.516,8.86878,1.68083
594.167,221.948,6.20008,1.68
790.058,-811.651,6.61549,1.67997
930.745,771.427,6.79246,1.67609
-102.736,509.004,8.45907,1.67328
-244.729,551.665,7.54249,1.67013
-574.207,741.064,7.17338,1.67
-183.699,-934.609,8.13537,1.66997
640.987,-796.017,6.61362,1.66872
521.2,-793.164,7.00775,1.66858
-859.314,-525.404,6.22988,1.66848
-889.822,-686.791,7.88696,1.66837
-545.397,20.1384,9.5535,1.66644
-192.984,-806.963,5.74917,1.66554
-12.6834,555.64,6.3267,1.66495
-432.65,-737.857,8.73038,1.66444
257.793,932.732,7.53772,1.661
537.707,-674.126,9.17789,1.6584
605.756,-184.742,9.41244,1.65768
495.131,152.638,6.71524,1.65532
-947.149,-264.381,8.08238,1.65438
799.114,-862.189,5.85946,1.65412
-509.399,136.653,6.18977,1.65215
196.5,-856.261,6.14058,1.65016
733.431,102.023,7.43574,1.64846
786.255,-364.444,5.69917,1.64652
870.189,-734.11,5.83502,1.64498
-667.95,648.222,7.07115,1.64295
-43.2848,766.338,7.54261,1.64109
-472.085,476.151,9.78211,1.63821
473.896,703.234,6.31553,1.63792
133.231,-825.705,8.50122,1.63753
761.881,-221.175,8.21835,1.63747
-863.456,-175.011,6.34876,1.63732
-206.789,751.346,9.03583,1.63725
285.343,-911.741,7.19631,1.63585
857.656,481.7,8.58689,1.63523
323.374,735.579,7.133,1.63482
51.0914,-802.801,6.75189,1.63321
554.697,-745.551,8.82167,1.63314
-868.627,568.244,7.64399,1.63228
-552.937,-392.765,6.76287,1.63115
-482.233,-780.919,5.65814,1.6306
-227.211,-674.805,6.62591,1.63059
200.181,-532.909,6.77686,1.62912
653.497,154.883,9.49097,1.62488
-763.372,219.204,9.18888,1.62402
-481.474,181.437,7.10511,1.62369
790.596,154.116,6.9575,1.6232
835.932,405.862,5.7031,1.61904
148.213,-608.423,9.97651,1.61877
-489.196,-505.258,5.6727,1.61814
-668.583,-271.86,7.6884,1.61794
-937.575,524.582,6.73516,1.61443
-55.3107,-844.816,6.15787,1.6139
46.2781,613.237,7.02782,1.61257
227.06,-615.532,6.54935,1.60742
-783.472,-508.302,6.22154,1.60319
-766.403,-71.8484,5.85213,1.60184
565.058,899.416,5.76636,1.60111
577.353,929.249,6.66453,1.59945
-646.892,459.895,9.17248,1.59909
696.606,-255.412,9.02304,1.59851
-829.215,729.862,9.77646,1.59511
371.766,487.296,7.47089,1.59322
728.604,-403.003,8.80793,1.59107
555.979,887.023,7.89893,1.591
790,458.058,6.13732,1.58955
-596.356,-173.547,6.98767,1.58814
524.618,-885.413,6.55187,1.58716
-881.354,-182.703,8.13827,1.58611
-843.128,778.457,8.32166,1.58404
-378.214,923.326,8.85198,1.58227
709.992,923.336,5.66509,1.58005
187.011,-655.929,6.06688,1.57973
496.38,-65.2671,8.44613,1.57848
-688.756,282.209,5.97089,1.57809
-266.567,-533.42,5.97545,1.57528
-743.056,-654.218,7.448,1.57031
470.721,-667.302,7.995,1.57004
794.792,-749.631,9.69319,1.5691
-751.673,-647.923,8.31995,1.56842
896.007,-560.817,7.14179,1.56821
911.732,-808.071,5.70315,1.56725
-276.737,583.592,7.53571,1.56593
382.173,622.896,8.39097,1.56391
-656.932,-743.426,5.67009,1.5633
-593.614,608.89,9.62715,1.55837
715.372,-690.853,9.22326,1.55734
807.012,343.298,5.99935,1.55477
-67.3483,-949.166,6.58775,1.55441
-552.468,303.201,8.49053,1.55207
217.492,-712.584,6.16179,1.55129
374.468,695.226,8.28625,1.55
-537.979,-578.893,6.82711,1.54998
-927.913,424.041,6.29939,1.5454
897.054,210.382,5.87205,1.54506
-691.251,-718.424,6.46597,1.54406
-927.149,-866.878,9.57216,1.54182
-235.591,-918.295,6.72986,1.54171
701.062,-874.038,6.87468,1.54117
-624.002,-304.192,6.59456,1.54081
494.734,-178.036,6.49876,1.53631
-891.373,-154.723,8.37482,1.5347
576.73,-797.908,5.71417,1.53439
-705.24,-702.99,5.88946,1.53358
130.384,-853.454,7.60757,1.53324
254.439,-550.509,9.50462,1.52994
-196.512,926.541,8.0767,1.52735
-139.333,505.499,9.94672,1.52621
774.454,-71.5477,7.36717,1.52396
812.841,-499.752,5.77438,1.52245
-676.022,-34.1975,7.5232,1.52233
-69.5546,572.197,7.82783,1.52092
722.953,-440.457,8.58603,1.52068
-726.462,621.914,5.79706,1.52024
792.922,587.67,5.66428,1.51929
664.361,-939.731,7.16185,1.51762
-530.582,-397.854,6.7629,1.5164
-140.45,541.29,7.0056,1.51556
937.542,-779.971,7.58,1.51527
655.189,648.555,5.63966,1.51491
802.344,144.525,8.47465,1.51281
535.231,403.085,9.08964,1.51254
-739.476,507.071,9.0319,1.51198
526.054,-841.242,6.34216,1.50821
385.317,583.499,7.4499,1.50817
874.443,-843.108,5.92638,1.5078
701.491,931.725,7.0246,1.50766
609.484,-814.912,6.75566,1.50392
-850.547,-349.863,7.95566,1.50308
797.243,731.638,6.42031,1.50301
685.67,369.433,6.43396,1.50224
723.814,566.724,5.93094,1.50217
749.872,-794.462,7.74696,1.4996
-770.562,-482.251,6.16355,1.49861
-890.654,-677.722,6.79571,1.49817
515.181,-533.841,8.55197,1.49754
22.5286,620.966,9.91756,1.49703
-195.125,755.443,5.86847,1.49628
237.832,478.531,5.91164,1.49462
-785.611,422.141,8.59357,1.49444
-760.483,-337.578,8.33045,1.48987
-659.965,843.41,7.99661,1.48839
160.244,-684.618,6.75455,1.48752
-474.043,-564.092,7.02464,1.48737
940.053,-666.877,7.32288,1.4838
-569.057,-55.2197,8.8191,1.48346
793.293,113.449,6.0089,1.4818
-774.089,-821.339,7.12999,1.48176
-313.764,518.316,9.36667,1.47727
176.074,597.21,7.92471,1.47537
251.391,-867.982,8.06823,1.47487
774.052,801.049,6.69435,1.47428
589.044,167.196,9.39269,1.47371
-634.761,-550.018,8.23661,1.47336
136.142,-673.875,6.6003,1.47294
-385.482,659.531,5.89675,1.47179
-890.756,-925.893,6.88249,1.47067
52.6985,-543.52,6.43269,1.46993
-927.326,459.007,6.14453,1.46924
-491.677,475.879,5.63034,1.46924
-31.5272,907.895,8.03647,1.46889
575.076,136.59,5.87224,1.46865
-830.165,767.127,6.07169,1.46766
544.463,916.058,6.56658,1.46332
-676.107,29.5702,8.00719,1.46279
38.1211,656.989,6.70333,1.46202
-529.473,696.913,7.19757,1.45682
767.798,56.0294,5.74183,1.45626
499.35,-725.34,6.22863,1.4556
-156.479,782.307,5.72378,1.45424
700.427,485.267,9.08215,1.45416
-383.779,-547.553,6.20952,1.45359
894.914,-52.3253,6.37647,1.45331
805.519,674.311,7.61773,1.45043
817.902,-439.803,7.6398,1.45041
-344.959,-883.954,8.33573,1.45031
618.409,-944.399,6.45782,1.45028
497.124,69.6037,6.24011,1.44955
531.77,-4.54362,6.60891,1.44514
932.414,-278.241,6.39949,1.44351
-503.671,-297.969,6.64419,1.44299
-4.27152,506.345,7.15969,1.44298
-549.98,752.018,6.59769,1.44295
102.772,-798.016,7.3385,1.44288
549.084,-422.371,5.72312,1.44118
431.231,859.6,6.81039,1.43668
-473.503,5.39874,4.47725,1.43635
709.389,449.21,5.96088,1.43569
-631.604,686.347,6.75786,1.43485
709.793,-443.637,6.01567,1.4348
306.03,-817.52,5.75023,1.43472
530.098,-220.127,9.94779,1.42871
48.8664,-476.638,6.24518,1.4278
-372.287,521.773,5.99768,1.4251
524.83,823.49,9.56524,1.42441
763.725,-838.579,8.654,1.42359
-883.859,-153.423,5.67478,1.42304
-682.068,-32.1392,9.12236,1.42215
-904.728,-378.663,8.17971,1.41968
280.933,766.182,6.08313,1.41868
516.996,48.5626,7.00361,1.41803
367.279,-907.653,6.31721,1.41734
874.994,-803.78,5.65859,1.41658
273.509,582.743,7.31554,1.41539
-655.619,-45.4858,5.68385,1.41483
-184.143,526.907,8.42819,1.41443
479.441,-467.504,6.11379,1.41367
338.144,-803.917,8.47352,1.41142
-783.377,312.145,6.7902,1.40866
461.576,857.633,6.11249,1.40695
150.119,670.997,6.46008,1.40361
440.057,944.147,5.65705,1.39977
580.662,201.007,6.02116,1.39925
316.808,643.87,6.67249,1.39847
663.015,380.382,6.34464,1.39489
-895.949,480.318,5.84165,1.39412
-125.267,-540.634,6.31339,1.39341
693.28,462.485,6.56608,1.39217
763.145,637.091,7.63778,1.39127
817.356,-201.445,7.28389,1.3869
-506.849,571.505,6.89485,1.38676
-74.1665,-574.325,6.13828,1.38134
-560.574,731.216,6.23391,1.37949
859.873,-720.935,7.79578,1.37924
538.848,123.983,6.81393,1.37915
884.993,274.891,7.02318,1.37868
29.4411,-647.638,9.62903,1.37853
274.089,505.79,7.02281,1.37788
-936.24,-395.855,5.93794,1.37501
-673.151,-801.069,9.13327,1.36878
-519.902,-773.363,6.41203,1.36808
540.993,512.001,9.83972,1.36794
-672.872,414.357,6.01801,1.36727
-945.856,674.107,5.8784,1.36604
477.299,-720.607,6.08263,1.36577
-758.946,-64.6938,7.43486,1.36526
-912.094,-191.125,6.15411,1.36452
509.574,-876.525,6.87069,1.36386
254.195,718.771,5.9201,1.36361
677.377,64.1267,5.90011,1.36056
-519.744,592.564,7.74715,1.35407
-714.911,-408.596,5.79468,1.35221
-898.975,765.868,6.54295,1.35216
-597.556,477.767,7.47544,1.35097
919.955,-243.374,7.49735,1.34938
827.823,-416.368,6.12864,1.34924
-391.438,663.553,5.66453,1.34723
-836.45,445.672,6.94475,1.34379
-554.221,909.514,7.51527,1.34187
936.446,751.402,6.12645,1.33983
474.027,-173.065,6.35354,1.33954
-572.579,-375.584,7.10241,1.33884
-497.798,554.153,9.89416,1.33759
-202.177,670.295,7.3117,1.33691
-636.995,781.423,8.27417,1.33527
631.093,442.887,6.31571,1.33347
-682.902,-914.1,7.35191,1.33313
-677.189,688.699,6.50961,1.33308
-623.179,449.785,7.88227,1.33287
-598.951,844.404,6.18731,1.33201
-911.629,880.954,5.79669,1.32637
323.627,809.724,7.57932,1.3243
-653.366,-176.158,6.18648,1.32404
776.627,-300.885,6.13531,1.32294
668.053,394.396,5.74185,1.32142
-915.58,396.488,6.78361,1.3203
-432.578,947.24,7.28755,1.32029
-836.409,-431.773,7.30713,1.3168
-463.794,732.171,7.41163,1.31582
-295.628,-530.256,8.83011,1.31576
844.335,-501.828,9.66828,1.31522
-713.162,-631.673,6.52883,1.31262
-489.607,886.575,6.52346,1.31213
530.934,-354.436,8.1945,1.31115
-198.482,-918.848,7.61798,1.3109
91.3872,564.193,5.76974,1.31077
508.674,434.09,5.77543,1.31028
859.011,364.735,6.34578,1.3102
-102.433,700.637,5.79026,1.30933
728.566,434.677,7.60188,1.30331
-401.672,623.09,7.64828,1.30125
-948.928,843.662,5.98984,1.29477
565.492,326.008,7.21585,1.29416
114.152,744.54,6.18691,1.29415
635.374,845.133,8.89179,1.29336
-640.009,-729.134,5.92063,1.2894
894.024,-511.782,7.43721,1.28928
714.834,583.287,6.44663,1.28855
-480.372,-409.474,8.20001,1.28818
-742.762,-558.721,5.81263,1.28571
-536.236,-580.909,6.14154,1.28443
602.643,449.725,5.98522,1.28208
899.441,709.376,6.15374,1.28014
-854.129,-499.98,6.39021,1.27909
846.407,332.096,6.42392,1.27654
316.406,815.574,5.8554,1.2748
400.357,929.263,6.51063,1.27404
-275.012,-752.163,8.70787,1.27315
-315.32,669.096,6.69945,1.27258
726.967,-762.063,7.26679,1.27236
95.9188,-636.708,9.04394,1.27005
554.196,286.646,6.41253,1.26984
330.109,521.894,6.99065,1.26953
-588.189,-133.508,6.40756,1.26926
721.402,-927.565,7.44862,1.26844
-893.796,577.913,8.87807,1.26759
636.069,-201.864,5.77041,1.26735
809.174,-424.421,7.45781,1.2668
902.904,-543.337,7.2371,1.26675
-906.103,862.826,6.94952,1.26576
-448.009,690.124,8.83007,1.26549
420.474,588.273,8.09765,1.26527
566.237,791.015,7.07284,1.26118
-648.902,-435.106,6.07094,1.2606
-807.549,-590.895,5.64146,1.26034
-602.591,-235.585,7.1037,1.25974
-168.843,-573.634,5.80549,1.25966
-538.703,401.002,6.85392,1.25875
-581.641,-889.025,6.19685,1.25778
-679.43,818.746,6.72785,1.25244
-636.916,34.3809,9.254,1.25177
852.07,873.633,6.40478,1.24896
859.884,-584.641,8.73906,1.24419
45.4601,-780.336,6.45361,1.24393
-729.353,-296.111,6.60054,1.24294
-681.354,573.779,6.11022,1.24168
-947.968,306.375,8.15728,1.24145
346.745,-892.645,8.14506,1.24071
35.3165,837.136,6.47687,1.23932
-536.845,881.913,7.47621,1.23469
-458.963,814.984,6.20902,1.23175
467.933,-929.886,6.32596,1.23137
-736.524,-568.947,6.56419,1.22953
74.1336,901.325,9.16375,1.22844
589.795,114.623,6.72729,1.22832
-477.738,-947.768,6.07206,1.22738
555.105,-331.02,5.69299,1.22609
-659.432,-436.565,6.57402,1.22549
633.851,229.784,8.04117,1.22511
343.145,785.042,5.68394,1.2239
344.086,-662.158,5.65392,1.22211
15.1895,-684.966,7.33939,1.22178
214.006,-744.488,9.77701,1.22177
-741.901,186.469,9.13727,1.22147
215.924,535.866,9.98263,1.22033
640.087,851.321,6.95443,1.21557
280.077,-949.74,5.86347,1.21088
282.549,528.538,7.41336,1.21024
-122.048,823.33,7.33572,1.20993
-748.19,-60.6632,6.21422,1.2088
-586.131,-95.4171,6.34311,1.20772
231.517,-499.605,5.94324,1.2072
154.568,888.245,6.09171,1.20359
-841.919,586.334,6.41946,1.20261
-173.559,715.912,9.39424,1.20222
934.27,-249.318,5.73378,1.20079
-527.047,-707.907,5.71533,1.19916
126.383,770.837,5.87695,1.1982
841.831,580.154,6.54741,1.19649
-522.203,-254.79,6.14448,1.19498
496.152,-504.363,9.08789,1.19436
898.896,-85.7124,5.93066,1.19339
66.2312,-698.433,8.71778,1.19318
911.39,22.9275,5.95755,1.19314
-535.886,431.698,6.58283,1.1919
720.125,580.569,7.72894,1.19123
-477.418,364.973,6.16612,1.18951
-589.56,-795.906,6.12893,1.18033
-509.081,-687.342,6.66167,1.17899
-813.059,722.248,6.24668,1.17884
-568.237,733.306,6.92938,1.17874
949.147,365.952,5.78426,1.17789
-731.292,-312.842,6.80571,1.17751
-702.969,-346.479,6.7549,1.17621
-533.738,78.9708,7.52307,1.17324
246.637,-653.92,6.21511,1.173
-175.17,-934.933,6.77575,1.17203
566.009,859.842,7.29285,1.16988
941.558,27.8842,9.22877,1.16855
728.593,316.22,6.16281,1.16727
-645.748,488.582,9.59735,1.16696
-717.561,-78.7168,6.26672,1.16611
-183.308,-843.637,9.54996,1.16564
404.449,-526.126,9.25409,1.16316
782.754,-405.567,5.81453,1.16283
-787.37,642.427,7.98016,1.16151
-307.769,-570.151,9.67932,1.15722
655.157,-843.297,9.16998,1.1543
756.454,554.63,7.52687,1.15347
620,694.797,7.59502,1.15208
-12.6162,-940.931,7.5328,1.15181
-764.968,-264.752,5.97365,1.1514
-226.119,704.484,7.86483,1.15124
-707.133,14.6738,8.26465,1.15052
101.65,727.238,9.11541,1.14748
-379.102,604.259,6.50731,1.14739
-605.697,-483.902,8.99444,1.14582
-427.379,566.228,6.95674,1.14515
509.23,947.93,7.1677,1.14292
43.7639,682.119,5.96691,1.14241
702.602,674.802,6.2951,1.14084
-93.4412,836.969,6.58332,1.13654
-669.264,-204.509,7.11871,1.13508
174.269,-908.336,5.72679,1.13502
-675.98,569.588,5.64176,1.13501
756.853,-290.868,8.82019,1.12504
-728.952,71.7648,5.8895,1.12324
584.6,687.647,6.55995,1.12248
804.493,172.101,8.99216,1.12166
510.987,274.853,5.74686,1.12132
-715.043,-440.268,5.80442,1.12083
-576.789,-552.583,6.86469,1.12066
-561.816,-473.813,7.02068,1.11927
543.635,-110.004,8.09656,1.11908
-398.97,728.83,7.30438,1.11655
779.785,359.849,8.6161,1.11605
-586.439,-375.206,8.58524,1.11571
134.793,845.107,5.74744,1.11465
172.911,-862.976,6.97688,1.11254
623.921,-192.735,5.76912,1.11059
633.2,171.371,6.36313,1.10844
556.169,-535.388,6.33253,1.10756
-562.558,-373.649,8.15808,1.10267
-683.216,887.246,8.87422,1.10078
799.31,-614.2,6.88301,1.10061
148.709,712.816,7.44481,1.09743
175.493,826.582,7.66973,1.0974
472.62,-718.013,8.5464,1.09413
-462.552,-947.609,7.67793,1.09292
-789.473,262.992,7.22189,1.09191
755.991,660.265,9.14974,1.09118
736.228,595.308,8.72242,1.09013
-419.77,-872.296,6.48843,1.08984
-822.759,-699.814,9.84695,1.08809
-255.032,-620.77,6.04391,1.08755
948.079,-623.993,5.86999,1.08631
399.361,-488.724,7.87033,1.08529
-892.236,-500.707,7.02346,1.08462
474.447,-860.12,6.24,1.08359
289.416,-639.789,6.06167,1.08001
-512.632,125.329,6.45846,1.0799
840.905,438.826,8.52494,1.07819
180.461,540.03,8.65083,1.07574
496.187,358.069,9.61561,1.07323
-887.478,-372.62,7.08865,1.07321
-271.382,910.538,9.97101,1.07246
-882.829,539.448,7.45866,1.07193
502.678,-34.0357,7.72709,1.07012
697.225,-554.999,8.03513,1.06365
379.584,-596.878,8.7807,1.0616
632.304,-712.486,7.06218,1.06136
751.866,864.799,6.85865,1.0585
88.8889,710.665,9.71049,1.05818
321.102,-729.835,5.8131,1.05756
-480.54,-485.163,6.92091,1.05727
564.758,731.999,5.66657,1.05655
-289.246,-644.881,8.79898,1.05496
390.776,690.688,7.25766,1.05475
-676.638,776.737,8.36406,1.05015
940.281,685.631,9.54464,1.04965
-943.105,-728.593,6.58906,1.04792
-883.42,-635.787,6.22466,1.04732
-11.0849,-559.782,6.68437,1.04359
879.29,55.2033,5.75188,1.04329
476.063,523.28,9.80002,1.04124
848.159,-718.789,6.67299,1.04113
-215.556,723.728,5.89558,1.03938
487.804,-287.202,7.22415,1.03931
-651.092,-447.395,6.15813,1.03694
-694.201,252.464,6.11015,1.0369
265.312,585.29,6.19628,1.03679
485.55,949.351,5.85854,1.03516
-359.028,562.907,8.41168,1.03197
-882.85,395.612,8.72317,1.03154
-765.643,6.43337,8.54474,1.03129
109.592,-804.276,5.90856,1.03125
-179.1,-661.565,7.06528,1.03076
-335.411,-828.999,6.59379,1.03001
-745.985,821.454,9.40472,1.02941
-425.633,-619.196,5.98277,1.02853
-930.074,-218.795,6.71182,1.02787
-737.035,494.541,8.37145,1.0267
-427.553,-512.834,8.28775,1.02474
-697.187,271.125,5.83991,1.02468
-602.782,-235.701,8.52348,1.02444
-471.02,-834.836,6.69598,1.02212
-506.124,228.65,9.99531,1.02195
-577.583,-228.663,5.73839,1.02194
-724.916,-108.907,7.21698,1.01913
-723.488,399.705,9.13439,1.01857
-746.915,378.379,6.17638,1.01558
867.777,-456.199,6.28972,1.01542
-803.579,572.496,7.39523,1.01347
-375.967,811.959,7.53866,1.01344
402.524,-866.137,7.2451,1.01335
-246.611,840.738,5.80958,1.01194
-509.486,40.1023,6.6744,1.01192
-677.966,392.629,7.09976,1.01125
-42.3601,-726.611,8.31463,1.01102
786.178,623.477,7.28904,1.00996
-666.657,-558.424,5.71228,1.00887
-173.332,-511.659,5.6498,1.00846
663.41,283.495,9.12692,1.00794
388.538,515.971,6.15095,1.00709
553.343,209.19,6.81287,1.00628
-409.159,921.374,7.59755,1.00536
-853.981,-550.076,6.62765,1.00473
224.644,-714.494,6.4805,1.00287
-816.786,-81.5405,5.78216,1.00173
621.119,528.418,6.32844,1.00165
548.915,650.262,6.38196,1.0016
848.35,-250.372,6.10901,1.0009
-545.404,-739.196,7.0814,0.999582
-695.635,720.951,5.82027,0.998298
757.406,-220.399,8.31244,0.996969
612.345,-271.798,8.55368,0.996726
-480.06,246.745,7.24923,0.995373
697.546,621.844,6.30636,0.995117
885.63,362.748,9.09339,0.994967
-473.201,-105.616,3.7368,0.993532
-65.6281,-841.39,7.96027,0.992875
774.177,-603.814,6.74825,0.992517
-277.641,547.334,9.58819,0.98977
-391.115,-883.149,7.18868,0.987071
564.022,850.174,6.10058,0.986529
-262.817,-645.742,5.81456,0.985426
780.057,929.005,9.60217,0.985176
-744.115,464.589,6.38226,0.984871
-264.986,674.386,9.84991,0.98469
797.152,-292.166,6.02639,0.983599
-499.231,147.189,9.98873,0.981719
99.4727,-756.685,5.74699,0.978167
539.44,-256.018,6.56472,0.977415
-782.916,-366.242,7.37405,0.976339
873.008,-509.271,8.22032,0.975089
334.848,-508.689,7.51945,0.974106
-238.356,641.049,6.02189,0.972284
501.615,742.5,6.50256,0.972187
853.055,755.685,7.12989,0.97125
620.799,-236.907,8.32331,0.970968
659.345,-680.79,7.10222,0.969543
69.5856,-536.397,8.88997,0.968906
888.591,944.577,9.80219,0.968521
-885.275,709.612,7.43671,0.968462
457.125,-876.41,6.17319,0.968341
877.361,-578.61,5.82111,0.965335
603.123,201.217,7.04705,0.964214
896.143,-685.534,7.83953,0.964201
300.2,-880.821,6.69568,0.96401
-719.134,184.41,6.59654,0.960557
408.168,-788.732,6.29602,0.959878
-684.82,-275.612,7.81877,0.959564
-750.006,-384.473,5.82426,0.959382
-762.774,834.176,6.00454,0.95761
-508.399,-322.79,8.71099,0.957279
515.151,-384.213,9.94565,0.957088
-924.086,580.96,6.95364,0.956776
599.301,-826.958,5.9035,0.956272
522.165,435.735,5.97629,0.953973
-608.026,478.265,8.22111,0.952744
488.175,180.795,9.37308,0.951368
-0.730777,699.218,6.60308,0.951236
-535.27,-38.0929,5.84897,0.951216
-175.567,-620.487,6.28263,0.94898
-179.712,646.985,6.22063,0.947084
842.799,0.35981,7.03289,0.9444
535.008,6.60382,8.69007,0.944161
560.431,305.464,6.17238,0.943115
897.749,508.005,7.00278,0.942872
950.02,320.132,6.10704,0.941634
-704.63,483.182,5.63209,0.935974
437.125,497.288,6.4985,0.934443
-817.155,749.012,6.98385,0.932002
785.251,821.664,8.36949,0.930445
-476.65,-655.268,5.91972,0.929437
505.339,246.534,7.62536,0.928885
422.497,-478.207,6.1106,0.927053
484.226,301.129,5.80903,0.926285
831.544,-78.2999,9.6187,0.926247
898.901,409.107,9.23553,0.925153
-913.874,-829.087,6.47712,0.92405
-905.96,-46.1125,7.39416,0.923751
-397.337,726.152,5.72575,0.923472
619.848,-524.488,9.39201,0.922265
-250.055,798.066,6.66782,0.920983
-66.9749,481.096,7.98006,0.920085
-214.002,498.712,7.58979,0.918864
-241.598,-568.795,7.88685,0.91832
830.222,-204.438,8.20961,0.915248
-659.155,88.0814,9.18291,0.9139
-163.356,778.329,6.1254,0.913824
-18.8905,-903.776,5.92171,0.913509
-393.904,937.804,5.78737,0.912978
-343.673,-565.948,6.28131,0.912763
-559.079,-373.968,6.1548,0.912702
336.912,644.498,8.79038,0.91019
866.414,13.86,5.75114,0.909978
-718.601,240.52,6.61383,0.909344
438.157,-513.876,6.95114,0.908952
-30.1943,615.912,5.74759,0.906988
-739.988,-436.411,6.94016,0.905195
20.528,528.871,7.40828,0.90429
474.052,-344.47,6.67149,0.902909
-478.573,-21.4474,9.68362,0.900697
707.729,527.853,8.03773,0.899865
-770.336,-788.566,7.30276,0.89863
794.535,727.594,5.75248,0.896012
532.069,542.185,5.70831,0.89572
51.393,-914.509,6.15128,0.893539
-514.721,-154.887,5.9032,0.893536
867.339,-716.277,6.9823,0.893358
809.946,625.307,6.31538,0.89133
-503.834,623.399,8.60664,0.891056
-764.314,-615.851,7.57864,0.890853
-45.4835,-529.187,5.99515,0.889663
207.237,-736.311,6.07067,0.889309
-821.048,833.8,5.73908,0.887807
162.978,-850.557,7.39857,0.885975
632.461,-63.9199,7.03234,0.885638
690.634,-808.79,5.63142,0.883198
719.159,703.812,9.42013,0.882048
-121.506,589.413,6.52629,0.881123
-306.207,-650.81,7.85516,0.880124
536.036,-583.41,9.1734,0.880085
-783.089,932.285,5.71136,0.879975
101.382,936.277,8.12317,0.879343
-357.761,-900.589,7.49045,0.876818
644.87,-192.43,6.82688,0.876763
491.199,-224.635,5.67386,0.876528
-599.893,-889.789,6.90497,0.875926
-483.526,-635.924,7.58077,0.874347
96.3541,508.073,9.29359,0.871024
532.276,-100.872,8.33176,0.870204
-686.214,-735.624,8.81574,0.869929
740.291,133.618,8.23845,0.869106
823.355,231.633,7.06019,0.868689
628.426,-76.7051,5.9143,0.868495
750.58,-809.863,6.16886,0.868382
-352.859,-867.437,6.9217,0.86622
673.909,4.59713,7.69194,0.865999
-578.224,-2.69388,6.90973,0.864881
851.075,-436.266,9.20039,0.864293
-429.707,-658.063,6.604,0.864057
-563.616,-150.071,7.85235,0.861635
666.833,-938.769,8.57768,0.855707
-792.95,717.14,8.60478,0.855044
503.178,-468.53,6.40766,0.852091
122.915,-650.13,6.57609,0.851497
586.362,-272.818,8.26987,0.851287
825.733,704.594,7.98067,0.849571
-164.783,-872.35,6.2805,0.846559
899.835,903.588,7.60774,0.846117
508.361,850.994,6.00853,0.845512
517.507,581.633,8.70081,0.845469
246.764,789.035,5.69171,0.843826
604.303,-681.902,9.67268,0.839249
263.349,480.378,6.22633,0.838435
78.2576,705.598,8.04985,0.838387
-254.495,-573.411,7.77831,0.838049
-584.274,-712.37,7.91278,0.836747
-355.804,837.412,6.29232,0.836728
-765.032,792.391,8.99644,0.835579
-585.84,376.713,9.01367,0.835045
-200.957,-726.009,7.33121,0.834434
745.686,187.002,7.80851,0.833239
-244.9,-714.13,6.4982,0.830036
812.01,877.546,6.11083,0.83003
836.098,867.452,9.10008,0.826995
-7.95114,494.641,7.94496,0.826553
683.116,291.604,9.76972,0.825727
665.98,-803.853,7.10092,0.824948
-285.94,-472.407,7.95667,0.824778
-660.453,805.449,5.78222,0.822654
642.206,450.613,5.77561,0.822413
401.713,787.916,8.22616,0.818272
-82.9045,645.353,6.56522,0.815753
-507.12,169.669,6.38667,0.813253
-649.465,124.896,9.96962,0.813052
-739.122,-600.995,5.86559,0.812401
-47.0356,-849.836,9.10835,0.808688
86.9801,821.266,8.42032,0.804185
896.684,94.5166,7.43602,0.802689
628.034,841.858,6.75783,0.802202
819.963,172.838,8.57967,0.801549
634.776,-581.079,7.63265,0.799865
180.508,-865.762,9.63702,0.798752
-913.911,120.375,7.43694,0.797972
-28.2592,526.531,7.25145,0.797897
-172.562,-512.323,7.19389,0.795952
-61.9,-815.778,8.61699,0.795454
-703.683,627.953,5.8789,0.795261
-905.496,-609.32,6.91789,0.795229
-468.358,-596.961,9.42401,0.792602
220.802,693.517,8.48563,0.791907
311.702,-863.868,9.29403,0.791536
25.0715,-605.019,6.67524,0.789477
893.781,-482.884,6.66461,0.788478
610.039,-290.068,8.10375,0.787832
-201.503,-591.987,7.07988,0.785182
-60.8186,-905.8,6.82284,0.784198
187.717,-801.087,7.69191,0.783223
47.9957,608.03,9.18682,0.782288
-563.319,407.801,7.45404,0.779656
902.475,-284.58,6.23971,0.776563
-898.834,199.166,5.76007,0.775576
-892.8,430.158,7.2347,0.775055
-424.472,-761.865,6.35329,0.772758
179.287,526.732,6.55236,0.771353
-656.574,672.892,6.1392,0.771113
832.823,-309.534,8.75074,0.77035
-621.725,63.5138,5.83425,0.769448
-140.582,-846.982,8.35557,0.768941
-783.72,-78.4752,7.84369,0.768085
-795.19,154.975,5.88395,0.768021
661.416,277.568,8.13401,0.765824
-620.85,364.444,5.92501,0.765176
-625.639,250.835,7.4977,0.764573
360.412,-722.438,9.69943,0.760402
154.057,-825.243,7.72978,0.758535
-111.503,888.92,9.19864,0.756483
-838.256,-156.796,5.94803,0.756081
595.441,-788.969,5.78561,0.752671
269.652,713.268,6.63431,0.752492
857.529,23.7975,5.75357,0.747751
821.615,-886.817,8.4087,0.746224
433.861,-549.153,5.87897,0.742353
-480.998,-31.2243,8.23063,0.741957
-224.42,-776.523,6.19954,0.738922
720.938,512.249,7.63288,0.738908
574.493,-836.418,6.3994,0.738161
-394.259,927.911,9.91273,0.738101
-87.2866,-924.134,9.2672,0.737665
-906.738,-350.261,7.52185,0.737191
-659.808,382.632,7.19659,0.736851
0.709973,-579.417,9.52335,0.736198
-900.943,65.1561,8.19028,0.734222
834.648,671.547,6.73707,0.731636
-895.32,40.7501,5.91126,0.73151
801.552,-719.412,9.31675,0.729694
544.531,-687.616,8.2224,0.727554
848.96,-565.892,5.63315,0.725176
209.239,-811.089,8.87619,0.719704
-532.059,351.77,6.66478,0.718321
-327.222,-852.865,6.66067,0.717837
897.16,-630.6,6.16327,0.714907
829.521,-580.515,6.8593,0.714552
825.58,-285.363,5.82044,0.71347
736.551,361.783,6.73819,0.713058
-705.353,737.308,6.83064,0.712797
-353.312,-734.053,8.22697,0.712335
-675.928,751.902,7.94996,0.710449
242.191,-696.824,8.36322,0.70991
763.952,523.238,6.87217,0.706786
-774.974,274.661,7.82741,0.706388
428.596,779.592,5.8328,0.705347
81.082,564.173,6.35191,0.704611
-837.977,-633.13,7.3788,0.704307
720.628,832.318,6.22167,0.702931
591.559,748.131,6.95834,0.702808
-932.571,773.765,6.05301,0.702489
-619.341,12.0529,8.95928,0.701591
-690.827,-795.394,5.80841,0.699891
114.968,-765.215,7.6147,0.699873
-926.809,-470.152,6.74897,0.699701
-828.901,-842.869,8.67942,0.698847
-640.018,-559.052,5.64001,0.697748
-430.367,515.836,9.021,0.695539
-872.001,150.481,7.7442,0.694482
587.314,80.5523,8.65749,0.694307
795.788,-353.751,6.49885,0.693387
844.519,-207.932,6.41358,0.68959
792.888,294.865,6.66758,0.688346
774.032,209.587,7.75329,0.6867
727.043,-864.214,7.92467,0.686672
147.255,-721.705,7.60052,0.684289
750.041,930.148,6.54501,0.682501
830.79,706.008,5.76315,0.68237
804.242,643.997,9.04627,0.677995
511.11,-93.0968,5.73652,0.677697
915.305,-741.002,7.90184,0.676322
688.808,516.188,6.22372,0.676158
-898.305,-710.477,6.08946,0.675738
-256.323,-766.4,6.10013,0.673148
-282.997,-596.476,6.91236,0.673045
-935.326,98.8998,7.6698,0.672279
-276.264,-515.197,6.26541,0.672163
937.576,-164.853,5.82764,0.670955
748.059,752.016,6.93345,0.66838
-670.472,-466.057,9.11063,0.668352
198.84,651.917,7.48599,0.667765
177.433,-852.86,7.87563,0.667306
531.841,-883.681,7.49746,0.665554
-190.15,821.987,9.20525,0.66542
57.6685,-811.693,6.8736,0.66243
283.845,681.365,8.54208,0.661437
-663.726,774.965,5.7213,0.658575
-598.9,-17.2032,6.76712,0.655912
565.897,-556.83,6.62783,0.654531
-533.592,-406.796,7.01336,0.654531
-427.47,-769.036,5.79412,0.653834
-99.8196,759.117,7.22675,0.6534
238.995,-946.149,7.68579,0.652828
942.057,797.309,9.74164,0.648995
-154.875,478.224,6.62804,0.648655
812.517,878.593,8.34782,0.648101
-670.036,867.273,7.52442,0.64733
904.105,88.4974,7.15385,0.647096
61.5125,503.853,7.12491,0.64653
-521.627,119.097,6.24255,0.645335
211.401,-865.789,6.81292,0.643337
-869.63,-81.7909,5.87821,0.640117
-551.636,672.472,7.31181,0.639473
183.821,847.554,5.95405,0.638342
-782.937,-878.56,5.9306,0.636609
-45.6793,-900.631,6.38021,0.636308
476.338,-279.025,7.47925,0.634735
369.684,-752.024,6.84704,0.634689
851.182,137.509,5.76527,0.634021
508.989,208.139,7.42864,0.633822
-319.561,-523.201,5.97077,0.632475
-719.217,-651.361,6.92324,0.632116
-20.3753,933.678,7.82901,0.631292
-206.029,-913.327,9.22006,0.631201
-601.178,832.101,6.20893,0.628971
764.034,-283.936,6.46131,0.628681
-14.1867,-720.872,6.56411,0.627359
-508.314,-137.58,5.82598,0.625719
563.109,256.731,6.89219,0.625422
-875.05,-750.585,8.29464,0.622372
-934.816,230.625,6.12347,0.621124
297.366,483.068,6.93731,0.620115
-730.481,219.725,7.92349,0.620087
-662.824,-545.551,7.11237,0.619864
-859.322,458.276,6.95916,0.618699
-649.651,519.227,6.04828,0.618441
-614.052,-405.869,6.19736,0.618139
-874.656,752.534,7.51468,0.614921
-566.744,279.135,6.25811,0.614668
-681.057,-848.467,5.76743,0.613208
949.134,-665.087,6.86442,0.612911
-827.527,392.895,7.07363,0.612888
249.843,-534.002,5.98449,0.612083
544.137,-714.215,5.91088,0.608795
-825.261,-395.62,6.74515,0.606335
489.536,35.5934,5.70283,0.605067
-810.826,729.552,9.49368,0.602798
-100.755,-712.227,5.90363,0.602428
828.584,880.901,5.90448,0.601946
-799.691,-560.601,9.87114,0.599626
840.348,-407.574,6.92615,0.599085
-196.025,579.84,8.49877,0.597472
-702.06,-6.10686,7.11229,0.597357
-327.844,-552.956,7.77932,0.596585
-945.789,-585.102,5.67683,0.596386
883.636,899.567,8.91437,0.596368
-175.919,-755.844,7.95751,0.595031
-708.355,-246.557,8.75031,0.594368
157.845,507.918,7.07002,0.591668
-109.808,717.594,9.13146,0.590759
-899.163,-212.334,6.68612,0.590199
-133.274,-629.625,7.12489,0.589989
-575.142,-248.529,7.03452,0.589743
-98.9685,655.065,8.0781,0.588485
-25.304,511.425,8.5694,0.586788
617.999,-616.092,9.83519,0.584449
647.459,-363.949,5.86078,0.582748
-676.97,308.664,9.32244,0.57853
-685.33,-601.174,6.54274,0.578276
-845.788,670.596,7.75081,0.576668
613.792,516.976,5.86612,0.569988
-722.561,-161.61,7.50561,0.56828
602.764,785.185,9.29498,0.567345
-173.679,-742.311,5.64509,0.567157
295.167,-617.207,6.19714,0.566139
-771.776,-503.025,9.72034,0.565712
-825.939,-62.4253,7.55802,0.565267
-270.038,-773.362,6.83831,0.565228
-888.099,457.638,5.87228,0.563486
754.227,-749.804,8.05681,0.562934
464.695,538.577,6.44223,0.562467
-135.81,-501.649,5.77307,0.562079
-112.166,714.98,6.64352,0.561263
926.023,-740.772,6.56068,0.557724
485.572,839.711,7.32065,0.556984
105.139,691.526,6.07971,0.556383
-165.399,695.804,8.10113,0.555521
821.921,468.535,6.70689,0.555305
-831.181,782.182,9.93578,0.55529
406.719,-851.786,5.84196,0.554881
646.894,749.696,5.8517,0.554497
527.394,-368.35,7.89403,0.55319
474.318,875.427,6.30645,0.552229
473.716,516.144,6.32014,0.551385
-312.707,-588.371,9.04309,0.548541
-743.343,-623.167,9.83857,0.547407
906.45,-104.013,7.07657,0.545254
717.172,482.389,5.74935,0.544828
93.4785,727.846,6.90062,0.543617
-17.9619,-935.78,5.6532,0.543048
949.002,504.546,5.93357,0.54065
278.819,896.319,7.73791,0.537899
672.829,-903.097,6.5115,0.536689
884.186,657.227,6.63871,0.532298
493.35,-168.705,5.67436,0.529947
-805.076,623.85,7.23881,0.528479
377.611,641.034,9.76028,0.527172
934.544,373.271,8.34487,0.527062
754.227,284.465,7.95108,0.526884
-421.254,540.867,9.13392,0.525434
-516.503,-177.896,5.92348,0.525328
668.274,-454.317,6.91643,0.522088
777.939,-794.962,5.96784,0.519284
-614.301,656.418,8.94633,0.519093
-791.26,-475.832,7.8337,0.519068
-128.905,-549.122,8.2185,0.516527
630.36,-25.3579,8.0996,0.516288
313.219,633.314,5.73015,0.515164
827.154,7.92024,7.13232,0.515057
-489.247,-84.9616,6.29821,0.513537
86.1108,949.019,5.96689,0.509184
295.453,-774.996,6.40066,0.508851
-906.79,738.124,7.45839,0.506974
-802.762,-21.5646,6.77048,0.506471
515.545,-613.722,7.06088,0.505984
-606.871,426.585,8.37607,0.504991
-743.406,210.93,9.84622,0.502185
-944.923,-493.983,6.11198,0.501243
-654.769,397.435,5.82444,0.49823
888.951,-586.485,7.14862,0.497751
-679.115,-938.274,7.04711,0.495852
46.5363,488.786,6.1544,0.495324
836.493,-475.024,5.67628,0.490851
-768.171,-20.8578,9.92296,0.490417
148.912,545.25,6.15595,0.48976
384.279,-645.1,6.86146,0.489271
-882.004,88.5276,7.95383,0.481738
-160.167,-649.153,6.0148,0.479054
740.073,-648.939,5.95673,0.478564
771.648,-301.21,9.0334,0.477725
903.796,-273.022,8.50909,0.476773
550.932,856.029,6.00873,0.476533
-680.212,-333.778,9.01898,0.475646
490.1,1.13374,5.76619,0.475451
-946.597,582.215,6.75764,0.472477
-281.812,-683.563,8.73667,0.472431
592.142,695.095,6.97737,0.472155
-628.26,257.275,6.01417,0.471851
-706.315,941.734,5.80126,0.466902
-616.391,-851.113,9.09502,0.466334
243.441,-812.968,7.08443,0.466154
-507.109,-627.59,5.75189,0.466008
919.869,-763.116,9.77628,0.464723
-157.077,587.232,8.3553,0.461774
637.004,99.2083,6.9305,0.461476
295.219,481.768,6.39847,0.461446
-557.805,683.218,8.25133,0.461231
867.779,-942.244,7.58295,0.461203
-505.971,-214.746,6.91077,0.45845
392.213,-800.254,8.8677,0.457569
-794.096,-700.494,5.67491,0.457415
-595.327,-378.409,7.83257,0.455966
306.969,-856.384,6.04936,0.452335
-156.334,886.676,6.78272,0.451927
-470.16,-584.972,8.52667,0.450069
-820.878,-773.74,6.82423,0.449673
935.191,-323.737,7.35618,0.447259
865.955,487.308,7.21306,0.442616
-97.4932,753.493,6.0616,0.442224
-656.684,-260.992,6.01561,0.441311
-838.255,-730.462,9.36744,0.439815
-772.93,861.353,9.09142,0.439802
-98.448,-679.685,7.82872,0.438815
945.756,811.897,5.98341,0.437828
325.946,703.504,7.71246,0.437102
-518.769,320.833,5.9004,0.436889
-255.059,723.2,9.85498,0.434356
-808.951,-26.8847,6.21088,0.43287
711.65,680.694,5.68099,0.431692
-830.324,-0.715329,7.02438,0.43101
870.117,-194.776,6.40863,0.430318
545.22,-244.784,6.69802,0.429357
-781.834,-783.389,9.60669,0.428868
-530.263,883.495,9.32253,0.427745
-870.42,-317.718,7.5073,0.424992
646.671,628.374,7.46477,0.424056
163.409,585.022,6.85437,0.423116
-508.789,-108.629,5.88278,0.422763
685.316,-830.393,6.74999,0.42224
127.656,-943.02,7.72285,0.421497
739.038,883.435,6.68765,0.419045
383.768,814.165,9.28373,0.418908
728.81,-368.1,7.02683,0.416442
-416.572,641.663,6.8041,0.414922
-900.984,776.747,7.4534,0.41179
-898.816,-446.521,5.88849,0.410812
540.047,744.942,7.86481,0.410801
-704.358,290.012,8.43244,0.410651
297.74,-736.875,6.75106,0.409918
-508.863,-886.593,6.21015,0.409764
627.604,397.638,5.64878,0.409287
575.069,869.106,7.34962,0.408482
-820.879,-151.236,7.11966,0.406739
145.389,941.07,7.06405,0.405994
-824.225,-917.779,6.04123,0.405765
71.0868,-575.781,5.89566,0.405579
-261.301,-653.86,8.31792,0.403148
846.37,-808.778,5.74356,0.402026
798.455,523.656,8.26094,0.394829
-787.906,-744.487,6.15185,0.393154
-632.441,-89.4339,6.39048,0.392319
-594.155,-634.687,6.62414,0.392156
-381.229,-532.389,7.38229,0.39133
435.986,-518.742,7.82906,0.39027
-584.121,-603.822,6.76896,0.389224
665.963,-154.401,5.84881,0.3891
522.082,-860.201,7.76329,0.388554
-568.403,-388.616,5.95899,0.38823
-707.667,567.368,7.29564,0.387649
514.167,-712.468,6.48836,0.387501
609.011,624.693,7.77357,0.385834
665.623,-379.775,6.14959,0.377581
-48.8302,915.707,7.11194,0.375861
20.3838,-929.471,7.81387,0.372428
811.992,-338.038,7.81438,0.370993
791.298,141.06,5.94963,0.368039
-414.302,-854.011,7.1334,0.366455
708.521,458.975,7.02466,0.366177
-800.4,392.369,7.63071,0.365941
-533.334,161.374,5.87782,0.362609
578.936,-458.21,5.75338,0.362201
-840.767,724.522,5.64562,0.361913
-640.227,642.678,5.98065,0.361597
481.069,-905.385,5.83908,0.360216
-526.02,260.443,6.90698,0.359581
724.702,753.683,6.96792,0.359038
-936.622,440.098,6.68749,0.35729
-535.736,113.443,5.79812,0.35682
-819.387,-866.621,7.64635,0.355197
911.937,941.02,6.61547,0.353876
-418.344,666.212,7.65664,0.353422
141.359,-880.166,6.9112,0.352394
-880.873,-517.536,7.9221,0.352317
564.421,-266.258,6.03094,0.351884
665.822,256.378,6.18763,0.351008
587.169,255.378,6.84272,0.348124
405.225,-665.541,6.64697,0.347009
559.563,-654.207,5.93957,0.34448
-540.416,-673.628,8.00485,0.344465
-264.906,-812.602,9.74577,0.343148
-564.321,376.758,8.47358,0.342369
-771.751,-307.267,8.57663,0.341977
259.97,496.563,5.77766,0.341829
531.813,-431.634,7.44205,0.339743
287.599,879.606,5.62595,0.336763
538.749,-864.356,6.40331,0.336702
-388.857,869.793,7.01747,0.334825
-622.95,-505.545,5.91594,0.334084
-462.27,-824.911,6.20562,0.330462
760.913,-493.547,6.47421,0.330372
-24.0006,-733.927,7.44801,0.329424
-206.234,859.507,6.88907,0.327006
728.389,356.255,6.3496,0.322802
531.607,396.44,7.10403,0.321045
553.29,119.949,6.09017,0.318202
527.325,845.874,6.63009,0.317588
-630.864,-574.151,8.42554,0.317418
636.386,-789.907,7.64216,0.316879
-285.199,-473.734,5.88154,0.313821
324.811,684.067,6.37281,0.312046
586.003,770.054,6.71216,0.31159
65.9322,-729.111,9.50531,0.310672
-124.525,718.965,5.6546,0.308095
-492.183,-39.7876,8.52528,0.307123
-477.331,-108.038,6.59763,0.306848
475.723,747.705,8.3265,0.300184
534.641,677.923,6.61465,0.299204
297.825,-695.648,6.14364,0.298586
276.857,718.179,8.42724,0.298225
-760.293,219.024,6.00999,0.296103
822.135,-368.424,6.91663,0.292989
-802.905,806.741,6.22899,0.29123
517.3,761.299,8.15769,0.28644
757.136,-235.047,6.49187,0.285565
-801.835,230.458,7.12576,0.282535
519.567,890.935,6.03201,0.281728
820.272,335.443,5.86506,0.28129
648.897,-41.0499,6.1353,0.278165
669.262,-544.861,5.63899,0.277716
890.117,235.884,7.5676,0.277049
695.768,-932.995,7.61692,0.275589
335.349,-839.377,6.1892,0.273058
-794.276,-372.505,9.18761,0.269873
541.486,-731.927,5.63648,0.269615
502.025,-47.8494,7.09506,0.268829
569.876,486.438,7.7765,0.268521
825.938,561.402,8.34472,0.264622
-123.307,-623.047,7.15078,0.264614
699.613,-905.747,6.0537,0.26318
716.639,384.461,7.53395,0.263177
-860.467,-856.743,6.85561,0.262873
720.276,870.392,5.879,0.262218
-316.799,946.156,7.0785,0.26134
934.003,-469.786,9.64207,0.25999
185.732,-847.663,6.20832,0.259927
-310.391,-513.693,6.51339,0.259284
940.519,685.277,6.75992,0.25768
745.49,807.353,6.13631,0.257448
442.103,786.298,6.56245,0.255156
828.398,721.301,6.15696,0.254769
746.018,641.673,8.09173,0.251429
781.736,146.643,7.12306,0.249719
339.098,-871.566,7.22006,0.248751
900.482,-448.294,6.30493,0.244466
673.495,429.455,6.58612,0.243442
-668.956,-544.37,7.05131,0.239623
-436.363,641.36,8.25263,0.238472
762.132,-357.395,7.14469,0.23821
-591.583,384.967,5.98079,0.238128
650.488,668.634,8.8853,0.237925
-218.315,-614.185,7.56722,0.237332
-864.454,-15.8781,9.06054,0.236276
171.815,-589.143,6.93273,0.23538
527.016,764.713,6.37357,0.235281
-685.165,327.107,7.07359,0.232991
909.619,435.832,8.09002,0.232916
95.2935,588.803,6.19946,0.232377
616.349,-923.591,6.3697,0.228685
921.57,-228.204,6.16672,0.228088
683.304,271.997,8.11726,0.226186
645.886,-446.746,7.65984,0.225499
501.953,864.613,8.01313,0.223769
-11.0838,739.627,6.36099,0.222019
-279.787,-768.715,6.25415,0.22197
287.944,-840.05,5.78758,0.220312
854.905,-551.871,8.3417,0.219635
10.5454,-486.102,6.14862,0.218824
-727.146,-251.394,6.49706,0.218456
949.625,905.006,8.15483,0.217529
-717.588,198.079,6.51057,0.216026
385.429,680.824,6.71424,0.215048
-587.817,712.066,6.32381,0.21473
-637.988,-516.76,6.31904,0.214706
638.936,-528.098,7.48071,0.214584
-849.432,-358.505,8.21843,0.214182
-268.635,-835.204,6.74313,0.213293
62.3681,925.273,6.65848,0.211007
-712.371,352.071,6.88147,0.209744
613.87,677.858,6.42398,0.209576
149.049,914.566,5.86416,0.20921
615.216,146.271,8.4462,0.209131
-849.364,-460.747,9.59904,0.209098
592.903,-663.359,8.01966,0.209079
-165.839,-913.862,8.74947,0.207645
776.232,316.935,7.57875,0.205344
-45.2809,-851.752,9.54694,0.205109
-249.68,-801.971,6.45186,0.203179
-877.567,768.721,7.89559,0.203031
-335.547,740.21,7.4793,0.200059
618.403,48.3932,7.26902,0.199647
28.1812,-687.608,7.24604,0.198331
-384.651,-817.941,9.42573,0.197688
-265.611,-607.205,6.57096,0.195723
-936.062,834.086,6.39959,0.193471
631.81,-795.978,9.06747,0.19039
-781.765,-386.642,8.02294,0.189561
474.786,400.369,8.92982,0.188946
337.582,813.055,9.75276,0.188114
-490.337,-849.389,9.56617,0.185317
-436.656,-880.582,6.95311,0.184262
-882.212,137.391,7.57569,0.182192
609.118,157.341,6.22369,0.18204
826.812,154.275,8.87722,0.18156
780.143,-933.738,6.4194,0.180537
-647.613,-942.645,6.45928,0.18003
-218.945,-740.48,7.63333,0.174851
-867.486,139.674,9.98142,0.172166
-918.276,-271.205,7.55245,0.170077
-638.41,358.754,9.41048,0.169339
511.57,-607.005,6.28571,0.168874
-736.364,603.562,7.83808,0.166785
-60.8145,-870.972,7.82883,0.165669
866.441,-657.48,5.84099,0.165021
-612.328,-266.036,9.27013,0.162397
-888.208,-908.107,8.62535,0.159606
921.165,325.495,9.51534,0.159395
-913.65,912.456,6.36458,0.158047
-196.5,945.723,6.74386,0.157459
-683.707,829.374,6.02205,0.157455
763.388,-359.04,7.12318,0.155727
-553.504,-25.9163,5.74669,0.152133
-514.077,722.595,6.9387,0.149005
-563.612,-670.226,8.17268,0.148943
-588.357,-702.188,7.34381,0.145564
-877.149,300.38,5.97431,0.144572
-813.247,170.213,6.86746,0.143941
-747.434,-701.735,6.1177,0.143426
345.08,674.691,9.29848,0.141444
-837.961,-579.263,7.98464,0.140982
342.513,819.7,7.04366,0.140437
738.922,-542.758,6.01802,0.139009
396.247,-682.692,7.03005,0.138969
-681.758,821.748,8.89556,0.138765
668.17,-572.325,9.47241,0.137597
-519.256,793.372,6.01562,0.130711
-646.353,-465.721,8.82726,0.128536
-641.452,727.784,8.19332,0.12837
-625.553,290.003,7.64812,0.128133
845.79,-712.761,9.44312,0.127692
-473.41,1.98629,6.03119,0.126669
-832.3,-939.337,7.51048,0.124688
8.06093,685.724,6.88598,0.124126
-695.285,-890.12,6.72649,0.119705
608.483,-526.527,9.73931,0.117796
426.183,781.598,6.64027,0.115672
-29.2592,-722.495,8.03005,0.112371
-921.134,800.024,8.09833,0.111946
-836.203,-435.403,7.59817,0.108707
860.395,715.284,9.11926,0.105062
-292.343,-729.277,8.72624,0.103011
-699.276,-285.565,8.80512,0.101601
-833.449,-846.488,6.89906,0.101326
-872.801,-13.1909,6.20903,0.100431
-772.998,930.144,6.21823,0.099288
-841.512,-888.299,9.28459,0.098743
-700.834,-398.463,6.04037,0.0983858
836.95,-556.379,6.93552,0.0971288
-795.542,560.699,6.64777,0.0957875
-696.983,-516.517,5.6484,0.0951304
166.181,-618.158,5.95878,0.0944596
-595.638,263.847,9.31308,0.094188
-407.347,669.158,6.20769,0.0939939
732.319,-864.729,8.32928,0.092599
566.813,-515.771,9.21098,0.0904932
105.144,478.15,5.92189,0.0881456
-433.944,628.774,6.15549,0.087723
-595.751,-114.113,6.54066,0.0871112
876.541,-774.87,5.91358,0.0841444
-334.991,702.42,7.3879,0.0817836
-929.979,-844.514,5.99185,0.0788841
-312.848,682.115,8.76276,0.0777814
724.323,485.063,6.59733,0.0764925
720.457,-429.446,6.31702,0.0736263
536.739,309.495,5.72564,0.0735571
-495.952,-929.747,9.16113,0.068347
-118.58,-722.248,8.48464,0.0678971
-732.471,700.334,9.09173,0.0667258
658.342,-214.522,7.48406,0.0656753
503.878,429.185,5.91379,0.0646939
-753.811,-91.0464,7.82123,0.0641942
-827.117,-124.565,7.51644,0.0639683
-778.93,-471.902,8.28817,0.0636864
743.966,-819.311,5.75003,0.0615334
751.131,215.122,8.09873,0.0587276
-878.876,419.098,7.00653,0.05793
-866.692,673.069,6.39302,0.0577872
-275.768,614.217,6.56811,0.0548816
884.485,-577.354,7.4088,0.0540805
-537.361,578.279,7.55783,0.0535004
504.168,28.1961,5.84815,0.0523949
-833.113,702.851,7.96317,0.0523715
-765.571,-138.479,5.86843,0.0508626
-696.517,285.812,8.60126,0.0485097
-577.447,706.622,7.54057,0.0467142
745.566,13.4954,5.94304,0.0449472
509.939,-107.62,8.46801,0.039564
-558.428,945.119,8.45051,0.0363432
-695.66,690.691,7.9409,0.0360643
94.3274,651.715,7.55124,0.0355638
-721.872,342.19,5.69565,0.0350788
-114.541,-671.832,9.07781,0.0327859
723.623,-47.8711,5.75158,0.0323344
284.216,651.325,6.26384,0.0306456
-305.186,860.069,6.22514,0.0289644
-131.418,630.349,6.36846,0.0286033
-349.42,-812.474,5.97805,0.0264368
500.41,-418.421,6.9882,0.0240337
777.181,-347.507,6.82479,0.023097
-632.254,222.966,7.85166,0.0216876
-796.64,188.406,7.99736,0.0202258
818.279,40.7766,6.06166,0.019655
2.62489,-573.05,5.79033,0.0185969
-639.26,163.711,7.17121,0.0160779
344.952,-625.332,6.23406,0.0155616
-516.517,64.7524,5.80743,0.0152856
-729.985,-194.155,8.12746,0.0128652
-425.909,788.31,6.01233,0.0122998
902.684,440.018,7.05498,0.0108262
-375.266,-784.864,6.87812,0.0106569
554.616,203.262,6.143,0.00707735
-665.531,-134.067,7.82748,0.0064425
-702.837,451.991,6.58081,0.00618426
786.09,701.765,6.85047,0.00407005
-548.837,298.928,8.18041,0.00148433
