PosX,PosY,Diameter,Age
86.7229,150.049,123.224,87.8504
333.781,-159.122,78.8379,74.8601
-255.278,143.415,60.1529,55.2022
-366.294,-307.205,61.2137,55.0774
-124.686,270.905,54.729,50.4344
-206.641,-35.8674,64.158,48.8035
-87.2771,-401.248,54.1189,48.7787
317.365,-126.681,59.6368,47.2529
417.969,250.682,49.4014,42.79
-11.5006,-313.998,79.8616,41.7445
-302.343,115.81,40.871,40.4513
278.693,246.872,60.5686,39.736
-217.867,223.49,39.2239,38.6934
-124.335,158.198,39.0171,37.9488
-49.0511,-181.504,38.7844,37.6851
-176.712,-88.8715,41.0021,37.5742
60.2901,13.0298,57.0594,35.3644
-342.813,254.459,43.9261,34.7717
352.217,-97.3273,46.6281,34.359
21.6985,-174.75,43.9444,33.6396
-50.9208,-232.207,32.9652,32.7478
47.3495,-116.988,44.9758,32.575
-94.5076,319.041,55.2108,32.4409
226.176,-260.969,114.277,32.0223
13.1024,-76.5303,38.6404,31.9443
309.337,-37.8009,31.9395,31.5105
-22.781,-252.246,31.1298,30.8654
5.89882,-376.04,37.5627,30.625
98.8894,-172.257,33.4537,30.2487
-17.4658,236.617,38.9671,30.2145
194.134,-411.776,36.9085,29.5524
256.357,-14.5481,39.4254,29.1797
-109.158,121.19,56.3066,29.0462
58.1673,-371.697,43.8009,29.0349
344.602,325.613,39.4621,28.9851
-59.6416,334.935,36.1139,27.6387
-375.134,149.387,28.1623,26.7439
292.141,-396.528,33.3664,26.3855
405.079,27.2286,36.0381,26.1168
116.91,390.407,43.5743,26.1076
-255.524,-212.033,48.7589,25.9524
196.047,-316.267,37.5921,25.8822
-263.92,3.19557,26.8582,25.839
402.583,-112.724,29.3134,25.5548
-181.218,5.48765,47.9299,25.4853
-319.376,-299.268,37.0871,24.7762
337.622,221.864,34.9545,24.7486
306.025,382.814,37.3653,24.5162
-295.976,-425.589,41.2543,24.4889
426.581,-369.852,33.2796,24.3494
62.4011,119.371,30.4228,24.1203
366.241,-438.586,25.6619,23.6854
372.838,306.152,24.5994,23.6674
31.5931,-80.4783,35.8392,23.3995
-338.565,58.538,27.5971,23.2117
-430.436,354.478,31.5424,22.5354
216.573,30.1509,44.196,22.5171
11.4725,252.361,25.9592,22.4873
-182.374,320.506,24.3781,22.3695
66.774,-319.152,31.6316,22.333
-333.776,327.334,52.6295,22.2706
255.929,179.954,23.8175,22.2139
-429.909,-126.909,28.8186,22.1634
154.138,-369.171,41.259,22.0557
55.4031,-231.095,76.1074,21.8065
-89.9306,-382.151,33.7369,21.7876
2.78331,-313.076,34.9069,21.785
-103.2,213.095,24.0464,21.7292
-261.459,-367.079,31.6637,21.4349
-14.3748,109.801,22.2095,21.3664
407.571,3.7039,22.9656,21.189
-442.629,5.4383,21.9042,21.0867
-69.2778,411.187,24.0777,21.0339
-269.724,249.5,21.5048,20.9234
-171.29,-361.29,35.6469,20.6901
-221.309,-159.062,33.4226,20.6074
-361.536,86.7087,26.3221,20.4887
-38.6021,70.2185,42.2492,20.3979
-399.515,230.913,21.0929,20.3463
-142.429,27.6503,21.9395,20.2558
105.522,-404.959,24.1317,20.2312
371.276,314.456,26.5433,20.1424
114.509,-146.345,25.1682,19.9077
-311.075,196.736,33.1291,19.7258
-235.09,0.762718,20.4925,19.6819
238.133,119.759,20.3268,19.5689
300.203,-6.23047,24.7867,19.5521
-233.44,-125.547,21.909,19.5346
-124.725,-401.504,37.3453,19.3682
-273.082,-217.687,47.5781,19.3541
236.904,358.493,64.3866,19.353
223.52,-193.274,19.6727,19.257
286.49,67.082,41.6116,19.2063
384.12,-288.728,36.9388,19.1424
-94.0888,-85.9687,22.0856,19.0803
-252.171,282.053,26.5097,18.9104
270.776,-28.4437,28.3067,18.8527
-156.505,272.491,20.8775,18.8507
16.752,-271.196,80.8302,18.7954
401.177,-224.978,21.5298,18.7863
-362.773,296.317,18.8399,18.7797
-356.996,-42.5222,33.5742,18.7185
-318.389,191.474,23.8859,18.7082
-64.789,292.28,19.1291,18.5763
68.5366,-9.25772,18.554,18.5322
-287.15,340.09,22.2001,18.5203
171.723,-223.932,23.5106,18.5186
186.401,-182.831,23.4932,18.473
415.266,-226.188,19.1342,18.4465
-330.231,-72.1739,27.9438,18.3977
-258.442,-23.7945,21.9874,18.3774
-126.897,405.668,24.1156,18.3658
342.08,35.5742,18.5556,18.3491
-92.0748,179.141,18.7061,18.3402
164.281,52.3164,21.7045,18.2674
63.3399,-227.256,21.456,18.241
161.935,83.8336,30.8795,18.1957
-147.318,92.8089,48.8537,18.1949
308.142,257.039,34.7189,18.1543
-174.909,225.746,24.1243,18.0588
414.247,-19.7462,18.3932,17.9982
35.0537,176.176,21.8207,17.9555
89.5125,450.581,18.2883,17.7544
-128.743,182.132,20.0874,17.7482
-217.623,-395.113,18.1485,17.7315
282.602,-265.234,64.1844,17.7259
-182.132,377.251,18.8431,17.7175
280.213,-224.386,19.6127,17.6981
-322.899,259.569,26.0339,17.6369
95.643,70.9852,18.2585,17.5924
247.31,-316.378,22.6931,17.431
270.918,324.21,29.1467,17.3788
-0.645741,390.762,25.3909,17.3619
191.289,-223.142,19.2055,17.3229
-245.966,-51.0355,18.9516,17.3218
-240.804,-240.405,32.6587,17.2877
-372.232,-179.267,22.4318,17.2047
-323.964,184.481,21.2229,17.164
273.488,-316.518,19.8828,17.1582
-292.046,-386.445,19.0006,17.1103
373.724,-347.995,18.0056,17.0952
-3.40902,-303.169,21.6114,17.0706
-15.2824,41.1737,19.3847,17.051
-52.6493,178.954,17.5817,17.0488
-344.461,107.678,19.6888,17.0242
-402.896,-108.84,20.1479,16.8983
-20.8982,-130.562,42.4898,16.8943
344.014,140.697,21.2675,16.869
378.912,-399.059,20.7764,16.8603
-269.109,72.9937,42.9255,16.8596
64.5157,210.795,20.4325,16.7358
-202.29,-401.026,18.013,16.735
37.7069,-191.294,31.7891,16.7049
-33.4152,-337.847,22.0043,16.6901
-8.94962,410.723,20.106,16.6248
-38.3358,-39.1274,17.0516,16.5892
-293.218,-375.131,22.4263,16.5626
407.719,-441.971,17.4074,16.4876
136.987,-249.088,19.5321,16.4698
173.846,-250.279,25.9445,16.4195
69.5446,-448.245,21.4569,16.3828
246.725,72.4689,17.275,16.2782
-211.527,71.5099,17.6783,16.2255
-126.123,291.616,21.5185,16.1549
-271.632,-361.595,17.2063,16.1137
-255.816,-114.553,27.9162,16.1057
-77.2482,11.5816,22.1398,16.0626
311.806,-392.575,28.3793,16.059
295.225,274.162,18.0482,16.055
-348.392,-155.35,17.9657,16.0464
-130.147,-257.365,21.5814,16.038
270.477,21.4395,16.4243,15.9977
314.016,-114.371,30.9119,15.8789
33.9463,-97.4129,24.9142,15.8626
-106.01,271.626,22.7591,15.854
-45.7858,197.276,16.6951,15.8464
402.655,37.2219,22.4919,15.843
334.784,-132.363,16.7078,15.8317
-234.902,-251.858,18.8808,15.7686
-253.521,-208.841,21.3495,15.7655
157.672,-393.259,20.7338,15.7618
413.361,-53.9958,23.1024,15.711
-80.6149,113.702,18.6085,15.6976
65.295,405.58,22.3568,15.6934
-194.905,-238.222,17.2638,15.6713
-203.328,436.71,19.2849,15.6121
-244.156,359.722,17.1263,15.5639
242.756,156.746,29.981,15.5461
-41.202,411.795,15.791,15.5202
-377.165,375.305,20.6658,15.4555
-220.035,164.7,16.6096,15.4304
287.13,193.64,15.8914,15.3719
-448.896,-438.961,20.1507,15.3681
163.942,-140.352,19.4101,15.352
152.64,-356.948,25.2596,15.3408
-69.7358,305.269,15.2847,15.2526
-255.202,-322.543,35.0921,15.2159
20.6366,-14.2999,25.26,15.1703
-45.5327,-352.224,20.9498,15.1696
384.196,-151.629,16.6831,15.1564
292.015,110.706,18.1504,15.0753
348.64,152.499,19.8211,15.0237
-153.004,339.638,30.456,14.9393
-423.582,96.1773,18.4202,14.9256
-289.735,439.157,15.2036,14.8731
-421.475,279.785,21.8057,14.7992
-24.2266,389.213,15.7869,14.796
-26.5925,330.788,15.3107,14.7276
213.278,-372.786,15.863,14.7216
191.536,190.886,15.3442,14.6428
-290.05,257.258,16.6725,14.636
-107.411,-109.345,18.2654,14.5806
20.8819,330.212,29.2223,14.5759
-443.385,-45.0441,14.7687,14.5722
385.886,-420.824,15.6787,14.5327
-340.026,60.6265,15.0872,14.5324
-313.909,40.863,14.7136,14.4842
410.089,-317.404,32.6728,14.4732
-441.649,74.7827,19.5758,14.4706
-49.4278,312.316,17.0435,14.4259
306.381,35.7559,15.7162,14.3909
-243.411,-432.127,19.6032,14.3902
419.191,82.211,24.2331,14.3741
-386.667,18.0859,15.0479,14.369
-388.334,72.4785,18.4248,14.3587
25.6499,147.802,15.7856,14.3415
393.128,105.639,15.7619,14.311
-294.641,-416.9,18.3618,14.3093
-218.242,-131.323,15.7005,14.2988
176.579,-181.115,22.6206,14.2586
-284.433,-124.842,14.3803,14.2526
-272.893,5.49404,17.3739,14.2152
-215.187,92.9082,25.3248,14.1978
14.4658,-93.7836,24.2334,14.1421
-50.5683,-38.2706,16.2324,14.1294
35.0126,-143.441,15.3374,14.1219
-98.3093,93.0746,37.2185,14.1196
-90.3501,-382.218,27.1891,14.1137
-89.3007,348.946,15.2184,14.0641
28.7908,369.217,19.8813,14.0197
-370.908,-209.534,17.7055,14.006
-259.778,221.554,14.0329,13.9941
433.593,-64.376,15.2349,13.99
-239.519,-276.905,14.3386,13.9861
-327.43,245.44,19.2663,13.9709
41.8829,-196.014,17.7807,13.8723
233.96,347.688,14.0672,13.8664
282.247,-134.113,18.5925,13.8418
68.3945,-232.07,19.4133,13.8184
88.5057,165.655,13.9841,13.8015
164.992,447.649,14.4802,13.7843
-219.887,-120.264,14.3077,13.772
-99.3165,263.64,16.3051,13.7627
-380.102,-446.689,17.8492,13.7582
218.09,-204.638,13.8533,13.7243
166.955,13.0251,15.8599,13.7206
82.6345,375.917,13.7186,13.6909
416.654,136.785,15.8484,13.6808
320.027,284.982,19.7565,13.6391
-262.714,299.093,17.366,13.6343
-67.4497,23.0944,15.9738,13.6285
-424.351,375.515,19.3041,13.6188
-135.489,206.142,13.8181,13.6187
-423.227,-343.218,14.529,13.5953
204.674,-451.994,16.5243,13.5857
326.538,82.3398,15.1142,13.5703
-332.323,430.523,16.77,13.5548
-302.215,458.85,14.526,13.5473
-35.8995,-71.2122,16.7772,13.5296
-375.476,295.207,18.8637,13.4175
-25.6321,144.027,22.0941,13.414
36.2314,263.907,14.6783,13.4081
-57.3018,-23.7971,22.6422,13.3168
-32.2437,-283.859,18.2655,13.3165
281.078,56.9855,16.1965,13.3074
-124.227,-155.711,14.4658,13.2952
-310.524,240.669,15.7772,13.2899
-236.585,290.666,13.7313,13.239
112.598,162.511,13.3431,13.2168
7.39393,-328.195,24.3517,13.1884
-431.304,-372.066,14.2177,13.1723
-378.197,38.1333,13.3941,13.1584
-337.51,179.655,13.4953,13.154
-303.79,188.632,24.1402,13.142
-10.6401,-237.297,32.4382,13.128
-257.691,-456.618,18.1967,13.0832
166.32,-4.60848,23.3476,13.0808
-203.119,-121.32,19.4377,13.0784
292.127,-187.735,20.2322,13.0223
-287.813,402.515,19.7933,12.9555
55.922,179.118,17.89,12.9435
-177.962,373.577,13.7845,12.9346
-9.91846,-223.897,15.8229,12.9304
117.3,-413.581,18.593,12.9158
365.738,427.558,14.5803,12.9057
180.416,324.326,16.5734,12.901
353.238,428.072,14.8551,12.8976
-142.024,-40.1328,44.052,12.8739
418.593,0.0813154,13.9489,12.8695
-125.901,460.108,13.2821,12.8601
410.209,-345.074,19.1007,12.8542
-443.778,100.308,12.9952,12.8466
241.077,-107.793,20.7137,12.8359
242.214,250.397,17.3879,12.8293
91.0757,73.3256,33.6589,12.8012
27.7814,-307.715,14.4434,12.7722
-81.0947,114.452,13.2937,12.7609
221.079,377.8,13.8727,12.7491
138.24,347.216,20.6237,12.7304
-359.028,-332.836,13.5922,12.7295
108.029,-6.8514,16.4109,12.7127
-262.431,345.985,19.2892,12.7063
-200.835,79.3055,16.7683,12.7056
-377.223,422.629,15.7567,12.7004
-4.5949,43.869,14.3713,12.6979
-446.949,29.0414,17.0366,12.6919
310.904,-150.441,19.1149,12.6026
16.3468,-79.0449,20.5998,12.6007
350.229,-61.0229,14.9671,12.5912
-208.714,215.254,13.083,12.5835
-364.302,232.615,14.51,12.5732
335.712,-38.6644,13.7661,12.5539
350.649,87.2353,12.7945,12.5447
18.1428,385.003,12.6294,12.5392
-77.3397,-159.186,43.0442,12.4896
-43.4226,322.308,12.4976,12.4892
173.458,-186.892,17.9042,12.4876
-96.7508,-449.399,17.7259,12.4834
26.2879,60.9544,22.3469,12.4756
85.6613,-150.49,13.6218,12.4724
372.771,-199.425,21.3718,12.4375
231.51,213.679,12.6998,12.4032
345.332,-316.863,22.6693,12.3937
116.215,-349.275,22.1071,12.3897
153.163,92.1211,17.6898,12.3849
-6.00678,91.2943,12.712,12.3844
-344.443,-309.284,14.8909,12.364
-430.234,-154.938,13.0781,12.3522
-129.666,184.261,38.294,12.3507
-159.937,314.837,14.802,12.3496
-357.716,-124.89,21.5665,12.3377
-231.834,-253.373,15.5924,12.3343
-226.237,-424.511,42.3049,12.3173
-150.684,248.666,13.6957,12.3102
27.6154,-281.473,12.594,12.295
-395.705,-243.244,20.9668,12.2802
-181.729,-404.515,13.3798,12.2677
-427.196,-460.933,14.6994,12.2504
-121.915,-423.531,13.6724,12.2488
62.6574,263.847,13.091,12.2483
-204.701,388.957,14.7641,12.2435
157.045,126.901,12.4547,12.2418
-42.2178,310.828,13.3394,12.2307
277.01,-242.497,15.78,12.2207
-182.494,-248.218,13.2404,12.2176
343.419,-172.522,12.2887,12.2016
-188.51,-165.559,20.4129,12.166
-335.397,-156.663,14.144,12.1562
241.9,-308.54,14.3613,12.1532
-427.18,-310.815,17.0715,12.1396
387.337,293.261,14.5771,12.1277
-408.321,-235.572,12.3731,12.1235
297.149,32.1309,14.7289,12.1022
268.801,172.134,12.5849,12.0994
194.689,88.0996,17.3113,12.0964
144.556,210.43,14.5589,12.0921
127.695,-433.24,21.8646,12.088
-458.706,151.141,12.476,12.0873
-75.7451,105.716,12.2497,12.0741
-369.107,-50.462,22.2478,12.0733
214.689,391.841,15.7345,12.0611
219.297,-388.201,13.4948,12.0538
150.296,305.186,43.2109,12.049
-368.325,40.5577,14.3835,12.0458
-321.426,-51.3698,13.342,12.0448
382.106,74.2727,20.7547,12.0347
330.809,201.464,17.4698,12.0231
-44.4923,431.085,12.998,12.0196
104.215,-205.877,13.7637,12.0144
275.549,-451.47,16.4575,12.0059
395.985,363.144,13.3931,12.0045
-270.332,122.039,19.0276,12.0025
124.321,108.534,13.1674,11.9571
446.755,-426.27,14.4606,11.9533
141.403,162.444,13.6709,11.9473
-137.184,340.149,12.2894,11.9167
58.6779,128.65,13.9158,11.9082
110.793,30.4778,11.9811,11.9078
38.3499,456.313,11.9035,11.8858
158.971,79.6877,16.2484,11.8561
53.1545,-156.295,13.9753,11.8537
59.5772,159.141,19.5991,11.8451
387.863,-311.652,12.0721,11.8386
-116.193,-56.7807,12.2496,11.8296
96.5083,-228.137,19.271,11.8201
283.784,-326.047,12.2182,11.8193
-197.298,-280.279,12.0219,11.8182
-155.973,-425.49,13.7314,11.8134
-420.403,127.185,12.83,11.8101
1.26909,-302.266,15.4807,11.8088
402.275,-104.805,12.8417,11.78
444.961,-91.8821,15.4131,11.7683
-404.045,71.2873,12.6774,11.762
244.409,453.858,12.2992,11.7565
-67.1169,125.023,14.2091,11.7545
119.327,282.593,23.6505,11.7539
33.2638,-98.3994,18.1489,11.7458
-165.351,-414.548,13.5259,11.7446
181.416,264.468,12.6394,11.7252
387.815,-14.1072,11.7201,11.7131
-313.144,-369.725,30.5647,11.7098
248.897,212.557,19.472,11.7074
65.253,336.297,14.6424,11.6831
-350.162,117.743,14.6384,11.6761
-22.3308,-247.895,16.1941,11.6718
-267.06,176.198,12.3387,11.6506
402.732,237.678,29.766,11.6479
-438.564,52.3386,12.5721,11.6457
199.658,-340.352,17.2671,11.645
163.441,-175.747,16.5561,11.6425
174.98,-37.4965,13.4234,11.6396
281.181,436.763,11.837,11.634
183.688,-210.242,17.7944,11.6326
3.36212,-232.203,16.1592,11.6181
420.434,-336.241,11.7799,11.613
-153.029,-117.513,22.4719,11.6128
-114.13,104.056,16.6642,11.6083
161.159,-309.306,11.9898,11.6016
446.061,-253.784,16.4751,11.5945
313.929,390.709,12.3213,11.5877
42.5983,-370.556,12.1687,11.5735
406.752,62.5783,12.8818,11.5588
-300.484,-3.53023,15.1994,11.5583
225.603,38.2608,11.7472,11.5528
3.59859,304.914,13.273,11.5434
-397.854,133.152,18.36,11.5401
-20.3979,-221.802,13.7278,11.5309
-372.828,387.126,14.3769,11.5208
49.6283,376.141,15.2543,11.5051
174.665,-32.946,11.8184,11.5001
-427.376,-384.565,16.0243,11.4907
-53.8476,-278.231,15.672,11.4904
-312.555,-372.261,13.9979,11.4896
251.224,-102.813,14.7127,11.4754
0.557413,-408.384,22.8066,11.4746
198.306,-195.222,12.1392,11.4674
301.966,-150.54,16.6048,11.4645
-342.018,99.2397,11.903,11.4633
203.733,91.7974,12.5421,11.4515
-124.43,110.914,13.6466,11.4359
-292.926,261.102,11.6954,11.4305
-375.155,-351.951,16.5807,11.4263
344.992,428.208,11.7478,11.4196
-216.514,310.939,30.8261,11.4102
212.035,-128.201,14.2828,11.4058
-202.136,-376.832,13.5768,11.3981
-82.2007,314.337,15.1096,11.3927
-303.771,-26.789,11.9954,11.3899
-32.9617,-4.53558,18.605,11.3716
368.36,-140.867,11.6445,11.3657
81.5392,-247.536,31.8722,11.3571
-263.295,-198.741,13.0126,11.3492
68.8008,412.071,12.8561,11.3466
290.792,-211.547,15.9116,11.3414
-95.6556,-435.506,17.2341,11.3359
-413.053,221.825,26.4668,11.3356
-443.864,-11.4776,11.4597,11.3344
-0.594703,-292.64,13.0276,11.3287
-113.64,-376.417,15.2807,11.3276
-442.689,272.823,12.7247,11.3269
-77.1479,-260.121,12.3294,11.3113
-147.811,-7.33214,11.424,11.2988
-87.0873,-228.518,23.3743,11.2978
-449.406,197.166,11.5157,11.297
263.576,428.129,17.0315,11.2964
340.982,421.114,11.3278,11.2921
-49.6754,-436.472,12.805,11.2875
444.167,-307.11,11.5881,11.275
-27.4508,-299.601,11.4035,11.2701
-178.623,-135.657,11.8484,11.2696
-327.309,6.6872,14.3569,11.2594
-453.225,411.899,14.869,11.2593
359.179,425.829,16.1357,11.2587
-82.5284,-442.9,11.7389,11.2543
355.921,-310.981,18.5008,11.2494
92.8644,-103.27,11.395,11.2404
269.456,42.0365,14.3254,11.2311
354.454,97.2702,11.3985,11.231
83.0276,309.934,24.5033,11.2307
-387.601,-353.302,13.3035,11.2271
-172.613,-257.01,11.2285,11.2149
-177.518,-441.813,15.5878,11.2129
233.369,407.598,12.3369,11.2041
262.444,-68.2083,14.705,11.2017
-280.197,461.72,12.2475,11.1896
151.273,25.4414,15.0806,11.183
42.7088,314.465,15.1453,11.1799
-82.8557,238.29,11.7952,11.1793
324.674,345.965,21.8766,11.1785
336.128,79.9775,22.2571,11.1778
-9.93656,-335.156,11.4187,11.1766
-141.963,194.809,12.7701,11.1741
407.201,-244.769,14.0839,11.1722
-202.533,-352.648,11.1936,11.1694
-105.896,-170.835,11.1727,11.1636
164.96,-289.647,22.8924,11.1613
-298.12,-205.404,15.3481,11.1499
-389.382,461.227,12.099,11.1422
335.167,307.558,17.6551,11.141
179.985,232.315,14.9283,11.1389
30.9149,323.274,25.296,11.1366
-5.23931,214.32,11.3898,11.1254
315.503,461.993,11.1429,11.1118
136.839,402.17,12.212,11.1061
1.47357,264.463,11.9792,11.1012
-294.446,160.882,12.2436,11.0917
-90.9076,168.463,87.0001,11.0916
252.16,126.224,11.0953,11.0822
421.258,-378.11,11.2607,11.0813
-407.189,86.6748,12.5947,11.0767
-118.812,-444.433,11.8324,11.0747
168.483,-176.881,12.4529,11.0656
-376.823,-416.858,11.544,11.0611
-429.663,-206.868,11.7987,11.0609
-224.508,129.785,13.4684,11.0581
368.313,-47.815,12.461,11.0501
395.038,210.155,12.8796,11.0384
-449.076,-366.51,14.8912,11.0355
40.1192,36.954,11.1505,11.0341
-236.713,-294.947,11.3212,11.0297
296.546,-65.7115,11.5086,11.0267
3.08573,-285.648,11.0543,11.0247
-164.096,208.522,12.765,11.0168
280.469,-80.0198,11.1305,11.0072
150.498,-291.415,13.879,11.0024
-356.224,244.012,15.1226,10.9945
-306.999,-361.395,11.2009,10.9921
319.633,-106.713,15.2951,10.9848
-161.289,303.803,11.6232,10.9793
241.16,260.9,11.1475,10.9776
318.822,-392.472,13.6998,10.9716
-409.835,386.774,12.2845,10.9663
-461.562,221.907,12.5405,10.9661
213.738,20.3773,14.5252,10.963
39.7628,-440.529,13.2206,10.9504
-45.8048,63.6182,14.3041,10.9495
-274.393,-135.272,12.8565,10.9342
302.128,-138.204,11.9947,10.9307
-103.862,-425.797,11.6095,10.9258
348.226,179.318,11.014,10.9246
121.755,207.59,13.5357,10.9193
191.026,-184.859,11.154,10.9166
-368.58,-93.4943,11.1763,10.9095
352.964,131.384,26.5765,10.9071
-389.862,-258.552,12.5923,10.9064
-59.4541,1.58464,11.0097,10.9061
295.172,338.672,12.663,10.9012
-24.1901,148.861,11.0212,10.8856
-417.596,-312.514,11.0361,10.8811
1.27225,-395.93,11.1044,10.8578
109.084,300.713,16.2054,10.8549
454.057,-199.124,12.7382,10.8455
-387.946,77.9455,16.6993,10.8434
221.438,-249.497,10.9154,10.8391
-313.078,-46.0079,11.5512,10.8388
-352.101,-430.757,13.7842,10.8379
-270.305,-81.7468,20.5607,10.8322
308.593,424.816,31.4357,10.8294
216.312,-208.214,12.3716,10.8239
177.211,438.846,10.9193,10.8201
100.555,-310.712,10.8188,10.8175
72.7509,357.459,11.2283,10.8027
445.293,-200.787,11.5698,10.7989
-233.269,-147.453,12.0513,10.798
122.327,135.561,11.0818,10.7928
156.808,-246.854,10.9083,10.792
-395.283,-226.294,31.5099,10.7871
308.386,-160.24,11.3187,10.7851
-222.459,-392.706,10.7864,10.7847
-123.45,230.081,11.8838,10.7843
-458.674,344.788,10.8063,10.782
264.446,-425.675,10.8722,10.781
-290.002,228.845,16.2019,10.7804
-393.793,-236.325,11.0917,10.7722
-238.213,-102.476,19.7136,10.772
361.005,167.297,12.1305,10.7711
284.339,-104.899,11.0918,10.7668
315.458,-182.756,13.4082,10.7642
-367.224,-95.8532,11.225,10.7637
379.07,-184.235,13.194,10.7619
319.099,369.018,11.3246,10.7588
229.64,327.302,11.1396,10.7577
-449.221,153.925,12.1526,10.755
357.506,-221.462,24.6757,10.7505
52.3294,348.469,25.8627,10.7488
-264.524,261.45,17.6771,10.7475
-169.746,-25.6737,11.3207,10.746
350.444,339.086,10.7591,10.7455
-34.2174,36.219,10.859,10.7444
-356.279,-146.764,10.8723,10.7433
-136.968,-308.503,18.7991,10.7386
316.602,-311.611,16.3767,10.7384
-317.398,-129.533,10.9884,10.7379
276.854,72.4574,12.0115,10.726
177.941,-66.3503,10.8017,10.7235
329.631,-194.132,10.8386,10.7187
-224.25,90.3809,12.3396,10.7174
-155.326,323.883,10.7343,10.7133
-230.449,-291.402,13.8387,10.7133
247.298,309.771,11.0657,10.7073
-44.3459,-29.9068,10.7807,10.7016
-135.817,277.313,10.8539,10.6996
422.912,81.0426,11.0409,10.6968
-159.718,-220.189,11.0579,10.6946
-453.525,-168.87,11.1274,10.6852
-13.4078,392.688,10.8778,10.6788
42.2427,40.5598,11.342,10.6747
98.7893,-380,11.1815,10.6719
-96.5766,-55.5764,10.9621,10.6695
118.769,261.511,11.1335,10.6572
333.662,-338.931,11.0533,10.6539
343.197,-254.518,15.5338,10.6519
220.533,-329.368,13.1124,10.6507
456.615,-14.2205,10.6509,10.6418
-372.392,100.859,11.3616,10.6414
-197.708,221.879,15.6273,10.6379
221.425,73.7231,10.9818,10.629
269.995,-171.438,11.2868,10.6252
-153.236,-173.042,16.4355,10.6236
-144.309,191.881,14.5917,10.6051
-31.7921,62.667,10.7861,10.6026
-323.536,-159.807,11.6867,10.5986
-1.54785,339.132,11.8473,10.5972
-336.459,446.058,11.0097,10.5891
399.229,-265.553,10.9341,10.5803
-113.162,-49.1243,12.8499,10.5761
418.225,47.2456,10.9393,10.5744
361.537,-397.737,14.1977,10.5637
315.983,-432.82,10.62,10.559
-288.874,238.577,10.6689,10.5545
137.729,-299.093,10.6261,10.5542
-432.711,-359.356,11.0849,10.5492
-107.549,-446.927,10.7433,10.5474
392.296,-273.549,10.6838,10.5464
386.281,113.571,10.9141,10.5462
-238.585,-207.543,14.736,10.5453
-319.802,368.322,10.6199,10.5439
-27.0989,387.07,11.2599,10.5436
-297.131,-349.291,10.6998,10.5349
143.085,-285.402,10.928,10.5337
151.817,261.962,11.0477,10.5333
398.828,-38.8907,11.3912,10.5267
334.167,-119.885,12.15,10.5257
-290.039,-401.232,14.0098,10.5203
56.5037,-251.642,10.8983,10.5147
-451.657,385.344,17.0137,10.5112
333.36,302.153,11.1625,10.5105
226.261,-335.749,12.1694,10.5092
377.795,437.435,10.7383,10.508
358.482,-437.546,10.9277,10.5067
344.772,-128.097,10.9254,10.5031
-213.104,192.046,11.302,10.4952
-315.899,242.765,10.7299,10.4908
384.588,79.2832,10.6624,10.4823
45.6589,-5.19636,10.6081,10.4797
143.8,-79.6654,18.35,10.4787
-61.8953,-186.156,17.0248,10.4755
321.619,364.083,16.7488,10.4712
216.148,-24.6492,15.4658,10.4664
347.12,-366.631,10.7755,10.4659
375.163,277.292,10.5122,10.4656
157.345,316.216,11.7242,10.4627
-298.145,-340.78,10.9472,10.4623
310.314,253.128,12.4042,10.4583
389.572,-401.819,10.7064,10.4581
-135.11,-133.346,20.4965,10.4579
-355.624,-368.793,10.6291,10.4546
-78.94,-61.9685,10.8938,10.4525
-229.702,-149.192,10.7769,10.4524
85.3381,161.595,14.5876,10.4501
190.828,122.122,10.9076,10.4431
-119.137,-134.8,10.7887,10.4415
229.213,-434.714,10.4777,10.4374
-324.785,-143.967,11.7387,10.4323
84.3633,73.9511,25.3138,10.432
28.9131,-84.7549,11.0431,10.4283
326.591,158.19,10.7034,10.4281
122.173,427.376,15.2153,10.4278
181.276,80.2784,10.5412,10.4272
372.312,-83.5437,10.8907,10.4247
440.208,395.308,10.4722,10.4218
-414.625,-367.443,13.5108,10.4197
171.701,-33.2714,12.9257,10.4153
392.6,-157.311,18.3737,10.4119
179.922,-351.452,10.9462,10.4021
-20.9836,-369.615,12.5313,10.3971
-366.354,21.8963,10.6511,10.3929
26.3076,289.404,10.488,10.3793
23.6902,-73.2175,10.8707,10.3749
-128.784,-438.275,10.6797,10.3739
-57.8093,272.59,10.6364,10.3737
157.869,-444.841,11.8799,10.3717
-72.3883,431.252,10.5449,10.3705
-453.077,421.226,14.0847,10.369
263.213,391.381,18.7469,10.3635
-199.368,448.891,11.1393,10.3615
-233.737,398.454,10.3632,10.3569
381.165,327.645,11.6023,10.3564
-126.611,-59.1981,11.4286,10.3555
211.079,-13.7176,10.5336,10.3541
452.399,-404.187,12.6303,10.3481
-271.757,-328.567,11.0129,10.3469
-271.3,-270.778,10.469,10.3406
-321.377,264.031,10.931,10.3391
-58.0089,61.3857,10.7417,10.3365
326.974,302.766,14.5524,10.3339
89.6386,234.058,10.7982,10.3334
249.991,-29.9277,20.9179,10.3279
266.47,-29.8732,10.5287,10.3248
42.8008,-200.047,10.6747,10.319
150.656,464.827,11.7893,10.3177
136.592,-124.221,10.3703,10.3175
189.432,399.903,12.0959,10.3172
263.791,-187.984,10.6181,10.3124
-143.072,48.0251,15.7931,10.31
223.207,418.717,14.1863,10.3093
-400.238,148.618,10.534,10.3089
408.426,-96.8102,10.5766,10.3081
328.125,-70.84,10.4638,10.3078
-20.5222,129.012,42.6873,10.3028
-212.353,-164.726,11.5263,10.3005
-376.37,-435.675,10.9404,10.2999
-446.692,183.445,10.7105,10.2935
402.349,-39.1243,12.095,10.2859
-415.67,357.81,10.2881,10.2842
-151.715,187.973,11.6338,10.2811
-154.266,-116.728,10.3404,10.2782
21.737,458.369,10.7736,10.2721
-28.5022,23.2138,10.5884,10.2715
-312.42,458.688,10.7675,10.271
-236.184,-32.1097,10.4075,10.2649
-200.874,429.867,10.9957,10.2647
347.646,-31.4678,10.7877,10.2584
-417.39,-308.601,12.6238,10.2538
27.0728,-236.256,10.5909,10.245
-126.039,-64.0179,10.394,10.2444
187.779,96.4072,12.9036,10.2424
208.31,361.632,11.9982,10.2411
-105.246,-410.902,10.5417,10.2382
131.299,-71.2483,10.6375,10.238
39.3874,201.936,10.5245,10.238
301.822,-275.841,10.256,10.2378
-382.238,200.946,10.3281,10.2282
361.536,-376.16,10.7443,10.2263
6.26472,373.086,18.5782,10.2239
-336.829,-282.005,10.9505,10.2184
147.022,120.392,10.4066,10.215
-192.446,316.999,10.431,10.2085
-455.222,-247.407,10.3545,10.2081
-298.466,-247.544,10.653,10.2055
-185.915,16.0496,15.5039,10.2022
-276.871,-371.229,11.6503,10.2022
-51.8875,172.507,10.6047,10.2021
72.0571,-151.298,11.3123,10.2014
341.231,319.452,10.4221,10.1998
420.962,-424.233,10.7593,10.1963
-46.5718,228.87,10.3472,10.1928
-112.954,198.58,11.4551,10.1909
67.7715,197.827,10.3699,10.1889
335.769,215.949,10.8274,10.1869
364.793,126.861,10.3122,10.1849
-171.584,-80.4065,18.1706,10.1835
-1.92081,-328.689,10.3339,10.1816
77.495,426.188,11.7806,10.1813
438.315,169.824,10.5598,10.1811
22.6154,130.768,10.6452,10.1793
-61.3537,337.351,10.5311,10.1762
311.005,251.262,10.2632,10.1762
178.35,371.198,10.1862,10.1755
43.4412,-267.925,10.7828,10.175
113.123,-361.193,10.5317,10.1748
60.9768,362.431,10.3038,10.1724
282.868,158.7,10.4013,10.1715
-129.726,30.6405,10.239,10.1673
382.501,387.969,10.4665,10.167
-236.028,-414.145,10.9521,10.1659
13.1488,-210.681,10.9406,10.1644
-76.7378,106.21,10.5776,10.1644
261.668,-246.212,10.2204,10.1613
146.613,-105.946,10.2722,10.1595
234.999,138.658,11.5536,10.159
-356.508,-454.917,10.3504,10.1588
228.348,398.983,10.8685,10.1575
-14.4525,142.166,10.4768,10.1572
363.876,465.997,10.5084,10.1516
-236.142,289.254,10.2444,10.149
-418.88,-174.809,10.7418,10.147
205.897,20.2549,11.0952,10.1465
157.062,53.6698,10.4237,10.1462
156.901,46.6368,10.6205,10.145
-394.699,-363.158,11.0289,10.1435
-304.925,-256.162,11.0778,10.1433
210.385,-40.7962,10.6409,10.143
-248.485,346.839,11.7669,10.1419
453.232,-431.401,10.1447,10.1409
441.235,179.326,12.8889,10.1392
327.726,166.317,10.2322,10.139
78.8379,-420.051,10.8711,10.1389
-120.692,277.172,10.3837,10.137
-365.705,-196.174,10.4706,10.1361
166.335,-413.649,10.2332,10.135
147.24,-197.226,13.7246,10.1342
456.094,-54.3289,10.3226,10.1307
-310.404,48.7753,14.6208,10.1291
-416.038,460.947,10.3715,10.1244
-192.74,-239.219,18.996,10.1231
-312.782,130.415,11.8687,10.1227
68.9248,-276.658,10.335,10.1137
165.585,-233.489,11.1351,10.1116
4.82912,269.707,10.88,10.1101
0.897111,396.414,15.0246,10.1098
440.657,-21.9789,10.446,10.109
229.029,-236.339,10.4889,10.1049
-225.759,-215.188,12.9921,10.1031
-257.174,334.488,13.3937,10.1025
-402.284,213.27,10.1308,10.1006
-339.784,-442.422,10.4668,10.1005
-149.691,69.869,10.1193,10.0992
-0.309582,220.369,10.1444,10.0957
264.755,-269.989,19.1727,10.0949
345.477,322.618,10.4018,10.0912
-423.794,-143.543,10.1282,10.0898
-458.886,191.373,11.5697,10.0875
-381.389,-135.861,10.0885,10.0867
171.044,-453.6,11.5279,10.0861
78.71,-98.428,16.1239,10.0853
82.6316,-92.9676,11.2008,10.082
256.871,127.03,48.3963,10.0797
-107.026,-107.218,10.2517,10.0786
-252.378,-125.039,16.9069,10.0785
-319.207,-427.508,10.5222,10.0781
21.1226,399.242,10.1961,10.0769
219.585,-204.974,10.1262,10.0747
211.257,347.326,10.9221,10.0745
-276.716,-187.184,11.3773,10.0702
394.724,-96.7682,10.3066,10.068
85.394,289.925,10.1477,10.0654
183.198,168.318,11.5336,10.0651
126.499,-39.1528,10.1889,10.0634
-298.389,-324.189,10.194,10.0629
401.673,109.385,10.1283,10.0618
-282.174,231.044,11.0727,10.0605
79.2357,10.206,10.1564,10.0601
195.096,319.66,10.3241,10.0591
-257.93,-429.436,10.7765,10.0569
108.278,-32.8482,10.1036,10.0547
-466.131,304.787,10.2557,10.0546
194.507,-396.945,10.1342,10.0536
-181.559,101.678,10.3069,10.051
-242.427,-6.38815,10.098,10.0496
-433.684,430.657,10.8319,10.0492
345.647,45.2502,18.3468,10.0487
15.2837,-374.016,11.3464,10.0455
-389.007,423.129,10.1046,10.0451
380.389,-11.9702,11.0911,10.0451
198.825,-345.111,10.3791,10.0437
-203.365,34.1233,10.7322,10.0435
-407.958,-390.711,10.7987,10.0411
74.8239,167.951,10.2281,10.041
-221.366,104.526,10.0839,10.0394
-351.501,454.228,10.3557,10.0388
451.188,193.357,10.6706,10.0377
-244.711,-245.922,10.1498,10.0373
294.343,-433.314,10.3108,10.0357
-90.7678,384.649,10.4395,10.0351
-91.1826,-124.7,10.0807,10.034
-240.985,295.076,10.3391,10.0331
-109.407,53.2633,10.3456,10.0325
250.124,306.275,10.2686,10.0318
191.324,-227.013,16.6562,10.0316
425.907,-23.0999,10.1608,10.029
391.822,394.855,10.7992,10.0287
-222.971,466.733,10.9856,10.0282
-40.2712,-253.586,10.2754,10.0276
160.261,21.4271,10.0257,10.0237
-435.105,-193.714,10.1327,10.0225
-400.505,322.526,10.0366,10.0217
-33.3436,91.3001,10.3948,10.0204
323.541,22.6196,10.0239,10.0201
-373.101,346.41,10.2035,10.0197
397.696,-275.71,10.029,10.0196
-359.049,-309.614,10.9884,10.0181
-363.908,-332.969,11.9496,10.0177
434.182,-105.821,10.0626,10.0176
461.187,206.869,10.7444,10.0155
21.9809,-160.893,19.9607,10.015
353.822,221.68,10.0343,10.0132
-121.061,-298.255,10.7228,10.0125
-410.328,274.249,18.3693,10.0119
50.1571,-45.2705,10.1971,10.0118
-382.558,-395.858,11.1291,10.0054
-278.473,-240.117,11.3478,10.0047
-133.59,-53.0225,10.0199,10.0038
261.985,-50.7567,10.2328,10.0023
-419.302,332.059,10.2533,10.0023
443.709,-442.02,10.0071,10.0012
366.423,367.158,10.0469,10.0011
218.98,-51.6239,12.9582,10.0006
-231.017,63.5289,10.004,10.0003
300.058,158.748,10.035,10.0002
184.005,-285.271,9.87584,9.84975
465.029,410.145,9.90029,9.82118
-228.294,86.002,9.90976,9.67304
-417.225,-439.47,9.47113,9.43259
376.587,-451.284,9.4004,9.3934
158.57,-48.4413,9.46584,9.36984
242.134,368.292,9.99953,9.36049
372.034,282.409,9.76477,9.32283
193.528,-73.3498,9.89141,9.31976
-399.247,-154.836,9.79578,9.29741
-16.0622,-129.404,9.27063,9.1842
192.754,-220.869,9.82282,9.17422
-310.195,-48.5659,9.20485,9.17
64.3043,-363.835,9.92797,9.15449
384.627,441.983,9.61576,9.14319
88.9165,280.462,9.2673,9.11661
-308.494,249.788,9.75125,9.09972
-116.401,-219.536,9.54253,9.04646
-372.212,-210.698,9.7255,9.04631
-265.563,138.318,9.6018,9.02571
210.949,158.369,9.56924,8.93526
30.2251,164.194,9.15211,8.92777
-373.737,322.447,9.26189,8.89071
300.815,201.883,9.03177,8.85814
-172.764,127.301,8.8564,8.83635
-360.555,298.151,8.97487,8.8277
79.6204,158.131,9.79346,8.81751
446.272,-236.627,8.82801,8.79923
-386.901,-259.032,9.19402,8.76066
210.813,442.331,9.03698,8.75975
445.394,-196.628,9.47531,8.75367
-330.883,-393.59,8.73805,8.7327
55.4639,373.945,9.54918,8.72302
164.533,419.458,9.79485,8.70648
-90.5226,-198.268,9.22047,8.7042
-417.362,-221.822,9.57062,8.66431
-375.943,182.925,8.83276,8.65987
-32.7634,-32.077,9.10601,8.63746
-298.774,21.2091,9.63012,8.61423
-368.223,141.334,9.92637,8.60573
-238.615,-93.2477,9.68977,8.59942
302.695,52.9549,9.63868,8.59619
432.56,358.269,9.26849,8.57502
-302.31,65.3138,9.28498,8.55315
320.853,-22.6876,8.59006,8.53693
-409.258,-432.669,9.50045,8.50426
-403.139,-278.565,9.55223,8.49729
427.566,225.88,9.69458,8.48294
-250.742,-322.595,8.43879,8.40747
230.038,438.052,9.5015,8.39922
290.588,28.7226,8.45863,8.38041
-440.286,-46.4215,8.67209,8.36807
96.926,20.9081,9.26863,8.33624
-8.78524,340.106,9.23875,8.32499
56.0865,390.694,9.07413,8.3176
109.329,-362.051,9.93356,8.30726
-447.732,-283.622,9.5466,8.30686
-23.8758,-177.566,8.93488,8.27662
-215.539,14.5302,8.45516,8.27361
-184.888,-309.305,9.92628,8.27197
127.16,310.882,9.64581,8.2473
-261.682,260.441,9.19168,8.24525
244.803,258.691,8.30901,8.22269
330.236,140.442,8.50966,8.21705
374.532,-52.4678,9.41632,8.18757
109.075,-423.338,9.3462,8.16468
-137.881,-422.761,8.33514,8.15985
236.977,124.983,8.86221,8.1472
-68.759,108.65,9.13525,8.13543
-467.412,-369.808,9.40297,8.1209
164.028,9.27159,8.72135,8.10638
-417.426,34.8369,8.68353,8.09837
458.913,297.744,8.62275,8.08892
-325.016,-271.322,9.61066,8.07899
-335.447,341.584,8.5456,8.0764
35.6428,-281.589,8.64212,8.06766
314.505,-90.9322,9.76943,8.05716
-377.778,258.805,8.11949,8.056
-164.79,283.988,8.06848,8.05563
-420.725,-105.05,8.34118,8.04135
11.4257,301.782,8.30384,8.01873
199.685,93.7625,8.95633,7.97736
-387.826,268.431,8.80004,7.95278
294.313,-324.56,8.03298,7.95174
-127.991,-200.578,8.90938,7.95109
202.881,-14.2699,8.77684,7.91026
380.475,274.239,9.55294,7.90798
14.3882,238.374,9.56859,7.90795
459.741,-285.462,8.70164,7.88488
-405.766,351.024,9.45288,7.87749
391.738,-200.492,9.71273,7.87743
-354.571,-72.5437,9.60679,7.87578
-183.037,243.108,9.48382,7.82882
94.4633,183.11,9.80269,7.82547
32.4908,332.761,8.83486,7.82033
-167.999,-104.635,8.27458,7.81785
-381.32,104.379,9.6342,7.78895
324.453,166.334,7.97716,7.78447
-429.244,357.506,9.68605,7.78054
-302.235,290.147,8.80569,7.76244
-191.425,-269.776,8.88693,7.7565
-405.11,-128.778,8.97504,7.75332
209.748,296.349,9.91885,7.74403
141.387,-209.779,9.66036,7.73303
454.55,122.562,8.97186,7.72358
145.148,-228.858,8.46557,7.71888
-334.744,86.9797,9.51792,7.70507
-235.596,-450.284,7.90294,7.69703
-421.92,191.916,7.72699,7.69449
-242.446,37.1874,8.53815,7.69243
-258.447,-425.18,9.37808,7.63948
444.192,-178.317,9.62204,7.63406
-415.376,-177.118,7.82203,7.62166
-463.98,-170.372,8.53261,7.61178
-68.1496,-211.326,9.06887,7.6021
-467.2,385.247,9.8315,7.59109
263.491,126.605,8.44651,7.58778
11.1646,-183.466,8.00607,7.58224
206.624,74.376,9.37403,7.58087
-457.459,20.9463,8.8209,7.57772
-38.3724,158.815,8.69548,7.57381
301.083,-176.675,9.93656,7.55129
-47.836,-450.912,7.71701,7.54451
-312.576,-412.894,9.69368,7.54141
-186.493,288.156,8.10606,7.53879
388.028,-439.948,8.57023,7.52705
-39.0398,-389.655,9.29308,7.52398
223.494,-399.806,7.56947,7.49324
304.438,-88.9584,9.87148,7.48985
-146.852,304.922,8.28823,7.48463
-261.475,169.26,7.47291,7.46813
212.429,-5.03973,8.87248,7.44245
-142.921,464.975,8.81919,7.43057
-163.874,230.535,9.54884,7.40123
-341.527,44.5709,8.13517,7.39683
-71.2773,381.557,9.50869,7.39325
-328.304,18.2085,7.63244,7.38496
416.578,184.198,7.63128,7.35139
189.602,-273.632,7.72038,7.3469
-71.543,393.785,8.81026,7.34358
65.0176,241.243,9.20158,7.34088
-189.84,-311.014,8.66668,7.32664
-120.56,-331.914,9.04613,7.32616
223.933,-64.7491,8.96331,7.31705
424.821,204.041,7.57264,7.30613
-250.843,-23.1329,8.06381,7.30014
-174.419,-355.159,9.08472,7.29021
-53.045,38.4379,7.46605,7.28011
-132.869,217.206,8.77987,7.27216
-382.744,391.595,9.88852,7.26852
-275.12,-296.492,7.8558,7.26104
-50.6225,-70.8366,9.96408,7.24551
112.578,186.674,7.69686,7.24089
-277.854,-21.101,7.47399,7.22115
36.2453,-316.371,9.00145,7.20641
-313.027,26.6829,7.6218,7.20266
415.661,246.053,7.89626,7.20048
68.1796,180.676,8.50411,7.19775
302.765,52.5831,7.70426,7.18448
-375.094,-435.872,7.70632,7.16206
179.226,-154.553,7.31697,7.16201
-117.145,196.283,7.40186,7.15895
-142.666,-289.582,8.06444,7.15839
103.562,285.467,9.09639,7.14931
-375.854,435.415,7.42241,7.14715
-278.186,-3.88182,8.09023,7.14433
-4.11293,-24.793,9.31886,7.14402
447.74,-289.062,9.77682,7.13714
307.017,-146.94,8.32262,7.1088
233.001,-199.347,7.44017,7.10599
422.375,329.015,9.26857,7.09331
382.184,-152.632,7.42277,7.09293
-101.904,-319.824,8.67544,7.08783
-6.81549,-75.407,9.93896,7.07353
331.25,-138.071,7.6265,7.07115
455.185,-375.768,7.45758,7.06551
-101.477,-151.095,9.72737,7.06251
-440.436,300.468,7.96004,7.06221
363.276,-121.465,8.75318,7.03263
441.106,-345.227,7.54438,7.02879
-211.812,18.5013,9.89389,7.01195
359.283,-45.4331,7.33532,6.98606
28.049,-229.981,7.47877,6.9827
23.301,-466.57,7.57306,6.96764
373.929,169.985,9.44875,6.9426
-462.577,230.356,8.76375,6.93959
-164.629,-292.15,7.89757,6.93362
433.912,311.959,7.13226,6.93276
-218.383,-5.81376,9.65946,6.90826
51.0069,-66.8388,9.43714,6.9062
223.523,270.209,8.89605,6.89945
-80.6389,61.7425,9.8028,6.89919
-352.666,-344.577,6.97286,6.8913
-118.468,97.8707,8.44566,6.8598
-54.2551,41.671,7.78071,6.85493
-99.4482,-18.7357,7.77044,6.83982
-94.8811,239.733,9.23922,6.82863
258.564,-281.528,7.78765,6.82494
167.94,349.973,7.05747,6.82489
-201.975,424.882,9.0273,6.822
230.181,-289.305,8.24266,6.81764
-225.582,-343.576,6.85779,6.81023
74.6083,466.596,7.14888,6.80809
-368.48,0.909674,7.45655,6.79207
313.021,-289.448,7.07517,6.78119
-384.553,-252.758,7.99227,6.78093
247.726,-360.625,9.4285,6.7735
-348.006,67.1509,6.8312,6.75949
25.4044,-5.68286,8.21982,6.73048
-371.321,-61.5588,7.86344,6.72745
-264.703,-297.631,7.50259,6.72207
22.9146,-269.994,7.50149,6.71675
42.6388,-331.675,6.92143,6.70396
-80.5298,91.8532,7.82663,6.70198
-95.3076,-322.741,8.25527,6.69939
394.192,84.0666,9.48892,6.67298
191.008,-340.233,7.7068,6.66023
385.212,-244.739,9.88923,6.65375
-293.693,-97.4627,6.77982,6.64472
-158.826,347.367,8.04267,6.6325
-69.206,-383.447,8.01622,6.62408
450.882,94.4209,9.2881,6.61901
76.567,158.095,9.25213,6.61713
-401.782,290.925,9.86455,6.56556
-396.826,182.519,8.42878,6.56157
-391.853,-115.351,7.95474,6.5605
-423.692,-276.186,6.75043,6.55882
-167.928,366.867,9.52892,6.54334
250.913,282.609,8.28907,6.53574
-327.827,-67.5472,6.83075,6.53495
-301.604,-38.5595,7.42462,6.50109
419.84,-378.483,7.29245,6.48925
78.4812,-404.483,7.08581,6.48492
-40.7344,-430.287,8.72575,6.47771
-420.548,286.747,8.53453,6.4768
-137.445,340.67,7.48239,6.45332
9.51066,-230.225,8.96293,6.44729
-205.747,-416.784,6.59297,6.42232
-106.349,-108.891,6.7438,6.41829
375.082,-460.948,7.85276,6.40631
447.891,38.284,9.37832,6.40574
-303.454,-279.95,7.33482,6.40566
227.492,-375.405,8.98293,6.39601
378.827,245.033,9.17906,6.38938
182.257,-455.522,6.8305,6.38803
-358.238,227.951,7.31171,6.38777
-132.943,-403.071,9.82624,6.38747
-55.4934,209.635,7.99627,6.37879
-32.863,341.998,9.75116,6.3761
138.726,-468.39,6.62807,6.37023
18.389,-262.597,6.48836,6.37017
26.1884,-75.6866,7.41464,6.36768
-12.2944,210.063,8.12402,6.34618
-53.7434,-238.761,8.34995,6.34587
-64.8826,-384.478,8.51123,6.34565
-397.599,324.414,6.80018,6.33587
-162.127,324.533,7.86523,6.334
216.234,-343.752,7.73063,6.3325
432.1,328.243,7.27741,6.33249
-10.2717,372.767,6.84815,6.3288
-72.8335,264.264,7.41527,6.32722
-3.96509,193.992,7.53884,6.32163
-441.566,420.336,7.01867,6.31936
224.67,216.061,8.39426,6.31918
-340.208,15.8983,8.36372,6.31531
-274.899,-231.064,7.30773,6.31459
-373.274,-127.712,8.84067,6.30676
255.111,447.78,7.21903,6.30105
214.723,-396.663,6.56998,6.29652
-225.201,232.172,6.38015,6.28736
-409.57,77.0153,7.21835,6.28437
83.1675,147.298,6.28597,6.26851
-202.873,-160.054,6.85475,6.26788
457.819,459.842,7.73459,6.26488
260.683,-265.559,8.3243,6.25781
176.02,-260.792,8.20922,6.25767
-250.869,-439.214,7.13393,6.25422
-167.389,462.176,7.92526,6.25416
-16.9679,-87.5667,9.19401,6.25349
-353.156,38.0776,8.48027,6.23885
-386.23,379.163,7.57883,6.23474
463.901,-199.544,7.37594,6.22489
333.453,-224.941,7.39687,6.22268
-279.707,354.815,6.73989,6.21629
39.4773,-276.678,7.15802,6.21461
-257.869,-264.222,6.63067,6.21035
-116.17,-148.35,7.84872,6.20813
-126.682,205.457,8.74378,6.20336
-315.326,-382.587,6.20388,6.17778
-131.255,-131.097,8.9864,6.16927
-402.869,44.9171,6.48837,6.16808
443.652,-347.872,6.44686,6.1675
-314.39,-245.208,7.89854,6.1663
34.144,381.033,6.85842,6.1626
-303.674,235.991,8.7026,6.15933
207.13,-302.382,9.15915,6.15874
238.241,-264.863,6.15959,6.15067
387.245,326.379,7.76508,6.14615
444.207,-298,6.85116,6.14593
1.31118,-352.149,8.43686,6.1409
-412.349,236.114,7.36778,6.13011
-411.753,-297.985,6.57694,6.12732
358.202,-291.273,7.82898,6.12667
-344.524,383.743,8.46127,6.1201
262.978,-394.286,7.98582,6.11165
434.552,452.831,6.59219,6.10344
-196.956,328.208,8.50254,6.09804
129.146,327.36,6.78738,6.09588
461.024,-332.349,7.20392,6.091
400.293,-471.345,7.13998,6.09094
-178.219,414.501,9.43257,6.09009
16.1858,-130.433,7.35704,6.08787
-447.359,-107.716,6.81161,6.07887
-288.549,199.131,6.25196,6.07631
90.4242,276.448,9.54234,6.07205
-458.98,-190.452,8.45245,6.07128
261.134,444.627,7.57751,6.06713
-78.9737,320.782,6.71552,6.05525
-195.445,-259.152,9.94231,6.05034
-155.667,326.32,6.11406,6.03772
151.993,-91.8321,6.7312,6.03317
383.496,-428.412,6.04807,6.02834
-221.415,446.679,8.42969,6.02801
10.5228,-110.144,9.45735,6.02019
97.6555,-86.8599,6.11764,6.01708
94.1615,-425.485,6.12766,6.0157
-64.6225,-138.208,7.88828,6.00974
254.022,-398.562,6.50416,6.00768
5.50846,434.571,8.39685,6.00249
-313.565,36.099,9.20013,6.00118
-317.121,422.359,8.39594,5.99906
465.084,45.422,6.28503,5.99764
-393.082,144.727,6.1106,5.99482
53.5627,189.47,7.29248,5.9922
433.784,-184.833,6.91818,5.97285
248.306,48.3984,8.74794,5.97079
-21.569,-362.729,7.28075,5.9692
-452.526,-207.985,6.53026,5.94705
-434.328,-182.803,8.73257,5.94142
-392.602,-110.684,6.135,5.94032
-140.966,295.356,6.3137,5.93991
-106.247,-261.148,8.54384,5.93706
-86.6706,-415.16,6.94943,5.92831
48.71,77.4041,6.05835,5.92564
153.712,236.901,8.87384,5.92396
197.481,340.87,7.5185,5.92159
147.562,-24.8867,6.09736,5.91143
-416.648,206.212,8.61477,5.91094
93.1411,-180.612,5.92078,5.90778
-84.7379,421.722,6.11443,5.90662
-195.826,127.985,7.71139,5.90627
281.413,432.816,6.20189,5.90235
-103.72,99.427,7.84497,5.90207
-340.865,-175.199,8.31644,5.90027
-109.194,307.042,5.90288,5.89927
-447.403,192.057,7.29063,5.89125
-415.691,343.145,7.0684,5.88959
-296.771,-448.188,7.45348,5.88665
133.514,-263.57,7.20078,5.88569
-407.445,-71.4966,7.32155,5.88429
-282.861,349.032,8.28186,5.88247
-351.973,153.293,7.14988,5.87924
-237.698,53.6179,7.03635,5.87176
-115.389,371.52,6.04927,5.87091
454.664,-452.549,6.47397,5.86557
-27.3528,206.927,7.60668,5.86058
-53.2312,442.269,9.38004,5.85992
130.93,-134.514,7.72588,5.85821
191.858,-288.385,6.67519,5.85278
-79.3148,-30.1622,6.75993,5.84747
263.166,187.14,5.93858,5.84082
-82.6154,354.707,6.82092,5.83658
-152.99,-242.355,6.05344,5.83627
402.391,272.459,5.93052,5.83208
253.804,260.262,6.75936,5.82041
59.0174,-216.575,6.03465,5.81847
316.338,200.845,5.89943,5.81619
238.159,-86.1701,6.84643,5.81327
-148.218,-136.662,9.80178,5.80926
-136.971,364.078,5.996,5.80616
-134.393,-99.011,7.04648,5.80604
-49.7235,221.984,8.05209,5.80536
384.629,-428.237,7.26647,5.80362
402.906,-182.057,7.03275,5.79793
458.026,206.918,5.88885,5.79764
-23.7035,-395.876,8.81797,5.79713
400.132,-118.288,8.86441,5.78927
-30.1817,-349.101,5.89301,5.78645
176.194,452.827,6.68264,5.78631
149.701,26.0649,8.5739,5.78285
-113.13,-102.398,6.01336,5.77778
-141.703,-185.384,7.21804,5.77439
319.866,-0.27815,6.95727,5.77278
45.0667,410.54,9.33411,5.77101
187.801,-149.891,7.36866,5.76377
-27.5815,-96.503,6.2965,5.76213
278.014,100.8,6.6955,5.7501
-215.47,-134.982,5.86945,5.73695
-98.8208,-439.232,6.68388,5.73368
348.05,-93.2126,7.23357,5.73339
168.44,13.2853,8.69991,5.73086
-253.17,-350.662,6.80107,5.73028
-141.01,180.013,6.43622,5.72886
-325.084,133.041,7.73075,5.72452
-1.86276,176.925,6.19532,5.72391
-392.025,68.9249,6.78446,5.71527
304.043,-376.597,8.28894,5.71453
106.858,23.8009,6.54246,5.70511
-276.216,384.125,6.45476,5.70437
-15.2585,151.003,6.13691,5.70163
-293.647,-401.905,6.55457,5.70063
93.455,191.069,8.53216,5.69712
334.715,-219.405,6.53239,5.68939
294.058,152.618,6.01506,5.68467
299.584,273.196,6.039,5.68032
7.73185,44.0636,6.62022,5.66987
-202.226,107.252,6.80575,5.66373
-205.469,-310.188,7.948,5.66204
432.4,-48.0981,6.58505,5.65235
-120.088,-78.984,9.48785,5.65083
-95.7468,150.334,6.33097,5.65082
375.037,357.16,6.8916,5.64989
-419.033,43.2744,6.06226,5.64949
105.582,16.3909,6.50839,5.64303
-104.885,436.485,8.78043,5.64044
-411.047,-93.2008,6.34538,5.63361
38.0318,-34.5778,6.94896,5.6288
-237.98,-182.864,6.24629,5.62567
-127.988,-436.542,7.52434,5.61888
-27.4583,82.3912,6.69299,5.61809
377.002,252.294,5.97715,5.61608
-38.3707,142.114,6.08376,5.61442
-14.4509,442.837,6.2212,5.61258
425.013,407.246,6.58747,5.60763
-432.197,113.542,6.13744,5.60552
-469.829,73.8002,6.73225,5.60257
228.116,-165.374,7.11856,5.58117
58.9504,-217.375,9.60762,5.57699
-95.103,-431.956,6.76863,5.57624
84.7123,190.756,5.61524,5.57331
-264.858,-65.5209,6.71751,5.5701
249.406,93.5072,7.02551,5.56966
213.298,225.897,7.94208,5.5683
409.968,-71.5059,7.6082,5.56637
333.701,-185.032,6.13005,5.56299
-299.337,-236.993,5.74712,5.56283
-76.7792,188.635,6.85325,5.55816
340.316,96.558,6.44856,5.55678
-147.295,-112.681,7.25101,5.55648
-361.329,-32.8384,6.76868,5.55076
-424.192,-397.881,5.71247,5.54884
395.102,-229.488,5.58923,5.53641
-282.726,159.314,8.06228,5.52605
411.92,392.832,8.67933,5.52599
423.927,70.3942,6.64042,5.52426
-244.73,-146.976,6.72898,5.52123
-204.862,-103.302,8.81424,5.51909
34.0058,-59.894,7.68905,5.50695
87.3195,-185.658,6.41428,5.50694
-389.367,-320.273,9.02283,5.5047
-95.4689,-326.878,9.94525,5.50438
253.261,38.9712,6.03674,5.49698
383.075,190.519,5.56371,5.49683
-230.812,-430.435,5.78507,5.49505
-429.116,-150.067,8.12577,5.48948
-52.2934,-163.148,5.57543,5.4869
-354.778,-471.377,5.49573,5.48287
-207.589,355.706,7.42637,5.47924
36.1708,-278.346,6.58709,5.47289
-28.4261,346.442,7.29967,5.47234
-229.287,-43.6311,6.30208,5.46958
292.026,-284.155,6.22344,5.46764
-276.571,56.1384,7.35816,5.4658
-190.372,-34.7967,6.75275,5.4655
-217.244,59.9087,6.26041,5.46541
387.518,405.826,6.23796,5.46398
310.879,-192.152,8.41632,5.46211
-8.58484,353.991,5.49035,5.46036
-209.298,341.896,5.62236,5.4556
22.4231,463.747,7.6174,5.45513
-441.442,-444.608,6.27349,5.45479
-103.829,400.837,5.94037,5.44864
432.611,430.074,5.96051,5.44841
140.497,356.163,7.65786,5.44336
339.748,-56.3735,5.4996,5.44243
250.134,376.52,6.80765,5.44072
-371.123,-61.8312,6.66955,5.44037
227.183,262.07,6.45335,5.43576
309.83,23.9947,8.02277,5.43543
276.35,-311.785,8.16993,5.43272
205.375,-23.8185,6.62658,5.43106
250.238,-327.548,5.94736,5.4305
191.213,-356.591,9.98109,5.42881
-325.218,364.663,9.97008,5.42517
230.471,-467.472,6.32801,5.42345
441.241,-284.328,6.82993,5.41451
-349.994,205.89,6.52522,5.40546
358.108,398.685,5.7881,5.40466
352.042,274.274,5.50911,5.40003
-164.513,196.744,8.13635,5.39536
-12.5981,142.661,5.7301,5.39517
62.3825,-32.7507,9.10736,5.3929
-117.016,364.415,5.77526,5.39288
249.822,-347.371,5.80276,5.39016
210.25,-373.715,7.18274,5.38803
110.547,-445.24,6.27839,5.38129
146.97,108.941,7.83727,5.38011
344.749,-429.116,6.5995,5.37935
-252.936,40.7541,6.00552,5.37873
239.027,-32.6544,6.58979,5.37545
-10.3201,141.235,5.41318,5.36735
159.538,155.267,5.55902,5.36587
136.604,25.9308,7.09471,5.35332
404.776,-30.1046,9.74446,5.35137
-43.3775,-49.9619,5.83077,5.34957
-147.975,-341.08,6.92287,5.34952
291.835,178.281,6.20284,5.34932
-68.3125,78.4522,8.77125,5.34471
97.8091,145.916,7.24972,5.34267
-115.166,441.842,5.42307,5.34213
224.791,22.1599,8.5888,5.34041
321.817,-347.25,5.84578,5.33223
320.284,32.1284,6.38083,5.32378
90.0116,-248.13,6.87363,5.32004
-420.971,-24.6887,5.45008,5.31874
-303.575,-307.432,6.197,5.31836
-198.234,56.051,5.63029,5.3149
-215.409,376.185,5.39132,5.31332
-59.636,-271.233,6.54452,5.31191
-417.602,57.0159,6.46078,5.31187
-130.627,337.727,7.12205,5.30881
302.104,465.764,5.5276,5.30693
434.151,453.53,5.41741,5.30602
98.44,-374.041,6.15624,5.30513
104.864,-51.1328,8.28683,5.30171
386.322,-20.4472,6.03986,5.29981
119.696,-39.2538,9.65195,5.29867
243.405,-443.058,5.35311,5.29723
-260.962,-183.706,7.46348,5.2961
390.057,263.196,5.4779,5.29445
-274.315,162.539,6.62491,5.28978
209.783,219.962,7.50709,5.28588
-155.194,164.189,9.5557,5.28238
189.707,227.67,5.64145,5.27956
-50.9147,311.984,5.79649,5.27445
-447.035,-381.346,8.29114,5.27161
134.511,-95.7867,5.46249,5.26907
440.723,208.232,5.47523,5.26823
-262.458,8.49434,5.60756,5.26785
32.7421,319.461,5.43702,5.2596
-55.9863,-242.166,6.66348,5.25767
317.071,-202.627,5.35727,5.25682
-12.1642,-190.513,5.62689,5.2521
-49.7532,52.716,7.3978,5.25204
-112.592,-350.643,5.29718,5.24228
-108.471,326.15,5.64019,5.241
-339.657,371.941,5.36651,5.23889
416.592,-91.0842,9.32999,5.2314
196.869,-375.856,5.81608,5.22986
201.016,-229.216,5.24127,5.22657
179.793,-75.7654,5.32967,5.22559
189.746,-335.833,8.18581,5.22149
397.978,22.5688,6.39046,5.22118
-168.315,-302.753,7.36239,5.2182
-93.4769,-349.62,5.87521,5.21461
-298.639,-159.106,9.15742,5.21281
289.137,-129.914,7.77876,5.21087
202.634,239.237,6.13815,5.20695
27.4161,299.368,5.54616,5.20415
-356.864,235.365,6.4903,5.19855
412.563,65.2118,7.75183,5.198
118.812,132.066,8.42155,5.1972
-433.241,-250.377,5.46288,5.19541
209.867,-71.5816,8.5028,5.19476
-455.128,345.769,7.25831,5.19152
143.409,-23.5125,5.53988,5.18556
-33.5346,243.268,7.05432,5.18342
-322.126,184.957,6.72084,5.17934
398.123,-347.437,8.68504,5.17781
-15.0919,39.8106,5.46608,5.17769
-377.554,178.351,5.72435,5.17736
308.53,-57.291,6.6806,5.175
93.8379,-360.327,6.88036,5.1745
-191.712,-268.677,5.84758,5.17251
291.103,-165.357,6.62501,5.16814
66.9661,-297.244,5.74894,5.16466
-468.57,-347.484,6.13725,5.16355
375.61,-189.567,7.72981,5.16341
410.095,36.9409,8.14094,5.16341
-285.718,433.173,9.21576,5.15882
290.336,23.087,5.77642,5.15785
-159.572,226.791,6.35999,5.15482
166.089,173.195,8.26884,5.15319
290.023,13.572,5.30597,5.15226
139.684,-93.0923,5.70751,5.14958
-201.019,411.341,10.0009,5.14728
444.855,209.151,9.1228,5.14591
378.986,128.533,5.20449,5.14451
-185.294,-6.30416,5.57592,5.14339
-459.422,-169.992,6.89426,5.14287
-162.278,132.036,8.65177,5.14069
21.8467,-435.437,7.40576,5.13175
-51.4308,-91.2709,5.26424,5.1276
-418.716,212.473,9.16828,5.12618
-204.595,70.2088,6.26853,5.12614
-206.832,-409.58,5.1298,5.12585
-350.036,-314.263,7.0681,5.12155
395.123,-248.164,5.33174,5.12061
61.7344,292.536,5.57124,5.1204
-163.809,-278.293,7.76339,5.11863
-232.085,-360.213,9.00971,5.11824
-465.357,300.465,5.3597,5.11349
-326.253,329.068,6.63467,5.11125
352.247,313.257,5.48811,5.10994
290.758,185.526,8.95578,5.10757
-25.9468,-410.353,5.21612,5.10507
-144.795,-408.723,5.73702,5.10448
-436.4,-103.31,6.60322,5.10424
144.226,-181.345,5.23041,5.10357
134.154,341.814,6.87592,5.10125
36.8969,231.945,5.1237,5.09854
-232.212,-303.229,7.02471,5.09591
25.8522,50.2961,5.82113,5.09588
19.6876,198.07,6.35462,5.09458
-179.38,-158.822,5.21876,5.08933
382.117,-214.487,6.86787,5.08889
-197.524,-387.938,7.63633,5.0887
443.425,229.589,6.10344,5.08672
-134.827,-139.541,7.53094,5.08533
-34.1849,378.362,7.47298,5.08275
-271.179,417.816,5.93309,5.08188
389.067,-173.922,6.97698,5.08135
-353.606,77.6992,5.31471,5.07986
45.8244,-199.203,5.39095,5.07978
-315.107,143.294,7.25165,5.07951
-23.0428,239.594,6.97992,5.07941
422.914,173.427,5.47969,5.07834
-161.145,-147.685,8.78241,5.07661
124.922,22.1793,5.17195,5.0764
243.895,-429.892,8.89264,5.07611
-208.551,-235.668,8.11711,5.07478
-324.428,141.303,5.12832,5.07345
-72.2758,251.631,9.44154,5.06412
-93.688,343.875,5.24254,5.06381
-46.7056,279.335,9.96673,5.06381
181.928,-246.99,5.89543,5.05875
246.806,-137.385,9.05706,5.05328
-427.543,187.784,5.60188,5.0481
-57.355,-446.465,6.04581,5.04333
177.42,298.426,5.21864,5.04143
-168.723,-414.613,5.7632,5.04062
-15.452,185.77,8.24904,5.03679
-396.246,-279.649,5.54849,5.03674
293.216,427.981,6.21376,5.03612
413.113,408.826,5.2734,5.03506
251.983,-290.082,5.43141,5.03269
-305.341,275.742,5.26895,5.02774
324.793,464.448,6.94891,5.02637
-359.752,420.672,8.02383,5.02035
298.551,-155.665,8.22645,5.01538
-279.169,351.247,5.41449,5.01532
-275.356,379.065,8.13824,5.01321
-131.58,315.313,9.03732,5.01212
204.342,211.606,5.20233,5.01208
-85.9756,-297.314,7.20853,5.00919
213.415,-368.747,6.35473,5.00493
-448.909,-288.774,5.4025,5.00248
181.829,-310.04,5.23735,4.99904
258.867,-206.325,5.89173,4.99448
314.073,332.535,7.60122,4.99353
-361.805,133.101,5.10022,4.99078
272.226,-113.049,5.69306,4.98942
-37.357,12.0267,7.35725,4.98939
-248.294,280.104,5.24916,4.98499
262.427,-74.72,7.03888,4.98392
142.018,-321.213,5.58971,4.98089
313.684,-187.15,5.42167,4.98025
132.867,463.312,6.25694,4.97901
-144.947,57.5148,5.06702,4.97832
-197.204,-456.513,9.50953,4.97682
26.3295,-70.5163,6.50504,4.97117
252.312,251.923,5.02757,4.96699
-369.949,-356.706,6.10063,4.9645
-289.901,7.43384,5.9223,4.9631
430.36,-188.706,5.4323,4.9631
1.31878,-310.634,6.66186,4.96091
396.66,423.399,5.09928,4.95843
380.423,-298.901,5.18531,4.95776
144.799,137.053,6.99247,4.95691
222.972,322.252,6.22431,4.94896
46.6028,-406.269,8.26789,4.94845
44.2318,-172.299,5.40996,4.94591
-448.816,393.925,6.87031,4.94529
154.887,-291.875,7.30486,4.94452
-85.6249,13.8044,9.34825,4.94312
0.164889,229.621,7.5916,4.94023
-205.367,194.538,9.98716,4.93984
72.6955,156.007,5.11531,4.93844
190.03,-207.769,9.21325,4.93073
-75.2675,-384.697,4.94771,4.93014
21.6754,-404.823,9.24627,4.92288
367.156,295.211,6.1983,4.91927
-177.606,-186.374,5.29009,4.91783
59.3235,-386.12,6.4496,4.9173
230.01,-239.163,5.19632,4.91638
-429.182,-279.319,5.32988,4.91578
-328.968,-371.983,6.35503,4.91439
340.349,390.153,6.9321,4.91431
-195.207,-73.1588,4.95405,4.9094
279.077,313.32,5.96199,4.90762
389.881,296.625,5.10891,4.90488
-6.12444,374.194,7.04354,4.90252
-49.6784,-259.954,5.47636,4.90238
366.79,232.97,5.2683,4.90234
-377.005,259.178,5.19616,4.901
331.289,419.089,6.08658,4.89867
419.685,-10.31,5.06182,4.89596
121.99,-381.065,9.94117,4.89514
-394.183,400.171,6.57769,4.89109
-224.7,-310.742,6.92753,4.88775
-166.425,-192.601,5.59843,4.88666
298.981,388.028,5.22586,4.88533
208.51,117.524,5.84859,4.88499
-200.626,-451.189,5.14886,4.88498
48.614,-118.639,5.39228,4.88381
-350.854,209.75,4.92705,4.88195
198.787,250.004,8.86947,4.87971
74.4119,384.151,5.13141,4.87798
425.3,-208.777,5.47257,4.87761
211.004,351.31,7.06791,4.87675
18.1002,-149.804,5.19266,4.8758
-420.201,285.517,7.36945,4.87495
-174.846,253.826,5.60125,4.87466
248.968,-269.718,6.08398,4.87299
402.353,-251.158,6.99777,4.86983
280.246,-13.3586,5.13609,4.86629
190.266,-451.587,5.36179,4.86467
357.623,368.925,5.96508,4.86426
-266.197,126.333,6.31197,4.86342
-347.504,386.601,5.36726,4.86298
352.329,-195.855,5.57351,4.86052
244.765,-173.661,7.33517,4.85999
-222.68,338.961,4.91699,4.85998
-140.774,-17.975,9.48769,4.8585
165.584,-226.581,8.43367,4.85716
230.891,72.1024,5.3854,4.85268
-252.238,241.535,6.58328,4.84721
99.6072,-411.675,5.29331,4.84712
-352.071,-159.961,6.03696,4.84637
-206.128,405.783,5.40168,4.84488
-32.1399,269.951,5.19387,4.84112
-57.0317,-126.239,5.4008,4.83819
203.759,240.208,5.46335,4.83725
259.856,388.01,6.50849,4.83453
-8.48038,-54.3903,6.36786,4.83298
159.981,-337.882,5.68862,4.83298
251.53,177.569,5.34938,4.83258
84.028,188.934,5.18618,4.83145
198.244,239.104,4.87924,4.82958
-203.55,-440.521,5.54887,4.82928
-99.0282,91.1226,7.22367,4.82897
132.563,-454.834,6.35611,4.82723
395.114,244.181,5.32213,4.8269
-384.097,-54.5104,5.80536,4.82191
469.832,452.23,7.82555,4.8218
-376.227,261.326,5.16397,4.82068
98.2849,-268.472,5.52842,4.81729
25.7691,-312.485,6.52343,4.81625
-254.952,178.692,5.61235,4.8152
-67.1114,-270.318,5.45233,4.81371
-379.241,47.6497,7.0591,4.81242
301.117,387.566,5.60281,4.81115
-92.4685,146.204,5.03963,4.80702
-143.612,-423.549,9.30711,4.8031
-108.031,-396.072,5.24719,4.80085
321.395,179.316,6.35368,4.79878
44.5082,43.9687,4.91868,4.79486
426.484,29.0398,6.3164,4.79093
120.436,-16.1901,5.18209,4.78812
29.4145,-166.14,9.29108,4.78748
173.008,-432.257,5.50432,4.78522
-385.384,359.089,5.50131,4.78149
193.862,-269.119,8.97217,4.77914
347.115,149.512,5.3269,4.77769
-104.068,464.479,5.25339,4.77708
-239.588,242.748,4.96984,4.77628
352.939,-247.986,5.11861,4.77532
-396.409,-114.434,5.05798,4.77314
293.931,32.3138,6.6455,4.77229
230.389,384.902,6.6681,4.77033
-223.343,-71.0602,4.77303,4.76948
-270.682,367.393,5.15568,4.76745
-418.963,418.677,5.01439,4.76617
168.175,-125.819,4.91717,4.76611
293.944,-401.969,4.97566,4.76465
456.477,196.013,5.70734,4.76334
-44.9537,-55.6569,5.13435,4.76266
-105.812,-282.998,4.94604,4.7506
383.473,-128.362,5.77956,4.74925
417.108,447.991,7.29813,4.74907
-329.866,311.025,5.92307,4.74473
77.4838,90.3745,5.00701,4.74202
429.631,-423.273,5.14014,4.74127
407.855,46.7684,6.45049,4.73724
427.507,-294.311,7.13497,4.73282
99.1912,-323.939,7.86039,4.73095
-71.9407,49.096,9.02351,4.72761
-230.017,-14.6003,7.8811,4.72411
-191.294,-428.479,6.68017,4.72272
116.678,-2.84059,5.39841,4.71927
-84.0603,431.524,5.26685,4.71523
316.709,316.813,6.30768,4.71491
-46.767,-286.736,6.21108,4.71215
-41.9759,308.363,7.05241,4.71175
132.167,-27.1925,4.89916,4.70944
51.7332,378.36,4.8718,4.70862
-296.018,430.124,5.49566,4.70801
-344.812,-264.629,8.41108,4.70575
-467.06,159.315,4.95024,4.70503
416.719,-251.281,8.66489,4.70229
103.846,-431.799,5.64674,4.70202
-109.665,18.4181,5.50397,4.70029
-118.201,-25.131,8.65801,4.69929
224.028,-458.254,8.06507,4.69587
41.2136,232.273,6.03179,4.69296
-387.224,294.922,6.24377,4.69236
23.7863,-12.2964,4.78508,4.68837
-401.419,55.0805,5.40399,4.68723
-82.1287,-159.1,4.97576,4.68655
-249.337,382.138,6.76914,4.6857
212.277,-452.905,8.94529,4.68392
367.686,417.23,4.82352,4.68353
-210.384,-384.992,9.09865,4.68222
-309.61,-471.07,4.86652,4.67966
-76.2809,158.102,4.70146,4.67607
208.032,87.1935,5.12993,4.67574
-57.196,-472.679,5.32454,4.6736
-281.773,35.8486,5.87264,4.67354
-450.126,-182.905,5.28005,4.67142
-17.6575,158.085,5.47817,4.66932
192.707,-198.634,9.92712,4.66304
467.236,59.8653,4.73281,4.66194
123.798,314.341,6.73324,4.66185
452.699,235.823,5.39222,4.6596
-300.512,53.6588,5.00973,4.65947
245.415,-172.93,7.71584,4.65768
104.548,-172.687,5.13137,4.65666
240.303,-448.966,5.39925,4.65641
18.1776,-147.321,9.12947,4.65141
212.129,-308.61,7.4786,4.64845
162.992,-106.044,6.61381,4.64796
132.392,167.837,5.24413,4.64777
-113.652,79.2854,6.22736,4.64562
-466.428,-107.48,7.38164,4.64035
333.37,-130.634,5.35977,4.6393
-416.887,383.564,6.11969,4.63874
417.907,-11.0792,9.07248,4.63203
-295.481,253.061,5.39567,4.63092
435.708,77.0981,8.85339,4.62994
-161.909,337.61,8.1976,4.62661
-40.9318,-79.3288,6.72815,4.62581
164.611,314.019,4.83018,4.62474
-431.13,303.285,5.58406,4.62372
-453.911,-308.64,4.96921,4.62321
4.2062,324.207,4.77423,4.62142
74.2283,56.5014,7.99743,4.61801
-213.671,129.077,7.49425,4.61799
-357.911,260.353,4.87499,4.61569
174.854,385.816,5.36917,4.61496
225.146,-177.533,5.15882,4.61469
-371.293,462.754,8.2879,4.61414
200.671,-201.861,8.81402,4.60912
67.5035,-445.522,6.16951,4.60822
23.3203,94.1964,4.6163,4.60591
-60.1605,-429.661,7.86641,4.60536
302.902,379.31,9.33553,4.60526
-316.071,-403.206,4.82622,4.60501
381.214,-321.882,5.05572,4.60475
166.421,202.182,5.02901,4.60283
-36.0861,434.363,5.11745,4.60266
-33.1953,82.1166,4.72262,4.60231
-296.982,-110.085,9.21956,4.60099
417.399,256.905,6.42041,4.60067
-386.602,-283.67,5.25616,4.59975
447.594,-451.127,4.85376,4.59377
81.6926,262.952,5.75292,4.59231
423.187,313.251,7.60256,4.5921
-435.683,-35.161,4.80867,4.58817
103.69,315.745,6.80583,4.58809
463.228,434.483,4.58743,4.58602
-366.807,175.916,6.45397,4.58524
-456.481,-200.73,5.55726,4.58466
-185.865,425.606,5.8248,4.58122
-281.159,269.038,6.0045,4.57704
-249.317,191.803,5.84278,4.57136
-206.72,-410.157,6.36268,4.56715
284.505,-167.253,4.66402,4.56585
103.893,-56.1335,4.74676,4.56545
-250.905,220.525,4.81265,4.56366
-377.73,155.993,5.50326,4.56029
-39.3379,-123.929,7.12888,4.55998
-405.479,147.986,4.98939,4.55918
-275.614,291.702,4.59683,4.55552
43.882,38.6612,5.10442,4.55538
38.8804,96.2378,7.74729,4.55326
106.904,271.901,4.86942,4.5528
-121.571,209.728,4.67971,4.55013
344.337,9.35046,7.13646,4.54852
34.187,100.206,5.69785,4.54706
146.349,-453.299,5.27701,4.5454
332.125,-266.164,5.52118,4.54373
-241.87,169.474,4.61608,4.54322
284.597,291.187,5.61279,4.54286
220.892,-17.3895,4.68003,4.54266
442.745,-18.3146,9.0507,4.53949
-15.187,-430.74,5.31646,4.53918
-177.625,-43.4821,5.5713,4.53566
80.0036,-108.09,6.56666,4.5345
90.2268,185.609,8.44063,4.5341
-266.72,-66.53,4.88203,4.53145
-460.06,357.837,4.88261,4.53131
252.361,146.638,6.31271,4.53032
-0.613175,360.587,5.2076,4.5287
-255.818,414.727,4.99311,4.52839
78.0003,-448.101,5.51635,4.52827
-464.954,-289.09,5.12527,4.52787
-116.993,-155.354,6.06738,4.52631
-36.6484,-335.932,4.9858,4.52569
-55.6828,360.562,6.09278,4.52556
33.3129,-470.103,5.16694,4.52547
298.414,-107.243,5.17763,4.52227
-393.445,247.885,8.69543,4.52205
309.078,49.4962,4.89966,4.52162
-184.18,469.872,4.82351,4.52129
360.994,-316.144,7.62952,4.52113
442.577,-200.42,5.38762,4.51917
-162.689,-368.145,5.28554,4.51759
245.834,-209.233,5.17413,4.51566
-299.72,111.13,5.10221,4.51022
-328.946,-291.147,4.74963,4.50887
-409.598,-24.6183,5.21597,4.50398
-350.168,-231.874,7.97376,4.50229
-78.2791,206.422,4.85357,4.50226
242.675,130.651,5.51255,4.50168
-433.207,340.576,9.11524,4.50078
-15.2788,-260.772,5.3796,4.50049
-197.441,-313.421,5.86969,4.50013
-13.2851,335.688,4.92837,4.49879
-171.933,263.933,5.92517,4.49857
-131.066,422.963,4.56593,4.49477
467.972,264.518,4.69916,4.49179
-103.831,211.116,4.60726,4.49144
329.793,0.567424,5.0805,4.48863
-93.3782,116.53,5.44045,4.4886
-198.569,440.432,5.9358,4.48784
353.738,264.663,6.11738,4.48572
205.913,-425.066,5.28899,4.48504
371.87,381.487,8.80728,4.48227
-386.265,5.13963,4.66662,4.48203
-328.592,-140.363,7.33836,4.48087
31.6441,271.292,5.54285,4.48025
247.61,-25.6612,4.78143,4.47819
191.12,-118.273,5.03423,4.47656
40.9102,-58.9864,8.18636,4.47566
150.216,6.09935,6.00779,4.47534
-438.587,303.206,7.61752,4.47262
-16.7302,98.6466,7.89401,4.47141
-256.965,-264.042,4.92395,4.47108
-459.251,-420.231,4.99902,4.47058
273.342,-95.4671,5.48259,4.4681
62.331,-49.4373,4.69624,4.46642
130.279,-68.1,7.69697,4.4655
-211.091,-394.348,5.56245,4.46446
-83.6319,-67.7601,5.07925,4.46384
215.246,-122.761,6.30945,4.46338
-398.884,89.1691,5.67922,4.46152
87.2903,383.315,4.83652,4.46121
-68.6555,352.352,6.41482,4.46118
-394.67,86.0144,4.75553,4.46092
-279.506,143.442,8.51061,4.45341
-167.446,368.428,4.83118,4.45171
-96.0024,28.9605,4.94733,4.45053
-282.948,-347.657,9.17918,4.45012
-217.027,-62.0513,4.57959,4.44689
-215.083,454.385,4.47676,4.44638
83.2278,-94.6527,9.69576,4.44618
-69.1061,23.1582,5.51169,4.44514
415.944,-47.3268,5.61662,4.44296
118.321,-268.363,4.52496,4.44294
431.814,-222.699,7.33709,4.44259
404.529,-435.009,5.42166,4.43991
423.928,356.864,6.2067,4.43419
-141.79,-12.2894,6.66948,4.43418
284.792,-276.553,7.21772,4.43257
189.26,239.179,4.63982,4.42729
274.159,221.695,5.28248,4.42214
-180.549,19.7491,8.1512,4.42087
412.717,-430.396,5.35369,4.41967
402.993,-205.813,4.66135,4.4191
326.853,171.597,6.14001,4.41795
52.3828,-355.572,4.67647,4.41773
-113.353,-334.174,5.13178,4.41506
233.542,20.5404,5.14066,4.41205
24.1352,-88.2876,5.0792,4.41117
5.3425,304.712,6.4233,4.40997
76.0213,179.497,4.9236,4.40912
150.382,-264.132,5.14329,4.40864
62.4143,272.137,5.30835,4.40849
-438.759,-83.9438,4.78844,4.40734
-252.114,-156.813,5.39928,4.40223
-472.716,-471.857,5.32312,4.40057
186.283,470.76,4.67835,4.39831
388.808,374.681,4.5839,4.39708
462.061,-168.171,4.57273,4.39469
-5.44959,375.472,5.95968,4.39408
-369.412,141.78,5.71225,4.3924
132.637,108.199,5.6116,4.39163
-287.825,-232.428,5.30426,4.3911
-17.3833,-318.598,9.60186,4.39095
-164.258,4.65504,7.43861,4.38993
47.1244,-104.403,4.64591,4.38316
426.755,-204.261,6.0753,4.38249
-369.605,-43.0631,8.0578,4.38193
-99.4038,-86.7635,9.92364,4.38177
320.003,113.52,7.05086,4.38129
277.603,259.853,8.67629,4.37894
-210.84,-324.368,4.73989,4.37726
83.338,-279.411,5.13826,4.36979
-270.296,-404.975,5.59624,4.36911
-258.771,-328.617,5.31531,4.36872
-93.6223,-161.301,6.40413,4.36813
133.333,-338.261,8.57042,4.36758
159.047,-77.5743,4.87688,4.36703
13.1718,105.453,4.93983,4.36617
301.613,138.232,4.6139,4.36365
-423.012,-217.014,9.95683,4.36183
451.559,419.397,7.0515,4.35984
-112.949,405.56,4.55677,4.35956
434.321,-328.305,5.11483,4.35948
291.775,204.241,4.44885,4.3592
-424.854,-112.406,5.29518,4.35878
57.0346,-231.117,5.42951,4.35824
74.557,151.049,5.12187,4.35784
-394.267,49.9417,4.56823,4.35649
360.043,240.726,5.04261,4.35644
133.633,45.5002,4.41143,4.35578
-449.673,-290.503,6.44537,4.35516
36.8012,-280.328,4.45921,4.35337
-170.875,-131.573,4.38094,4.35173
194.26,273.638,7.73159,4.35017
-15.3179,-56.6644,7.32253,4.34817
302.446,189.127,5.47489,4.34731
352.5,16.2955,4.63516,4.34587
-125.448,30.3656,4.34339,4.34092
-314.233,-87.3625,4.4356,4.34005
-211.059,363.582,5.21694,4.3387
320.066,-19.4529,7.90962,4.33775
295.073,310.453,6.00267,4.33445
276.82,-93.4084,4.43877,4.33278
-212.054,-129.601,6.98746,4.33262
-346.621,212.396,5.29642,4.33261
-208.535,-134.24,6.80676,4.33097
-133.28,-427.838,5.29652,4.33005
-246.568,366.421,5.35984,4.32912
-286.232,250.901,5.83416,4.32494
-161.909,-126.799,4.6755,4.32243
213.626,394.832,6.15177,4.32166
-470.328,-27.4494,5.67346,4.31808
185.078,196.749,9.27172,4.31793
470.778,93.7083,4.72688,4.31283
-176.669,-201.742,5.09478,4.31131
-32.4022,-154.279,4.64508,4.31101
105.273,-409.466,4.99311,4.31071
447.225,381.558,7.59679,4.31013
137.934,9.80438,7.53491,4.30991
77.273,-276.696,6.37531,4.30767
325.529,321.461,4.8657,4.30721
-103.928,-345.608,4.91066,4.30633
-33.4947,-240.187,5.27042,4.30603
-286.716,295.588,6.11334,4.30574
78.7238,116.524,4.69708,4.30519
-439.676,-449.744,4.77536,4.30518
-243.102,334.191,6.72688,4.30465
422.339,-401.814,5.90691,4.3043
135.311,-346.929,7.10565,4.30364
311.878,-234.251,4.37534,4.30034
-348.389,161.911,4.5367,4.30028
236.972,-280.658,4.54148,4.29966
-307.946,451.595,4.59944,4.29826
-76.9019,30.627,5.72694,4.29736
-24.174,102.546,4.70515,4.29544
432.111,-88.0136,7.66282,4.29203
-449.898,132.893,4.72421,4.28798
194.65,-325.045,4.78037,4.28648
31.7568,-261.757,6.6334,4.28579
-410.099,-287.031,5.88057,4.28457
231.612,308.74,5.02095,4.28301
-400.209,274.281,4.50216,4.28245
455.273,-331.742,5.29035,4.28164
34.622,-56.8301,5.51286,4.28071
432.992,221.321,4.35179,4.27756
157.619,324.54,7.51024,4.27749
-5.77707,-261.408,4.71186,4.27628
19.1222,-48.6545,4.67364,4.27594
-78.0347,-112.884,4.57696,4.27414
204.891,84.7382,5.35156,4.27395
-375.218,-236.388,5.61962,4.26963
-47.2498,193.528,5.38717,4.26923
-139.499,420.142,4.81771,4.26859
-93.9431,113.114,7.03428,4.26827
-378.611,-432.595,5.30437,4.26703
-377.991,-255.828,4.43587,4.26634
259.144,452.848,5.4234,4.26619
395.397,189.386,4.60729,4.26584
-60.7191,24.4361,4.87308,4.26381
-96.9193,-286.734,4.9022,4.26287
-94.6469,353.498,9.72193,4.25896
-331.78,443.691,6.56619,4.25843
339.648,-50.2327,4.63528,4.25827
183.309,134.141,5.45967,4.25668
-114.22,460.417,6.24716,4.25644
-77.3218,309.147,6.19266,4.25089
-214.875,149.146,4.68546,4.25073
92.2778,-431.938,4.36196,4.24955
348.301,57.0435,4.46646,4.24767
-249.388,-100.374,4.3726,4.2474
154.94,-183.835,5.41575,4.24652
2.37557,-283.62,7.90874,4.24514
181.491,-450.937,9.91386,4.2441
163.742,-413.493,6.83627,4.24374
105.806,457.879,4.46943,4.24146
-441.481,-388.537,4.96602,4.24134
470.513,114.33,5.77787,4.23935
286.92,-370.342,9.84626,4.23899
406.396,-16.5139,4.33553,4.23828
98.3966,12.007,6.92951,4.23811
-160.489,199.197,8.39101,4.23732
-175.123,402.305,4.8589,4.23474
-158.141,-40.3471,4.54052,4.23471
-102.351,-62.4322,7.43733,4.23428
428.937,-171.517,4.94028,4.23405
139.184,234.605,4.50127,4.23159
-341.21,-459.9,4.4556,4.23135
-452.133,214.708,4.23701,4.23112
225.379,-111.227,4.8653,4.23095
22.3199,459.013,4.72907,4.22799
380.589,-83.6666,4.66674,4.22737
-142.03,-104.453,5.47276,4.22666
148.024,125.475,5.21842,4.2253
47.8634,124.564,4.91694,4.22493
-86.0411,428.207,4.73209,4.22341
-276.5,-133.932,4.6244,4.22267
-307.84,-148.139,4.4128,4.22244
-243.993,-330.059,5.5304,4.22103
94.7392,177.979,5.67675,4.21797
423.73,159.045,5.54075,4.21678
-445.911,150.901,4.53637,4.2158
-395.076,-368.152,4.65769,4.21148
285.679,302.397,5.1312,4.21136
-421.13,285.294,4.34406,4.21115
-442.182,-252.765,4.77973,4.20889
268.77,329.663,7.40012,4.20766
32.9536,12.0372,5.12721,4.2068
-1.02561,190.159,4.85318,4.20519
370.626,105.978,5.10854,4.20389
60.3099,-454.104,6.33271,4.20159
414.33,79.6227,5.24829,4.19721
168.778,29.1926,4.58084,4.19647
-437.857,268.013,5.17722,4.19646
-225.701,306.451,4.28003,4.19623
-99.0737,253.77,4.42319,4.19454
433.423,184.612,4.23823,4.19315
27.8878,-87.239,5.28654,4.19309
47.3348,-160.514,4.34664,4.19279
267.349,88.0634,5.84447,4.19094
-375.433,-452.712,4.70271,4.19056
202.508,-115.309,4.78912,4.18777
376.648,-110.866,9.96839,4.18688
365.758,-126.037,4.94313,4.18538
457.5,-188.534,4.37902,4.18486
411.292,-158.118,5.23106,4.18483
185.179,376.387,5.52175,4.18309
125.629,-437.512,4.41052,4.18291
-319.315,-160.051,5.15134,4.18046
273.055,459.444,4.27689,4.18025
149.249,282.042,6.74125,4.17963
-171.601,-228.039,8.48481,4.17784
-320.309,93.3927,5.27902,4.17703
-206.987,-59.0202,4.20417,4.17575
466.243,-278.359,4.81569,4.17407
-214.126,153.693,5.06419,4.17265
423.327,177.249,4.69402,4.1662
453.553,284.777,4.5454,4.1657
-336.361,-193.564,5.26126,4.16563
85.9689,226.716,4.45785,4.16341
192.724,271.298,4.21777,4.16303
-295.578,-386.346,4.86824,4.16253
281.88,76.7836,5.49213,4.16239
-321.34,372.554,4.31864,4.16151
69.8489,-267.15,4.2238,4.1592
134.302,-99.6453,5.01054,4.15793
183.904,454.556,8.08304,4.15658
270.079,-74.4406,4.3435,4.15657
-323.074,293.144,5.96027,4.15459
31.5227,-83.1335,7.64442,4.15447
114.156,57.0243,4.71132,4.15408
171.894,384.96,4.5487,4.15185
-304.281,37.3391,4.73076,4.15057
343.502,-129.269,5.26948,4.14918
297.08,183.015,4.17856,4.14834
-3.65365,-175.192,4.2357,4.14768
-383.423,155.454,7.86228,4.14765
19.3332,-209.06,5.47235,4.14555
51.3802,-429.728,4.31879,4.14442
330.387,430.135,4.14809,4.14408
259.046,-399.504,4.27692,4.14386
-184.014,350.484,4.52872,4.14361
-474.447,-147.575,4.56064,4.14343
-201.962,-171.857,4.7055,4.14311
468.997,339.367,5.07361,4.14197
-420.974,309.439,4.38431,4.14134
135.853,334.402,5.16324,4.14106
365.667,-307.786,4.8317,4.14001
-156.933,-32.8523,5.33324,4.13986
32.5038,335.569,6.12312,4.13873
-54.867,62.78,9.54071,4.13851
-424.756,-453.143,8.93114,4.1355
46.083,-11.1065,5.69966,4.13494
82.0868,-208.112,6.46728,4.13348
37.7702,-356.564,5.19885,4.13279
-237.286,-157.094,4.36672,4.13169
112.463,119.528,4.36829,4.13161
-400.191,-203.185,4.53616,4.13116
-446.914,413.06,4.74257,4.13072
-76.7038,-391.753,6.02041,4.12959
309.864,38.6443,5.1916,4.1285
85.0136,-208.207,5.93876,4.12824
-406.455,161.723,5.07932,4.12579
-340.135,-396.743,4.22933,4.12283
-467.998,53.2605,9.72371,4.12266
-260.281,317.931,4.89222,4.1226
-261.627,-157.992,4.90437,4.1204
49.1359,250.642,7.27482,4.12021
134.515,-360.398,5.93973,4.11978
385.115,5.80069,5.71807,4.11856
-405.988,184.767,8.32027,4.11803
-353.828,-432.494,5.58511,4.11788
-167.625,-375.004,6.29058,4.11677
-470.724,461.632,4.40452,4.11652
-180.489,44.3473,8.17378,4.11357
140.598,190.956,4.4318,4.11308
331.969,419.651,5.21686,4.11252
279.522,15.8239,5.00642,4.11108
86.7453,-150.319,7.33351,4.10959
323.964,139.771,5.32489,4.10898
-181.466,433.343,6.1051,4.10881
60.6374,-143.821,5.01017,4.10806
-186.8,-86.9744,4.48779,4.10796
25.5953,292.294,4.36193,4.10775
427.075,343.049,6.82982,4.10762
137.956,135.219,4.64796,4.10572
-217.151,-6.64372,4.1612,4.10297
-269.981,-233.232,5.15228,4.10239
240.836,-48.9465,5.38612,4.10197
-293.667,296.815,4.51075,4.10163
-262.111,-167.669,6.00051,4.10159
-417.374,-278.394,5.88529,4.10139
208.701,-338.918,5.22869,4.10084
353.286,-303.226,7.05779,4.1008
127.699,-426.391,4.34306,4.09952
-446.211,-433.376,7.02823,4.09798
419.757,285.187,7.33372,4.09501
-192.491,-7.73545,4.73944,4.094
132.969,-134.959,7.1226,4.09046
115.579,-231.326,5.2139,4.08942
99.0807,96.0228,4.59407,4.08799
308.816,-176.05,4.58021,4.08762
453.15,113.933,5.06369,4.08453
121.819,257.796,5.0681,4.08448
-47.9797,72.2789,5.606,4.08431
58.0311,-245.204,5.21664,4.08345
452.68,50.8445,4.32256,4.08343
-34.9066,303.453,6.35388,4.08339
343.842,-435.237,5.77251,4.08273
-320.076,117.405,4.17703,4.08121
-423.037,59.0703,7.86416,4.07961
-109.923,233.375,4.34215,4.07358
-238.957,-309.822,4.20931,4.0721
59.3556,176.51,5.22679,4.07025
-474.371,-398.378,4.13725,4.07003
98.906,437.867,4.53975,4.06406
-360.788,191.909,5.09532,4.06292
383.988,-42.0682,5.26224,4.06108
288.615,-254.223,4.78567,4.0604
357.463,-54.6224,4.60881,4.05965
-294.224,-110.308,5.07693,4.05962
-290.686,82.1589,6.34938,4.0569
229.778,471.014,5.152,4.05641
-343.523,363.549,5.21617,4.05631
156.824,-462.882,7.05889,4.05473
8.32763,99.3893,5.13105,4.0547
433.993,92.9609,4.62708,4.05308
109.821,142.053,5.29707,4.053
55.9881,41.1366,4.77659,4.05263
223.946,-375.469,5.24341,4.05261
93.1679,99.2369,4.14955,4.05158
-148.69,-99.6663,4.16805,4.05069
-264.845,-121.385,4.07331,4.05037
-285.707,-228.58,9.36052,4.05031
21.5279,358.872,4.77994,4.04932
134.734,-378.607,4.80833,4.0489
151.099,-176.838,5.42104,4.04806
-169.427,-219.476,7.08064,4.04577
29.2756,-154.624,5.22168,4.04561
70.8814,56.4347,5.21844,4.04488
-104.87,315.591,4.04739,4.04212
-456.32,121.944,6.29003,4.04194
172.909,-53.6805,6.21799,4.04169
-346.97,-312.324,4.14073,4.041
220.839,458.931,4.18047,4.04098
-157.598,68.6151,6.41827,4.04034
224.999,255.468,6.1931,4.03998
-2.11987,-199.546,9.40619,4.03804
-209.404,418.392,4.65779,4.03777
-36.2209,449.196,4.49625,4.03661
-18.9135,220.95,4.09724,4.03602
-50.0894,-207.662,4.75392,4.0358
-54.7874,-438.614,7.0863,4.0347
41.6341,283.324,5.51839,4.03417
-218.982,-339.519,8.50236,4.03094
147.801,385.259,4.08308,4.02982
-201.022,-213.015,5.36465,4.02929
243.607,340.564,4.44789,4.02597
-341.735,-423.97,4.05622,4.02575
110.897,100.206,4.05805,4.02539
-296.03,-461.996,4.26424,4.02436
-376.261,338.213,4.51777,4.02135
172.339,-424.513,9.8257,4.02105
150.361,240.509,6.20148,4.02038
180.446,140.341,5.42146,4.02022
-77.4461,-80.6147,8.46437,4.01918
259.682,293.577,7.38584,4.01845
461.65,-171.117,4.28063,4.01622
-266.673,19.4314,4.70056,4.01586
-319.793,412.028,8.04621,4.01439
-342.547,153.394,6.82408,4.01315
-33.3018,-62.7469,4.41769,4.01082
228.051,-399.012,7.53293,4.01016
264.091,-80.9224,5.22349,4.00911
243.554,202.504,6.25338,4.00895
298.365,78.8207,4.14794,4.0087
376.422,-380.012,8.12933,4.00843
-394.731,-465.87,6.57542,4.00771
330.352,-33.9901,5.46776,4.00598
48.4681,-360.491,4.95933,4.00555
220.59,454.605,4.02206,4.00488
-284.926,310.967,4.28445,4.00314
70.8242,-347.507,6.03451,4.00292
-105.044,213.397,4.79909,4.0025
139.648,-206.742,6.156,4.00116
254.724,231.859,7.32751,3.99894
230.663,-177.571,4.00308,3.99809
-313.61,-446.054,7.23529,3.99719
464.606,-434.827,4.54475,3.99538
-306.295,-151.863,4.02286,3.99496
-329.856,319.038,5.91734,3.9938
-120.619,-265.585,4.22713,3.99213
212.191,123.881,4.18006,3.99145
160.861,-184.32,7.58081,3.99028
-94.6844,-291.266,3.99449,3.99024
36.4562,419.223,4.09248,3.9895
-281.446,237.509,5.11905,3.98864
-357.557,175.014,4.87306,3.98845
-433.91,-346.897,4.30779,3.9883
366.734,-64.4116,5.71206,3.98537
393.452,290.809,4.7709,3.98532
-293.74,-86.9696,4.15921,3.98405
57.7241,336.378,4.07913,3.9825
-93.7126,-125.789,4.38663,3.98239
68.0115,370.243,4.92292,3.9805
75.8539,-439.879,5.88291,3.97908
-106.808,-15.6073,8.85471,3.97908
-351.528,20.23,7.06935,3.97837
-232.988,-84.2311,5.28913,3.97619
-41.694,-141.454,5.05177,3.97511
-282.106,-342.573,4.43358,3.97451
415.301,428.432,4.22804,3.97443
20.4124,144.625,4.44366,3.97315
-11.0818,383.245,6.63653,3.97237
-44.7028,319.088,5.12117,3.97228
6.49064,-403.65,4.38962,3.9713
-467.759,-266.175,4.86384,3.97068
-267.657,386.679,4.04204,3.96917
-265.706,-244.514,4.66128,3.96735
423.696,-301.361,5.08764,3.96732
271.656,375.941,5.85822,3.96721
-124.437,-25.1779,4.50039,3.96622
-337.249,-376.292,5.6278,3.96199
-312.008,284.672,4.94917,3.961
-389.557,-226.776,4.69646,3.96073
-3.25443,-452.089,4.43272,3.95963
-40.5156,117.851,4.39297,3.95877
-450.786,441.041,4.10259,3.95872
203.43,-342.967,5.18784,3.95689
-225.089,370.984,3.978,3.95618
91.9017,-224.628,3.99226,3.95494
-369.638,-48.2756,8.47014,3.95307
-317.357,-36.8202,9.98275,3.95274
147.917,-342.022,6.42844,3.95227
-170.935,148.978,3.9917,3.95119
285.682,-462.414,6.00942,3.94993
-139.587,139.644,4.53618,3.94945
-217.355,-301.755,5.61535,3.94926
-216.79,-321.27,4.2255,3.94736
-469.841,-190.941,5.45923,3.94704
188.274,-167.462,5.9167,3.94664
343.266,389.93,4.06642,3.94542
-54.9256,235.898,9.50379,3.94428
66.79,-114.727,4.92308,3.94384
415.483,7.80094,7.07725,3.94338
-124.615,-170.601,4.50664,3.94271
-1.30361,-38.4412,6.9286,3.94187
-231.683,-323.917,5.44634,3.94174
-335.047,-291.629,4.35894,3.94027
110.74,-409.367,4.26152,3.93885
-347.883,420.787,5.42949,3.93485
-123.667,-70.7232,5.22169,3.93456
-238.173,204.391,4.12687,3.933
-285.652,57.8619,4.35416,3.93161
-256.101,324.669,5.09542,3.92902
-320.682,426.728,9.00114,3.92763
-209.411,70.1938,4.07189,3.92714
167.442,118.997,3.96407,3.92631
-398.901,-259.796,4.02676,3.92598
-165.685,134.648,4.60159,3.92467
-444.507,-32.3469,5.44272,3.92366
-256.257,-51.8333,4.7142,3.92229
452.652,232.481,4.393,3.91945
217.252,-157.63,5.51649,3.91674
-391.803,-295.332,5.18698,3.91485
-18.6002,-34.1592,4.07336,3.91448
-85.378,-456.955,5.59601,3.91209
-13.1496,-363.38,4.37841,3.91208
-152.129,-313.366,4.99875,3.91182
-53.8975,472.505,6.02366,3.91126
37.3178,-242.25,5.17879,3.91081
-440.907,219.373,8.96563,3.91018
397.513,-444.303,4.42424,3.90962
339.299,-414.668,4.20775,3.90656
-104.637,-122.808,4.56382,3.90619
-164.157,395.846,6.20278,3.90612
221.634,233.011,4.40369,3.90527
-63.395,75.2542,8.99814,3.90479
-398.144,278.228,4.18499,3.90455
-393.847,429.878,6.38665,3.90436
460.087,147.067,4.31733,3.90369
-383.051,363.291,5.10246,3.90298
53.1405,116.724,6.4499,3.90206
362.075,202.585,4.47123,3.90133
448.224,319.503,8.37468,3.90112
444.025,142.008,4.18699,3.89682
-71.2699,87.2605,4.43859,3.89591
-379.346,199.842,4.43409,3.89554
349.461,-346.564,5.33443,3.8949
-58.0651,-425.239,7.13171,3.89343
-56.9035,-296.868,6.06262,3.89235
-389.156,-365.091,5.57571,3.89178
-72.3634,419.928,5.12995,3.89129
-195.906,-397.439,4.36197,3.89105
-13.1437,-293.144,7.00836,3.89086
-102.296,464.267,4.38361,3.89051
-277.554,-142.679,4.76729,3.88924
328.061,-394.528,3.91415,3.88893
-157.46,-128.676,4.07021,3.88752
-273.154,-349.923,4.16089,3.886
389.722,-297.251,5.11197,3.8847
285.686,219.735,4.02756,3.88463
458.866,115.015,4.72383,3.88347
444.516,397.827,5.09254,3.8832
121.723,-139.799,5.23924,3.88282
-121.742,402.834,5.20175,3.88265
-78.6756,441.824,4.36544,3.88232
-344.013,-130.331,5.50091,3.88102
-348.789,-113.123,4.82982,3.87979
371.101,-3.45086,4.28498,3.87927
-221.713,148.97,3.90608,3.8791
-420.078,-452.688,8.02205,3.879
-402.33,-36.4213,4.83115,3.87886
-226.468,401.537,5.80468,3.87864
-17.136,466.734,4.32005,3.87778
116.324,-59.993,6.95432,3.8732
157.922,-50.3007,4.25679,3.87202
250.236,-248.405,4.23137,3.87103
359.771,96.6739,5.95881,3.87082
-141.53,-1.46429,5.44531,3.86759
-380.455,-102.485,5.1254,3.86458
-322.865,-313.61,4.04155,3.86453
40.4751,368.125,4.25072,3.86192
-273.388,-321.143,4.25667,3.86171
155.462,38.4144,3.89229,3.86044
32.0105,460.505,4.82551,3.86012
163.583,323.447,4.18128,3.86009
2.84268,-184.388,5.89209,3.85877
398.149,132.359,4.69746,3.85862
140.905,180.453,4.64031,3.85852
-199.517,62.3146,3.9506,3.85834
77.4712,-10.3161,7.40067,3.85777
-434.599,78.4762,5.96278,3.85733
-53.6813,-347.732,3.90216,3.85688
-458.818,242.023,4.13383,3.85494
63.561,95.976,5.58999,3.85425
-321.727,456.967,7.38483,3.8522
95.5682,-248.166,5.21119,3.85179
297.295,372.772,4.44146,3.85087
371.987,400.171,6.81318,3.85073
234.612,-176.804,4.97597,3.84995
-413.938,-196.135,3.93346,3.84846
-45.9668,-236.074,4.66659,3.84729
244.307,61.8754,3.86069,3.84667
297.111,83.9839,5.21613,3.84587
-207.985,-270.739,4.43251,3.84572
-264.09,-226.402,5.73386,3.84553
43.0872,438.633,4.72172,3.84445
8.78904,155.116,4.74652,3.84441
38.881,-97.5817,5.4019,3.8442
-207.399,391.901,7.49919,3.8438
-252.404,100.679,4.79631,3.84076
191.028,-384.255,9.38403,3.8399
-471.268,154.566,4.11168,3.8371
332.887,-15.3952,9.45235,3.8352
-84.0503,428.638,5.53447,3.83481
444.8,342.887,4.58249,3.83473
352.054,60.7105,4.30679,3.83464
456.507,-178.592,4.06235,3.83179
90.5714,-354.692,4.30403,3.83148
419.563,-85.2662,5.23719,3.83147
347.088,471.214,4.25824,3.8301
-186.61,80.4365,4.83887,3.82931
411.006,-156.36,9.24382,3.82518
296.895,406.899,5.04759,3.82362
-470.939,50.5236,5.15816,3.81993
273.485,33.3464,3.8551,3.81784
408.893,278.299,5.15106,3.81611
35.7791,455.636,3.83372,3.81569
-125.307,17.1369,7.32658,3.8153
-74.7108,-419.861,4.65161,3.81286
-355.571,313.219,4.01753,3.81181
47.671,-358.107,6.84918,3.8111
96.6824,106.764,6.04998,3.80764
-348.374,-198.81,3.91999,3.80479
37.0869,-461.437,9.64875,3.80475
119.097,172.462,4.20421,3.80425
-351.241,-44.2237,4.55487,3.80368
28.3243,-200.183,4.46946,3.80281
239.684,-338.188,4.67158,3.80238
-297.794,468.501,6.30811,3.80206
182.321,-64.6533,4.25686,3.8015
-232.82,-345.994,7.06507,3.80126
311.671,22.7828,5.36251,3.80076
203.036,-332.051,4.17068,3.80036
294.737,251.274,4.49232,3.79951
392.132,198.613,3.8245,3.79879
-29.8014,-254.421,3.89225,3.79838
272.921,-260.313,4.27256,3.7974
342.891,-41.278,3.92705,3.79701
-1.75798,175.403,4.40556,3.79654
-454.312,-227.889,4.66448,3.79601
-390.156,184.043,3.96814,3.79574
-18.7222,346.091,4.26775,3.79388
-109.468,-7.91984,4.4553,3.79377
30.113,-427.753,5.51573,3.79109
246.269,-468.067,5.27653,3.79029
469.351,-440.363,5.57695,3.79007
-24.9821,-366.938,6.37617,3.78997
151.294,-135.054,7.8346,3.78967
-242.43,211.324,5.22156,3.78949
137.159,86.7077,3.92561,3.78902
188.827,459.537,4.6254,3.78874
319.978,154.021,6.33642,3.78815
251.596,20.5856,8.48309,3.78764
-289.275,-128.217,4.03718,3.78746
-347.815,200.599,4.22131,3.78614
-16.5041,425.561,6.4566,3.78522
-411.076,318.832,4.29929,3.78519
-381.172,-115.255,3.80183,3.78497
354.653,-211.562,5.42959,3.78435
-53.317,-253.856,6.8198,3.78433
-192.604,-272.84,4.36636,3.78386
-338.204,257.235,6.25429,3.78378
352.969,-403.044,4.17281,3.7823
-140.924,228.113,4.19723,3.78094
-250.378,36.178,4.61525,3.77892
-143.624,-421.466,7.27242,3.77887
199.784,-326.739,3.84578,3.77776
77.0351,-101.72,4.84883,3.7769
-332.301,-188.877,5.58523,3.77678
180.552,161.435,4.65375,3.7767
260.681,-271.256,8.13232,3.77576
349.926,44.0855,4.51317,3.77486
426.271,-1.72163,4.86127,3.77361
308.148,-226.667,4.13248,3.77357
-29.0836,-386.829,4.80982,3.77357
367.877,-457.036,6.09292,3.7724
-60.5801,429.958,4.53467,3.77153
-386.264,426.326,4.7445,3.77141
87.815,-410.635,5.03983,3.76982
-260.186,-410.998,4.5338,3.76874
15.5508,111.333,3.97241,3.76792
220.825,-443.216,6.55078,3.76743
136.029,-48.1307,9.12418,3.76696
205.342,-386.273,6.76063,3.76652
15.4586,-311.96,4.30257,3.76441
360.203,-234.73,4.56326,3.7628
-326.642,-157.998,4.70859,3.75706
388.101,192.941,4.60316,3.75657
417.897,29.2872,6.01393,3.75644
433.515,274.531,4.66567,3.75558
459.417,130.769,4.3363,3.75514
-61.556,-167.488,3.77086,3.75378
-302.812,-60.5368,4.68656,3.75186
-466.975,-266.407,4.06717,3.75129
-55.2622,387.401,5.5128,3.75123
-407.355,-29.3201,3.89496,3.75008
167.35,-260.689,4.74202,3.74925
345.763,338.54,8.33573,3.74885
-368.591,332.008,5.9095,3.74868
-403.464,-64.8314,4.62281,3.74763
249.913,-346.96,6.11213,3.74744
-105.304,191.747,7.03435,3.74721
100.096,-450.52,3.92993,3.74718
-61.6097,-212.919,7.0245,3.74642
-438.155,-2.38834,4.77702,3.74637
-400.367,-96.4526,3.89552,3.74575
-278.328,-286.477,6.93822,3.74448
223.218,-4.62577,4.69248,3.74407
-307.26,217.544,4.19073,3.74268
42.1757,-93.0914,4.77725,3.74229
-16.6637,312.136,4.23049,3.7404
-277.997,253.582,5.40773,3.73997
452.975,236.725,4.89867,3.7399
-65.6346,431.666,6.53857,3.7397
386.809,157.462,4.76637,3.73937
171.535,358.429,7.25799,3.73861
62.9916,371.971,5.1011,3.73799
288.536,-223.767,3.97216,3.73702
-373.987,-382.627,7.21919,3.73626
-163.628,-217.095,4.02453,3.73493
-252.94,42.6283,4.70173,3.73464
-307.385,-297.773,5.62605,3.73452
452.442,127.662,3.76379,3.73317
-393.361,68.6449,3.98464,3.73268
236.985,98.326,6.30216,3.73
-347.495,-225.802,4.41692,3.72997
-121.985,-228.641,3.94582,3.72888
356.761,-46.2693,5.04373,3.72871
378.894,-187.057,5.00663,3.72833
-454.922,-365.529,4.67487,3.72702
-448.182,-61.4081,3.74499,3.72631
-231.713,-163.655,3.90276,3.72535
319.26,-326.125,5.42198,3.72509
-256.666,336.301,3.93549,3.72428
-306.826,-242.645,4.72701,3.7239
-391.16,-5.98764,4.11891,3.72334
460.686,129.665,4.0497,3.72309
336.691,91.0418,4.07509,3.72181
332.011,-327.345,7.12095,3.72171
17.0598,-169.365,4.77009,3.71954
-183.031,131.307,6.20926,3.71811
-54.8798,-242.353,4.36553,3.71765
-388.648,-471.771,3.75098,3.71621
-410.859,453.911,5.05197,3.71381
444.134,-380.202,4.67801,3.71371
203.877,-271.667,7.29763,3.71353
235.509,446.017,3.83494,3.71286
-197.776,288.949,6.58401,3.71123
310.583,470.714,5.44883,3.7105
-22.3038,-132.013,4.37175,3.71044
244.301,333.921,5.08239,3.71027
53.5108,273.283,4.81716,3.70898
-99.1036,314.403,4.03669,3.70876
217.763,465.272,4.83347,3.70758
127.004,-4.36111,4.83971,3.70683
-374.294,-403.182,5.13007,3.70673
198.65,122.531,9.76103,3.70648
-75.4024,-301.611,4.33352,3.70498
251.837,166.23,5.80935,3.70491
325.614,-404.695,4.82591,3.70468
-98.0622,276.993,4.40094,3.70394
-377.782,254.436,4.38513,3.70197
381.304,-217.595,7.48079,3.70063
94.2045,360.775,3.99204,3.70059
-420.452,273.697,4.01465,3.7001
33.9763,-365.115,3.95198,3.69995
238.532,-158.67,5.05113,3.6988
-274.946,43.5782,4.51494,3.69877
109.669,-99.8778,4.40622,3.69863
137.49,-388.134,4.32098,3.69729
214.87,231.016,4.69004,3.69605
-256.057,106.276,5.55393,3.69594
457.709,90.1552,3.91064,3.69574
-293.24,0.328676,3.90567,3.69507
-118.625,93.7275,5.05917,3.69463
-143.92,-190.538,3.74485,3.6944
-389.424,384.32,3.83347,3.69416
161.262,18.6745,3.85749,3.69309
90.2752,21.2956,3.85845,3.69276
228.619,288.428,4.2952,3.69274
250.007,438.325,5.189,3.69273
-473.79,334.859,5.02926,3.69244
-97.8549,-86.7627,5.26548,3.69012
-343.659,-61.7377,4.95813,3.68996
366.999,315.774,4.05296,3.68982
-186.414,176.743,3.78679,3.68785
223.792,-71.4701,3.89481,3.68719
-70.701,-230.032,4.04473,3.68689
-324.52,-156.015,4.36824,3.68619
-337.338,-95.9866,3.69831,3.68491
357.668,461.869,5.71321,3.68232
-314.229,-43.1187,3.69964,3.67972
-144.607,-388.033,4.13238,3.67933
97.4425,419.346,3.73876,3.67829
-191.806,50.5406,4.87337,3.67666
274.154,-86.0059,4.57244,3.67624
302.727,-350.827,9.89998,3.67613
318.596,-345.41,4.30022,3.67482
-102.782,-379.31,7.24888,3.67433
-422.054,283.25,3.9699,3.67356
-97.6112,6.98735,3.98252,3.67337
454.026,-50.0517,6.80999,3.67328
279.008,409.112,4.44724,3.67221
100.637,112.343,5.92037,3.67201
-20.4632,-31.1265,6.48699,3.67154
16.3844,-0.764195,6.24515,3.66919
406.336,-186.94,5.39838,3.66912
240.715,307.537,6.26026,3.66747
260.292,7.61802,4.55937,3.66728
-117.356,21.5281,5.30058,3.66671
-286.574,327.073,4.31123,3.66502
174.539,356.547,3.73278,3.66283
232.682,-439.705,4.28893,3.66187
-270.2,233.911,7.35554,3.66093
-160.361,408.301,7.23089,3.6602
390.932,-33.6129,5.58396,3.66015
135.816,-467.886,4.31225,3.65969
323.567,-375.379,7.73842,3.65825
-30.4972,-318.052,4.60032,3.65621
80.8327,310.049,4.84527,3.6562
-460.381,49.4224,6.13578,3.65511
-368.198,-352.833,3.87114,3.65392
-272.589,-72.2923,5.43817,3.6535
427.887,192.936,5.52227,3.65341
-269.929,425.853,3.79088,3.6522
116.402,-441.985,4.71389,3.6516
-198.976,-304.349,3.88979,3.64991
251.209,225.726,6.32489,3.64952
352.334,191.677,5.86051,3.64952
-323.851,-287.05,4.67067,3.64946
-399.61,-148.274,3.67574,3.64859
-72.111,147.587,4.15112,3.64857
149.824,-370.844,4.01978,3.64769
-195.597,207.211,3.84071,3.6469
-30.0266,419.339,3.85493,3.64599
-106.63,-29.6864,4.60589,3.6448
-202.867,-172.235,4.94169,3.64408
137.186,115.73,4.92707,3.64356
-367.031,314.445,5.01384,3.64242
65.8615,-39.2668,4.28356,3.64241
44.2517,-94.1432,6.45693,3.64134
-54.2717,371.187,4.50036,3.63941
-195.437,82.0188,4.06018,3.63924
-439.767,20.3431,3.72481,3.63807
388.909,138.477,5.67583,3.63743
-147.581,-386.781,5.23616,3.63488
-134.634,-325.938,5.048,3.63398
-221.614,319.84,6.29584,3.63321
-342.64,293.1,4.87387,3.63316
408.409,170.553,3.85211,3.63294
299.073,-354.38,7.05731,3.63158
253.081,156.897,6.73993,3.63047
-16.2215,-231.036,4.33214,3.63045
246.026,-331.29,4.33213,3.62997
-209.255,101.987,4.04009,3.62984
134.289,254.978,5.61852,3.62965
473.06,22.3204,4.94719,3.6287
171.798,-112.187,5.26766,3.62839
-95.5583,42.0041,4.68743,3.62803
-307.342,319.057,5.15422,3.62799
-59.8164,-473.366,5.02029,3.62784
206.84,-0.670071,4.58549,3.62773
-262.58,-208.517,5.75596,3.62486
-352.065,228.924,3.9239,3.62455
-355.034,386.789,3.69366,3.62349
-404.698,-299.676,5.05127,3.61994
-370.162,-224.191,3.78891,3.6188
431.974,140.191,4.7672,3.6185
124.368,284.528,7.57035,3.61847
300.117,-335.11,5.31821,3.61838
218.294,436.26,4.07246,3.61763
268.247,-149.848,7.62441,3.6163
181.486,34.0322,4.72038,3.61619
46.5083,416.837,5.47002,3.61615
-256.487,414.462,3.82121,3.61484
360.266,-232.766,3.96791,3.61469
-12.2197,329.859,5.381,3.61173
392.789,421.93,7.55764,3.61078
-233.965,-91.8157,3.92338,3.61056
142.861,-434.003,3.92129,3.60862
2.38017,-192.784,3.8091,3.60829
86.9988,-399.457,4.19795,3.60821
-45.1537,-44.1053,6.67593,3.60765
-328.467,411.015,4.07971,3.60764
-39.9592,253.487,4.25926,3.60735
235.784,196.014,9.55799,3.60684
393.12,18.533,3.67171,3.60527
360.909,-91.1388,6.10263,3.60488
251.506,191.286,3.78645,3.60432
-467.375,45.3101,5.41528,3.60331
-233.572,-154.537,6.10397,3.60236
140.266,345.925,3.81364,3.60153
398.323,-320.883,3.61761,3.60028
317.067,214.351,4.63373,3.59992
-17.6402,-352.618,4.2458,3.5986
-265.738,320.969,4.74722,3.59844
-51.184,128.232,4.56348,3.59833
-308.935,284.417,4.91899,3.59805
-205.614,62.9972,3.81185,3.59486
-109.316,-109.489,5.10102,3.59479
92.9795,-290.623,5.18177,3.59404
163.666,-91.2705,4.08393,3.594
-452.682,60.8095,3.78366,3.59392
99.1202,388.879,4.50736,3.59388
202.364,147.673,4.43647,3.59254
-148.371,-339.283,8.35957,3.59175
386.801,56.1751,4.32089,3.58996
210.545,103.473,4.8023,3.58934
-133.689,202.368,5.07114,3.58906
-254.073,282.86,3.61989,3.58889
-147.734,285.005,4.40609,3.58854
-248.802,-400.318,4.7495,3.58811
-233.076,466.408,3.82376,3.58667
-139.239,-259.486,7.08029,3.58612
-238.697,272.648,5.16688,3.58525
-23.8825,144.337,4.78874,3.58373
376.462,369.058,3.862,3.58342
228.233,-182.451,4.19411,3.58305
-338.755,287.505,4.56682,3.5823
177.082,-45.6328,4.83442,3.58189
119.209,-458.331,4.59598,3.58058
459.218,233.42,9.59145,3.57962
133.611,-365.979,9.9169,3.57899
-47.0448,343.785,7.09004,3.57764
77.3995,-80.0975,8.72092,3.57666
-81.9407,-168.68,4.56463,3.57583
-335.868,378.836,5.78576,3.57504
243.949,-81.9752,3.94306,3.57492
223.992,18.1807,9.04526,3.57479
-224.995,135.797,3.71575,3.57472
103.911,-152.69,6.32449,3.57384
-84.9079,424.229,5.04068,3.57335
-28.9382,433.395,6.76515,3.57321
184.209,-393.114,5.61519,3.57078
-368.013,-296.617,6.78378,3.56981
402.298,-289.259,5.45729,3.56925
-173.964,233.136,5.38094,3.56911
-234.913,-148.27,6.95536,3.56871
99.402,-85.7053,4.81128,3.56739
-343.346,-85.9918,3.93799,3.56681
-104.915,10.8672,4.68911,3.56644
-156.933,433.05,3.74744,3.56644
43.4504,-441.001,5.38615,3.56538
-317.688,-470.963,6.22764,3.5649
-128.083,155.131,4.63678,3.56384
-38.0843,-235.069,9.44724,3.56209
188.699,-234.978,3.85846,3.56086
321.357,-25.0364,3.70675,3.56084
-335.576,-448.812,3.83824,3.56032
-335.784,-69.1885,5.14756,3.56
272.883,141.63,4.84038,3.55867
304.661,-467.33,6.90408,3.55785
-445.049,-96.6435,3.86455,3.55782
-157.68,349.532,5.96569,3.55776
126.31,117.58,4.86445,3.55743
165.758,-308.013,3.57099,3.55694
-362.254,384.748,3.88297,3.55629
-11.9438,-379.45,4.00454,3.55485
-206.817,-265.962,4.75387,3.55441
-225.455,384.56,4.71031,3.55345
-2.03188,58.6266,6.70244,3.55292
-8.81779,-151.971,4.50847,3.55284
455.797,-109.412,4.03084,3.55078
43.789,22.9888,4.42352,3.55073
-89.0486,-200.312,4.04772,3.5506
-230.496,-150.946,4.16225,3.54976
-293.585,433.924,5.59096,3.54961
121.968,-74.4224,3.77845,3.54679
-93.4866,-2.14649,3.8558,3.54483
398.048,127.617,4.67953,3.5439
359.876,-337.041,7.54491,3.54144
36.8998,421.669,7.37654,3.54105
-465.459,145.186,4.85402,3.54006
144.237,54.3838,3.78632,3.5394
-197.127,-242.148,3.60641,3.5391
-325.904,432.941,3.82397,3.53781
-76.2097,189.365,3.82829,3.5367
-282.94,-140.127,3.92855,3.53641
160.236,-10.5823,4.97091,3.53531
286.389,-288.553,3.70963,3.53519
271.589,-463.42,4.51561,3.53342
-474.685,-162.692,3.71695,3.52914
-427.84,425.208,4.56575,3.52878
-7.00274,-384.277,3.64951,3.5287
-59.4825,265.23,3.96158,3.52818
-467.356,55.8451,7.80067,3.52753
152.552,-41.2097,5.17108,3.52696
-66.9634,417.019,5.02825,3.52611
-354.914,67.0207,6.10788,3.52288
23.1126,191.042,3.61131,3.52156
-141.261,-301.082,4.35523,3.5202
33.7419,-273.458,4.00635,3.51978
-359.801,207.278,4.38869,3.51845
108.951,-398.317,3.82832,3.51819
133.92,0.859064,4.47649,3.518
-315.643,-404.882,6.1861,3.51799
81.3629,209.105,4.3144,3.51795
320.45,180.503,3.83495,3.51731
367.944,242.78,4.95361,3.51707
54.7901,470.666,3.83941,3.5159
-180.967,-472.43,3.68061,3.5153
308.487,407.4,4.33253,3.51465
-139.97,384.833,5.36939,3.51457
239.548,169.536,3.89805,3.51231
258.246,251.585,3.74688,3.51134
-84.6461,-333.386,5.51782,3.51104
-118.441,1.96122,7.15352,3.51075
-371.301,-277.093,4.04104,3.50893
248.457,-103.757,7.82635,3.5088
-448.004,-115.75,4.3946,3.50861
-410.494,-130.906,6.45216,3.50698
366.01,63.6647,3.64056,3.50576
-378.449,-320.881,3.55404,3.50495
-33.8544,472.496,4.77687,3.50477
-250.371,-25.9186,3.83713,3.5045
150.285,-338.826,4.68672,3.50422
-134.474,353.704,3.83766,3.50295
-89.4256,127.915,5.37543,3.50169
393.642,-1.92343,4.09173,3.50077
408.595,-305.377,4.78338,3.4981
31.3909,-0.860741,4.63582,3.49804
-304.046,178.07,8.46406,3.49584
52.1588,50.8929,3.59729,3.49309
178.651,-410.986,6.14803,3.49265
267.633,-184.118,3.58765,3.49264
272.678,83.0345,4.35354,3.49244
-456.914,450.835,3.75394,3.49167
287.369,-28.1745,5.50477,3.49155
-441.87,132.564,6.34535,3.49104
-307.329,-219.459,5.11354,3.49065
-158.194,289.407,4.905,3.48957
14.3303,-365.44,4.93908,3.48932
266.617,118.46,7.03729,3.4888
88.3342,381.526,4.03096,3.48777
18.0605,331.349,4.97985,3.48761
378.712,97.7301,7.49555,3.48733
130.617,209.318,3.64757,3.48728
-359.94,-405.636,7.68219,3.4866
-357.566,106.174,5.45094,3.48627
-7.88687,-57.6194,4.39028,3.48504
-259.188,50.5063,4.09907,3.48436
-473.481,-275.41,5.24714,3.48272
432.121,-457.972,3.58776,3.48124
-168.321,232.521,4.48115,3.4799
8.40742,-280.936,3.86955,3.47989
-368.822,71.3171,5.08727,3.47947
129.697,332.705,4.17601,3.47733
-366.305,-265.797,3.86165,3.47714
467.246,-207.252,3.9274,3.47604
377.52,-272.255,3.67915,3.47497
193.533,-215.422,3.81434,3.4747
-12.3977,464.917,3.57669,3.4744
-444.318,-13.4318,4.15178,3.47407
-382.382,-93.1796,4.14412,3.47332
-155.628,224.591,3.69323,3.47262
38.5408,-188.217,5.11866,3.47259
-18.0108,-126.842,4.71524,3.47219
-48.3733,157.095,3.98146,3.47002
-206.705,-257.724,4.70268,3.46932
-382.742,-173.136,3.87825,3.46911
92.8829,-268.427,4.92075,3.46873
213.679,-404.214,3.69084,3.46691
-43.2146,-328.601,4.25672,3.46662
-132.032,190.933,4.21537,3.4665
-412.528,-121.174,4.29534,3.4661
-303.537,47.9114,4.96834,3.46588
440.741,261.55,5.7355,3.46543
-236.144,200.198,4.13557,3.46507
232.097,62.4607,3.89579,3.46461
-11.3966,89.7202,3.88214,3.46429
339.124,-205.889,4.75446,3.46235
271.612,-80.1428,4.20754,3.46219
267.634,259.264,4.04909,3.46208
308.176,176.439,4.44178,3.45963
-227.106,168.786,4.45523,3.45947
273.195,130.021,4.73912,3.45914
-284.397,289.847,6.01624,3.45877
61.2576,395.59,3.76344,3.45844
184.273,37.5237,3.54614,3.45839
-417.178,-428.808,7.62336,3.45824
-150.772,38.6236,4.59949,3.45816
-66.3601,-449.507,5.52498,3.45808
-158.282,-93.6871,4.05233,3.45713
-105.57,119.694,5.78854,3.45638
-7.07159,441.439,4.46798,3.45632
43.3722,120.362,6.35031,3.45632
167.399,-87.1536,4.84943,3.45614
197.114,191.065,5.04074,3.45552
-134.568,156.639,5.58526,3.45343
289.356,-290.227,3.91505,3.45334
-331.909,21.7231,3.72754,3.45325
351.25,-387.656,8.3701,3.45174
87.8015,460.493,7.4442,3.4494
306.211,392.278,4.72483,3.44934
13.2093,208.277,4.39795,3.44845
20.9152,150.195,5.29803,3.44684
-357.708,113.953,3.4958,3.44678
-244.132,279.751,5.73298,3.44631
177.049,-381.319,7.39799,3.44616
-123.331,294.616,6.23827,3.44616
307.337,-51.7406,4.1464,3.44566
461.236,-89.4682,6.19391,3.44519
-171.214,-33.8051,4.07013,3.4432
-39.7976,-239.623,3.81791,3.44272
-249.853,246.159,4.37531,3.44202
47.1416,-327.297,9.2988,3.44189
-265.533,128.143,5.54039,3.44151
-340.894,-105.285,3.60934,3.4411
-32.0754,363.386,3.59327,3.43867
-41.1124,-231.504,4.03316,3.43732
-343.593,-272.626,3.63287,3.43653
27.4592,179.991,4.19402,3.43621
112.113,135.15,5.31059,3.4359
197.698,393.709,6.2307,3.43463
-433.16,422.53,5.87902,3.43435
-229.125,155.382,3.71756,3.4343
-250.82,24.7239,4.46391,3.43422
297.308,-420.888,5.03094,3.43167
464.836,-207.11,4.86405,3.43073
-460.826,157.563,5.16047,3.43026
-23.6232,-245.934,5.23886,3.43011
466.658,-212.922,5.40429,3.42918
422.047,-15.8158,4.71201,3.4285
-109.508,-85.2057,5.29251,3.42659
-383.014,-131.402,5.60554,3.42586
241.813,-179.489,3.95696,3.42555
324.489,15.0462,5.35929,3.42516
-51.7064,446.285,5.35603,3.424
436.192,257.663,3.90393,3.424
-199.629,309.667,3.4686,3.42389
390.366,375.921,4.29405,3.4237
-238.202,256.97,4.30702,3.42363
-297.983,334.692,4.71555,3.42229
-348.788,-11.8948,7.8973,3.42202
426.555,-4.34754,3.62988,3.42183
-51.3936,-401.966,4.49743,3.42101
-217.84,-105.312,4.06174,3.42037
-303.957,-136.762,4.02663,3.41967
215.733,208.484,3.67827,3.41924
-65.7042,171.212,4.93571,3.41886
124.946,54.0035,3.95154,3.41868
111.227,-133.102,4.22155,3.41737
-52.094,398.934,4.17741,3.41612
349.927,-139.501,5.3807,3.41432
394.252,-433.911,4.57313,3.41388
427.114,-261.173,4.43432,3.41116
124.466,-68.3081,3.51167,3.41056
-241.861,-215.92,4.28864,3.41054
321.94,216.867,6.63268,3.41053
30.3197,220.348,4.06109,3.40941
-77.183,-59.1149,4.51466,3.40665
65.7303,141.801,3.88935,3.40662
-226.702,170.492,8.06561,3.40644
-408.74,5.44976,4.38818,3.40564
-449.688,-358.858,5.15379,3.40561
416.827,-387.696,5.41004,3.40542
-114.198,26.0899,3.43383,3.40538
-333.992,267.022,3.42297,3.40493
449.063,407.418,4.58783,3.40358
110.177,-102.056,3.66176,3.40321
-242.369,356.944,5.5936,3.40232
-24.2056,290.406,4.41204,3.40089
48.429,-470.668,5.24811,3.40074
-383.07,259.489,3.9717,3.4002
417.517,-259.406,3.63031,3.39954
331.299,173.381,4.94721,3.39866
453.171,-72.8524,5.35129,3.39743
-41.8781,-102.699,4.95711,3.39698
-430.911,-472.202,5.58562,3.39677
154.981,410.466,3.81696,3.39594
125.045,-287.141,4.60115,3.39589
308.073,47.0629,3.88291,3.39585
372.626,-106.548,5.10707,3.39537
240.044,-6.85117,4.13049,3.39487
365.561,-38.7057,4.19526,3.39479
221.404,323.592,4.05647,3.39381
180.677,383.665,5.34178,3.3933
365.032,-114.914,3.82929,3.3928
-80.2894,422.339,4.37854,3.3925
347.629,-234.664,3.78952,3.39236
-237.347,28.4791,4.18731,3.39224
314.428,235.075,4.74689,3.39197
-24.4793,-236.723,3.77185,3.38999
112.767,-194.418,3.75609,3.38935
-244.804,196.242,5.1255,3.3891
366.819,180.454,4.0588,3.38895
84.9843,-51.9012,4.30886,3.38875
273.439,-432.724,5.0918,3.38837
436.851,144.418,4.37269,3.38825
118.869,209.735,4.02157,3.38774
375.785,-309.917,9.98839,3.38722
97.5658,-328.186,5.37114,3.3871
-332.58,-195.239,5.44017,3.387
-317.804,233.427,9.28702,3.38691
281.796,192.403,4.43947,3.38651
-3.24119,65.1928,4.14893,3.38639
-141.381,161.845,4.31104,3.38611
-235.792,25.3227,4.65158,3.38565
130.924,126.984,4.93343,3.38474
425.364,94.9935,3.68039,3.38231
30.8229,61.6164,3.65997,3.38178
3.10956,-426.082,3.84174,3.38135
-245.817,-162.194,4.30764,3.37988
-432.216,161.194,4.23768,3.3791
-458.231,-120.103,5.05481,3.37884
346.423,-341.141,6.02913,3.37844
-197.151,219.565,4.41235,3.37806
-362.605,-202.654,3.58359,3.37753
451.346,-288.323,4.55441,3.37737
-122.211,145.847,7.00955,3.37732
-37.0295,119.35,7.53998,3.37634
333.068,-270.714,4.08198,3.37587
-51.3938,209.696,3.58452,3.37509
379.189,-460.745,4.92058,3.3748
-28.1624,-131.721,4.85337,3.37444
384.655,-326.597,4.19806,3.37425
374.799,236.618,4.03073,3.37304
-198.253,-113.242,5.27325,3.37099
278.539,-7.2374,4.21052,3.37068
13.799,-2.88868,9.45894,3.37029
278.615,292.763,5.16839,3.36998
175.965,-259.744,5.66122,3.36938
-31.6086,-333.485,4.92146,3.36746
148.869,194.242,4.14542,3.36429
220.174,-56.1908,3.64685,3.36396
175.068,-293.808,3.6981,3.36391
98.2921,-118.397,3.56584,3.36346
-437.702,-366.994,3.66113,3.36274
144.976,-365.652,5.21179,3.36258
410.602,29.0049,3.37853,3.36228
265.072,174.1,5.47164,3.35883
305.177,230.583,3.84888,3.35848
41.5889,203.244,7.4148,3.35845
416.352,-165.219,3.98606,3.35832
138.694,343.853,3.40724,3.35796
183.165,385.043,5.08168,3.3576
323.923,136.762,3.66684,3.35717
-33.2803,458.976,5.20832,3.35632
-149.685,104.242,3.83734,3.35606
-380.875,-45.0245,4.72714,3.3558
-52.0544,307.834,5.45161,3.35563
-413.694,-29.0368,4.98176,3.35527
-300.658,-228.636,5.50612,3.35455
52.5913,-304.794,7.76368,3.35307
-361.064,-406.562,4.90238,3.35149
97.1712,-277.041,5.0635,3.35114
-272.463,397.537,4.11504,3.3507
149.436,99.4461,4.67409,3.35038
218.052,-181.777,3.3874,3.35001
-243.737,117.843,4.73756,3.34795
-156.386,-398.913,4.06026,3.34771
116.608,360.076,4.00977,3.34768
419.708,56.402,4.75004,3.34751
165.342,384.882,4.45865,3.34693
-268.419,157.83,4.4,3.34689
-302.72,-401.374,3.78722,3.34688
171.974,47.8033,4.48691,3.34675
-353.519,-73.6856,7.45902,3.34642
-139.777,-143.299,3.55053,3.34635
-94.2178,323.645,5.23675,3.34583
-257.427,70.2103,4.26933,3.34543
-213.685,390.29,3.44828,3.34367
-199.392,-415.243,6.05284,3.34354
-124.358,-93.3792,4.35597,3.34301
-328.481,261.838,3.39686,3.34183
-232.313,67.3523,5.18301,3.34132
106.588,469.11,3.34638,3.34017
-214.768,-135.016,4.21284,3.34006
117.593,275.573,3.60459,3.33967
-449.479,103.777,9.84928,3.33954
-242.262,-268.45,8.41342,3.3391
-28.4736,-101.693,8.63438,3.33755
41.5608,-448.206,7.53297,3.33701
-265.037,-418.019,3.98925,3.33594
-66.8125,321.488,4.54827,3.33557
-14.1044,126.852,8.05376,3.3352
-88.6927,-256.358,3.95391,3.33432
-29.8178,388.992,5.028,3.33394
-148.174,12.7175,3.35329,3.33355
-285.217,-237.07,4.57939,3.33195
-400.905,82.3201,4.7656,3.33055
408.806,-316.726,4.30073,3.33005
-9.02696,-17.2785,4.22982,3.32945
399.714,-211.58,3.49509,3.32903
-427.896,448.497,4.6064,3.32821
-63.1606,-185.592,5.21903,3.32755
426.811,-294.154,4.81942,3.32523
-287.511,88.822,6.62744,3.32479
166.155,56.362,3.47506,3.32469
371.485,386.821,4.48786,3.32466
110.267,233.006,6.40944,3.32421
-66.4618,-341.958,4.73747,3.32243
-19.2193,-226.151,8.91401,3.32208
340.123,-86.6153,4.05157,3.32035
109.544,-387.997,3.60199,3.3202
94.0232,-118.185,4.11181,3.31862
-407.741,-343.065,5.43492,3.31773
424.489,351.524,4.14915,3.31723
44.5116,-111.126,3.7831,3.31704
229.464,50.7445,3.86496,3.31636
-243.637,-453.228,5.09425,3.31591
-442.198,-133.125,7.4245,3.31499
195.648,-387.735,3.58175,3.31461
84.3256,-192.964,3.33348,3.31225
373.822,294.986,4.99818,3.31187
-273.01,-121.032,4.35948,3.31186
-344.236,-44.9841,4.20886,3.31182
-1.49583,-201.13,3.97802,3.31177
411.939,-190.694,7.24077,3.30963
-59.693,28.164,4.33015,3.30926
-371.785,-167.306,3.87325,3.30868
-365.024,-239.207,3.50694,3.30867
70.9356,-300.819,3.91702,3.30848
-410.953,-378.25,3.61656,3.30805
209.659,-293.144,4.87846,3.30795
410.358,-49.5733,5.38472,3.30763
281.205,-423.516,3.56191,3.30742
-230.109,-222.48,5.45491,3.30733
84.5858,-122.902,5.37113,3.30696
-298.113,324.523,5.82886,3.30678
41.3601,22.0653,5.36376,3.30538
-11.1333,95.6186,3.41491,3.30497
-298.931,140.761,4.80881,3.30458
441.137,-61.4256,8.05778,3.30327
219.204,-410.443,3.59495,3.30295
119.256,-410.394,9.47536,3.30287
-260.867,-307.562,8.77246,3.30281
450.954,384.165,5.03942,3.30217
56.1808,-108.339,3.33237,3.30203
-350.495,96.2266,3.57288,3.30165
-219.919,105.496,5.19745,3.30155
428.706,19.0466,4.75319,3.30106
-66.0676,-457.426,5.90749,3.30056
-413.656,155.767,5.9227,3.30026
22.0469,166.97,5.24498,3.29895
236.877,-128.81,3.62224,3.29805
264.309,14.7831,4.8556,3.29791
-105.349,104.252,3.98004,3.29735
164.579,30.0334,5.46222,3.29733
-176.144,-323.009,4.90741,3.29723
346.399,-457.433,8.60386,3.29717
-294.353,357.146,4.18205,3.29681
68.0998,438.41,4.38787,3.29592
-290.656,-331.648,3.47452,3.2957
-381.83,-321.282,3.79742,3.29512
267.884,326.537,9.29694,3.2936
100.619,-272.307,4.03233,3.29334
204.78,-54.5996,5.6003,3.29251
-82.4979,-138.041,3.44564,3.29189
-469.591,160.822,6.4268,3.29163
-312.415,-360.698,3.74528,3.29148
-329.001,-303.95,3.4282,3.29136
-354.248,-390.719,3.79946,3.29127
-441.763,220.743,4.15761,3.29098
-359.629,203.12,5.43341,3.29039
-243.738,-84.4057,4.10731,3.29012
324.54,388.746,4.3202,3.28854
-238.662,-75.7908,3.66259,3.2874
-294.977,216.552,4.61041,3.28678
-155.306,-136.859,3.81892,3.28579
8.2058,-345.573,5.18473,3.28568
198.319,175.325,3.65628,3.28525
-440.009,141.513,3.52093,3.28494
406.543,260.589,4.25249,3.28442
-51.74,-158.014,6.53321,3.28438
-49.7427,-386.798,4.30918,3.28414
-386.383,206.917,4.92241,3.28146
-446.918,-379.147,3.578,3.28042
-203.255,-360.834,4.6174,3.28042
-208.617,316.583,3.38065,3.2801
-354.053,170.843,3.874,3.27989
-145.816,-241.192,8.38702,3.27957
-113.595,68.6912,3.74301,3.2794
-127.004,-71.6158,4.93784,3.27909
284.786,-329.697,4.00283,3.27828
166.283,69.8416,4.07577,3.2775
-431.399,-472.216,4.22764,3.27707
19.3167,-325.021,7.02037,3.27649
32.7577,224.154,4.14854,3.2762
-115.618,79.2889,4.67599,3.27607
62.5369,-0.773929,4.6981,3.27539
93.3778,-455.157,5.46696,3.27499
-351.444,-18.4707,4.01348,3.27446
-188.962,82.8838,3.8984,3.27403
-403.445,91.595,7.89206,3.274
154.145,98.9104,3.66928,3.27373
272.328,-212.331,6.06888,3.27316
4.82484,43.1967,8.06244,3.27311
-465.599,-355.919,4.22502,3.27226
-233.335,125.946,4.09938,3.27188
91.537,-303.868,3.80986,3.2718
-146.371,-33.8293,7.76354,3.27172
-389.967,249.922,3.86696,3.27135
-311.631,22.8405,3.53027,3.27113
-69.4272,-469.423,3.87403,3.27089
249.387,456.399,3.70809,3.27088
199.348,-354.569,6.19188,3.27037
-306.209,474.065,3.72357,3.27001
471.423,438.589,3.34711,3.26886
-130.671,-51.688,4.91113,3.26829
397.452,191.358,4.33972,3.26701
247.811,140.867,3.30004,3.26697
-233.58,-46.4306,4.17147,3.2668
467.986,-274.673,4.24841,3.2664
-389.46,281.178,4.49907,3.26625
50.3429,-96.474,3.77787,3.26512
-76.6885,437.977,5.13466,3.26447
155.13,165.928,6.0781,3.26428
139.527,-466.61,5.49475,3.26348
-101.83,50.2092,5.2656,3.26154
387.473,-300.839,3.37181,3.26154
47.8119,235.544,3.78113,3.25768
110.222,126.059,3.40082,3.25728
372.779,136.777,3.45818,3.25712
17.7628,91.9444,3.28779,3.25709
178.41,-252.802,3.52285,3.25673
-312.441,-207.809,4.61114,3.25668
4.09178,-185.297,3.50288,3.2558
385.225,-139.611,3.64629,3.25495
-395.748,-208.639,4.22471,3.2546
74.2441,-424.23,3.31421,3.2543
-192.997,-252.111,4.44952,3.25351
75.8625,-214.247,3.6074,3.25289
-248.66,40.0559,4.64719,3.25275
229.203,-31.4569,3.44956,3.25082
-24.6489,137.161,3.26159,3.24993
-40.9226,-76.2723,4.12932,3.24723
72.8455,120.105,4.81435,3.24642
-185.626,20.8885,5.60213,3.24622
-194.256,-112.806,3.36403,3.24622
343.25,-371.638,3.5411,3.24518
-389.078,396.177,4.12959,3.24497
16.0171,-146.754,4.39945,3.24488
220.927,301.404,4.40182,3.24465
314.721,338.951,5.00425,3.24373
-104.944,-123.372,7.08806,3.24348
-58.6252,-210.741,4.65486,3.2431
-324.843,182.24,5.52911,3.24284
-310.967,165.555,3.36107,3.24232
-88.4818,-154.944,4.3762,3.24097
449.724,263.978,4.39817,3.24033
-189.349,-109.487,3.67698,3.23978
-331.627,-432.335,5.07809,3.23953
432.402,444.53,6.96157,3.2391
-30.8026,-431.296,3.39843,3.23869
-456.541,-272.896,4.81965,3.23795
-29.0623,-134.284,3.3867,3.23723
-230.203,-68.7905,4.2975,3.23661
-281.975,-109.197,3.76985,3.23589
-149.68,41.233,6.11905,3.23582
-293.947,-257.692,5.34824,3.23578
-53.0568,-184.716,6.12316,3.23564
-64.4574,399.261,3.3972,3.2351
-275.103,313.607,4.0769,3.23378
-69.6464,146.945,3.24975,3.23369
184.647,-0.604907,3.62707,3.23327
-305.275,115.537,3.63181,3.23268
-187.066,225.721,4.3153,3.23253
221.541,-203.981,3.93658,3.23213
-440.443,112.281,3.3539,3.23137
-236.705,86.9931,4.31264,3.23039
290.42,289.149,3.50848,3.23027
176.698,-129.733,6.13176,3.2302
-54.3189,47.7114,3.70356,3.23009
-459.896,-466.266,4.04117,3.22974
-432.778,126.795,4.0194,3.22918
-5.88793,-400.441,4.70272,3.22774
297.786,-351.423,4.99014,3.2276
443.739,161.987,3.6707,3.22735
92.9934,-65.5117,7.04906,3.22689
357.589,262.528,4.81443,3.22621
-296.06,200.247,3.98147,3.22591
261.208,262.888,4.05998,3.22564
-448.859,-353.368,3.98705,3.2254
-158.933,102.825,4.77912,3.22515
-189.621,-120.823,4.2563,3.2236
48.6101,214.47,5.54471,3.22295
-222.104,447.311,6.02033,3.22239
57.1901,58.2345,3.95724,3.2223
0.746327,-372.298,3.70724,3.22142
168.866,-28.7064,3.52143,3.22084
270.434,150.918,5.2157,3.22058
-365.359,-366.311,3.53681,3.22052
188.035,-283.582,5.36485,3.22027
21.8339,-160.579,4.05473,3.21876
451.698,-388.605,3.5872,3.21875
-251.698,71.7198,3.96249,3.21848
42.3597,320.324,4.51524,3.21792
32.59,-154.341,7.24061,3.2179
-256.26,-11.3994,5.36015,3.21784
467.321,443.03,5.05978,3.21708
55.6537,71.0008,6.07274,3.21699
-362.619,97.6071,3.26536,3.21685
244.529,-57.748,3.61406,3.21655
-384.937,162.971,4.55859,3.21585
-335.681,81.5745,3.36336,3.21491
-418.581,238.143,3.81323,3.21336
-28.5303,-380.112,3.31245,3.21335
196.01,382.567,4.18431,3.21309
-72.2811,148.675,4.44564,3.21296
-335.016,57.5043,4.14614,3.21223
12.7875,200.295,3.97244,3.21162
235.8,-47.7436,3.2711,3.21126
-162.592,-54.069,4.52657,3.21117
72.365,239.129,3.37364,3.21019
297.967,-5.31172,3.50434,3.20901
-330.736,382.485,3.24304,3.20896
58.2648,-212.062,3.68396,3.20858
-337.279,453.551,3.52394,3.2071
433.9,-226.258,7.85711,3.20684
-285.543,-122.696,3.35042,3.20684
301.077,-131.64,6.91922,3.2066
-192.766,-207.084,4.08899,3.20608
-146.106,138.255,6.90106,3.2059
-359.861,-428.465,4.36034,3.20529
375.924,84.0678,4.8206,3.20469
296.483,346.803,4.47483,3.20438
228.79,322.279,6.13164,3.20421
-396.515,-433.755,5.78884,3.20327
200.615,-381.494,4.40844,3.20236
-403.562,-18.6856,4.5016,3.20184
40.0515,-131.177,4.54717,3.20104
-343.992,71.4632,5.20661,3.20101
18.0354,-452.443,3.25036,3.20001
-418.971,390.203,4.11585,3.19903
-443.351,-9.24119,3.57687,3.19811
-431.87,-471.719,4.63101,3.19782
-240.852,241.795,3.51543,3.19734
467.882,-324.761,4.0828,3.19733
-62.245,-28.6461,3.96277,3.19689
128.659,200.729,3.47992,3.19652
-162.1,292.418,3.21135,3.19629
459.022,460.71,3.67433,3.19554
-50.2604,459.583,3.20077,3.1953
18.1829,400.054,3.34499,3.19419
-61.2668,440.006,5.30156,3.19386
83.7034,330.949,5.94599,3.19383
74.7038,187.861,8.34307,3.19346
278.391,400.175,3.44475,3.19261
285.948,3.59442,4.39919,3.19064
242.131,315.697,5.56066,3.19014
-411.025,147.63,3.59151,3.1899
469.703,374.211,4.39959,3.18932
-402.644,-245.157,4.20668,3.18748
-245.09,-148.906,4.53633,3.18604
-456.09,201.341,3.19186,3.18592
-386.688,57.7154,3.97416,3.18466
92.6752,-98.6361,3.55585,3.18426
-85.406,-433.5,3.80326,3.18404
221.89,-282.468,8.38031,3.18365
-217.522,38.6363,3.94141,3.18299
450.889,-437.87,5.20398,3.18243
-83.325,78.1693,5.52408,3.18098
209.922,-156.836,3.21577,3.18072
35.0818,464.996,4.58802,3.18058
204.935,465.846,5.17823,3.18054
167.018,123.213,3.27949,3.18048
-6.79911,-427.41,7.23767,3.17998
350.564,-242.531,3.43098,3.1799
274.896,249.74,4.35609,3.17988
126.219,280.554,3.88889,3.17915
-399.63,198.997,4.2315,3.17902
-248.793,-420.917,6.20689,3.179
-358.6,72.4735,3.89091,3.17878
124.405,-349.458,3.48864,3.17804
212.295,172.198,4.04936,3.17793
340.78,-38.9846,4.326,3.17788
418.57,205.336,6.09318,3.1769
-417.296,449.174,3.60129,3.17682
432.309,-328.302,3.71797,3.17665
-388.835,160.48,3.24945,3.17636
333.653,231.168,3.27394,3.17632
137.259,44.3405,4.12617,3.17616
459.867,171.198,4.17678,3.17587
53.5742,-434.493,3.3583,3.17562
268.368,87.1926,7.7134,3.17553
324.725,400.836,5.50057,3.17544
18.5885,65.0444,4.97316,3.17514
-151.192,416.162,5.59514,3.17488
449.004,10.3394,5.15187,3.17475
-203.531,427.631,3.98701,3.17433
-200.943,-273.779,6.14214,3.17429
202.028,98.1678,4.85226,3.17397
406.289,40.7405,7.40893,3.17385
-406.001,-213.041,3.78276,3.17349
473.481,-418.288,3.32288,3.17328
300.738,-447.18,4.15718,3.17149
68.2141,268.351,5.26626,3.17113
353.493,-26.6865,8.76946,3.17049
-233.515,-223.381,3.91978,3.17029
321.654,-95.5264,5.39444,3.169
209.206,87.0494,3.43555,3.1679
205.972,-27.3841,3.30438,3.16788
212.377,-339.884,3.74216,3.16702
351.819,452.794,4.4412,3.16654
402.424,-147.372,4.62586,3.16627
-74.6027,53.9606,5.19407,3.16529
314.934,-42.3856,3.60495,3.16511
-102.42,388.862,3.35934,3.16461
104.294,451.839,4.32584,3.16375
-455.143,-111.41,3.97573,3.16355
15.9335,-89.1631,3.84017,3.16326
-228.33,397.738,3.31149,3.16313
265.904,354.581,5.01007,3.16229
419.357,-85.9408,3.87894,3.16207
-276.948,81.1851,4.02227,3.16064
117.262,217.524,4.75385,3.16004
-297.933,411.746,3.85399,3.15991
383.56,-64.3742,3.27007,3.15932
285.745,-72.6815,3.609,3.1585
45.6974,-318.499,6.88075,3.15802
24.0487,462.227,4.57841,3.15726
-285.501,137.874,4.63455,3.15589
470.491,-111.003,5.04805,3.15551
74.714,72.9198,3.88076,3.15507
-128.491,197.169,3.39666,3.15499
-413.67,313.256,4.35964,3.1539
312.402,-158.194,3.48635,3.15357
299.515,41.0567,4.49029,3.15297
-435.146,187.491,4.70104,3.15226
413.811,-386.849,3.27296,3.15195
36.197,134.187,4.01764,3.15194
-272.374,349.309,7.48326,3.15192
202.723,-302.767,3.5742,3.15164
460.86,-364.399,3.92271,3.1514
-447.609,-261.447,4.53348,3.15134
-391.919,-164.526,5.20519,3.151
48.1804,-146.171,4.26895,3.1504
269.34,-268.235,3.56001,3.14954
149.667,210.409,3.21133,3.1492
27.1817,-168.479,4.87177,3.14906
-75.5963,169.9,3.58132,3.1486
339.925,471.581,3.69013,3.14825
466.112,257.137,4.28398,3.14772
-209.056,-14.9799,6.21603,3.14727
-455.982,208.035,4.03412,3.14493
-221.286,-168.502,3.84789,3.14432
83.659,-438.998,7.74801,3.1428
-118.728,-472.38,4.6939,3.1422
-97.526,253.42,4.00946,3.14203
-214.047,449.702,3.51819,3.14201
245.525,-25.2768,3.3401,3.1415
-337.066,189.212,4.20335,3.14074
-81.2192,60.0704,3.34766,3.14056
203.274,246.135,3.60082,3.14038
11.3049,216.834,3.14772,3.13976
-74.2127,-246.648,3.94212,3.13921
-289.774,384.248,3.95157,3.13857
263.969,95.9678,6.96654,3.13795
-382.468,128.849,5.59824,3.13752
-209.855,164.78,3.58853,3.13632
8.36414,386.685,6.90961,3.13462
311.481,-278.46,3.18986,3.13417
-461.719,-382.495,4.12419,3.13409
86.9176,-300.314,3.90104,3.13353
-119.987,400.031,3.30342,3.1334
377.473,341.183,4.63476,3.13243
-295.806,-425.189,6.21377,3.13217
-356.522,-374.331,3.37778,3.13212
404.819,-236.48,3.30809,3.13097
204.399,-455.672,5.03563,3.13071
348.269,254.84,3.36175,3.13069
-236.189,-138.099,3.75942,3.1305
283.433,-209.108,3.61198,3.1299
-281.618,390.643,9.88579,3.12936
-106.624,48.4372,5.05219,3.12928
384.686,-220.573,7.76339,3.12881
143.838,70.64,4.67848,3.12858
304.293,220.337,3.24677,3.12823
153.626,362.967,6.83476,3.12653
-102.167,-12.9001,9.4366,3.12604
-80.6176,-298.518,4.22182,3.12559
31.8991,406.625,3.53074,3.12555
2.07443,-280.11,5.35007,3.12455
214.97,177.597,3.92966,3.12454
128.509,50.9033,3.37107,3.12426
-30.5146,-321.633,3.12928,3.12376
428.47,431.911,3.42054,3.12347
229.036,416.406,3.39824,3.12343
1.10658,469.772,5.02594,3.12287
456.712,-466.801,7.23278,3.12245
-193.071,-304.154,4.33331,3.12223
167.862,-261.733,4.59082,3.12183
-8.78179,371.137,4.12077,3.12162
-403.748,187.827,3.77992,3.12124
186.073,-34.8444,4.41051,3.12076
153.455,-438.865,3.86708,3.11953
-224.903,397.286,3.32271,3.11941
141.49,425.293,4.08919,3.11932
-466.061,161.589,3.68755,3.1183
195.537,-376.176,5.51661,3.11798
-209.383,-242.69,3.42663,3.11784
302.301,-380.313,5.41729,3.11767
-161.331,264.047,3.79782,3.11742
119.473,154.573,3.19462,3.11703
-74.7572,-171.304,4.99869,3.11664
394.767,-469.821,3.49969,3.11632
292.742,40.8705,3.44435,3.11614
-463.824,-448.635,6.33066,3.11543
-61.1149,435.102,4.93631,3.11513
224.641,457.376,5.01814,3.11434
95.8315,133.957,3.37711,3.11356
116.625,-297.875,4.79098,3.11343
393.404,-134.681,3.14221,3.11306
-199.715,215.344,4.02731,3.11304
-205.091,-16.0581,3.13317,3.11288
-283.882,254.214,3.71656,3.11216
420.816,-138.635,3.68831,3.11192
386.978,236.86,4.35393,3.11107
-227.913,298.638,3.18444,3.11018
-373.675,256.511,4.45139,3.11009
351.62,-339.582,3.22211,3.10991
-382.505,-446.274,3.26205,3.10987
216.139,339.1,4.62192,3.10907
-171.509,-429.174,3.75599,3.1081
155.09,267.859,5.18506,3.1078
-384.328,-237.959,4.01935,3.10775
-407.244,-401.75,3.86015,3.10703
-40.0585,-274.658,3.80116,3.10673
453.585,-362.591,4.26074,3.1057
430.399,415.158,3.9447,3.10406
-147.483,75.3827,4.43777,3.10343
-169.522,-319.31,3.35835,3.1027
-331.77,75.6371,9.02661,3.10239
280.949,-303.043,3.23204,3.102
-348.752,451.793,3.56166,3.10158
419.399,-410.007,4.10529,3.10152
-49.7239,-199.12,5.1142,3.10141
-262.132,49.4256,4.15646,3.10138
88.9556,-87.542,4.90706,3.10011
-212.631,377.82,5.59494,3.09989
211.764,-47.09,3.1866,3.09965
453.007,449.428,3.32837,3.09937
-357.359,160.4,6.41145,3.09909
-296.254,-37.4649,4.40312,3.09896
-226.278,177.045,6.0598,3.09828
-47.2529,-11.2127,3.54173,3.09793
75.0518,111.042,3.53276,3.09793
358.473,-262.451,7.38753,3.09789
70.4563,103.956,3.12625,3.09784
-141.893,-472.72,4.7378,3.09756
276.048,-336.753,3.36842,3.09753
-29.3424,-285.26,4.28095,3.09748
-405.087,75.3236,3.68057,3.09719
-187.367,-374.084,4.0287,3.09699
-85.1712,-59.1651,5.81343,3.0969
-304.517,-343.963,4.04982,3.09628
-391.078,-13.9446,7.68044,3.09549
56.1141,-147.767,3.84624,3.09531
196.332,416.493,9.8733,3.09355
-270.088,-333.599,3.23109,3.09345
-108.659,-318.779,3.93273,3.09328
-188.323,-122.543,3.15869,3.09244
-62.1835,142.081,3.50884,3.09234
146.726,-195.955,3.14764,3.09211
-122.673,-157.918,3.3801,3.09157
316.751,443.647,4.84916,3.09026
128.224,-53.6242,4.27018,3.08977
-219.469,414.731,3.43119,3.08937
174.884,-192.444,4.52855,3.08919
217.697,349.962,3.31574,3.08743
154.476,-432.217,4.32356,3.0867
-335.345,282.493,3.7048,3.08576
-416.353,-345.111,4.48179,3.08552
-345.958,-52.4872,5.08341,3.08473
-305.063,-200.471,5.39258,3.08447
-205.414,-469.138,3.50221,3.08422
-424.463,-277.572,3.08422,3.08345
457.29,-16.6589,4.45516,3.08345
-22.1953,-438.284,3.29575,3.08229
241.58,158.78,3.133,3.08201
80.8385,293.298,3.09589,3.08151
-122.724,-364.339,4.27821,3.08072
-159.918,-39.2631,3.41437,3.08023
-333.301,214.121,3.44738,3.07984
-51.4923,92.8623,4.36155,3.07931
-311.701,19.8871,4.97895,3.07905
-346.539,266.293,4.66219,3.07836
340.882,233.224,5.19123,3.07795
-189.705,136.045,4.20374,3.07791
138.76,-464.158,7.20466,3.0779
-389.891,221.769,3.13985,3.07787
16.83,-83.6831,4.14694,3.07738
353.116,-297.65,3.26225,3.07721
-295.02,383.995,5.8032,3.07715
-104.126,-219.36,4.06235,3.07707
-292.681,85.1044,8.95273,3.07637
-53.679,148.04,3.12717,3.07568
150.044,-395.835,4.52057,3.07561
458.784,-426.792,3.43256,3.07433
447.738,436.972,3.96239,3.07408
154.018,-393.845,7.22712,3.07316
268.502,249.174,4.45834,3.07298
25.64,148.476,5.06653,3.07269
311.45,-268.99,3.24781,3.07204
-411.89,-38.7423,3.18031,3.07195
-435.495,-427.467,3.73305,3.07162
-184.696,-144.607,5.51565,3.06999
-179.127,-141.331,5.92322,3.06902
-338.942,-364.911,3.9258,3.069
-182.704,61.0068,4.38377,3.06889
-146.856,-236.718,4.14243,3.06816
394.644,336.409,3.09667,3.06773
-277.139,-410.329,4.48865,3.06733
117.478,-64.6401,5.14823,3.06724
168.061,-16.3948,4.69716,3.06652
-321.967,-382.812,3.52499,3.06597
-180.806,-282.732,3.8257,3.06548
-21.6243,-193.755,4.48776,3.06522
308.576,433.204,5.0555,3.0645
276.015,-419.946,3.36893,3.06442
401.93,152.913,4.82296,3.06436
431.018,289.322,5.35393,3.06417
298.102,-175.104,4.87146,3.06367
89.6613,63.0153,4.7685,3.06335
-140.586,432.561,3.65457,3.06306
-82.1765,425.049,3.59648,3.06306
-454.481,-451.676,3.89161,3.06268
-192.845,-405.469,9.68972,3.06247
25.8864,94.0018,9.16735,3.06243
-17.1508,474.523,3.347,3.06235
-396.211,-147.279,5.82535,3.06141
297.016,386.575,3.12689,3.05967
439.363,-253.735,5.98332,3.05843
379.538,-137.645,3.70913,3.05775
-168.057,367.002,3.74696,3.05634
-267.634,-299.108,4.57739,3.05603
-7.30239,247.326,6.54409,3.05495
-398.952,441.364,3.20497,3.05495
236.248,342.944,5.61539,3.05454
-147.366,204.539,8.77533,3.05429
117.8,124.67,7.28054,3.05281
453.845,366.435,3.11748,3.0516
-311.938,124.478,4.87538,3.05136
-173.959,68.8478,3.49975,3.04957
-48.5005,-37.0866,3.58364,3.04943
164.349,191.205,3.13719,3.04835
-372.286,45.3576,4.91159,3.0481
-100.193,-60.3738,3.20645,3.04788
-7.16575,-269.16,6.16005,3.04685
-274.317,-406.767,3.27003,3.04648
-437.909,-44.7959,3.73709,3.04645
-255.482,-46.6002,3.48555,3.04498
282.256,281.409,3.36009,3.04497
-82.3545,-223.034,8.74301,3.04349
-139.399,-297.504,3.20232,3.04342
-327.468,248.719,3.45925,3.04246
-306.389,-377.054,3.33652,3.04139
-302.598,-337.187,3.34928,3.04125
239.275,-171.34,4.01219,3.04102
294.45,-332.146,4.03947,3.04082
283.058,255.51,3.43398,3.04078
-463.537,-292.96,4.6208,3.04046
-291.329,393.973,6.35923,3.04
384.142,452.883,3.70486,3.03992
214.891,317.111,5.11428,3.03915
-144.058,355.15,3.40441,3.03847
-286.536,-454.243,3.3466,3.0383
325.624,-31.4561,9.59383,3.03813
-423.116,-257.517,3.08493,3.03737
437.607,90.015,4.54333,3.03677
327.432,371.742,5.19673,3.03665
72.629,5.05525,3.47825,3.03645
337.188,-359.726,5.09997,3.0364
292.361,120.719,3.1941,3.03589
-324.824,-46.3886,5.27491,3.03556
216.454,432.501,6.50121,3.03521
-71.1947,-309.956,3.77688,3.03333
256.997,209.245,3.04092,3.0333
-344.714,404.366,4.06238,3.03324
-304.348,-456.675,5.07137,3.0332
192.576,10.2737,3.14557,3.03222
26.7915,414.447,3.93896,3.03134
321.119,-108.436,4.9441,3.03074
-130.41,-257.163,7.09775,3.0307
-9.90946,341.699,4.3929,3.03069
46.1208,327.555,4.97592,3.03038
-117.97,-179.536,3.20985,3.02999
-182.492,-330.085,3.23038,3.02929
-158.508,172.832,7.25048,3.02913
14.349,55.0121,4.50322,3.02749
-386.432,315.585,3.03383,3.0267
-226.724,-20.4524,3.06569,3.02628
-125.95,-213.723,3.29418,3.02627
153.553,339.562,3.26677,3.02513
62.7373,299.733,3.64266,3.02507
397.654,268.3,4.23735,3.0244
449.516,326.711,3.37238,3.02428
-428.436,-416.559,7.73343,3.02414
7.93866,78.8667,4.77654,3.02373
-264.408,11.7702,3.31469,3.0236
-49.0577,-273.727,4.10423,3.02299
298.343,-170.78,4.50986,3.02203
-149.571,307.522,3.22232,3.02152
-122.608,3.80525,3.22208,3.02139
436.191,-105.262,3.11332,3.02133
-204.486,219.452,3.54334,3.02033
-60.1422,-302.159,4.36876,3.02021
-137.58,-135.143,3.56565,3.02021
97.2789,192.883,4.24922,3.02006
330.333,-50.1749,8.11385,3.01988
-285.438,19.6089,3.36417,3.01956
-338.295,-83.4201,3.64219,3.01941
-231.969,373.627,3.26447,3.01937
342.638,-472.087,3.13183,3.01901
375.845,272.338,3.68765,3.01853
-155.808,-350.711,8.74717,3.01852
-117.399,-447.397,5.08143,3.01834
-263.891,421.459,3.05373,3.0181
207.37,-318.623,4.56819,3.01755
-112.763,-468.539,6.12055,3.01688
277.1,359.598,3.90261,3.01659
-292.425,373.372,8.12598,3.01653
-344.346,-385.651,4.3663,3.01566
72.8456,-467.662,3.08412,3.01525
-394.336,35.3019,3.87398,3.01506
367.979,-165.879,4.14987,3.01476
118.071,441.887,3.10678,3.01449
407.378,234.635,3.38816,3.01428
-31.0028,366.292,3.97103,3.01368
-278.915,240.202,4.81237,3.01361
72.7792,-89.9268,3.83614,3.01301
-199.905,250.619,6.21758,3.0129
389.221,-131.25,3.02104,3.01205
236.876,420.511,3.38888,3.01198
70.6966,374.089,3.37566,3.01151
437.658,-245.544,3.38079,3.01122
438.698,302.147,3.07812,3.01122
208.211,132.417,4.07754,3.01022
202.71,295.951,4.17494,3.00982
-177.426,-274.894,4.93356,3.00969
-214.352,-360.936,4.9379,3.00965
62.8723,285.992,4.03485,3.00917
235.419,425.988,4.73672,3.00913
172.516,-274.929,3.93322,3.00842
216.268,116.832,6.03457,3.00795
298.038,27.3769,3.38282,3.00786
341.29,-174.732,4.25688,3.00768
298.295,-240.973,8.20973,3.00727
-468.521,-152.484,3.98346,3.00713
-23.3207,-377.65,3.68526,3.00707
233.292,-56.9428,3.31903,3.00698
174.033,46.4995,3.04128,3.00674
315.639,432.178,4.87035,3.00566
99.5617,33.4358,3.31749,3.00562
103.67,-144.133,3.57457,3.00542
128.602,-11.3041,3.78454,3.00458
105.166,225.443,5.62361,3.00381
103.828,133.271,3.32459,3.00365
-187.735,167.131,5.20373,3.00346
-439.449,196.247,3.54883,3.00333
-415.906,-201.905,3.09775,3.00332
-444.206,-158.621,3.21542,3.00295
-271.929,-293.678,5.16784,3.0028
271.648,-220.255,3.75344,3.00266
-152.894,-357.197,3.13559,3.00255
167.041,-183.458,3.8282,3.00253
187.648,111.245,4.08512,3.00248
-235.887,-235.369,3.04702,3.00223
419.69,73.0266,3.01636,3.00044
349.288,193.882,4.11576,3.00024
88.9785,-343.702,7.29554,2.99951
-74.558,-367.445,4.56966,2.99917
22.3342,387.129,6.51457,2.99883
298.494,124.324,4.07137,2.99818
-160.672,-371.576,4.23851,2.99785
-362.085,359.109,3.55459,2.99715
465.403,-6.1442,3.33997,2.99659
103.734,-407.643,3.26108,2.99654
-101.767,-351.582,3.41094,2.99626
315.658,-425.943,3.4023,2.99624
3.45916,150.653,5.18049,2.99594
241.043,214.293,3.21556,2.99585
323.748,111.936,3.44232,2.99563
149.921,-349.622,3.85656,2.99563
347.005,413.572,6.2079,2.99545
-169.974,163.683,3.98711,2.99514
305.114,-249.038,3.3785,2.9944
-283.926,-104.098,3.77402,2.99434
-64.7151,-9.7787,3.15976,2.99391
451.805,303.565,5.61432,2.99372
329.837,-188.44,8.36895,2.99278
294.236,-445.545,5.15869,2.99224
84.7059,388.715,8.44729,2.99196
343.684,267.371,6.17547,2.99168
413.805,-395.108,3.28916,2.99129
-121.918,-433.363,4.36521,2.99043
-363.294,385.06,5.76845,2.99009
445.553,-259.128,3.98013,2.99005
-31.8052,147.997,3.64697,2.98979
424.239,338.495,8.7148,2.98952
-184.666,419.249,3.51524,2.9892
257.664,254.746,3.85659,2.98916
-269.767,130.952,3.36741,2.98834
67.7949,301.098,3.00643,2.98824
-202.183,-440.755,3.80815,2.98776
-218.1,457.855,7.29131,2.98765
-195.689,330.762,8.66677,2.98722
-93.6332,-369.489,3.19251,2.98698
464.343,-65.9872,4.96631,2.98651
-7.83742,-203.458,3.07033,2.98593
-178.146,114.957,3.51735,2.98431
-18.5179,119.28,5.45015,2.98373
43.7974,-378.44,3.04351,2.98359
397.022,-115.169,3.33682,2.98304
389.417,-48.611,3.17061,2.98298
-399.913,-323.485,7.72198,2.98255
127.984,466.614,3.00072,2.98205
168.116,422.032,3.43066,2.98115
-188.596,403.272,3.78827,2.98091
-320.169,-343.029,3.25983,2.98035
374.332,198.257,7.0111,2.97962
-97.3688,30.5509,5.03023,2.97799
-458.977,205.273,3.04995,2.97713
-162.307,40.4411,7.11016,2.9767
-442.425,84.5229,3.5133,2.97661
-302.145,457.112,3.77047,2.97644
-248.698,-294.136,4.24574,2.97569
-67.5196,249.489,4.47695,2.97531
-395.864,-207.45,7.21836,2.97495
-192.202,377.52,3.6617,2.97451
126.477,321.898,3.77031,2.97365
440.761,-36.4513,3.37361,2.97328
440.072,253.939,3.65781,2.97317
-71.355,256.172,5.17507,2.97238
116.13,447.422,5.32509,2.97186
376.345,35.5614,4.86378,2.97157
-470.635,-148.353,3.0788,2.97131
182.452,-101.392,5.4619,2.97104
344.877,-85.1126,4.49348,2.97074
-446.575,417.747,4.90265,2.97052
313.072,149.008,3.33029,2.97009
-410.634,354.887,4.54897,2.96955
-429.283,-327.333,4.58542,2.96785
10.3651,-289.305,3.306,2.967
72.8429,-63.4771,3.08842,2.96675
50.7945,202.229,3.17765,2.9667
-37.2938,-128.792,3.20647,2.96651
-186.586,55.0794,3.28368,2.96608
405.575,70.399,3.17074,2.96602
257.544,-58.7322,3.76836,2.96596
-463.363,131.902,4.26074,2.96497
-344.769,110.328,4.1716,2.96458
193.874,316.815,5.62012,2.96438
-70.5946,464.352,3.11292,2.96431
20.3867,408.922,3.41407,2.96412
153.607,97.1562,3.99344,2.96302
385.578,-146.684,3.25883,2.96287
-191.813,319.973,5.09971,2.96174
-182.576,127.17,7.85024,2.96148
-334.059,207.404,3.60026,2.96085
262.851,356.228,4.89654,2.96084
463.101,-414.356,3.01706,2.96028
433.049,-303.646,3.00288,2.96001
-311.522,-407.035,3.64007,2.95972
-235.555,-25.4034,3.6654,2.95963
-84.9037,246.521,5.35937,2.95915
119.607,-174.511,3.03414,2.95834
-85.1142,267.219,4.03555,2.95788
129.979,144.059,5.7961,2.95754
-386.751,-29.5064,3.6084,2.95651
-134.902,217.374,7.55578,2.95643
365.175,-319.538,5.55398,2.95633
-48.0676,93.749,3.07588,2.95631
-176.967,-12.0108,3.13302,2.9558
94.0607,-186.311,4.42718,2.95508
-69.6269,413.455,3.89836,2.95409
101.372,465.518,4.03784,2.9537
153.805,370.725,3.06166,2.9537
-389.141,200.034,4.22713,2.9533
115.82,168.588,3.41052,2.95294
-17.9913,195.116,3.56312,2.95261
471.901,-66.0322,4.68472,2.95193
-232.339,332.904,4.54052,2.95159
324.814,-406.324,3.98479,2.95058
178.091,-69.397,3.63045,2.95043
4.50207,298.312,3.63573,2.95027
-62.4768,362.084,4.96115,2.94944
-349.613,410.523,3.42903,2.94933
181.075,303.507,3.78131,2.94924
-152.725,-136.432,3.03883,2.94896
-424.947,343.16,4.51397,2.9486
-387.817,-59.9787,3.3453,2.94853
158.505,85.7936,3.618,2.9473
366.274,66.5789,4.71134,2.9469
274.747,-412.042,3.48573,2.94618
-98.0957,358.061,3.51584,2.94545
-265.653,205.284,2.96416,2.94511
346.966,430.659,3.46701,2.94501
17.0839,-193.375,3.51229,2.94487
-354.058,130.499,4.6611,2.94294
-186.681,339.867,3.93241,2.94259
59.75,-157.595,8.36271,2.94255
-405.656,-40.9678,3.06173,2.94191
-252.231,-228.248,4.53387,2.94181
-1.56899,225.814,3.80702,2.94179
-313.21,177.273,2.98575,2.94171
385.74,442.658,4.33239,2.94019
78.995,-172.293,2.95466,2.94009
37.5964,-143.243,4.22257,2.93907
25.2092,268.479,4.52426,2.93899
-140.532,291.028,3.667,2.93898
-214.227,341.142,3.29407,2.93884
-344.053,117.357,4.40006,2.9388
-344.133,-473.031,4.40258,2.93814
-237.829,-297.096,3.21763,2.93775
-4.22389,-464.707,3.57321,2.93755
-125.799,-82.5604,3.4202,2.93739
-231.577,29.8869,3.61086,2.93708
-127.16,69.2009,4.07111,2.93611
-32.5664,294.461,3.96443,2.93557
-83.6706,396.208,6.69278,2.93507
-278.758,-221.042,3.60782,2.93494
-432.888,237.069,4.35417,2.93458
-282.482,-29.3426,4.07767,2.93139
-46.5255,284.655,4.38734,2.93126
8.3739,-340.532,3.97018,2.9312
-140.167,332.388,6.25565,2.93112
-113.399,-374.651,3.55258,2.93093
-210.203,10.6982,3.31452,2.93084
-23.9229,-284.733,3.15334,2.9303
-36.7644,46.1702,3.0465,2.92966
-319.382,-197.532,3.02081,2.92926
379.42,357.17,6.60824,2.9282
-171.281,410.415,3.35396,2.92802
293.808,-29.1628,2.97648,2.928
80.6486,-51.3734,4.85326,2.92785
393.594,370.723,4.46897,2.92723
265.012,-141.496,3.14974,2.92715
-434.828,-4.06203,3.66504,2.92702
-458.161,19.0195,4.47569,2.92569
374.455,462.092,2.98798,2.92523
185.493,135.568,3.4701,2.92478
244.114,367.888,4.40507,2.924
107.733,-407.112,4.89998,2.92392
385.77,1.29092,2.97281,2.92384
-160.119,235.448,3.11656,2.92372
-415.352,433.711,3.26071,2.92352
-186.793,259.79,5.56991,2.92241
-62.0272,-90.836,3.79139,2.922
-284.995,144.657,3.75065,2.92178
-268.657,-429.673,4.44959,2.921
-379.176,-436.813,4.68023,2.92099
154.938,-83.0024,4.50017,2.92098
460.223,-180.561,3.47333,2.92063
-405.901,-270.816,4.64805,2.91958
86.3057,-304.021,3.37059,2.91872
191.024,13.7392,3.33325,2.9185
-82.5683,-382.602,4.86192,2.91649
418.68,-81.9319,4.03512,2.91621
-375.663,-356.759,3.63351,2.91614
-315.117,-59.2397,3.24774,2.91612
-414.038,-418.185,3.54726,2.91564
237.824,207.297,3.18601,2.91554
-384.967,-316.798,3.89279,2.91526
241.319,103.284,3.99632,2.91519
261.678,351.07,4.00516,2.91499
271.168,-348.256,5.10487,2.91494
-223.603,427.533,4.46383,2.91458
-165.249,-212.635,3.45139,2.91418
-318.872,75.741,3.07564,2.91375
403.131,-179.736,3.23733,2.91339
317.239,-308.84,5.59852,2.91301
-134.857,-215.436,3.21856,2.91242
5.51417,91.219,3.07539,2.91211
164.295,105.58,3.74712,2.91206
343.565,259.693,9.50065,2.91169
-119.457,316.573,3.41684,2.91033
154.359,376.382,2.92652,2.91016
306.822,-362.716,4.35477,2.91013
-105.018,-287.488,3.50496,2.90969
474.986,182.865,3.0188,2.90939
342.574,-236.648,3.01162,2.90886
-106.866,-404.103,4.65938,2.90877
-58.7144,-210.205,2.96108,2.90845
-402.747,-259.569,6.93889,2.90659
273.824,-340.21,3.66457,2.90542
-452.124,6.4049,2.91616,2.90523
223.544,-246.509,3.08427,2.90511
355.669,129.623,5.74226,2.90462
-45.8812,-354,5.8002,2.90292
276.481,278.408,3.01774,2.90283
-19.2815,-16.0985,3.01058,2.90121
-162.778,-343.417,4.04299,2.90119
176.286,-98.8595,9.02326,2.90077
16.828,119.946,3.84381,2.90033
-470.376,313.804,4.07171,2.9002
-368.025,88.1667,5.46405,2.89986
-237.475,-336.684,5.14038,2.89929
404.966,455.441,3.34754,2.89927
318.049,376.081,4.83206,2.89841
259.173,-95.9191,4.74646,2.89836
134.502,-283.76,3.12829,2.89806
369.088,-360.934,3.64592,2.89735
204.127,355.927,4.11051,2.89734
-383.919,340.055,4.34192,2.8972
-229.801,-271.895,5.3936,2.89702
100.238,-18.1736,5.02178,2.89646
-451.286,-17.8956,4.44048,2.89621
-300.373,-65.6934,8.97449,2.89595
-100.231,380.483,4.84087,2.89569
176.368,-199.54,2.93289,2.89467
270.977,-383.754,4.46962,2.89312
-104.167,302.592,3.01056,2.89311
-217.146,135.747,4.0751,2.89189
177.829,-302.58,5.17289,2.89166
124.593,-42.5291,3.22035,2.89003
-175.401,239.508,3.93146,2.88969
324.188,-168.145,3.05766,2.8892
97.3279,-73.3653,3.49171,2.88915
-150.142,65.0243,4.07326,2.88875
285.74,-50.163,4.54596,2.88859
190.561,-268.114,3.17125,2.88832
190.214,310.245,5.35737,2.88779
420.773,200.265,3.00228,2.88769
-252.913,120.527,6.94421,2.88697
176.501,356.552,3.69932,2.88617
-185.069,171.026,4.31866,2.88517
84.1763,-174.52,4.60807,2.88459
-113.773,-239.494,3.94677,2.88451
-363.889,-273.365,2.95501,2.88444
-34.6884,-358.046,3.98012,2.88396
354.591,349.645,3.66103,2.8831
446.578,-19.4614,5.60025,2.88309
-312.18,-49.1063,3.03255,2.88287
-78.7471,-453.496,4.92247,2.88271
-360.17,-74.7138,3.43985,2.88247
-240.616,234.977,3.17489,2.88158
-311.291,433.225,3.20764,2.88157
-366.919,142.579,3.29025,2.8813
155.031,-250.369,4.37736,2.88082
-11.3489,-473.548,3.11939,2.8794
-407.747,59.1319,5.01863,2.87938
-353.247,-206.382,6.14734,2.87881
-323.951,-383.234,5.69658,2.87788
38.9801,-280.456,5.86836,2.87762
-41.0187,-231.653,2.98225,2.87587
131.304,30.5996,5.45894,2.87577
6.41184,315.367,2.8882,2.87571
78.4828,49.7806,6.47162,2.87531
-169.22,-254.587,6.40673,2.87516
-396.584,64.8795,3.04423,2.87515
-144.307,-444.541,3.96252,2.87293
-455.931,-330.983,4.64602,2.87238
269.377,434.251,3.37531,2.87199
-461.559,-366.045,3.49689,2.87158
-376.844,-205.997,4.05541,2.87137
436.533,-388.081,3.2943,2.87122
2.50658,-302.792,5.42061,2.87096
-298.372,-61.8217,3.11761,2.87086
44.5421,-32.39,4.11722,2.87078
6.42979,473.691,2.92173,2.87074
397.497,248.911,3.56839,2.87069
464.316,-167.902,4.17331,2.87067
359.44,191.524,4.19642,2.87052
-439.542,233.947,3.07194,2.87002
-393.457,-29.8778,4.03062,2.86918
-234.468,-448.838,8.11097,2.86897
-229.645,-194.066,2.92491,2.86885
-80.0973,472.86,3.44085,2.86762
229.582,262.981,5.57844,2.86756
278.942,-91.2891,3.7422,2.86659
439.166,-85.8312,3.56041,2.86629
289.892,-269.39,3.70942,2.86606
-326.91,182.878,3.04163,2.86564
-86.3077,-7.88507,3.95362,2.86555
-246.711,-223.431,3.79152,2.86545
44.5441,108.843,4.04157,2.86504
255.176,-202.918,2.88293,2.86474
26.6657,-167.196,4.15002,2.86363
113.882,-367.332,2.91477,2.86331
-208.507,320.95,3.22121,2.86282
237.638,-336.945,3.06595,2.86236
323.363,-118.093,6.7695,2.86169
-376.88,-318.161,3.89712,2.86133
474.844,360.522,2.99019,2.86128
234.424,-388.057,3.54443,2.86097
-311.409,-239.46,2.97607,2.86057
5.35648,66.7804,4.22633,2.86042
21.1327,-441.867,3.92132,2.86017
455.372,-308.927,4.79532,2.85963
242.083,-32.523,4.20573,2.85931
60.0953,463.106,4.72825,2.85901
-376.409,-298.115,3.67007,2.85835
402.946,-7.24863,2.89265,2.85768
-422.899,-148.212,2.9628,2.85725
-16.4004,144.993,3.43526,2.8571
-440.266,421.411,2.92899,2.85698
321.512,-7.8945,6.41078,2.85642
14.3722,-152.083,3.10118,2.85556
9.76488,55.492,3.98611,2.85507
243.387,317.848,4.23274,2.85438
-2.01707,100.639,4.53812,2.85404
-298.443,273.637,3.84149,2.85392
178.049,-79.9813,4.7858,2.85362
-134.97,-406.884,3.47394,2.85331
-235.781,267.494,3.07276,2.85282
147.876,-262.201,4.18086,2.85272
161.688,-446.451,3.60883,2.8526
261.816,-308.26,4.92293,2.85226
78.7438,-389.744,3.07131,2.85198
-185.272,-112.289,4.08532,2.85188
-400.941,73.999,3.05368,2.85022
-464.636,451.771,3.20528,2.84981
-264.011,290.534,3.82632,2.8497
-47.1606,117.131,4.1978,2.8492
196.084,39.1062,4.84614,2.84863
-393.532,-211.547,2.92685,2.84835
-108.006,-115.544,4.69514,2.84774
297.018,-107.698,4.56337,2.84755
-2.53566,-229.248,2.99963,2.84745
240.992,-463.358,4.32673,2.84737
233.665,82.7667,3.09237,2.84675
121.073,212.449,3.22647,2.84652
310.561,315.999,4.46059,2.84574
-103.444,297.229,5.38762,2.84405
-78.1979,-415.823,3.1835,2.84401
22.2586,246.175,3.27246,2.84327
-378.876,309.552,5.76574,2.84181
-95.9533,263.54,3.66662,2.84175
-196.714,-240.577,6.26626,2.84147
-328.847,-138.812,3.39232,2.84136
-0.67683,410.196,3.62669,2.84126
-469.676,-29.6124,2.96537,2.84101
169.841,-459.685,5.1948,2.8402
-94.2391,93.8008,4.74685,2.84003
-183.504,-57.497,2.9585,2.84001
348.377,362.673,4.19585,2.83975
368.282,-147.093,7.37478,2.8396
-61.8677,-323.042,3.16021,2.83893
316.706,468.958,6.46076,2.83871
-275.037,-439.261,3.41981,2.8387
396.785,-223.345,4.9863,2.83843
276.322,295.17,3.79407,2.83825
100.45,-258.834,5.40135,2.8375
-108,-268.943,5.5165,2.83651
-142.813,186.326,3.01891,2.83576
-214.341,-317.713,4.84033,2.83551
414.605,-167.307,8.00286,2.83531
-456.703,-22.7588,3.02166,2.83526
-216.356,-453.91,3.38453,2.83525
257.087,77.2124,2.93858,2.8351
375.96,-201.194,4.72049,2.83507
-42.9063,292.216,3.24243,2.835
-456.576,-87.0614,5.33082,2.8348
-217.862,-461.536,8.28175,2.83474
423.465,373.272,3.4498,2.8342
419.97,176.26,3.14597,2.83406
385.482,-162.881,2.94052,2.83391
150.981,125.014,4.31332,2.83288
-343.218,401.465,2.95885,2.83274
-408.796,-359.157,3.0394,2.83209
-450.271,-353.965,3.11905,2.83208
-167.349,394.771,3.05974,2.83206
-94.6335,200.393,3.0679,2.83174
168.264,-118.217,2.98054,2.83129
265.836,99.8972,3.78799,2.83094
92.4855,-353.253,3.06864,2.83036
427.451,-246.529,5.73781,2.82987
-82.8075,457.597,4.00393,2.82986
323.416,-328.971,4.57668,2.82973
-249.511,-409.596,3.10756,2.8297
-111.126,388.932,4.98385,2.82959
-281.517,-401.696,2.93084,2.82958
9.38204,85.5049,4.46415,2.82957
330.382,-19.7638,2.96869,2.82914
25.8247,323.331,2.83885,2.8291
-369.603,415.889,4.88403,2.82905
-448.517,-187.174,3.81469,2.82893
253.59,-155.089,3.87101,2.8286
417.135,-36.8478,2.95849,2.8285
-230.393,199.799,3.67081,2.82825
212.459,-286.011,2.94316,2.8277
-0.616759,-372.747,3.32786,2.82763
-373.426,143.463,2.83127,2.82743
360.189,54.0023,4.66307,2.82723
148.357,240.984,6.33711,2.8269
409.139,-18.9181,5.24418,2.82676
337.231,-256.038,7.92957,2.82655
-389.233,409.519,4.44819,2.82586
-398.879,362.552,4.49899,2.82547
30.7463,435.768,3.5484,2.82515
338.075,276.913,3.49526,2.82443
372.96,84.5286,3.57409,2.82442
-222.095,96.9705,3.22687,2.82409
-62.4282,-427.801,3.98128,2.82345
-38.875,241.451,5.48034,2.82309
-168.848,158.177,5.09729,2.82141
185.939,-239.127,2.98952,2.82129
372.102,-293.867,2.90054,2.82091
103.513,-423.813,3.17845,2.82078
-222.241,-385.638,3.90737,2.82066
-218.347,-212.056,6.05829,2.82059
-25.2959,-123.322,2.83826,2.8203
-134.108,-434.802,3.17342,2.81957
-127.587,-282.831,4.65007,2.81935
112.963,391.96,3.39568,2.81934
12.2847,235.417,5.60345,2.81874
-31.3969,135.797,3.49746,2.81836
-28.9034,413.591,3.13114,2.81771
-168.288,-364.955,3.13599,2.81743
-397.973,-129.368,3.10194,2.81741
334.831,-181.462,4.66698,2.81712
-271.657,-443.407,3.15026,2.81606
273.579,-379.615,2.97141,2.81572
-84.3991,-210.135,7.75174,2.81466
-224.976,-374.651,9.10555,2.81456
71.8366,-188.067,3.70893,2.81436
373.407,322.601,3.12579,2.81314
20.796,215.197,3.03229,2.81306
424.019,-460.549,8.93981,2.81246
354.92,-317.36,3.86702,2.81242
-356.39,-117.571,4.26603,2.81228
-475.056,-391.003,2.90989,2.81219
-5.45409,231.737,5.59124,2.81169
350.645,360.422,3.37766,2.8116
-178.552,255.75,5.19213,2.81114
-63.1936,-93.1437,3.39586,2.8103
-298.752,256.519,2.81349,2.80995
-130.427,286.57,4.09326,2.80963
-302.509,308.178,2.85388,2.80852
-379.56,-162.33,3.13219,2.80802
240.774,-299.27,3.83208,2.80765
85.7907,-218.092,3.90782,2.80736
303.373,-424.039,5.26291,2.80735
-190.121,-4.26612,3.07506,2.80704
336.605,106.525,9.86668,2.80694
-432.942,268.474,3.11696,2.80628
455.721,352.16,4.45757,2.80623
-187.476,216.115,3.48128,2.80437
-443.552,-140.692,3.65877,2.80436
83.0529,-465.182,3.29961,2.80435
-457.864,417.663,3.22926,2.80385
86.8062,-275.973,4.65514,2.80379
-87.1827,315.269,4.53049,2.80354
-339.522,296.816,2.82289,2.80345
53.6768,222.686,3.48164,2.80319
143.485,-52.6456,5.21555,2.80299
216.209,-256.996,3.31373,2.80264
-137.886,268.904,4.60212,2.80235
-418.767,246.947,3.37455,2.80193
29.8649,-291.537,2.81368,2.80185
-432.897,-254.713,4.2843,2.80103
-294.963,458.867,3.26752,2.80051
134.845,-267.934,3.62129,2.80047
-406.443,-6.49927,3.5833,2.80033
175.776,78.4411,2.96097,2.79966
-238.988,-268.803,6.56242,2.7982
-170.517,-235.501,9.43281,2.79776
-140.152,300.8,3.64694,2.79725
449.852,270.925,3.07775,2.79688
-115.672,-88.5537,3.38539,2.79608
178.739,-187.718,3.9683,2.79572
-7.52112,-198.334,6.90634,2.79559
-287.073,-446.729,3.61957,2.79467
378.535,99.753,3.97714,2.79415
332.401,222.645,3.29656,2.79192
305.454,174.064,3.65389,2.79187
-20.6099,-383.929,5.53514,2.79136
-429.106,-344.077,4.50348,2.79117
30.8655,-71.9428,8.22848,2.79116
-57.3519,353.099,2.85359,2.79069
-428.224,-203.319,3.42152,2.79005
462.85,219.809,4.18881,2.79001
307.904,151.459,5.11917,2.78931
451.637,-413.75,4.49894,2.78909
-29.3273,27.0693,6.74966,2.78882
157.052,265.426,4.26086,2.78724
-233.905,201.719,3.03665,2.78668
235.121,-58.6993,3.18827,2.78651
-159.311,-78.8926,3.04937,2.78501
426.47,-302.843,4.80851,2.78388
-381.469,-59.9005,2.97115,2.78384
-204.078,221.561,2.8899,2.7838
-136.788,-226.357,4.67742,2.78362
200.982,-124.115,3.09636,2.78315
235.602,241.482,3.14013,2.78261
-104.499,202.063,3.08535,2.78215
-9.33395,-351.362,3.90566,2.78206
18.4898,233.926,3.31078,2.78179
-269.561,-357.014,9.23143,2.78157
-18.7471,106.996,3.18412,2.78152
-285.846,-116.264,3.38552,2.78128
-257.157,-132.993,4.26162,2.77976
-173.604,-39.6335,4.70781,2.77936
217.886,356.198,5.29195,2.779
306.616,32.254,2.94219,2.77863
255.356,-240.91,3.54148,2.77824
185.127,-424.462,3.30213,2.77678
90.9425,313.58,2.92566,2.77635
-472.073,-231.044,3.85676,2.77628
-303.182,409.911,4.34181,2.77613
387.934,104.474,2.90342,2.77582
-19.6689,-419.54,3.13538,2.77573
-162.715,79.2114,3.12631,2.77552
-222.251,331.988,3.54553,2.77484
281.554,286.087,2.9244,2.77462
-150.771,-124.534,3.00656,2.77457
397.276,-225.845,5.08166,2.77361
-437.142,-219.831,4.79827,2.77359
78.2955,-99.4812,3.21196,2.77317
265.709,242.421,2.88521,2.77307
69.4121,366.998,6.60772,2.77307
227.757,224.604,3.47773,2.77299
335.784,-13.3255,5.33923,2.77217
55.2615,420.977,4.6265,2.77188
459.515,-186.797,4.73144,2.77159
-414.02,62.0462,3.33577,2.77126
-391.599,-109.817,3.39786,2.77074
237.815,362.506,2.8317,2.77038
-370.295,281.191,4.60785,2.76998
-434.539,119.279,2.83209,2.7693
-102.551,-143.68,3.13562,2.7693
-296.042,-471.901,3.32414,2.76897
257.745,-374.522,3.57576,2.7689
217.117,469.624,5.07109,2.76825
91.5005,-328.244,3.30327,2.76814
-126.68,-182.248,4.74497,2.76777
18.7393,468.566,3.14951,2.76739
386.252,180.912,5.0183,2.76699
-369.621,443.68,3.50209,2.76679
-30.6115,-20.9281,6.38366,2.76608
-119.328,-17.0015,3.56998,2.76589
-272.082,-83.5227,5.15425,2.76583
170.232,234.006,3.94392,2.76577
-393.365,-226.423,4.45532,2.76544
404.595,375.304,3.56661,2.7653
171.667,248.627,3.91861,2.76506
257.014,-401.446,3.73673,2.76461
71.6189,-6.29394,4.48595,2.76458
233.288,347.445,4.53899,2.76382
-382.556,-404.604,3.51668,2.76329
-124.928,303.258,2.83972,2.76287
-46.1289,-35.088,3.17622,2.7623
149.443,433.043,5.61461,2.76219
-84.518,159.877,3.43473,2.76208
414.11,188.463,4.3238,2.76075
123.486,379.631,3.5504,2.76074
60.1692,136.913,4.09035,2.76055
-340.019,-128.925,4.48701,2.76047
420.149,-467.573,4.26673,2.76015
48.5279,240.486,3.34413,2.76009
-267.853,362.915,3.21054,2.75997
-141.56,-287.722,6.1177,2.75907
-191.267,330.159,5.50186,2.7586
-340.564,-141.291,4.15394,2.75814
447.879,-391.773,2.825,2.75772
396.976,-110.262,3.44242,2.75757
-81.3795,-348.633,3.48262,2.75714
-44.5446,-52.5174,6.62054,2.75653
-225.065,9.76477,3.8229,2.75582
-405.676,-254.681,7.51032,2.75572
-145.037,218.383,6.36341,2.75553
-424.322,-90.3622,3.56625,2.75371
144.815,-464.568,3.8009,2.7537
-135.269,-248.648,3.04564,2.75262
153.516,294.856,4.98982,2.75244
-61.5515,-99.0141,4.07547,2.75116
230.534,247.334,4.151,2.75067
113.064,-289.097,7.71826,2.74917
-305.075,-258.405,6.70718,2.74905
-195.027,-311.043,6.49131,2.74876
-140.076,-198.655,2.83785,2.74866
-465.534,-183.072,3.37767,2.74796
123.385,213.211,3.87614,2.74775
-229.963,-170.222,3.31057,2.74709
291.912,285.461,6.32104,2.74678
315.841,-392.455,3.09864,2.74667
-160.777,-321.053,3.62446,2.74642
-10.9488,155.697,3.13478,2.74573
37.2459,364.993,5.45693,2.74451
-367.041,310.832,5.39982,2.74243
-454.923,-115.034,2.83345,2.74224
394.591,-334.353,3.46511,2.74208
346.413,-163.261,3.73361,2.74207
-36.9343,-310.273,3.87992,2.74196
463.624,-360.418,3.21598,2.74188
306.421,-119.26,4.84494,2.74104
-62.6023,97.61,2.94577,2.7406
327.434,395.358,6.04405,2.74006
-73.265,-282.749,5.62903,2.74005
-370.88,285.535,3.83228,2.73996
366.09,349.104,5.04898,2.73981
472.435,325.488,3.44545,2.73968
160.236,-173.968,2.83194,2.73951
-74.2494,-311.61,3.85741,2.73945
54.9233,449.72,3.64969,2.7388
334.904,-14.7301,3.09941,2.73854
-208.586,21.7325,3.20926,2.73692
-96.3569,-225.937,4.26016,2.73577
88.7363,-241.763,4.87386,2.7357
-365.823,-165.385,2.97016,2.73544
-78.8131,-81.3947,3.73072,2.7354
-220.888,248.543,3.75015,2.73501
-26.5142,333.917,2.81874,2.73426
-338.926,292.063,3.23175,2.73406
-372.798,-128.464,2.98012,2.73393
194.74,436.293,3.30277,2.73388
359.276,91.8363,2.91694,2.73364
-84.7005,45.326,4.38153,2.73264
284.333,410.297,3.37506,2.732
413.607,-135.012,3.44165,2.73192
133.785,-186.757,3.46618,2.73152
53.7468,378.378,4.33876,2.73152
-125.943,-447.712,3.2231,2.73132
179.546,-465.96,3.00049,2.73096
-369.302,187.172,3.32226,2.73055
-273.885,409.625,2.99145,2.72993
374.467,-402.477,7.84324,2.72962
21.9431,295.467,3.36537,2.72849
-241.262,66.397,2.96441,2.72847
-42.9348,287.115,5.45264,2.72782
56.0586,-407.769,2.88235,2.72762
-459.187,267.95,8.96761,2.72738
-223.709,-104.269,4.04777,2.72724
-176.226,-339.551,3.0322,2.72702
98.3181,-117.058,2.9575,2.72692
90.5081,-434.001,5.46399,2.72653
436.448,-245.788,8.647,2.72527
261.783,174.742,3.322,2.72359
127.169,-416.648,5.56119,2.72232
-421.39,276.526,5.008,2.72225
242.031,398.105,4.98394,2.72186
-381.587,-73.1448,4.35679,2.72165
331.832,-147.573,4.10662,2.72137
115.56,119.827,9.33853,2.7207
-259.763,54.3133,6.84119,2.72026
-385.99,-4.07485,4.0263,2.72014
-18.0748,409.649,3.07683,2.71996
-169.318,473.351,3.15409,2.71986
-50.0977,124.582,5.2452,2.71913
-430.93,349.33,2.91439,2.71895
29.5701,-139.468,4.2095,2.71895
192.843,-274.424,4.94001,2.7188
387.178,86.4093,4.31678,2.71868
-314.919,-324.083,5.38617,2.71855
110.868,336.985,4.47066,2.71823
335.699,-2.54532,3.00998,2.71795
-113.568,-186.75,5.53523,2.71761
141.797,36.9413,4.12353,2.71664
-110.607,434.677,2.97944,2.71652
-38.2468,7.177,3.19454,2.71559
8.79575,-172.727,2.97624,2.7151
299.422,-298.523,3.91734,2.71479
361.025,220.175,3.64083,2.71295
-80.0428,223.505,3.17503,2.71289
19.7459,-333.2,3.1652,2.71278
-330.236,-63.8569,4.07821,2.71257
129.583,-337.836,3.54138,2.71233
285.333,329.025,2.8882,2.71174
-341.967,470.934,4.12991,2.71138
57.7571,-310.502,3.70608,2.71133
-23.1389,-24.8944,4.41645,2.71123
446.867,370.005,4.10653,2.7112
128.896,-82.6668,3.03822,2.71102
45.352,147.227,3.57085,2.71066
-391.641,237.61,3.07126,2.71058
-443.028,-300.036,3.50558,2.70991
434.621,-191.244,3.34591,2.70968
-55.0477,140.395,3.00759,2.70812
-223.26,415.633,3.07342,2.70781
393.776,-303.111,3.39307,2.70779
-117.896,48.8648,3.68081,2.70731
-172.929,93.0683,3.29833,2.70698
103.091,-383.217,3.02206,2.70684
-56.9223,189.026,3.23473,2.70653
-405.753,-275.811,4.81193,2.70622
-125.421,162.227,4.32303,2.70616
1.5987,-77.5985,8.13592,2.70565
-40.1457,71.4887,5.22714,2.70556
-343.677,9.61671,3.44302,2.70522
452.762,135.306,3.71271,2.70469
69.9794,281.643,4.34549,2.70447
-213.046,-83.1664,9.21548,2.70427
-347.345,159.352,5.19607,2.70399
-44.7335,-241.603,3.57831,2.70301
-349.147,406.977,3.93518,2.70252
-29.1771,-59.9096,2.84714,2.70228
-289.986,14.1416,5.14127,2.70166
-144.585,185.881,8.58414,2.70158
-85.8194,149.822,3.67962,2.70084
-209.618,-89.9211,3.46035,2.70007
-229.381,-325.061,4.90776,2.6996
27.5319,-418.855,3.54493,2.69932
-89.2059,124.325,5.07801,2.69911
150.728,-126.359,3.47829,2.69871
282.479,-336.084,3.38554,2.69867
42.381,-174.741,4.68453,2.69813
447.922,441.709,3.44966,2.69802
187.158,8.8983,6.61731,2.69753
-453.262,278.472,6.93193,2.69724
-454.837,-23.3913,3.89669,2.69633
-23.2468,-410.531,3.64748,2.69618
-188.05,147.777,2.88925,2.69613
37.7052,-41.8855,3.81919,2.69581
313.861,264.186,3.76595,2.69557
410.664,325.925,5.34748,2.69552
-308.402,-83.0032,3.99099,2.69536
-82.9508,-41.316,5.72692,2.69448
-462.548,343.464,5.56218,2.6942
-80.2632,-348.606,6.58662,2.69367
184.81,253.712,5.14167,2.69366
115.71,313.344,3.22547,2.69237
222.852,415.374,4.15986,2.69153
332.881,267.163,3.11341,2.69137
210.838,270.48,2.99907,2.69129
-353.212,-356.517,4.53369,2.69057
111.59,68.16,3.01457,2.68976
79.1245,202.434,3.25338,2.68967
150.276,35.3903,2.82868,2.68965
-318.211,-434.741,2.86999,2.68908
294.411,-5.42117,4.12571,2.6881
-317.497,-95.2209,3.39576,2.68805
20.3044,-211.009,4.67408,2.68788
138.091,139.243,7.46297,2.68784
-285.008,276.718,3.34273,2.68726
63.7524,426.283,5.97102,2.68686
362.552,127.794,3.31665,2.68661
354.345,149.209,3.82669,2.68656
83.4083,7.22465,5.30312,2.68647
372.478,452.993,3.47256,2.68553
-250.384,-41.7875,2.81845,2.68553
13.0124,410.467,4.63604,2.68504
-324.523,-90.8799,5.72517,2.68486
119.5,-335.713,4.1681,2.68432
381.956,230.243,3.49475,2.68385
-439.701,4.39169,3.39824,2.6832
-322.341,-220.443,4.21648,2.68209
-388.782,-179.567,2.82132,2.67943
-52.3983,337.821,3.31089,2.67928
389.034,293.358,3.49994,2.67908
-239.666,-180.927,3.61806,2.67893
359.548,-297.483,2.96265,2.67875
112.563,-128.873,3.57714,2.6785
359.439,-170.16,3.04518,2.67847
-235.139,405.812,3.38829,2.67832
-136.139,-448.834,3.28472,2.67826
-188.849,8.72688,3.09035,2.6782
97.7864,205.689,4.14423,2.678
201.073,-27.1648,4.46598,2.6778
412.592,-155.611,2.85579,2.67754
19.7432,5.2,6.38102,2.6774
-243.546,-13.5384,3.05479,2.6767
234.623,167.312,3.14103,2.6765
418.076,300.547,4.21343,2.67649
-59.1285,-194.488,3.26579,2.6763
183.661,119.434,3.00914,2.67624
237.978,295.949,3.18418,2.67545
226.153,-62.3279,2.90764,2.67526
103.431,438.935,4.38212,2.67521
-101.426,212.326,2.86437,2.67515
148.557,404.52,5.43857,2.67497
-441.706,-157.974,3.60194,2.6739
26.9109,45.6498,3.50808,2.6737
-353.678,468.625,4.76735,2.67368
-185.822,-35.9296,8.69148,2.67364
-134.232,-200.465,2.84522,2.67363
-119.341,228.163,4.39278,2.67333
302.488,174.673,5.88349,2.67288
-407.457,461.725,3.23129,2.67264
43.9124,-258.504,3.643,2.67252
-296.785,438.75,3.52313,2.67149
-398.522,15.2656,4.2385,2.67134
-434.362,18.1039,4.234,2.67089
-30.2273,111.641,3.93935,2.66972
173.796,102.382,2.87675,2.66927
245.752,-126.755,3.51615,2.6691
362.095,384.771,6.86556,2.66847
201.169,408.386,5.16575,2.66842
-29.8048,-322.861,3.90624,2.66837
-176.237,-255.13,2.81673,2.66807
-428.62,-186.303,3.74647,2.66673
247.711,467.476,3.08499,2.66566
-317.769,57.303,2.86149,2.66555
-292.079,-440.272,5.35359,2.66546
96.0196,153.141,5.10881,2.66516
351.236,358.455,5.968,2.6646
273.861,-242.341,4.29826,2.66443
-27.4369,-232.904,4.06798,2.66378
-266.679,287.635,3.59189,2.66315
60.6472,-180.725,5.63697,2.66129
-225.345,-426.803,3.77724,2.66037
-331.244,-134.444,4.61717,2.65928
94.8697,336.571,3.9916,2.65819
-80.9376,93.868,2.92616,2.65801
-378.317,428.313,3.71416,2.65798
12.8427,-288.978,4.73503,2.65786
326.508,-452.302,5.08203,2.65556
-234.214,-148.085,2.98818,2.65421
-62.1733,-401.03,3.02823,2.65295
-336.227,-328.996,7.59243,2.6528
110.238,114.933,3.00392,2.65215
-313.963,59.1907,3.98151,2.65205
114.408,-376.661,3.77309,2.65109
262.112,381.338,3.07375,2.65058
-225.547,135.007,2.87596,2.65042
172.468,335.391,3.63884,2.64981
-385.606,-346.53,4.26769,2.64974
92.4443,-191.077,4.48634,2.64906
-131.524,-50.6573,4.97245,2.64868
-273.376,220.669,3.23468,2.64772
363.146,238.502,5.23592,2.64731
291.455,75.8528,3.52308,2.64726
205.546,-473.587,4.24778,2.64635
92.7466,-27.0589,5.28214,2.64583
360.138,126.839,2.89038,2.64548
18.2221,432.371,2.95544,2.64547
-322.508,290.287,3.32759,2.64527
-396.25,223.479,2.89008,2.64511
140.32,294.135,3.45943,2.64221
208.664,-343.293,2.87707,2.64184
-401.833,-350.437,3.90496,2.63994
-60.9963,76.8876,3.88053,2.63976
-215.756,230.018,4.34697,2.63973
-7.07385,312.332,2.94781,2.63964
-451.745,343.467,5.396,2.63938
196.278,-126.698,5.06901,2.63923
-226.8,-324.506,3.13607,2.63856
66.2575,61.7453,5.23847,2.63828
-284.2,-205.005,4.68569,2.63813
-96.357,244.026,3.76646,2.63804
-448.214,-300.56,4.26738,2.6376
390.916,-28.2962,3.5765,2.63756
45.301,-446.002,3.16002,2.63643
49.219,-411.965,3.92074,2.63601
-439.839,-397.584,5.30994,2.63536
359.107,172.82,2.98003,2.63527
-279.507,304.083,5.46907,2.63453
78.0737,95.7155,3.78784,2.63451
137.726,-221.241,6.56638,2.63246
-92.9548,390.143,2.83531,2.63234
-399.539,-42.6226,4.46335,2.6321
470.724,-277.521,2.8506,2.63183
30.2227,266.557,5.70569,2.63178
43.7998,48.2505,4.07386,2.63106
412.457,231.342,4.75808,2.63081
-346.678,-345.567,3.34078,2.63071
-343.265,-444.517,2.97833,2.62782
388.113,-472.407,4.74876,2.62745
69.4823,396.314,4.66174,2.6268
-459.339,-56.4173,4.93657,2.62679
178.881,357.497,8.97183,2.62659
-20.0553,277.949,3.9197,2.62516
460.069,469.248,7.09493,2.62509
-183.83,-210.317,3.626,2.62497
383.806,-67.7481,3.27101,2.62451
271.685,349.9,5.25239,2.62413
21.335,-183.7,5.29808,2.62359
-460.656,-290.873,3.48024,2.62358
-283.156,9.41552,5.28185,2.62305
200.959,269.517,3.47498,2.62277
282.059,-223.645,5.11318,2.62233
-148.143,383.962,5.34352,2.62227
308.643,-446.316,3.51445,2.62224
340.816,304.262,3.52546,2.6221
396.337,-170.065,4.22389,2.62192
-52.481,364.211,3.27723,2.62158
363.009,265.469,3.00325,2.62065
-61.8966,-296.293,3.54739,2.62016
47.8896,351.778,3.32704,2.61981
-314.519,137.177,3.15832,2.61945
-389.59,-210.605,3.18868,2.61932
313.959,-377.134,4.99577,2.61818
222.389,-346.321,2.87554,2.61783
-463.028,7.78851,5.4362,2.61745
109.59,79.5959,3.81787,2.61723
110.376,251.575,3.89124,2.61679
142.598,-321.654,4.22033,2.61663
137.455,-42.1799,5.54,2.61649
468.849,20.8675,5.70944,2.61594
26.9803,-205.031,2.93513,2.61569
401.566,-464.656,4.89824,2.6154
-127.211,58.3404,3.89359,2.61505
266.438,-137.985,5.55736,2.61454
-177.159,367.154,5.92656,2.61445
249.194,-233.573,5.24978,2.61327
384.048,-283.296,2.83185,2.61308
105.569,278.589,7.73614,2.61222
-71.5549,-330.75,2.90973,2.61093
280.847,205.279,5.02313,2.61046
-254.052,78.0851,3.2554,2.60968
119.69,-364.216,3.91653,2.60959
397.702,453.659,4.5815,2.60903
-441.723,-140.369,3.8092,2.60878
87.2827,-365.78,4.23692,2.60869
415.567,-203.815,4.18711,2.60867
457.997,-264.403,3.26225,2.60807
-245.344,-93.5596,3.03861,2.60783
-12.5897,254.723,3.19962,2.60761
-380.794,364.846,4.01442,2.60687
70.1377,-378.887,2.81581,2.60671
224.339,-131.625,5.03968,2.60607
394.122,58.7418,2.95839,2.60495
-82.5198,-201.181,5.08892,2.6043
-29.4645,-230.561,3.2671,2.60419
286.653,289.396,4.12762,2.60412
236.47,403.464,2.93086,2.60387
84.9085,-147.153,3.60404,2.60245
234.009,219.585,3.15164,2.6024
254.366,-227.855,3.19778,2.60233
82.5025,257.226,4.65076,2.60224
-264.393,214.673,3.4897,2.60188
-337.821,-97.2655,3.16599,2.60187
216.717,-291.351,5.00891,2.60124
28.4306,-85.323,5.02872,2.60105
-284.558,-163.376,3.7813,2.60104
-349.147,-307.034,2.8789,2.60077
193.606,-166.607,3.10603,2.60032
-308.387,161.919,6.1632,2.59994
362.562,60.3632,3.05564,2.59979
202.842,-469.57,5.42597,2.5997
-414.303,287.493,3.53493,2.59713
107.822,-427.552,4.6365,2.59664
-215.23,466.59,2.87422,2.5965
-47.4137,153.253,5.25973,2.59626
-3.71918,-353.136,3.13838,2.59607
260.763,-52.1058,3.08575,2.59588
-376.738,131.263,3.16979,2.59547
441.338,29.324,3.48182,2.5954
-313,327.227,3.73495,2.59537
198.228,-158.383,4.20345,2.59523
-422.163,320.794,4.3781,2.59501
311.301,224.69,6.51459,2.59398
-420.066,114.305,6.12654,2.59304
-288.438,-124.289,9.79907,2.59209
-448.808,-266.759,3.01437,2.59123
231.639,333.665,2.89373,2.5907
-369.535,-101.986,3.89922,2.59028
229.128,356.161,2.94446,2.59
-79.3463,268.695,2.94253,2.58978
-293.787,148.106,5.19764,2.58876
323.063,-303.955,2.93625,2.58868
-344.259,-377.535,3.51529,2.58855
-466.649,188.636,3.57129,2.58811
52.7978,183.19,2.85671,2.58749
-269.075,329.633,4.15146,2.58718
-421.684,-183.902,3.31118,2.58688
-305.419,446.042,5.27015,2.58676
-375.619,201.636,3.84942,2.58672
350.419,-302.897,5.98195,2.58639
-335.433,-39.0081,3.07264,2.58624
387.52,34.8348,3.16502,2.58595
-249.818,-217.297,3.57075,2.58465
-333.084,-264.856,3.98366,2.58452
35.7531,-307.845,4.07463,2.58449
173.115,-73.8203,3.14908,2.58415
126.364,-253.872,3.32731,2.58396
316.599,307.22,3.69758,2.58377
-24.4744,188.239,4.57795,2.58338
364.833,-118.126,9.338,2.58338
205.614,-258.305,4.51807,2.58336
-323.255,-274.059,4.34729,2.58179
-456.821,-231.466,3.30568,2.58179
263.013,166.658,4.68682,2.58131
-347.233,-282.266,4.92449,2.58071
-281.142,-435.081,2.86207,2.58059
-185.289,-344.683,4.02973,2.57986
332.81,-72.2979,5.14815,2.57965
110.93,-398.895,2.95312,2.57959
146.742,-135.019,3.69766,2.57943
-192.693,-243.308,5.32877,2.57923
-67.1784,71.9036,3.25878,2.57915
-312.028,388.811,5.18069,2.57897
-104.507,-117.504,4.65317,2.57875
-283.57,35.2601,5.32811,2.57859
66.6117,249.023,8.66378,2.578
9.93876,55.5333,3.17916,2.5773
421.443,-373.397,3.08938,2.57692
-114.037,64.0888,3.56748,2.57664
-414.228,172.328,5.60872,2.57662
-159.687,364.848,3.45599,2.5761
-294.946,96.8926,3.05075,2.57552
122,-442.078,6.33755,2.57522
62.3064,-161.958,3.28393,2.57487
106.373,-312.255,4.02635,2.57484
392.428,-103.896,3.56736,2.57465
61.0806,-247.186,3.00893,2.57456
-177.971,-272.937,4.22968,2.57407
467.622,-15.6366,4.70816,2.57387
-47.7474,91.619,6.33975,2.57385
-380.798,-122.038,3.25567,2.57362
-216.57,-274.286,4.31069,2.57344
163.027,290.165,3.28386,2.57269
28.1289,-397.844,5.1206,2.57199
-463.202,151.702,4.51937,2.57143
-73.9362,114.608,3.78192,2.57013
-401.221,463.65,3.40682,2.56982
162.84,402.815,4.98623,2.56875
-76.041,445.308,3.08231,2.56827
292.946,-115.271,3.60207,2.56777
-129.526,-235.189,3.61654,2.56756
-91.0935,363.407,7.04599,2.56726
53.4831,-277.489,2.95037,2.56724
232.778,-11.1184,6.67789,2.56606
144.505,-46.7501,3.49151,2.56598
301.909,233.296,2.9137,2.56545
-257.748,-105.864,2.82199,2.56491
-175.458,-90.5009,3.22927,2.56477
-183.818,29.4648,3.4126,2.56423
-441.814,453.922,3.68986,2.56351
52.4774,-447.858,5.33431,2.56325
-173.985,-280.672,3.02841,2.56306
356.913,-288.935,5.08933,2.56281
-302.868,370.717,4.36966,2.56234
81.7609,468.393,3.92044,2.56192
-30.7856,-184.287,7.03377,2.56157
-283.802,-223.811,4.85304,2.56089
248.967,29.0838,4.4606,2.56086
-141.665,-287.415,3.59453,2.56005
-167.487,-331.27,3.28179,2.56
-24.6016,-309.089,3.32284,2.55982
269.306,-433.791,2.86592,2.55938
-247.492,-161.642,4.24218,2.55926
-268.257,17.8499,3.5435,2.55885
-423.123,268.901,3.42381,2.55744
301.137,-249.211,4.01511,2.55714
313.751,415.176,2.88096,2.55608
191.41,-296.868,4.14447,2.55592
224.068,363.147,3.60289,2.55577
-153.751,268.643,4.77425,2.55565
423.395,-238.675,3.49589,2.55532
-317.518,-272.468,7.08511,2.5551
-85.2743,-60.8461,4.62287,2.55466
-181.984,245.613,2.85929,2.55392
-122.784,-340.043,3.39183,2.5539
-309.705,449.091,4.07373,2.55368
-356.444,-57.3821,4.81465,2.55364
152.607,-231.16,3.79069,2.55364
-144.376,-159.773,9.68467,2.55315
-207.479,50.798,3.29101,2.5522
202.734,-106.674,3.84756,2.55208
132.395,213.098,2.93614,2.5515
-239.067,444.076,3.83602,2.55134
-0.590504,-150.921,3.70796,2.55074
63.5736,-278.039,4.10652,2.55049
-105.155,-463.866,4.0713,2.55
260.548,-331.267,3.52262,2.54882
326.672,-14.7552,4.77469,2.54851
413.06,406.605,3.4747,2.54845
-299.121,-244.227,4.16334,2.54827
395.152,414.638,3.43031,2.54826
440.788,-427.374,3.63888,2.54822
176.714,-357.398,2.8304,2.54585
445.421,126.416,4.20892,2.54552
-374.874,276.547,2.912,2.54527
235.544,456.766,2.8312,2.54507
221.734,-299.924,3.15284,2.54502
162.326,254.168,3.29073,2.54486
143.653,77.4461,3.07405,2.54476
378.356,-384.491,3.07018,2.54465
-155.796,-32.4123,3.2939,2.54417
337.923,-335.173,2.82199,2.54272
20.1623,431.625,3.43345,2.54213
-146.299,-452.998,2.90274,2.54191
95.8679,101.338,4.27542,2.54148
62.1543,-412.952,3.21496,2.54144
-370.888,32.9975,4.61008,2.54102
-240.365,-342.139,3.25447,2.54038
314.763,-299.058,3.70565,2.54024
412.125,191.298,4.5598,2.53888
-424.371,192.445,3.62551,2.53886
67.1767,-164.937,5.27271,2.53885
-444.129,246.182,2.98125,2.53876
-123.993,118.99,3.19823,2.53861
-85.184,203.657,3.06636,2.53829
-252.197,-409.583,2.95368,2.53813
-321.018,-156.861,3.22878,2.53808
-258.05,32.9018,3.26495,2.5366
-355.109,-92.594,3.26572,2.53649
-0.984487,-475.679,2.92922,2.53596
200.194,370.604,3.04937,2.53531
25.3482,-67.4865,3.41639,2.53529
313.475,205.103,4.59737,2.53497
60.1522,388.834,3.26577,2.53459
293.415,159.233,3.53314,2.53434
-34.7711,304.98,3.06076,2.53426
-87.6014,-132.883,2.88916,2.53395
87.521,241.21,4.33304,2.53393
-180.108,54.1808,5.01612,2.5338
11.6212,-323.509,6.70327,2.53376
-401.603,341.922,3.10411,2.53349
143.709,467.114,2.94439,2.53349
-448.266,80.7176,4.90852,2.53338
-373.957,200.281,3.32764,2.53325
382.306,-73.7132,2.83156,2.53314
-397.808,9.86107,4.83012,2.53278
-374.736,-398.758,4.88354,2.53262
-9.49857,437.479,3.34099,2.53256
-296.26,-444.063,5.3546,2.53247
-199.202,-1.3416,3.08795,2.53211
157.354,-223.415,3.83614,2.53107
286.09,192.033,3.43263,2.53042
-73.3536,312.983,4.70067,2.53011
192.965,373.338,3.62849,2.52989
221.981,461.327,4.02443,2.52989
65.8932,-457.989,3.63114,2.52969
-198.916,56.0472,3.34561,2.52946
-374.959,159.951,2.97049,2.52945
374.489,221.097,4.05077,2.5293
78.4851,-125.249,3.33718,2.52919
-289.017,-257.495,2.8153,2.52884
-425.128,-230.044,3.90971,2.52869
-139.152,-99.2391,5.06577,2.52788
-129.84,282.425,3.46976,2.52731
414.648,16.2165,3.967,2.52559
285.421,181.534,4.01906,2.52506
-259.396,309.619,3.8851,2.52503
-352.086,388.325,2.88622,2.52444
-74.8522,-415.806,3.07838,2.52417
-12.8243,25.2548,3.95329,2.52375
198.235,-83.0202,3.39888,2.52299
248.734,71.7819,3.06686,2.52236
-437.539,18.917,6.25003,2.52121
73.0118,-389.397,4.51417,2.52111
79.7756,307.922,3.15194,2.52059
-53.182,-200.484,7.16455,2.52052
-222.859,-470.375,4.06771,2.51935
139.364,-387.662,3.8248,2.51927
-262.94,392.371,3.11427,2.519
326.768,-389.261,5.02049,2.51894
-137.266,-311.12,7.12408,2.51871
-376.947,-187.399,3.42665,2.5177
38.7383,-444.017,3.55985,2.51735
-265.359,272.287,3.92684,2.51702
-169.962,290.36,5.36949,2.51629
-388.883,-336.923,3.92448,2.51618
-376.482,-251.545,3.04329,2.516
178.319,-193.534,3.11506,2.51586
-90.297,-287.702,4.13457,2.51566
204.36,67.5548,4.56065,2.51518
470.403,-392.751,3.29152,2.51474
-377.456,-339.789,4.80782,2.5145
-197.786,-451.542,3.4027,2.51357
226.259,373.708,4.17628,2.51356
107.352,90.1373,3.82884,2.51339
-47.9702,85.9802,3.5187,2.51337
-403.99,292.543,3.02928,2.51295
-341.191,-294.903,3.93441,2.51286
-429.11,-361.567,2.9539,2.51251
-341.154,-247.94,3.52534,2.51228
-312.034,-217.557,3.63835,2.51216
168.139,-155.474,2.82657,2.51126
-298.521,-176.598,3.22478,2.51035
85.398,-340.299,5.56274,2.51002
364.178,-339.928,5.97826,2.51
50.8671,129.182,5.50919,2.50902
-115.323,-444.196,3.08344,2.50806
-97.6039,12.8383,3.32783,2.50794
347.96,199.497,3.08688,2.50709
455.598,-262.431,3.75881,2.50703
123.94,-474.246,4.24277,2.50688
422.336,-328.811,4.40979,2.50659
38.3389,-70.4847,4.98068,2.50622
29.5803,-27.4074,3.35264,2.50614
63.0565,-427.129,3.72191,2.50487
339.291,-416.496,4.93379,2.50421
-359.97,437.77,3.39449,2.50399
100.679,-412.255,4.30333,2.50343
155.64,223.259,3.16079,2.5026
195.736,-191.702,7.22708,2.50216
-270.838,24.5797,4.20861,2.50202
96.813,-64.8591,4.15827,2.50177
-343.557,-390.078,5.82289,2.50173
-336.997,437.753,7.97833,2.50147
442.867,223.325,3.12439,2.50124
-156.37,381.239,3.80063,2.50088
-139.719,124.862,3.19639,2.50033
-215.889,200.714,4.70109,2.50025
-440.35,282.028,7.53263,2.49925
402.602,52.0579,2.8901,2.49885
-472.821,-418.025,3.16272,2.49874
-392.347,256.97,3.50014,2.49864
-5.22537,-103.837,6.91384,2.49848
-449.828,-286.449,4.75035,2.49847
38.3944,-379.832,3.3239,2.49827
398.323,341.642,2.86538,2.49807
408.738,162.781,4.49741,2.49797
-27.3537,-81.4951,3.24306,2.49767
-125.165,-289.313,5.10936,2.49746
222.59,385.757,5.6046,2.49681
-10.3913,406.19,3.72009,2.49654
317.727,344.373,3.23527,2.49651
279.928,-410.315,5.20174,2.49615
300.198,347.335,3.79636,2.49526
442.821,389.585,2.9489,2.49522
-397.373,206.011,3.16697,2.49468
219.203,-250.138,4.7425,2.49436
-330.415,-99.4092,3.01189,2.49425
205.947,-201.405,4.6623,2.49411
-250.394,-16.7441,5.04844,2.4941
-298.796,25.4333,5.09458,2.49375
-90.3826,-2.92678,3.44896,2.4932
-184.062,208.91,4.56408,2.49318
250.916,-268.523,2.96734,2.49266
327.455,391.926,3.92473,2.49249
394.996,274.706,9.62359,2.4922
180.517,208.53,3.67345,2.49097
-289.262,-212.71,4.00551,2.49083
-338.579,208.523,4.9075,2.49055
-213.528,-130.751,4.24428,2.48921
-219.064,111.335,3.28305,2.48744
-255.557,68.1937,3.68513,2.48722
421.419,186.013,3.64761,2.48722
-389.512,-58.6587,5.23634,2.48611
463.527,54.2734,3.27438,2.48592
-48.9092,-126.979,4.18673,2.48536
221.87,426.187,3.89586,2.48534
-321.784,439.214,3.63085,2.48509
-185.007,121.541,3.3795,2.48424
-222.737,-257.058,3.19252,2.48363
-426.656,95.3264,4.75576,2.48308
-281.921,-228.616,3.49126,2.48275
-45.0508,245.168,4.95961,2.48198
158.244,-276.767,4.40846,2.48195
-6.92642,60.8076,2.98423,2.48151
243.83,142.446,3.10422,2.48134
-396.697,-398.962,5.57453,2.4813
-287.22,238.43,5.09094,2.4812
-51.0661,-328.672,4.39677,2.47991
-409.905,-129.822,5.37305,2.47974
-269.688,111.066,3.01684,2.4794
28.2242,-472.663,3.27259,2.4791
31.6544,-173.774,3.53817,2.47894
-92.5337,220.554,4.67152,2.4783
-220.377,-451.012,5.85725,2.47745
408.577,233.828,3.2809,2.47733
-77.011,-295.427,2.84444,2.47724
285.296,421.145,3.87683,2.47687
-424.473,-121.782,3.30132,2.47676
-190.276,189.507,3.24657,2.47672
-42.9507,-66.5339,3.43092,2.47653
431.208,-332.661,3.46019,2.4764
-25.7454,124.729,4.70649,2.47622
-438.03,-131.716,4.32828,2.47602
445.23,-189.254,4.68914,2.47593
-154.248,87.1587,5.70991,2.47514
411.755,-330.404,3.74563,2.47497
-8.04551,-377.669,3.90232,2.47468
-247.061,60.6102,3.84173,2.47426
303.878,211.619,3.26365,2.47379
-44.6345,-162.438,3.64441,2.47342
-323.748,-247.593,3.08105,2.47312
-408.507,200.248,3.49331,2.47273
264.22,-471.896,3.48702,2.47185
-234.989,240.453,3.50395,2.47131
461.721,-363.524,3.26037,2.4708
-202.162,-47.1826,2.91167,2.4702
-418.265,-338.854,4.58589,2.47007
-360.503,333.028,4.35303,2.46997
-247.86,441.812,3.13224,2.46972
-224.748,-346.943,3.13341,2.46903
161.65,-420.925,3.13513,2.46878
-6.70209,-245.695,3.9609,2.46856
271.135,301.627,3.62965,2.46811
85.4631,-463.363,2.83577,2.46801
-233.631,104.897,3.1986,2.46793
200.554,-240.47,7.48798,2.4676
38.0578,-358.305,2.84468,2.46713
186.533,-224.558,3.40681,2.46713
-134.172,232.265,3.00748,2.46657
111.178,96.8979,2.93542,2.46598
384.74,-155.45,3.59603,2.46575
95.3756,254.571,3.0623,2.4657
445.947,-158.02,3.76982,2.46567
331.529,-329.009,3.58844,2.46517
456.717,-194.278,3.52811,2.465
65.3458,-279.934,2.87963,2.4644
151.767,-328.969,3.26962,2.46434
267.564,-394.738,2.86217,2.46432
168.965,464.309,4.8484,2.46414
50.0638,46.6848,4.34197,2.46344
94.813,457.444,4.55191,2.46316
24.3741,-92.3947,4.26824,2.46311
-136.299,-473.767,2.83089,2.46291
-321.258,-84.1114,3.17862,2.4629
-371.133,-458.808,3.15312,2.4628
311.669,-3.04315,3.81569,2.46249
248.977,341.573,4.13609,2.46235
126.136,-69.8284,3.38926,2.4621
-376.194,-325.249,8.43578,2.46207
435.227,283.963,8.07195,2.46121
129.944,365.012,4.26388,2.46102
-255.044,309.102,4.52376,2.46102
162.253,-309.6,3.12629,2.46036
365.58,151.286,2.84822,2.45996
60.0561,21.2033,3.5091,2.45972
452.835,-105.8,3.22293,2.45846
-124.428,-42.5368,3.24504,2.45815
72.3696,165.485,3.17165,2.45742
-145.431,226.47,3.14209,2.4567
132.731,-48.7001,4.85007,2.45579
398.686,-167.941,3.00917,2.45508
102.046,447.179,6.7232,2.45492
383.298,-90.851,8.04028,2.45476
55.5426,18.2971,3.03399,2.45358
18.9045,-39.8946,3.1187,2.45326
-93.5767,-465.802,6.02213,2.45316
-346.037,-264.985,5.56592,2.45258
264.263,154.957,2.87126,2.45236
392.631,318.936,3.26219,2.45166
22.0711,-108.19,4.39144,2.45138
410.892,38.2725,7.25465,2.4509
-194.722,161.991,3.61154,2.45038
349.451,-38.053,4.30699,2.45038
-20.0513,-109.301,3.15586,2.44988
-133.965,2.35994,4.38848,2.44931
33.8637,370.793,4.02652,2.44807
396.601,456.818,9.38288,2.44797
-56.7222,218.884,4.40656,2.44769
105.28,-293.041,5.83287,2.44767
-435.882,-103.199,3.33689,2.44763
-55.1489,356.85,2.9647,2.44726
-439.577,-185.689,3.77388,2.44668
295.191,328.236,3.41358,2.44617
-17.644,-229.782,9.81151,2.44603
-270.417,229.639,7.60891,2.44502
-59.5726,366.483,3.16102,2.44496
435.833,283.339,3.71146,2.44495
-26.0204,-279.694,5.1751,2.44485
362.641,443.737,5.41854,2.44484
314.043,471.122,3.13528,2.44472
99.8786,330.888,3.02161,2.44456
151.284,248.176,3.27218,2.44432
397.076,441.314,4.11013,2.44405
-301.035,345.219,4.37022,2.4438
-167.398,-408.862,3.9522,2.44313
-64.8218,346.847,3.89282,2.44294
-425.349,-318.032,3.74211,2.4428
398.17,-467.401,3.765,2.44254
165.353,54.4295,4.32706,2.44237
360.834,-295.085,3.86303,2.44235
65.5114,440.769,3.17812,2.44092
-141.252,116.08,4.46296,2.4405
-50.4912,-2.76949,5.90532,2.44027
303.149,192.36,3.59385,2.43967
340.771,-0.399762,3.66485,2.43933
-191.814,-33.2442,8.60945,2.43851
-303.1,-443.809,8.50671,2.4383
250.645,465.414,2.91244,2.43727
-340.405,290.47,5.10017,2.43711
-288.074,-122.857,8.28117,2.43659
-228.956,113.707,4.3442,2.43577
-212.755,119.282,3.83961,2.43549
-183.434,338.502,7.96497,2.43547
-240.182,-257.736,2.81645,2.43509
-155.084,-115.708,3.63644,2.43492
-341.965,6.93645,2.81593,2.4343
436.326,-300.135,2.9612,2.43295
-70.1491,-266.448,5.99296,2.43275
-247.005,421.834,4.47755,2.43233
-211.585,-32.7401,3.0559,2.43128
153.53,-380.987,4.11031,2.43055
396.861,-376.463,6.03892,2.43048
385.766,32.3057,3.20696,2.42974
-44.4805,17.4522,5.59655,2.4297
-280.338,-106.459,5.33131,2.42851
-390.85,268.128,3.49803,2.42851
-153.78,352.118,3.06871,2.42841
373.586,-41.5019,4.64875,2.42819
-198.319,321.001,3.13006,2.42799
167.495,460.375,3.54011,2.42761
225.969,-436.772,3.66108,2.42754
-285.39,-94.7611,3.14102,2.42746
-131.098,99.5999,3.46203,2.42721
384.275,-233.832,3.01737,2.42707
159.937,197.31,3.21193,2.42685
-414.851,425.448,3.81399,2.4258
-25.721,416.746,2.87192,2.42473
-158.509,157.556,7.04174,2.42457
115.911,342.076,3.91835,2.42409
47.0043,128.447,3.79983,2.42361
58.3953,-220.384,4.07722,2.42323
-248.229,68.8191,4.34595,2.42319
-463.65,-322.499,2.98515,2.42288
196.784,185.417,3.90566,2.42266
-90.3748,-159.732,3.49862,2.42118
323.941,45.0957,6.31263,2.42083
2.70614,120.054,4.95015,2.42043
-414.174,-373.637,3.12937,2.41998
285.541,-39.4486,5.11456,2.41994
-247.127,411.558,4.88138,2.41963
-42.7511,-58.2624,3.56347,2.41954
-464.65,271.268,3.4959,2.41816
-442.706,130.688,3.16961,2.41751
417.021,358.223,5.46497,2.41725
-104.778,-154.184,4.27118,2.41718
403.515,-290.535,4.58588,2.41646
-30.0455,-192.501,3.59992,2.41626
-370.164,-201.011,3.85988,2.41614
323.475,359.986,3.46254,2.41568
164.664,225.639,3.17567,2.41565
84.1902,323.864,2.99087,2.41554
-418.131,-200.423,3.74801,2.41532
159.676,-232.021,3.24414,2.41529
-282.994,276.292,3.94173,2.41516
10.4053,59.7425,3.49483,2.41446
-254.356,205.95,6.97437,2.41413
415.525,-6.35448,4.50291,2.41407
-427.34,447.899,4.4332,2.41288
344.506,88.1835,3.09691,2.41269
448.379,-218.144,3.06445,2.41226
251.958,-127.164,2.95229,2.41151
-334.653,324.241,4.53841,2.41125
458.183,379.656,3.88843,2.41102
420.244,183.663,8.03291,2.41019
-84.059,214.709,3.21385,2.40972
-234.272,-408.657,4.32392,2.40967
-152.777,-101.307,4.38207,2.40965
-437.244,-110.017,5.03402,2.40885
-28.0151,-146.461,3.59171,2.40876
228.403,-455.901,3.06547,2.40823
-15.2398,198.305,8.96118,2.4082
-307.373,-47.4736,4.26313,2.40812
22.0825,-311.147,4.23176,2.40777
-431.15,-298.441,3.32643,2.40747
-85.7351,-328.007,2.89687,2.4071
-170.768,-333.607,4.2316,2.40654
-124.33,-63.0295,5.24445,2.40646
238.63,346.386,2.86841,2.40607
-361.981,115.741,7.69982,2.40605
-316.014,451.38,8.51463,2.40553
463.587,-142.715,4.11471,2.40541
285.864,-324.905,4.53195,2.40502
-242.807,-70.0993,4.76895,2.40436
416.243,-445.143,9.39859,2.40435
55.3991,-24.6152,6.68302,2.40418
345.029,92.8438,3.077,2.40411
273.775,217.657,3.17784,2.40366
-317.613,-440.012,5.19884,2.40288
260.529,22.8323,5.3069,2.40272
-319.685,-343.461,3.57258,2.40242
-117.938,-267.538,3.11249,2.40196
29.6432,-194.043,3.24092,2.40038
-347.936,-161.752,2.94728,2.40038
-222.046,-50.8551,3.07128,2.4003
-97.7386,231.727,6.09655,2.40013
122.852,-266.387,3.91137,2.39962
-176.086,-261.213,2.83906,2.39956
-63.925,-142.426,3.22523,2.39942
-263.935,-213.071,2.88953,2.39907
372.475,-398.148,3.00411,2.39902
-2.85941,-234.275,3.55095,2.39864
-179.666,425.203,2.96664,2.39842
224.033,55.7369,2.93304,2.39839
-455.599,-34.6357,4.01311,2.39765
292.856,-95.9488,3.10084,2.39722
-228.278,474.332,4.37441,2.39637
435.472,130.706,4.69927,2.39617
213.898,395.565,3.85787,2.39571
-441.92,-345.772,3.48191,2.39493
96.7566,301.371,5.92313,2.39471
-365.198,405.527,3.42617,2.39446
-136.017,-388.31,3.87621,2.39436
-276.964,308.189,3.67053,2.39419
-321.763,-48.0888,3.81763,2.39287
56.5472,-444.137,3.03467,2.39268
175.985,-446.771,3.22859,2.39258
-75.9175,21.0691,3.43442,2.39227
-10.8674,-8.72598,3.45631,2.39212
-381.235,327.329,3.84778,2.39191
-156.164,-35.6167,4.55672,2.3918
25.6113,229.279,5.67784,2.39159
294.555,315.069,4.73183,2.39103
244.059,-413.529,3.63954,2.39078
-124.071,236.991,3.15159,2.39067
-211.504,-179.588,2.93922,2.39067
378.182,-416.593,5.4927,2.38997
337.535,-433.108,2.99492,2.38973
292.993,-216.403,4.12649,2.38937
332.815,372.754,3.65618,2.38893
-200.697,244.178,2.93803,2.38821
60.7188,324.501,4.30419,2.3879
-424.61,383.372,3.9967,2.3872
279.862,-155.419,2.84265,2.3866
209.797,-170.103,2.89126,2.38576
224.907,312.264,3.45463,2.38558
222.559,-224.13,3.49041,2.38546
189.123,449.062,2.97568,2.3853
179.34,120.661,4.45147,2.38523
350.399,-371.804,3.21462,2.38487
-185.761,-123.937,3.87484,2.38373
180.986,-328.123,2.94941,2.38368
288.991,-294.351,2.97945,2.38337
-220.568,312.808,9.16066,2.38274
368.146,196.303,4.31858,2.38238
-223.316,23.9139,2.88981,2.38191
-126.744,464.44,4.16646,2.38142
19.1502,-23.5319,3.43719,2.38039
-124.864,230.446,3.17705,2.37971
-25.8321,-210.661,4.53995,2.37968
383.615,-404.698,3.39655,2.37948
-367.935,283.169,3.0513,2.3793
-438.94,-419.905,3.18648,2.37908
-431.807,39.113,3.38312,2.37871
-207.682,-455.617,3.73268,2.37844
251.622,140.319,3.35907,2.37839
17.1193,-462.599,3.84691,2.37735
374.805,-112.682,3.11727,2.37703
-72.477,-160.945,7.20774,2.37667
137.321,-37.089,3.31914,2.37608
219.136,-215.341,5.18427,2.37562
-448.43,338.232,3.22685,2.37523
390.426,387.144,4.26319,2.37507
224.637,466.685,4.56161,2.37466
-19.3201,286.918,3.28141,2.37448
256.845,199.297,3.85749,2.37431
231.064,-437.13,4.19379,2.37429
374.533,-419.88,2.99363,2.37338
439.946,-309.528,2.92109,2.3733
-302.118,-116.816,2.85953,2.37302
-384.532,406.473,2.94733,2.37286
-243.576,125.27,2.92443,2.3723
270.651,315.148,9.59878,2.37209
-407.022,409.422,4.06071,2.37183
-142.325,-85.0413,4.2805,2.37056
-204.123,296.873,3.06063,2.36998
130.481,146.249,7.08741,2.3697
-94.7203,179.999,5.49338,2.36955
260.338,-317.829,3.17557,2.36936
357.343,335.027,3.59053,2.36936
226.93,-175.42,3.71579,2.36924
97.8933,390.901,3.07727,2.36914
136.206,336.35,3.5064,2.36702
-124.78,-450.139,3.83639,2.36683
-270.794,-454.234,2.84671,2.36653
-17.7201,-122.308,3.16064,2.36582
113.401,-30.0035,7.86985,2.36569
433.563,145.357,3.23648,2.36543
343.926,-140.546,3.06886,2.36537
-13.3293,-296.613,3.80621,2.36503
-244.378,469.587,2.89874,2.36471
-454.77,157.757,2.903,2.3645
219.776,120.501,8.91724,2.36444
333.697,435.719,5.057,2.36425
-202.652,301.697,5.03433,2.36402
236.26,455.023,4.6182,2.3638
-234.218,-176.533,3.13475,2.36334
351.3,279.233,4.00971,2.36332
354.941,111.509,4.30378,2.36284
282.689,42.0347,3.62926,2.36252
51.0213,176.925,3.0222,2.36249
97.467,-357.067,7.15413,2.36189
-356.763,108.18,5.43414,2.36126
-85.2451,26.291,3.79687,2.36103
-263.75,275.431,3.32662,2.36031
-271.369,255.885,3.33949,2.3602
-149.732,208.076,3.63408,2.35943
-21.199,-251.527,2.83118,2.3588
162.615,-472.166,5.01602,2.35824
191.089,-77.2777,7.57937,2.35762
262.23,-174.26,3.04504,2.35721
153.986,350.894,3.06921,2.35704
-0.750637,-304.017,3.19697,2.35683
-315.89,-214.97,6.55986,2.35675
-110.962,202.069,3.40314,2.35618
404.928,271.041,6.92605,2.35611
467.31,-229.584,5.88966,2.35534
-349.828,241.083,3.0316,2.35472
42.3207,-349.217,3.36372,2.35466
270.57,399.328,3.05384,2.35437
-415.692,-451.832,2.84702,2.35434
-172.685,363.343,3.51398,2.35347
-285.984,152.708,4.11675,2.35328
233.415,-300.504,3.54415,2.35326
51.6338,-180.217,3.06166,2.35312
80.4685,62.7684,3.43027,2.35198
200.66,-16.7704,3.31962,2.35116
287.326,-421.734,3.47198,2.35062
140.795,-195.049,3.02501,2.35028
51.9025,-152.357,3.72205,2.35026
-10.808,-161.578,4.0875,2.34991
-48.2284,108.227,4.70017,2.34825
-219.933,47.4401,3.25622,2.34784
-202.514,33.7141,3.24509,2.34784
-370.238,-206.504,3.88421,2.34757
-113.526,-340.335,3.00456,2.34569
469.168,-145.948,3.37587,2.34547
185.304,-134.249,6.45347,2.34514
415.585,-227.956,2.87335,2.34494
-76.2748,127.503,3.29502,2.3448
-157.335,275.99,5.50599,2.3448
-259.361,-262.035,3.42502,2.34425
-336.531,104.35,6.25815,2.34387
183.341,-275.619,6.15093,2.34336
-302.294,-178.459,3.08232,2.34285
-124.16,-440.962,3.20346,2.34243
468.811,277.554,4.37868,2.34209
78.5476,78.7504,2.9184,2.34194
-202.02,-375.889,4.64923,2.34152
340.04,117.024,4.81858,2.34054
-138.941,3.3599,3.83677,2.34041
-345.975,8.68242,6.03545,2.3403
44.0955,-252.604,4.98073,2.33996
378.244,331.967,2.96842,2.33921
28.9882,-217.187,3.8866,2.33864
-397.276,332.078,3.48795,2.33858
-215.443,-262.175,8.26228,2.33857
-403.607,266.336,3.97733,2.33844
445.705,216.075,2.91068,2.33825
358.616,-140.916,3.25039,2.33811
-354.8,53.0231,5.66231,2.33798
-402.317,252.094,3.01763,2.33792
235.76,291.499,4.96051,2.33777
322.952,-189.297,6.36775,2.33776
-408.617,104.681,4.51955,2.33763
128.125,-23.6736,5.09546,2.33718
84.521,200.486,3.41248,2.33661
436.208,79.9808,6.7191,2.33599
60.6744,-199.755,4.40305,2.33551
16.0055,-238.63,4.82221,2.3352
-2.6684,-96.7887,3.22883,2.33474
-129.246,322.323,3.6498,2.3338
202.492,192.977,3.1839,2.33378
241.601,-427.246,4.70596,2.33366
38.6558,-102.255,4.6116,2.33308
-24.9253,-254.122,3.1972,2.33281
158.672,-457.723,4.87406,2.33165
408.003,-460.112,4.96736,2.33118
28.2763,211.619,2.8336,2.33092
270.999,-71.6661,3.09293,2.33006
-130.606,-79.7815,2.88802,2.32945
452.048,-453.849,3.21289,2.32914
-425.63,-413.864,2.92068,2.32881
109.795,-420.219,8.19618,2.3288
423.497,278.814,4.0358,2.32877
349.486,97.8588,2.98846,2.32847
-391.139,324.892,3.89298,2.32789
-64.9639,-274.533,3.84271,2.32784
-157.907,-123.337,2.83973,2.32764
30.8547,196.054,3.25404,2.32683
-400.992,-103.646,3.6054,2.32642
-16.8074,315.171,4.29025,2.32553
62.3836,-127.602,4.52487,2.32497
-157.506,388.52,2.98691,2.3239
-373.498,222.192,4.70878,2.3237
-407.046,-472.77,5.42621,2.3235
-105.042,-468.453,3.61219,2.32333
470.807,-47.5678,2.86175,2.32289
20.122,385.915,3.31361,2.32286
-231.675,-126.318,4.52696,2.32234
315.146,-104.123,3.04766,2.32225
209.262,444.053,5.09357,2.32204
82.6132,-100.27,3.71474,2.32158
-270.608,-37.2951,4.56358,2.32124
311.789,289.797,4.61923,2.32104
355.976,176.832,3.88342,2.31839
126.427,-262.535,2.88906,2.3181
113.069,-204.034,3.2526,2.31803
-388.849,77.6448,4.93585,2.31787
48.6935,-433.343,3.02518,2.31737
-358.912,-134.914,3.14418,2.31706
337.606,213.326,4.2999,2.31681
80.1778,-284.266,4.82842,2.31323
271.679,-285.482,3.39133,2.3131
148.137,156.309,4.09838,2.31228
146.454,200.578,2.84546,2.31206
352.082,-236.993,4.56613,2.31193
130.776,-417.716,8.61311,2.31171
-26.8966,-226.894,3.35774,2.31072
212.423,-404.541,4.22233,2.31024
-102.896,-298.177,4.38593,2.30988
-175.15,-387.626,3.46239,2.30949
-431.618,401.099,9.19768,2.30785
-414.682,-74.2763,4.25677,2.30776
296.438,-385.819,3.86553,2.30718
168.054,0.218828,4.6169,2.30688
5.38775,-230.428,4.51217,2.30643
38.8225,-227.488,3.39183,2.30629
-186.672,-151.473,2.97827,2.30527
-212.65,-31.2936,4.82664,2.30499
-56.1256,-373.862,2.86125,2.30424
-452.956,86.2254,3.83679,2.30376
368.242,-346.497,3.83992,2.30358
-42.4791,-10.9257,5.09714,2.30331
-380.362,110.909,3.50048,2.30303
185.772,88.71,3.32344,2.30237
-348.204,364.805,3.03449,2.30064
394.427,401.078,8.10777,2.30058
270.372,10.4319,3.08746,2.30045
-452.373,-393.475,4.37657,2.3003
24.2621,2.20346,3.8015,2.29983
417.979,135.063,2.96923,2.29961
442.47,251.554,8.51784,2.29959
-353.316,112.784,3.31813,2.29954
-376.435,-149.365,2.87422,2.29953
-94.5737,-330.958,2.91694,2.29903
248.03,442.632,4.29484,2.29882
-86.8705,-349.387,3.91886,2.29856
389.793,52.8669,3.82546,2.29853
-135.719,-238.499,2.91032,2.29746
-352.9,-337.954,2.92451,2.29547
-157.229,465.856,7.06169,2.29534
293.187,-5.12903,4.93742,2.2951
-274.574,-39.7505,4.71506,2.29461
35.7715,-337.214,4.45399,2.29456
439.179,133.122,3.61098,2.29445
262.985,472.999,4.10914,2.29355
382.293,-289.327,3.06613,2.29327
270.256,-294.764,4.62031,2.29307
-247.376,336.034,3.43165,2.29292
311.679,-263.753,3.94454,2.2927
-411.871,-284.22,3.76507,2.29182
279.129,-174.526,3.31499,2.29163
-410.112,-437.1,5.8641,2.29152
-319.011,-62.9483,3.3594,2.29143
-385.903,-444.488,4.13816,2.29131
-281.189,-203.249,3.81886,2.29113
284.782,-433.535,3.26707,2.29107
359.147,432.767,4.44208,2.29043
-218.401,-80.2015,3.35001,2.2898
-140.66,-132.196,3.09925,2.28934
176.947,-238.036,5.50421,2.28906
89.8921,157.238,3.47256,2.28881
-290.986,-241.479,2.87433,2.28828
-120.864,-180.15,2.94892,2.28797
-286.761,355.733,5.05618,2.2877
-30.9507,-73.8154,5.20963,2.28765
260.783,-88.8015,4.19034,2.28757
-68.1116,-315.578,5.21662,2.28742
-280.91,95.7949,2.81393,2.28715
33.9265,315.489,2.91169,2.28694
203.194,-353.087,2.85343,2.28688
142.029,-405.715,8.34874,2.28649
-32.2578,166.602,3.6404,2.28576
425.128,-371.977,4.72562,2.28532
144.504,-444.72,4.33785,2.28494
-349.782,412.286,6.1685,2.28433
-380.378,-22.5567,3.1686,2.28433
450.635,138.018,3.82048,2.28383
-432.103,179.037,2.81291,2.28322
-27.8495,196.665,2.9643,2.28319
-272.079,-359.239,5.20486,2.28299
101.113,466.021,3.08759,2.28251
25.7152,10.7534,4.94705,2.28234
-445.735,-285.427,5.5268,2.28215
-340.944,-119.129,2.97059,2.28195
217.508,373.964,4.07754,2.28148
298.75,-70.7276,4.4302,2.28056
106.934,-50.0409,4.39133,2.28034
-175.044,-371.038,3.30259,2.27973
-384.767,-387.023,3.92449,2.27944
293.402,188.891,4.2196,2.27913
-68.6206,59.9295,3.48535,2.27905
-8.18221,-354.105,2.99793,2.27891
392.067,-115.819,4.24891,2.27876
-408.053,-111.878,3.04127,2.27866
163.635,-140.374,4.71171,2.27827
-415.247,-358.081,3.34707,2.27819
-171.224,55.7438,4.80495,2.27692
244.325,-153.964,2.89663,2.27662
-255.51,124.212,5.39522,2.27545
190.716,266.61,3.22298,2.27541
-329.679,-180.755,5.40888,2.27537
-23.8045,-414.093,4.85519,2.27473
-332.771,347.768,4.99043,2.2747
330.682,401.916,3.51597,2.27406
-35.9744,-188.683,3.33772,2.27369
281.804,-417.412,4.41945,2.27358
274.218,311.967,4.03212,2.27314
164.868,42.8137,4.37275,2.27304
206.551,-407.582,5.12069,2.27286
-100.204,-208.602,2.84877,2.27256
-218.844,-125.201,4.0716,2.27217
-168.901,406.34,3.0986,2.27197
80.3851,43.6781,3.51898,2.27193
-273.829,135.79,3.80147,2.27173
-7.96912,-5.50762,4.03882,2.27134
-60.2113,-166.611,3.17882,2.27099
-400.464,222.816,5.32225,2.2709
-405.393,-301.765,4.19599,2.27023
-213.536,-348.303,3.01085,2.26866
476.368,-303.984,2.96403,2.26857
219.499,-206.566,9.50743,2.26819
-173.333,-302.77,2.9763,2.26714
380.45,-414.23,4.89615,2.26681
-91.784,-332.028,3.18544,2.26675
-361.612,100.1,3.03235,2.26674
77.3974,416.251,2.84532,2.2666
-298.256,-167.783,4.00053,2.2663
32.1171,-58.9828,3.29082,2.26539
-309.441,224.617,3.09112,2.26527
184.539,-350.492,5.01471,2.26437
271.761,77.2015,5.07025,2.26404
-204.535,-161.484,2.82601,2.26395
260.879,35.2579,3.93249,2.26382
-230.009,135.322,2.89533,2.26334
-127.298,-364.92,4.56187,2.26275
258.04,457.938,4.47178,2.26251
-214.026,-78.962,3.50741,2.26223
108.13,-347.342,3.77845,2.26207
96.8345,-429.777,4.30298,2.26162
-99.6568,83.4165,4.0566,2.2616
-1.83157,219.672,3.67752,2.26129
340.549,299.007,5.21324,2.26072
197.547,328.188,4.21989,2.26029
315.248,371.041,3.0757,2.25912
434.207,159.903,3.13638,2.25878
186.84,299.27,3.41063,2.25871
435.302,326.915,5.47343,2.25861
-62.4939,269.454,3.20367,2.2583
439.937,-312.126,6.47782,2.2582
453.181,220.834,3.04825,2.25787
-253.952,99.0854,4.12111,2.25645
212.68,-246.362,2.95866,2.25599
88.6252,-15.5025,2.95643,2.25565
-257.626,121.161,2.81454,2.25549
-179.74,109.008,6.52438,2.25451
446.412,223.574,3.31129,2.2545
-406.088,-200.659,3.80741,2.25321
-187.465,-0.117954,8.23546,2.25311
14.9925,134.428,3.01311,2.25264
165.372,-226.371,4.23364,2.25237
210.248,18.1331,4.3608,2.25224
-344.184,229.59,8.99842,2.25209
-199.995,-110.503,3.14078,2.25165
425.539,-28.8481,3.34744,2.25125
43.6327,179.042,3.7392,2.25108
27.5134,-240.345,4.86524,2.25045
-419.943,423.559,3.24757,2.25043
-406.21,-431.28,3.55989,2.24944
369.867,101.234,3.55456,2.24762
-434.74,1.00043,4.82047,2.2475
-39.904,-64.4824,4.29917,2.24656
227.737,-456.498,3.87419,2.2465
284.895,130.983,3.75102,2.24588
411.694,-231.382,4.04615,2.24587
346.563,464.524,3.1699,2.24582
-13.9175,236.468,5.85378,2.24573
-50.5086,154.614,4.17367,2.24477
409.307,-16.504,5.29347,2.24467
429.929,322.95,2.98633,2.24449
455.807,-463.853,3.80029,2.24433
-164.819,190.462,3.19452,2.24432
447.602,451.114,3.73243,2.24425
42.9968,430.862,3.04725,2.2435
351.781,142.425,3.87849,2.24304
-360.281,306.537,3.6128,2.24251
53.1003,276.037,3.94774,2.24176
253.126,16.8051,6.17622,2.24174
-340.97,-414.841,3.17734,2.23946
306.211,105.005,6.66799,2.23913
-192.82,-331.342,2.9191,2.23904
117.72,51.9742,3.82997,2.239
233.835,-394.523,3.38254,2.23893
-438.842,27.0046,4.22011,2.23869
-375.553,-185.059,3.4112,2.23786
161.815,339.233,7.7487,2.23695
-261.941,219.819,3.52576,2.23684
-29.5698,247.516,3.48868,2.23617
72.5535,475.81,2.92671,2.23527
204.772,-374.561,8.06879,2.23516
326.153,-93.5619,3.45575,2.23509
-306.031,-130.328,5.59825,2.23502
-82.542,-3.93573,7.08861,2.23451
-102.501,-331.764,2.81441,2.23383
-74.1151,93.73,7.05531,2.23376
-151.803,-170.754,3.28053,2.2323
364.875,-408.304,3.00741,2.23188
342.889,-278.145,3.12997,2.2317
174.668,-14.2718,4.52157,2.23155
301.434,268.019,5.07643,2.23051
10.4916,-215.795,3.49268,2.23024
158.259,-382.886,3.08606,2.23011
-241.255,309.012,2.8155,2.22992
-385.637,-419.649,3.92213,2.22914
-25.4855,-261.913,5.87823,2.22849
-465.952,377.523,3.12902,2.22787
85.6788,313.381,2.9848,2.22757
-402.26,280.53,3.04823,2.22744
-30.6826,211.874,4.61475,2.22683
390.664,-375.435,2.82548,2.22648
-75.4627,388.211,4.1567,2.22592
390.442,443.958,7.57989,2.22582
155.909,-171.794,2.83855,2.22578
-214.793,37.0277,3.25792,2.22566
145.746,418.396,2.88912,2.2251
-358.622,-379.928,5.55907,2.22502
284.337,345.767,4.66561,2.22474
-108.438,377.038,3.97878,2.22461
220.695,366.181,3.25074,2.2242
329.867,-6.30231,3.14634,2.22419
-325.205,63.2233,4.37104,2.22409
-143.624,-370.682,2.898,2.22345
313.673,314.357,5.0277,2.22331
279.161,-450.924,3.04287,2.22302
-249.69,-379.423,3.86552,2.22219
-316.039,339.324,3.56007,2.22201
343.499,290.573,3.40605,2.22183
-144.078,121.079,2.87755,2.22159
-138.844,-83.721,3.88287,2.22138
206.241,244.333,4.00845,2.21982
57.4069,62.7907,3.93055,2.21967
234.861,-95.6213,3.58939,2.21928
368.298,-239.972,5.72327,2.21823
61.3185,312.894,5.114,2.21781
433.417,369.086,2.90262,2.21766
218.807,-138.074,7.73897,2.21714
77.4288,-240.219,3.77344,2.21674
-215.048,-444.458,8.67279,2.21645
234.222,360.24,2.91073,2.21633
286.353,324.582,2.942,2.21507
204.358,223.538,3.48453,2.21506
-329.72,56.6997,4.7302,2.21453
-135.291,-398.755,2.99297,2.21427
-100.203,183.558,8.72,2.21426
-359.314,352.677,6.35704,2.2142
52.8814,-389.076,5.06552,2.21329
-257.888,-195.753,3.26262,2.21327
-397.246,326.166,3.29813,2.21308
186.834,-44.5182,3.11438,2.21297
-431.793,453.281,2.97007,2.21273
-171.609,-61.8627,4.88656,2.21257
-390.581,83.4226,3.42411,2.21227
-350.324,333.366,3.09638,2.21219
397.193,-468.049,3.89615,2.2115
379.193,385.887,4.50301,2.21141
289.368,-227.578,3.68,2.21093
-17.8831,212.357,2.93498,2.21085
233.262,-274.001,3.09842,2.20958
-281.232,270.932,5.06451,2.20928
-273.545,-457.756,3.14515,2.20879
68.6821,-363.259,4.33433,2.20812
324.334,-136.006,3.18035,2.20793
-77.9992,335.008,3.294,2.20789
136.035,236.479,2.99688,2.20775
-448.513,-411.53,3.51683,2.20772
-381.651,52.5666,2.89346,2.20769
130.883,42.7942,3.39753,2.20661
66.3294,265.199,3.09106,2.20654
228.89,-336.192,3.82099,2.20645
329.27,-200.589,2.82955,2.20636
-156.707,299.767,4.5882,2.20559
197.886,404.169,5.80691,2.20528
-218.812,-195.73,4.48102,2.20474
378.521,-444.589,3.71816,2.20442
-451.394,277.052,3.18301,2.20342
431.632,-175.347,2.92495,2.20336
442.675,-122.49,2.90948,2.20258
335.559,161.102,3.29403,2.20102
445.378,-269.435,2.99455,2.20055
45.8641,-271.986,5.06452,2.19984
283.09,-402.7,7.85199,2.19939
257.703,-98.0371,3.16828,2.19921
-18.3848,78.6131,4.3827,2.19909
83.5961,-376.057,3.09244,2.19883
-44.5416,5.71018,2.92423,2.19858
-325.604,-88.8776,4.80565,2.1983
234.712,-451.494,5.67035,2.19812
-202.568,415.425,3.22367,2.1979
-230.164,53.1195,3.21431,2.19744
284.568,286.343,3.04554,2.19701
-225.053,316.262,5.31687,2.19688
263.616,112.025,3.32493,2.19683
427.418,431.627,4.98852,2.19608
393.934,-385.546,2.93911,2.19592
265.751,118.14,2.92605,2.19586
-45.6343,-133.52,2.8995,2.1957
162.996,-252.516,4.50925,2.19564
-239.283,-466.651,4.2098,2.19545
251.576,458.737,3.57844,2.19521
-128.767,-31.699,5.22437,2.19471
-2.91177,207.715,3.05206,2.194
-358.562,-295.575,3.39248,2.19346
98.7063,-26.3648,3.24373,2.1932
5.16035,-461.796,4.48872,2.19318
237.084,362.54,3.11291,2.19281
323.511,-42.0174,9.20559,2.19276
-71.5109,79.0268,2.85032,2.19235
-145.47,-205.23,2.81752,2.19202
14.0117,364.339,4.77096,2.19191
-256.19,-160.712,3.29742,2.1918
-329.233,336.121,3.21618,2.19145
92.275,-337.944,6.73955,2.19109
222.176,-457.653,4.94763,2.19086
275.726,336.423,5.21739,2.19081
403.158,-358.006,2.91426,2.19043
-436.022,-63.4229,3.00331,2.18985
471.722,-179.308,3.6146,2.18965
-39.0181,349.867,2.99012,2.18952
474.234,88.8723,2.82887,2.18949
179.769,41.0305,9.8036,2.18942
5.12011,-151.193,2.86615,2.18905
-146.347,-154.658,4.52548,2.18798
-265.65,297.266,4.70414,2.18773
-137.383,303.282,6.53956,2.18703
212.3,177.556,3.01396,2.18681
-293.594,298.713,8.13899,2.18654
-288.461,127.433,2.84825,2.18639
167.012,-87.8615,5.20425,2.18597
313.833,-348.892,3.1668,2.18582
419.696,-140.617,5.27779,2.1849
172.784,301.702,4.50573,2.18484
72.5075,-27.3836,3.73086,2.18435
-435.174,284.802,3.5972,2.18351
-10.7258,276.323,5.3775,2.1834
333.181,451.58,6.61146,2.18338
-203.031,-171.665,3.28717,2.18319
208.974,-198.778,2.91639,2.18246
13.0696,371.196,7.35848,2.18216
26.0673,68.8448,3.0825,2.18211
-433.256,-324.62,3.74654,2.18208
-475.387,194.713,3.3235,2.18185
-170.65,-191.081,3.57886,2.18132
-95.6723,-349.262,7.62055,2.1813
141.491,-455.489,3.64075,2.18105
127.441,468.92,2.85196,2.18101
42.3361,246.678,5.92781,2.17996
101.58,-86.4705,4.05319,2.1794
-24.3433,-207.018,2.84323,2.17925
0.432022,331.433,6.54662,2.17923
209,418.714,8.15113,2.17799
387.089,-157.231,8.12525,2.17694
255.666,-443.652,2.98375,2.17608
-299.956,-268.469,4.53408,2.17567
389.905,-390.904,3.24137,2.17456
-372.157,-467.762,4.06372,2.17406
103.766,144.854,3.53491,2.17381
-417.046,-35.5751,2.86929,2.1735
-131.068,-154.279,3.55192,2.17238
-84.0371,-53.9137,4.93704,2.17201
-135.259,204.02,5.05129,2.17192
92.5787,-19.9985,5.19324,2.17185
-102.549,184.677,3.95563,2.17184
-174.264,-121.145,3.93545,2.17143
-179.046,202.408,4.66348,2.17132
223.682,-215.933,5.83806,2.17115
-292.521,461.804,3.0535,2.17097
197.181,-106.664,4.7122,2.16989
189.612,429.529,4.56607,2.16942
-249.468,453.674,3.63865,2.16927
237.503,78.0455,3.10381,2.16911
258.53,104.344,3.42285,2.1691
24.8405,194.969,3.31345,2.16892
-323.118,-46.6631,3.09491,2.16704
-82.7232,258.183,2.98532,2.16649
-331.165,-137.725,6.54428,2.16639
-386.341,-332.048,3.1269,2.16622
315.001,-425.186,3.49177,2.16566
64.3418,-176.817,2.88925,2.16564
402.532,-407.324,3.20792,2.16505
392.56,235.558,3.25846,2.165
-154.526,-409.847,4.65404,2.16494
-16.1235,364.526,2.91363,2.16464
-321.519,-9.97325,3.12536,2.16458
-471.21,104.405,3.42563,2.16439
97.6271,223.901,3.11795,2.16308
-312.218,460.317,5.36311,2.16279
100.691,-27.4776,3.07891,2.16279
249.513,382.338,3.45516,2.16243
294.374,276.509,3.18903,2.16242
-442.842,124.941,3.32955,2.16232
-60.0659,74.418,4.13135,2.16107
-295.439,-186.253,3.30525,2.16083
-262.976,-199.155,3.73406,2.16076
-326.512,-419.074,6.24433,2.16069
-79.7486,157.625,4.22774,2.16037
160.062,-441.618,4.43485,2.15999
435.324,-78.83,5.29547,2.15967
435.35,-63.5421,5.97046,2.15948
136.151,164.307,3.45954,2.1591
215.417,166.72,3.70334,2.15891
-216.012,130.572,4.67509,2.15838
141.411,94.5573,3.41991,2.15777
-231.805,248.964,3.55615,2.15718
468.696,163.038,3.56535,2.15683
-300.714,-18.5858,4.35418,2.15532
-324.791,357.323,3.09207,2.1546
-360.233,-450.343,3.33578,2.15376
346.199,3.3749,4.3706,2.15364
-262.859,-265.692,3.41756,2.15308
120.432,290.575,3.00972,2.15254
-53.0015,226.577,6.56039,2.15212
-248.267,103.834,8.9028,2.15177
-317.414,-178.469,4.26453,2.15167
-256.235,-38.0668,5.60263,2.15121
65.7994,286.873,4.35663,2.15108
306.055,396.848,2.81289,2.15091
321.455,96.378,3.88908,2.15045
-377.981,-199.826,2.95099,2.15033
414.419,-305.218,3.34901,2.14932
-4.87723,387.816,3.42062,2.14893
-402.552,-44.1294,7.91725,2.14872
-316.712,-334.924,2.82695,2.14839
-38.4797,-47.0899,4.00865,2.14793
-66.2825,438.057,3.60081,2.14783
255.02,-105.261,5.319,2.14771
110.136,-33.2568,3.87112,2.14626
-417.57,37.4014,4.16004,2.14601
76.5792,343.43,9.04598,2.14568
-137.118,-38.9799,3.94258,2.14506
197.501,-252.96,3.09227,2.14447
155.551,-152.277,4.58426,2.14419
328.98,-146.639,5.51185,2.14406
-436.168,324.103,3.38105,2.14287
204.677,145.998,7.21157,2.14285
19.9416,284.136,5.40733,2.14243
360.043,197.285,8.54754,2.14238
-192.816,-210.559,5.54156,2.14223
-340.994,-62.6795,5.45727,2.14154
337.167,-277.38,3.90979,2.14122
207.327,-196.856,3.34017,2.1411
-48.8858,-236.001,5.46169,2.14081
-224.352,-98.9265,5.17467,2.14064
235.775,-80.7124,4.5026,2.13962
-243.337,-352.43,3.34265,2.13955
46.2918,-403.845,5.13808,2.13938
-50.4484,270.539,3.98223,2.13899
-45.3514,-469.294,3.37479,2.13841
446.177,252.565,5.30256,2.13803
293.767,377.35,2.85443,2.13775
97.0254,-49.7303,3.9269,2.13773
-173.974,473.44,4.58037,2.13768
-153.97,0.686714,4.88685,2.13743
290.376,105.213,3.76529,2.1373
-384.46,-277.499,3.27025,2.13698
-80.1893,-103.446,3.17607,2.13636
-224.882,465.448,2.98202,2.13622
-104.724,-447.084,5.11258,2.1354
-139.375,-333.059,2.81971,2.13511
-217.287,282.661,7.38254,2.1345
170.004,-287.165,4.84004,2.13384
-83.1318,261.202,3.04801,2.13279
-156.503,282.545,3.16767,2.13273
-68.466,-83.1676,4.15272,2.13272
197.51,395.711,3.29638,2.13236
-362.165,-385.94,4.37016,2.13232
431.54,390.403,2.98528,2.13196
-339.807,295.056,3.1637,2.13101
-46.1029,-363.829,3.27364,2.13085
-403.132,389.479,2.86499,2.12927
-107.77,-79.8177,2.86834,2.12912
-372.769,328.241,4.34869,2.12843
-136.587,-400.035,3.91255,2.12822
-114.348,404.502,5.9503,2.12813
-28.0061,427.05,6.57749,2.12754
-344.036,262.632,2.88454,2.12742
-79.0963,154.746,3.00378,2.12727
-2.73622,41.767,3.49904,2.12698
-213.299,-353.732,2.88112,2.12624
301.367,-138.888,3.78741,2.12564
-393.255,13.9528,2.98215,2.12551
387.28,426.113,3.64498,2.12542
-348.435,-174.469,3.32705,2.1253
194.277,-382.621,3.13897,2.12523
49.2538,439.983,3.29953,2.12498
267.052,154.62,2.84764,2.12463
77.6495,58.7698,2.8138,2.12428
-219.356,59.2019,3.20523,2.12419
-283.449,147.154,4.15631,2.12407
-363.798,-90.8136,3.82939,2.12404
-182.664,310.92,3.19964,2.12357
238.396,-39.9369,4.22618,2.12289
363.635,380.13,5.20743,2.12174
450.113,403.721,7.8538,2.12154
97.4493,391.509,4.71705,2.12151
71.5442,161.573,6.03833,2.12149
-55.8044,393.673,2.96589,2.12111
258.594,-357.742,2.96184,2.12087
64.5496,-21.2707,2.97592,2.12073
-123.216,-205.728,3.27185,2.12008
37.5152,266.613,3.32006,2.11933
373.025,152.502,3.70534,2.11889
-470.403,-389.395,2.85276,2.11868
296.437,259.318,3.7394,2.11861
391.659,169.122,6.36318,2.11832
-52.2158,348.582,3.95363,2.11828
-349.117,331.425,3.18475,2.11814
-361.387,-292.685,7.2026,2.11805
-375.071,-135.207,3.05045,2.11756
220.069,-350.609,3.33863,2.11749
162.456,-125.7,3.36565,2.11714
-472.492,-310.157,3.12848,2.11687
-119.881,-80.8742,3.51273,2.11676
-433.643,15.9957,3.13312,2.1162
333.559,-313.268,2.84819,2.11588
-10.6327,460.606,2.96805,2.11587
-282.152,76.5346,4.0774,2.11582
-329.986,-222.491,6.89744,2.11552
-319.88,-407.598,4.91413,2.11529
119.57,89.2425,7.2868,2.11497
460.181,-300.243,3.43195,2.11463
-45.5047,-153.059,3.30966,2.11457
379.642,372.409,3.55938,2.11448
137.239,74.9247,2.96946,2.1139
-342.436,329.342,4.69936,2.11381
237.402,-174.737,2.91609,2.1137
-268.333,312.933,4.48341,2.11288
385.086,72.6003,2.8637,2.11242
438.431,190.139,3.75976,2.11202
-192.733,-41.0129,3.9579,2.11196
300.736,235.892,3.34781,2.11196
309.616,-125.387,4.11614,2.1117
312.502,-62.2814,3.53912,2.11113
-64.0425,-208.116,3.87177,2.11103
-416.095,-176.034,4.06682,2.11
164.475,-369.921,3.18329,2.10998
94.6583,104.335,4.86302,2.10989
451.438,-33.8999,4.61081,2.10867
360.36,107.2,5.25989,2.10728
442.652,113.87,4.39427,2.10718
189.472,-269.395,4.26292,2.10668
-231.347,-380.973,3.16709,2.10663
-93.0979,-99.4639,3.72044,2.10657
-24.7695,-95.3923,2.99532,2.10649
340.977,-427.693,3.12702,2.10646
48.8473,426.568,5.04718,2.10619
313.306,-391.142,4.43527,2.10575
398.203,-378.091,3.74863,2.1057
59.2318,-340.016,3.60641,2.10466
-102.08,137.997,5.04781,2.10464
-418.159,-279.873,3.74264,2.10434
-472.194,223.228,5.21684,2.10433
41.8011,-290.417,6.14801,2.10421
-469.876,382.351,2.99278,2.1037
185.783,-253.2,5.82683,2.10365
-448.71,365.021,2.84249,2.10348
-284.353,222.443,3.4493,2.10344
83.045,349.439,6.92054,2.10314
93.7665,469.815,2.87311,2.10306
-191.081,-120.414,4.16002,2.10304
74.7591,-324.048,5.0007,2.10272
15.819,61.0904,3.55583,2.10262
196.791,35.871,2.90856,2.10244
312.872,242.254,3.03786,2.10225
189.928,-119.902,5.33702,2.10219
380.824,435.978,3.42772,2.10195
74.9277,343.823,3.01122,2.10182
-67.5132,151.46,3.56658,2.10168
380.759,-99.3316,5.39335,2.10156
385.486,413.647,2.98159,2.10056
-469.791,-90.037,7.876,2.10039
-154.161,275.269,2.94429,2.1003
139.287,-113.655,2.90845,2.1003
-211.223,-154.218,4.463,2.10026
351.933,-252.027,4.24646,2.09961
-252.169,-106.56,5.05592,2.09896
3.84771,293.472,3.48952,2.09844
178.9,203.579,3.2902,2.09765
434.627,232.533,3.07164,2.09755
-344.629,-51.3256,4.57277,2.09712
95.8372,142.47,2.85548,2.09664
446.468,-122.484,3.66717,2.09648
450.092,411.203,5.16355,2.09607
-418.463,-383.213,2.98656,2.09571
92.3509,-458.788,5.48937,2.09564
81.363,405.012,3.24959,2.09521
126.082,112.59,4.78354,2.09428
-179.492,-279.434,3.3086,2.09421
-422.483,200.7,3.34121,2.09384
353.932,-252.326,2.8454,2.09371
47.0383,-116.816,7.01279,2.09356
239.287,28.7611,3.97793,2.09321
-122.868,-136.47,3.17505,2.09295
351.623,-372.186,4.6906,2.09224
-171.272,435.385,2.97818,2.09141
-338.565,-246.578,2.82689,2.09138
116.008,239.946,4.47637,2.09136
-411.798,-177.034,6.79851,2.09129
215.156,110.923,4.23842,2.09111
-151.581,464.512,3.54729,2.09045
123.521,-421.73,3.63839,2.08987
305.647,253.914,6.29715,2.08959
-21.9495,-139.938,4.60661,2.08929
-78.6872,-276.997,3.68153,2.08929
207.875,289.276,3.51496,2.08829
-429.484,-118.968,4.66955,2.08826
273.422,15.6302,5.42399,2.08825
97.8215,246.728,6.27731,2.08801
-149.839,305.461,3.9363,2.08763
90.7974,-99.0343,3.07975,2.0875
169.195,-278.63,4.40002,2.08688
-72.1532,-363.064,2.81486,2.0867
-173.162,-300.972,3.5909,2.08651
-289.99,-279.044,3.05646,2.08615
-27.0879,-38.0446,3.93938,2.08609
-249.573,211.665,7.33983,2.08605
6.68178,340.172,4.9911,2.08565
-423.797,128.717,2.99085,2.08549
-83.1398,-292.658,3.10421,2.08501
60.6549,-169.777,7.48061,2.08489
-86.0542,-227.178,3.0883,2.0846
268.911,-354.747,5.94233,2.08459
-346.086,-341.338,3.91301,2.08322
104.23,-412.505,3.15489,2.08307
308.441,392.133,2.91964,2.08181
-458.237,-27.9538,3.10274,2.08164
-441.313,14.3557,2.91155,2.08145
349.365,206.826,4.5668,2.08028
388.342,-111.783,4.2947,2.07949
224.977,-8.94286,3.23057,2.07928
-26.0634,435.315,3.1698,2.07895
-120.73,-250.539,5.53442,2.07829
142.314,221.507,3.46325,2.07827
145.873,-205.588,3.37014,2.07792
-370.17,471.564,3.99221,2.07768
-40.2133,172.565,2.96398,2.07736
362.262,-29.3084,3.51823,2.07723
315.985,440.17,3.44326,2.07705
0.59594,179.102,2.89494,2.07694
-455.681,26.4848,4.62026,2.07678
205.231,-62.214,4.72327,2.07615
-31.0297,-456.072,5.52403,2.07609
340.891,136.7,4.23118,2.07578
46.8836,-442.219,3.87521,2.07566
-381.429,-397.543,3.30673,2.07559
78.887,62.4563,4.90387,2.07504
-244.855,-14.3091,3.39405,2.07501
-357.634,-118.193,3.23623,2.07471
78.2521,-434.155,5.04192,2.07397
294.809,61.8994,4.97818,2.0738
290.92,311.074,3.91813,2.07357
212.514,-84.794,3.51738,2.0729
100.393,412.855,2.90326,2.07253
-24.5523,232.594,2.81445,2.07171
-148.671,295.707,5.22472,2.07136
2.09583,-260.469,3.68295,2.07127
-405.903,89.7316,3.63275,2.07099
41.3702,59.7994,3.40167,2.06919
-26.3226,319.842,2.87662,2.06904
-360.152,-132.79,3.35546,2.06839
76.9776,81.3775,4.12334,2.06838
122.082,114.189,4.37911,2.0683
171.737,429.178,4.9552,2.06774
-324.298,-439.803,4.72759,2.06717
-325.936,332.369,8.1971,2.0666
104.162,375.532,3.13921,2.06652
-274.541,-416.052,4.1863,2.06636
19.2576,166.231,3.05268,2.06588
371.342,-466.801,3.60576,2.06585
298.781,17.8493,7.20527,2.0653
78.0751,377.524,2.8646,2.06515
400.157,4.63435,3.06458,2.06489
-408.53,-280.646,7.21012,2.06479
-100.465,-60.9967,4.02514,2.06451
27.1183,-328.882,4.40489,2.06371
-234.154,-382.445,3.21897,2.06338
340.211,-192.894,5.72127,2.06176
187.551,-306.193,3.73877,2.06141
12.5816,323.208,3.48306,2.06078
170.413,-225.029,4.61982,2.06071
-104.118,341.753,4.61772,2.06069
366.573,444.817,3.71761,2.06023
-35.4027,180.212,4.54842,2.05961
-60.3656,-356.289,4.66161,2.05942
-327.3,-378.822,2.8751,2.05892
-278.051,-81.9828,2.83367,2.05879
78.4727,214.057,4.56598,2.05848
-288.933,-224.475,3.69651,2.05835
472.389,177.925,3.99062,2.05752
-286.505,375.962,4.72937,2.05741
390.697,189.907,2.88858,2.05739
127.639,-180.751,3.47512,2.05735
-120.066,-64.2091,3.19989,2.05734
-459.665,253.042,3.04159,2.05694
-122.716,-273.916,3.68827,2.05675
-387.625,117.79,3.0797,2.05624
50.509,-173.86,2.82191,2.05516
378.375,386.045,5.25811,2.05492
-436.344,103.193,3.33269,2.0548
439.983,-273.324,6.85996,2.05475
-320.095,-310.326,3.81554,2.05432
-263.024,-204.343,3.039,2.05338
-112.96,-471.721,3.2042,2.05268
426.34,30.8574,3.1152,2.05245
-96.6235,120.588,3.64285,2.05209
269.761,215.884,5.05392,2.05138
217.943,-209.878,4.17218,2.05076
-247.345,340.454,3.04085,2.05023
54.9634,-112.548,5.31612,2.04836
-419.471,-254.303,4.09148,2.04792
87.3963,127.596,5.6959,2.0479
174.176,302.637,3.25799,2.04738
-118.552,116.469,3.82425,2.04722
134.182,296.663,4.90849,2.04693
151.746,-392.804,4.17548,2.04679
208.515,-462.495,3.84239,2.04639
-39.6961,454.465,3.57091,2.04532
161.747,454.527,3.22775,2.04464
330.164,-202.161,4.55677,2.04449
473.205,-429.999,3.82399,2.0437
-52.4108,-238.149,8.1619,2.04368
-58.2737,-242.794,5.12778,2.04341
-90.4047,305.887,3.17107,2.04322
-329.751,-318.246,3.25774,2.04313
-23.2957,300.817,4.06907,2.04299
8.55141,-460.584,7.78905,2.04214
54.4536,13.6469,5.32873,2.04168
-147.074,-45.1022,3.29299,2.04162
-361.692,-71.985,2.85741,2.04052
-233.222,61.3504,3.02051,2.04043
-42.0819,-159.249,3.58138,2.04006
77.7661,-2.48108,3.40358,2.03852
-421.527,-44.8815,4.61911,2.03831
449.971,-339.722,3.66597,2.0378
-196.359,-249.939,4.80281,2.03746
167.081,469.466,4.36906,2.03629
-327.032,-11.3566,3.60263,2.03603
-132.165,-311.01,3.38603,2.03558
-133.706,425.986,3.1671,2.03556
44.7558,-379.575,4.8634,2.03423
200.791,-90.916,3.27578,2.03399
423.018,-413.172,2.9892,2.03394
341.641,31.9844,6.41308,2.03289
439.665,232.826,2.99018,2.03159
-328.665,-92.7164,4.60044,2.03086
451.922,399.999,3.19025,2.03051
-194.685,199.679,3.10702,2.03036
165.283,-306.507,3.08427,2.03009
-399.004,205.636,3.47816,2.0295
-446.605,396.037,4.80198,2.029
16.658,-384.03,3.74819,2.02898
379.045,346.897,4.29789,2.02897
-233.394,60.067,3.55285,2.02877
18.6261,163.455,4.8925,2.02864
211.636,13.8795,4.22387,2.02829
-303.123,29.1384,7.85128,2.02809
245.184,-50.4273,3.65911,2.02789
13.6343,159.552,2.85986,2.02777
-265.721,292.85,3.80372,2.02734
184.141,-424.145,5.64522,2.02656
163.254,360.811,4.11382,2.02601
-293.225,-209.748,3.13876,2.02592
-100.268,161.469,3.48588,2.0257
74.2218,199.983,3.942,2.02493
-201.5,-375.152,7.0499,2.02453
-83.861,293.097,3.13226,2.02409
-2.89639,-416.515,3.55473,2.02295
190.033,-304.841,7.07081,2.02197
-361.209,110.169,6.86152,2.02103
-393.852,-114.71,6.6765,2.02068
280.073,-469.206,5.34426,2.02045
-135.249,77.0929,3.58368,2.01993
-77.1451,333.111,3.79885,2.01898
-66.2284,38.0948,3.49062,2.01879
185,301.583,8.27652,2.0186
-233.344,83.7148,6.06381,2.01802
-108.801,437.51,3.34937,2.01801
-144.555,-80.0806,4.9429,2.01777
431.539,-182.701,4.60257,2.0171
-209.737,-398.01,4.59823,2.01662
-33.0215,201.347,5.34887,2.01661
347.209,347.956,4.45663,2.01654
-210.074,-453.789,3.68403,2.01652
-378.412,424.287,5.83045,2.01649
-208.459,231.75,5.83274,2.0164
246.909,43.6716,4.05895,2.01628
407.721,-188.534,3.48246,2.01621
158.624,-149.544,2.86108,2.01558
-247.258,-211.235,6.75241,2.01332
-29.3999,116.518,3.09558,2.01291
-293.276,294.887,4.86275,2.01283
464.36,-114.694,2.9815,2.01272
-4.56491,310.95,5.03536,2.0127
-68.2071,287.12,3.7263,2.0121
-179.912,204.074,8.77061,2.01181
-89.2439,-439.15,3.43289,2.01078
243.652,194.186,3.76055,2.01029
-73.273,-407.36,4.1953,2.01005
-145.385,-168.988,4.93327,2.00998
-66.3005,431.117,8.43878,2.00964
224.993,-360.027,3.19257,2.00958
-66.4054,-429.876,4.25897,2.00891
-161.721,-299.298,2.84099,2.00847
-460.02,252.432,3.3851,2.00834
-268.602,230.588,3.33667,2.00829
337.386,148.893,6.72425,2.0081
415.899,223.491,3.73041,2.00768
-290.36,357.848,4.44331,2.00729
147.226,169.721,2.8382,2.0069
389.595,-341.04,3.82317,2.00637
366.219,49.5004,3.15722,2.00634
413.219,-215.544,2.99231,2.00587
-269.206,190.447,2.92405,2.00576
-144.453,366.828,6.86333,2.00574
190.221,-250.777,3.03177,2.0057
43.2336,263.657,2.81607,2.00541
-23.8047,161.541,3.13671,2.00433
100.774,311.746,3.47496,2.0034
288.54,20.4598,4.86175,2.00332
-231.876,243.087,4.43137,2.0029
380.686,-365.464,3.95599,2.00251
-450.864,-443.487,3.05704,2.00248
223.467,-186.234,3.36734,2.00179
-200.142,-157.643,3.32255,2.0017
-91.9409,73.2317,2.88127,2.00164
-396.539,235.814,3.13388,2.00162
-166.147,-102.885,2.94926,2.00122
-188.072,-331.715,4.26782,2.00034
472.122,-431.867,2.92867,2.00003
78.6515,-470.334,3.80373,1.99972
-53.26,179.642,7.5348,1.9997
348.518,471.746,3.40052,1.99957
-3.917,-157.736,4.76852,1.99858
356.167,440.049,3.45198,1.99842
-330.397,25.0421,3.13322,1.99806
-115.604,-341.435,3.18089,1.99789
248.276,-324.616,3.74369,1.99683
-252.486,-348.815,3.28574,1.99609
-365.232,-229.42,3.2166,1.99599
-283.355,50.3312,3.05147,1.99534
204.702,420.184,5.57671,1.99527
-448.087,209.029,3.37553,1.99525
177.827,226.079,2.99309,1.99476
100.251,51.4871,3.6306,1.9941
-465.79,400.201,3.7144,1.99387
175.829,-65.3812,3.31129,1.99371
283.839,-300.365,2.98989,1.99344
449.493,-474.009,2.83484,1.99218
228.105,-125.322,3.44737,1.99137
-390.694,96.9743,4.17052,1.99136
-201.355,-405.298,5.16494,1.99126
-323.822,-181.5,6.5116,1.99113
284.372,203.672,3.08174,1.9906
-303.161,312.271,3.85694,1.98972
-285.514,43.3864,6.43006,1.98867
-172.366,-42.1141,4.4949,1.98826
205.78,-303.074,5.21081,1.98818
-216.988,387.123,2.93521,1.98747
456.819,458.448,5.55462,1.98737
-83.8864,-202.554,4.60689,1.98726
194.518,-178.61,3.01338,1.9862
435.48,-225.237,4.03556,1.98503
223.811,349.279,3.01499,1.98488
-226.649,322.647,3.20828,1.98437
424.115,186.442,4.67869,1.98344
-214.532,60.8395,3.45821,1.98342
216.185,262.542,3.12311,1.98324
-58.8589,323.1,4.75793,1.98175
-2.67816,-21.6656,3.07908,1.9817
-370.979,-140.165,3.23034,1.98169
203.07,416.995,5.48867,1.98019
-420.933,186.219,7.96031,1.97905
-286.384,4.93717,3.93098,1.97883
115.918,57.0582,3.58026,1.97831
379.732,-261.287,3.21058,1.97781
-100.215,443.193,3.6794,1.97686
388.887,33.8655,2.96722,1.9767
-128.422,240.179,2.98765,1.97659
227.092,-420.904,4.18946,1.97599
207.565,-447,4.48006,1.97567
29.0314,202.848,3.29308,1.97489
-161.675,-177.802,3.14205,1.97376
-256.141,253.787,3.82914,1.97355
-118.072,456.109,4.48314,1.97282
453.88,174.325,3.19316,1.97232
-57.8365,-463.724,3.32837,1.97151
183.439,404.793,3.0908,1.97121
-96.8952,339.148,3.76435,1.97087
189.93,-390.194,3.39951,1.97063
44.5345,136.386,2.86905,1.97043
-102.52,22.4831,3.0519,1.96966
-453.262,-401.591,5.33472,1.96956
121.838,-60.4207,2.90719,1.96931
156.987,-283.763,4.49495,1.96816
364.972,-340.352,2.8782,1.96751
-126.972,-323.418,3.78911,1.96742
365.277,-289.487,4.28655,1.9674
21.7394,117.613,4.50467,1.96682
113.178,-445.141,4.02519,1.96671
464.853,-400.58,2.96437,1.96589
247.633,-115.4,3.97631,1.96559
118.77,87.4968,4.9195,1.96438
291.127,-0.784797,2.91392,1.96354
-430.387,-92.8191,4.47788,1.96317
-60.0781,-294.417,3.45987,1.96294
211.796,-330.69,3.01386,1.96293
280.878,307.409,4.13608,1.96092
-378.943,69.8129,5.41301,1.96043
6.74268,-223.079,6.8279,1.96006
340.132,136.798,4.18254,1.9599
-354.832,-304.27,2.82308,1.9598
-317.556,429.137,3.97797,1.95871
-441.571,-303.606,3.2526,1.95843
174.98,-126.915,4.17268,1.95809
-254.727,-240.472,3.2098,1.95809
271.802,-45.9237,5.35829,1.95791
466.531,215.918,3.46319,1.95723
-239.141,-135.281,4.01648,1.95677
-109.17,-305.742,3.37613,1.95539
-331.27,206.993,3.2986,1.95534
31.2273,347.492,2.99139,1.95529
4.59904,61.1084,3.16723,1.95528
166.299,337.951,2.93837,1.95451
159.144,211.643,5.34077,1.95436
416.053,-153.533,3.72413,1.95355
-180.267,210.24,3.13769,1.95303
173.573,-342.465,3.69473,1.95248
-55.4896,-264.53,3.67129,1.95197
167.817,284.624,2.97942,1.95185
466.196,31.6931,4.60879,1.95149
-55.0371,48.3617,2.96332,1.95038
305.421,472.573,3.02073,1.95033
443.338,51.6859,4.46507,1.95012
-368.147,439.256,3.96884,1.9498
-221.571,462.576,3.71474,1.94955
110.671,76.4609,3.0411,1.94907
24.7958,231.823,3.55693,1.94765
413.279,96.2456,3.57079,1.94759
114.155,-246.172,5.20732,1.94728
292.909,297.724,3.32162,1.94717
-142.082,0.477828,3.66704,1.94703
-445.589,125.842,2.84793,1.9469
444.544,219.575,7.934,1.94611
458.835,118.06,4.93582,1.94609
-230.282,22.3328,3.45209,1.94591
175.882,338.505,3.84946,1.94575
338.256,9.26962,3.05961,1.94506
175.22,349.229,4.66836,1.94496
299.513,155.603,5.95589,1.94434
-78.7459,-79.6718,2.84595,1.94432
241.224,246.45,3.27492,1.94303
17.1578,143.238,4.36247,1.94298
-412.193,47.1555,2.8133,1.94259
-450.743,154.855,2.99442,1.94252
315.763,-229.13,3.33799,1.94226
-299.091,-116.805,4.37789,1.94197
-266.613,226.545,3.27142,1.94097
-227.422,-292.943,8.76688,1.94086
-131.045,212.516,2.85326,1.94077
-127.249,-232.284,2.82922,1.94015
-438.279,436.967,4.35292,1.93995
-428.467,-9.15201,4.21207,1.93979
470.428,98.7594,5.58789,1.93901
-117.586,20.3926,3.51227,1.93866
429.954,-102.423,3.43817,1.93831
-442.186,-118.047,5.45278,1.93793
-208.336,242.472,2.83169,1.93785
374.935,-25.1001,2.9013,1.9374
361.783,-32.9598,2.92609,1.937
182.995,-129.027,5.62158,1.93646
-115.239,-298.22,5.31654,1.93534
180.556,449.74,4.52902,1.93534
406.614,-163.053,6.35307,1.93527
-169.51,288.196,5.31863,1.93505
70.0865,-405.718,3.01411,1.93495
2.78353,91.0632,4.11952,1.93493
448.206,313.541,2.84007,1.93492
217.304,-180.724,3.79594,1.93455
-319.542,-130.852,3.41273,1.93447
-99.9884,72.849,3.41659,1.93412
-407.496,154.889,5.47212,1.93401
-99.961,-204.769,7.3226,1.93385
-8.43748,375.592,3.18196,1.93342
342.081,424.389,4.57052,1.93326
-26.9497,-179.631,3.68282,1.93262
134.003,-432.224,2.90007,1.93262
382.102,34.4683,5.5088,1.9324
-465.358,-242.593,3.14619,1.9318
-226.291,-294.419,3.52701,1.93163
-346.935,241.13,4.41628,1.93092
250.449,-410.637,4.62846,1.93002
-279.356,386.801,8.54538,1.92896
158.939,214.8,8.01306,1.92861
-387.324,-113.25,3.14671,1.92827
-431.892,-212.277,6.6525,1.92793
92.5527,187.079,5.02536,1.9278
-12.7742,449.272,3.40383,1.9274
-465.341,128.299,3.39292,1.92656
469.852,211.501,4.27477,1.92634
136.488,40.6846,3.54805,1.92623
-37.7935,431.863,5.03156,1.92515
345.66,343.783,3.26346,1.92513
-359.402,-371.368,2.82491,1.92476
-42.045,428.157,4.28559,1.92433
-5.95387,-297.498,4.24242,1.92424
38.2511,117.458,3.33106,1.92368
361.008,-279.31,4.0291,1.92318
-419.954,3.06998,3.46558,1.92308
172.398,-422.355,9.90547,1.92276
34.9902,448.207,6.26991,1.92267
-221.923,-238.702,5.68576,1.92164
86.5297,208.325,2.91686,1.92115
462.47,-257.229,3.35281,1.92113
451.591,-352.398,3.57108,1.91945
57.6074,-286.351,3.00928,1.91929
63.6731,449.437,2.82763,1.91926
-74.0441,35.1092,3.91067,1.91911
145.59,-457.276,4.66979,1.91904
11.6201,-438.537,5.66414,1.91882
429.879,-318.59,4.8909,1.91797
24.3085,325.779,3.149,1.91747
-164.369,69.9552,3.04553,1.91746
-77.8239,-275.715,3.65943,1.91744
-215.18,-283.406,7.48479,1.91667
-184.548,-367.441,9.70281,1.91577
214.826,271.674,3.44506,1.91554
-410.298,-221.054,3.12746,1.91506
-13.3559,69.2114,4.38193,1.91438
80.0637,274.48,4.71559,1.91411
338.085,309.941,3.84863,1.91402
-44.7618,-146.866,7.4868,1.91379
141.141,221.889,4.79476,1.91306
-403.554,-416.572,4.94113,1.91256
393.312,366.919,5.09648,1.91219
-353.144,385.143,8.03998,1.91156
161.028,-12.3976,3.02293,1.91109
169.213,-379.944,3.44567,1.91086
-117.642,292.332,8.23827,1.91082
-271.797,148.137,6.27643,1.91063
69.8891,-91.3497,4.70755,1.91042
282.495,4.48193,4.52639,1.91022
-243.995,-230.342,4.8572,1.90987
-92.2486,-155.688,3.90368,1.90945
52.9242,-370.506,4.28862,1.90869
404.39,-372.065,3.50987,1.90823
24.7408,82.8009,6.78178,1.90765
-135.737,421.401,2.95936,1.90651
188.21,446.656,4.20893,1.90621
63.9131,186.036,3.72753,1.90597
-329.152,8.34985,6.38049,1.90553
-31.2353,344.37,4.97822,1.90529
85.0226,-431.085,3.66139,1.90529
254.572,407.814,3.83031,1.90509
200.829,-371.82,3.64604,1.90502
441.014,16.1255,3.74294,1.90474
392.389,-280.809,3.82477,1.90451
135.064,229.945,5.15196,1.90432
156.431,-196.525,9.68909,1.90427
87.812,212.571,3.32232,1.904
375.331,460.726,4.81258,1.90387
83.5599,-120.578,4.40168,1.90364
-452.974,-228.842,3.5612,1.90349
378.011,413.741,3.26255,1.90296
-459.402,49.3609,3.34685,1.90256
-72.9193,40.407,3.86713,1.90146
259.484,-457.862,3.37241,1.90056
-358.044,24.6715,5.71402,1.90023
-312.205,-428.287,4.49263,1.90022
383.356,441.873,3.33559,1.90011
-271.677,-465.238,2.82005,1.89948
417.049,-163.191,4.50014,1.89942
7.9758,-271.551,3.08528,1.8994
108.89,-79.9188,5.33744,1.8982
6.03608,120.739,3.79333,1.89808
256.357,-125.226,9.41406,1.89789
184.009,-243.007,2.98929,1.89788
433.226,-134.593,3.97332,1.89767
-469.854,415.033,3.16414,1.89685
322.576,-128.466,4.03771,1.8968
-263.8,-192.749,4.78361,1.89653
-443.107,191.702,3.8162,1.8961
440.673,-315.842,3.58402,1.8959
-410.886,399.167,3.10018,1.89522
-300.667,156.645,5.11613,1.89494
-428.215,-289.393,3.02503,1.89444
156.286,-206.091,2.84458,1.89402
466.287,-34.7014,5.50605,1.89351
-180.239,227.253,8.65933,1.89274
137.142,-326.537,6.52862,1.89267
-137.923,-252.417,3.29919,1.89242
59.4086,-255.329,3.06184,1.89212
-320.776,169.278,3.41383,1.89193
379.697,220.086,3.00187,1.89124
322.597,-100.176,2.82358,1.89119
-50.6019,93.5895,5.42769,1.8902
-76.0836,-86.0015,5.04021,1.89001
356.58,-40.5861,3.1552,1.88898
290.891,294.655,2.94504,1.88881
262.16,194.985,2.82304,1.88869
-443.95,-129.941,3.1189,1.88868
121.243,368.631,4.77025,1.88824
-338.133,-96.4388,3.50626,1.88727
252.26,-376.083,5.34433,1.88721
226.377,23.5061,6.66317,1.88706
368.996,279.565,2.94011,1.88665
17.6037,38.8627,6.47384,1.88616
-60.9396,-434.612,5.44602,1.88573
-45.5518,150.363,3.08871,1.88536
-136.339,389.195,3.20246,1.88532
-40.2272,178.437,3.42499,1.8853
-107.613,-129.603,3.04483,1.88527
-320.05,-385.92,2.90218,1.88491
181.027,-351.825,4.28339,1.88491
-443.152,415.949,9.40183,1.88484
-317.651,-373.868,2.99969,1.88465
50.8939,341.164,4.96536,1.8841
-228,-54.4565,3.02801,1.88391
-77.9589,-381.716,2.91869,1.88375
231.608,-123.59,3.64264,1.8834
-10.2434,459.681,3.88543,1.88334
-1.86152,-107.211,3.57693,1.88314
-228.902,-388.739,6.25008,1.88296
-242.847,-251.909,3.64207,1.88267
176.885,-231.196,3.88472,1.8824
-423.535,115.676,3.48462,1.88239
-432.438,470.922,5.09479,1.88232
149.404,120.714,4.33461,1.88121
267.915,217.047,4.45743,1.88113
104.719,126.859,3.19582,1.88109
-218.548,-310.925,4.39543,1.88012
-8.75453,-265.868,3.41038,1.88012
-173.357,-6.95261,3.09113,1.87993
53.0313,-233.87,4.77579,1.8782
-337.041,370.94,2.95008,1.87814
-402.986,-392.521,2.84774,1.87759
-296.832,-196.729,5.54489,1.87657
-80.5022,199.215,4.86144,1.87602
168.169,-166.63,2.95463,1.8759
-447.489,442.187,5.0747,1.87589
363.907,458.756,2.95376,1.87511
-393.736,-374.39,5.0365,1.87428
-29.8485,154.207,3.95257,1.874
343.217,196.697,4.53907,1.87355
-199.193,325.204,2.82607,1.87317
197.363,209.998,3.81431,1.87313
73.0222,372.656,3.92744,1.8724
-346.376,-266.759,3.48872,1.87228
345.234,331.908,3.19543,1.8721
-25.5224,74.2223,3.35153,1.87205
425.452,210.447,3.00884,1.87199
288.275,259.403,2.93292,1.87199
155.35,-229.851,2.91173,1.87174
328.932,-146.383,2.93269,1.87172
-299.005,-116.124,3.2915,1.87091
179.275,-447.051,7.41673,1.8705
-242.484,-72.6421,2.8598,1.8705
-164.131,-21.5288,3.2424,1.87036
3.65323,296.909,3.24209,1.86985
-239.831,-360.63,3.22962,1.86985
309.017,333.861,3.58599,1.86751
211.88,-106.185,4.24299,1.86746
185.586,101.271,3.42946,1.86693
-180.444,-409.832,5.4484,1.86692
-154.565,203.305,3.22612,1.86576
473.818,421.017,4.62549,1.86531
441.121,23.4097,3.27381,1.8648
339.483,-393.889,4.7468,1.86456
320.701,66.516,4.57482,1.86453
52.2085,277.996,3.34995,1.86444
-10.4675,-161.719,3.7918,1.86362
-22.4207,-46.08,3.0634,1.86277
-249.17,-425.737,3.36879,1.86247
344.665,-98.2398,3.94158,1.86233
-248.976,307.276,7.9532,1.86137
117.67,-351.962,5.89752,1.86122
160.618,-412.046,4.47548,1.86109
382.067,-205.413,3.8195,1.86081
-470.17,-99.854,4.26866,1.86033
-73.6715,139.204,2.93007,1.86002
-60.6132,-88.531,5.14664,1.85952
-124.426,-99.1691,3.10678,1.85949
265.922,161.586,3.86754,1.85939
-473.401,-170.57,3.08105,1.85935
-147.414,442.156,3.39848,1.85914
221.132,374.608,2.99142,1.85846
-259.678,14.3296,3.36703,1.85774
190.952,56.4478,5.67862,1.85723
148.852,-436.724,2.88259,1.85706
367.007,-222.83,4.51961,1.85614
-270.575,-187.949,6.14996,1.85609
-461.55,301.244,2.97716,1.85545
375.583,-338.83,3.41915,1.855
-50.1161,148.758,4.75122,1.85362
288.485,335.807,2.89017,1.85289
291.002,-229.934,2.94918,1.85277
-393.871,145.929,2.95036,1.85238
459.638,360.903,5.49239,1.85228
161.486,389.054,3.61357,1.8518
24.2513,-344.318,5.30885,1.85171
209.214,-236.463,3.15799,1.85127
39.1873,48.4768,3.69454,1.85116
-238.469,405.59,8.92603,1.85021
-23.9556,-245.909,2.92209,1.84964
-362.472,161.984,3.334,1.84964
23.8372,-452.746,5.77905,1.84783
-14.5922,83.6274,3.33363,1.84758
23.631,265.289,2.84361,1.8465
73.001,-97.9606,3.88394,1.84636
224.719,-338.423,3.52482,1.8462
265.66,-85.2916,3.83019,1.84551
-323.904,53.8696,3.27927,1.8451
-67.1489,131.158,3.47191,1.84479
-18.5345,318.627,5.85713,1.84455
-453.016,0.239292,3.05436,1.84329
-289.764,264.564,3.27623,1.84319
182.612,-250.755,3.46987,1.84257
341.081,-257.632,3.20719,1.84243
-17.0276,-123.303,2.84365,1.84159
421.14,-276.227,5.48123,1.84157
468.815,-346.264,4.34062,1.84129
223.499,-0.757393,3.74854,1.84068
234.416,293.263,3.22909,1.84018
234.432,425.018,5.95465,1.83951
-93.2019,-356.005,2.81818,1.83834
-114.085,-279.543,4,1.83716
348.415,-112.435,3.7754,1.83697
223.553,-71.749,5.28674,1.83682
-441.373,-374.209,3.07129,1.83656
-0.614059,-254.067,2.9318,1.83585
-221.17,-18.9467,3.00028,1.83513
-48.2332,123.822,3.21186,1.83362
-246.144,252.92,2.86886,1.83333
455.577,-0.867384,3.60239,1.83325
-273.08,109.279,2.9095,1.83303
12.6276,179.283,5.83138,1.83296
-0.138261,82.4604,3.44606,1.83247
346.604,-411.371,3.78081,1.83217
137.868,-74.3712,3.49139,1.83159
-40.9548,-416.8,3.84758,1.83076
427.653,-223.107,3.76392,1.83061
-356.085,428.854,4.13689,1.83021
289.102,-203.675,3.21894,1.82883
245.901,-80.6532,6.52381,1.828
-228.894,371.698,3.06127,1.82799
210.269,-380.627,3.33224,1.82737
471.369,191.845,5.81928,1.82708
-122.226,321.371,3.53373,1.8269
159.947,155.848,7.62679,1.82653
218.614,278.653,3.1959,1.82616
-254.944,-298.197,3.4402,1.82611
280.287,266.918,3.71495,1.82577
154.155,-82.5468,4.0192,1.82448
-269.041,170.144,6.8397,1.82442
417.176,-448.268,3.11393,1.82399
179.883,220.673,3.12797,1.82393
-84.1238,272.618,5.14439,1.82363
370.742,-282.637,2.83437,1.82349
92.1663,53.4509,5.39245,1.82308
-84.0124,-158.097,3.77376,1.82308
324.964,-71.4542,3.8587,1.82299
-106.353,206.017,3.13449,1.82285
-334.019,30.002,5.5195,1.82242
-471.414,408.823,2.86883,1.82194
-456.912,-123.767,3.09778,1.82138
291.101,-319.067,7.18711,1.82091
423.649,-184.87,3.6085,1.82074
-26.0413,152.687,2.90411,1.82074
-258.603,423.778,7.9416,1.82023
-409.863,440.081,3.95113,1.82006
242.283,287.905,6.24555,1.81984
219.636,-352.384,3.85362,1.81971
287.662,-277.987,3.62123,1.81949
-237.015,-353.264,6.70387,1.81787
370.788,400.431,2.88713,1.81782
-143.068,56.5838,2.95079,1.81778
-57.6492,-214.158,3.09542,1.81764
-150.245,271.989,3.7423,1.81757
172.752,71.2624,3.05396,1.81716
-85.5021,336.957,3.07281,1.81702
-412.587,115.899,4.19399,1.81672
367.136,174.125,5.15473,1.81547
309.757,3.44964,4.46385,1.81509
58.1386,-81.3187,3.17058,1.81508
206.908,319.848,4.28149,1.81482
-176.614,-223.629,3.08257,1.81465
-446.117,79.6401,4.38461,1.81452
394.479,353.277,4.8457,1.81415
299.838,363.37,5.41183,1.81321
455.584,198.842,4.49229,1.81276
445.844,-218.705,3.04078,1.81257
-24.923,-197.412,4.72192,1.8123
-457.335,127.081,4.58427,1.81226
-463.809,-128.976,3.19442,1.81198
425.904,-105.583,7.04324,1.8107
-368.684,-435.72,2.95247,1.81052
-290.098,5.68541,4.40074,1.80941
-100.988,291.5,3.7363,1.80886
-311.852,359.864,3.66665,1.80883
-93.6731,56.9548,3.32639,1.80881
226.434,357.765,3.07872,1.80867
285.516,263.5,5.13218,1.80852
438.115,170.571,5.55127,1.80776
-322.289,-3.50758,4.32457,1.80766
282.209,392.168,5.14298,1.80689
221.391,408.988,3.09171,1.80675
-315.733,108.234,2.94455,1.80636
372.389,-256.771,5.56276,1.80634
338.773,209.672,4.22006,1.80512
189.939,67.2116,5.3614,1.80426
51.6398,-460.13,3.77034,1.80425
-46.8225,-41.8603,3.47599,1.804
47.0863,-444.947,9.27063,1.80362
-100.112,132.934,5.41791,1.80335
-130.88,309.098,3.22404,1.80328
169.676,92.1921,3.26255,1.80261
-63.5623,-344.812,5.29848,1.80221
-176.436,-145.049,2.98786,1.80172
-317.04,299.598,3.07938,1.80136
-121.402,-123.754,4.64684,1.80131
229.991,-223.718,5.50506,1.80108
-305.565,-169.336,3.13909,1.80065
-356.59,22.5398,4.08806,1.80059
-441.851,-255.606,3.11336,1.80031
-33.5373,175.77,5.0628,1.7995
-245.394,-370.277,6.15913,1.79933
144.165,-165.274,3.19532,1.79924
-381.956,-316.467,4.717,1.79911
434.57,420.282,4.8416,1.7991
197.644,256.641,3.07878,1.79858
402.355,440.946,4.92528,1.79844
96.5651,-421.831,3.09399,1.79723
13.71,-194.304,3.3151,1.79649
-294.062,-378.042,3.22651,1.79596
-135.048,-183.793,3.85447,1.79541
-440.453,166.987,4.09298,1.79465
-189.969,67.4154,3.15204,1.79463
91.8726,414.419,5.51465,1.79452
381.12,460.928,4.10176,1.79424
-328.01,7.41892,5.24458,1.79309
153.762,84.6831,3.1333,1.79297
134.554,-97.7545,4.84056,1.79276
-165.619,-71.2596,4.06149,1.79233
191.107,-254.494,3.734,1.79202
-251.371,-323.04,3.25456,1.79154
-254.074,-188.644,3.26409,1.79113
156.701,-466.713,2.97541,1.7908
-380.51,-375.928,9.46279,1.79056
236.555,-350.021,2.93045,1.78967
-33.8226,-48.8073,3.09399,1.78965
-473.197,-39.6714,4.79633,1.78907
270.059,-346.592,3.60526,1.78805
260.193,166.668,4.18303,1.78758
12.2424,276.407,2.88332,1.78751
368.437,180.612,4.48326,1.78641
21.8037,-258.592,3.01552,1.78626
-345.26,-124.607,5.74733,1.78613
-15.7001,452.276,3.40075,1.78535
127.21,-265.889,4.6994,1.78502
-337.886,467.633,4.69421,1.78467
377.065,-414.068,2.94246,1.78445
312.967,130.691,6.13491,1.78374
358.832,204.593,4.79188,1.78353
-315.358,462.876,7.07339,1.78329
-340.462,281.723,4.23115,1.78319
-103.049,32.721,4.34969,1.78297
-51.6811,-134.573,2.95177,1.7826
-289.807,-30.7415,3.58613,1.78205
239.984,122.18,4.86195,1.78099
-141.381,-330.069,6.4392,1.77974
372.774,-31.0042,5.10517,1.77959
-369.145,-83.5365,3.28455,1.77954
388.413,-259.756,6.5773,1.77914
-328.625,270.326,3.31124,1.77881
-75.9984,274.896,5.49825,1.77673
-387.255,-29.0371,3.52941,1.77664
97.4286,49.3877,2.84497,1.77614
-0.0342282,24.0391,3.01456,1.77613
259.785,-319.352,8.80125,1.7761
-134.686,-435.054,4.53901,1.77606
336.841,311.524,3.60455,1.77594
-252.619,-261.58,3.20478,1.77515
-300.344,35.8117,7.54055,1.77489
-106.277,-260.783,4.41563,1.77463
442.224,-310.473,2.82002,1.77317
-391.277,-67.0978,3.85372,1.7716
430.833,281.119,3.30901,1.77083
-15.0473,-299.288,3.03707,1.77073
447.956,-387.621,3.76752,1.77035
291.922,150.731,5.00693,1.76988
-444.339,299.757,3.17363,1.76979
247.44,420.634,5.36932,1.76916
166.045,-297.903,4.67492,1.76895
-34.0227,183.861,2.9221,1.76861
-172.485,-396.893,6.52143,1.7682
253.518,222.351,3.16889,1.76775
-399.606,-198.089,3.61587,1.76741
306.693,-279.361,2.99393,1.76636
-414.836,111.963,3.89302,1.76606
-270.087,179.919,3.70641,1.76518
-355.495,-238.105,3.12957,1.76485
-125.171,-73.7434,3.9937,1.7646
-416.434,136.075,3.57629,1.76447
-273.074,45.2146,5.34136,1.76369
-110.943,-369.483,2.89005,1.7635
-62.2932,474.575,3.17756,1.76245
-127.604,-122.583,3.99926,1.76167
-183.253,-195.845,3.15105,1.75988
211.944,36.8387,3.03015,1.75898
-137.991,-423.24,3.71139,1.75888
419.781,-283.977,3.91606,1.75882
37.7862,-461.04,2.99073,1.75845
377.938,354.563,3.76653,1.75727
-121.959,418.808,6.71334,1.757
143.648,400.356,3.1251,1.75693
471.589,-48.9386,2.94011,1.75685
84.7904,-112.958,3.23847,1.75684
304.76,402.308,3.27992,1.75681
-126.82,-34.7714,6.67307,1.75541
-90.3619,327.469,5.72684,1.75487
-384.261,-122.338,7.65768,1.75412
-77.4019,43.7862,3.23039,1.75373
344.54,24.8834,3.37182,1.75336
-445.716,-129.735,3.32414,1.75331
-474.129,-416.499,3.9421,1.75291
-59.3987,-183.806,4.97935,1.75288
55.8686,-290.22,3.54512,1.75274
29.549,249.035,3.12748,1.75263
228.662,44.4095,4.56991,1.75262
-23.1554,-184.205,3.0868,1.75221
402.77,-366.15,5.01898,1.75134
220.111,427.699,2.92935,1.75092
-330.802,229.045,8.44836,1.75073
277.949,-221.031,3.49278,1.75045
84.3624,257.446,2.94182,1.75023
408.436,-65.2838,3.42627,1.75012
156.468,34.2829,3.04503,1.75003
-313.24,-373.105,3.68363,1.74991
3.76004,-105.051,4.45703,1.74962
18.115,128.582,7.20449,1.74957
260.045,328.333,3.83383,1.74955
-322.872,137.676,3.67207,1.74942
-444.538,-14.5971,4.53842,1.74909
-136.542,-40.556,4.33675,1.7489
12.4192,437.316,4.63966,1.74864
260.675,6.85733,2.98403,1.74844
-250.633,-463.543,3.87268,1.74844
227.027,120.804,3.93003,1.74822
-220.772,265.763,3.16834,1.74808
465.978,285.048,2.98497,1.74784
-381.646,272.449,2.93921,1.74763
250.528,-99.7643,3.53284,1.74709
-265.46,-155.663,3.91972,1.74679
164.162,177.13,3.28662,1.74604
176.779,247.644,3.8512,1.74577
-293.333,388.657,5.03953,1.74475
298.325,-310.289,3.78453,1.74464
377.103,-291.414,8.5093,1.74451
-180.059,-0.932108,2.96247,1.74397
234.309,-332.485,5.57438,1.74388
-411.468,339.812,2.91058,1.74318
463.683,365.641,4.69056,1.74316
319.08,-82.6079,3.5182,1.74283
-209.702,-130.322,9.94517,1.74261
-326.535,-2.32418,2.83205,1.74227
-60.9715,5.42335,4.96459,1.74175
235.299,-83.1036,3.61324,1.74152
-307.435,-370.137,2.84421,1.74112
318.172,-449.371,4.25465,1.7407
377.301,350.378,6.98613,1.74024
-435.112,-168.876,4.46447,1.73922
-296.737,63.6006,3.82133,1.73904
56.9905,143.792,3.15342,1.73887
211.389,-219.544,3.41957,1.73842
-200.109,-213.568,3.59468,1.73772
-304.364,-311.643,2.92984,1.73748
74.6352,61.4079,3.01457,1.73733
-179.858,-225.798,6.46021,1.73681
-117.642,419.556,3.55212,1.73566
388.423,252.075,3.85304,1.73459
352.087,327.97,4.6118,1.73422
-200.573,-400.084,5.22121,1.73392
194.062,11.7138,2.99404,1.73367
118.789,-90.5704,4.63262,1.73339
-106.894,385.417,3.86281,1.73333
-172.879,-335.854,3.03242,1.73322
-133.012,146.411,3.6898,1.73255
-24.183,252.87,4.54031,1.73224
-39.9762,-102.485,3.54306,1.7308
-98.8377,71.2412,3.56757,1.73066
-20.1362,-386.043,3.02029,1.72977
-233.23,-458.192,3.77029,1.72889
76.7946,-236.599,3.09334,1.72868
-69.7115,177.186,3.79639,1.72864
440.886,-116.043,4.76117,1.72847
455.749,438.219,2.8979,1.7281
-64.7647,472.148,3.96217,1.7279
400.187,-153.307,6.45768,1.7268
424.65,-327.449,3.57132,1.72596
-301.219,-337.11,3.72935,1.72556
319.584,-93.9592,3.19008,1.72534
-160.867,14.9655,4.93886,1.72459
-435.148,39.6565,4.79642,1.72429
-182.038,-369.251,3.11754,1.72429
-422.345,-455.075,5.36511,1.72338
194.067,328.394,5.82627,1.7224
-215.289,72.8266,3.50873,1.72185
122.874,196.297,4.96854,1.72141
397.023,-216.721,4.27047,1.7214
423.545,-157.253,3.57323,1.72117
-134.216,305.591,3.20052,1.72073
-390.315,-73.4965,4.5616,1.7203
-94.4234,269.766,3.2527,1.7202
-334.792,-148.687,2.96879,1.71956
-21.0362,160.442,6.82473,1.71946
161.971,-464.32,3.6829,1.71856
-207.883,138.877,2.9075,1.71778
326.892,462.663,3.25117,1.71744
464.14,-455.887,2.89161,1.71744
376.541,218.337,3.2253,1.7164
-416.598,-155.723,4.28515,1.71635
255.384,36.5516,4.53845,1.71587
11.5692,-71.6304,3.12632,1.71528
473.041,272.583,4.14141,1.71526
-232.739,-31.5381,3.48882,1.71431
157.471,-218.969,8.5864,1.71371
101.818,-351.426,3.20651,1.71357
300.053,-55.127,6.63034,1.71296
119.079,-8.39684,3.20256,1.71264
-147.295,-339.032,5.25,1.71223
139.21,-259.853,4.22858,1.71108
-251.801,346.573,2.90554,1.71104
-342.061,-249.959,2.92669,1.71044
-193.635,448.911,3.06769,1.71012
-181.787,-453.367,5.58168,1.70981
283.251,318.708,7.02245,1.70979
-28.5134,-21.4134,3.68912,1.70897
144.216,299.228,4.81124,1.70891
98.1557,-165.972,3.32911,1.7087
368.951,467.232,3.96803,1.70833
393.08,-393.67,4.29627,1.70748
-334.801,-210.542,3.82979,1.70738
-136.896,335.965,3.5114,1.70734
368.088,-69.2862,3.25525,1.70696
-44.7672,-158.998,3.34787,1.70585
215.849,319.105,3.71072,1.7055
-455.256,406.557,3.0342,1.70532
99.5567,218.827,3.98247,1.70363
141.711,166.29,3.27655,1.70308
-217.419,255.364,3.86604,1.7027
340.335,434.553,3.86369,1.70255
334.522,226.029,3.25126,1.70222
-142.755,-280.287,3.26187,1.70208
-388.546,117.735,4.35052,1.70193
386.602,354.594,4.6617,1.70153
217.196,-329.637,3.83316,1.70134
10.4036,308.126,4.27111,1.70065
-229.215,202.938,2.84265,1.70056
-6.95502,-406.991,2.85728,1.70047
454.414,306.389,8.42226,1.70034
362.858,-258.422,3.03133,1.70033
-372.064,261.887,4.286,1.69981
188.359,389.534,2.90292,1.69951
-235.472,-355.616,3.41199,1.69811
-43.4095,277.124,7.28749,1.69793
-56.5844,433.443,3.22246,1.69753
-126.446,-334.256,4.65315,1.69751
-353.39,326.447,9.03893,1.69736
-368.478,-274.436,3.30883,1.69717
429.066,423.063,2.97272,1.69597
-98.9023,-266.84,3.66387,1.69587
-212.619,-286.483,3.0868,1.69549
-80.825,-423.865,4.85903,1.69507
-245.28,347.302,3.93411,1.6949
-319.646,398.341,3.54895,1.6947
20.7243,-170.46,3.19978,1.69432
-137.469,-281.531,4.15762,1.69424
-398.603,11.8955,3.89862,1.69382
-440.063,-417.589,3.8663,1.69381
197.856,363.149,3.01128,1.69362
-363.216,83.4443,3.62219,1.69345
430.267,-193.346,3.26159,1.69273
-439.531,-396.934,3.1139,1.69253
266.289,150.696,4.80449,1.69203
-68.0199,313.913,3.43793,1.69202
-349.994,151.116,5.20042,1.69104
-80.9767,393.641,2.88182,1.68987
-428.509,-147.823,3.26455,1.68912
269.17,107.918,2.83147,1.689
-280.816,36.7012,2.88865,1.68852
-476.052,293.732,3.16831,1.68851
214.662,78.1388,3.5961,1.68839
81.8151,392.288,2.86152,1.68833
361.073,-195.274,3.17785,1.68787
30.8683,-244.487,4.00133,1.6877
382.865,240.814,3.60215,1.68721
73.1187,468.668,9.15985,1.68509
314.308,-464.877,4.31718,1.68457
255.573,163.98,3.19633,1.68456
83.4099,-90.3508,6.07915,1.68367
-98.8291,-69.2013,3.72225,1.6834
108.828,-304.007,5.58662,1.68121
87.0122,-251.256,3.68939,1.68081
-290.789,76.3681,3.03885,1.68072
-80.2482,353.793,4.99182,1.68044
-406.526,381.484,3.01438,1.68001
-213.592,-114.723,4.64126,1.67982
-212.032,-44.0088,3.68291,1.67826
14.8525,32.2789,3.86722,1.67823
-387.565,-102.233,3.1048,1.67793
196.284,424.611,4.70867,1.67786
-373.265,-399.262,2.86752,1.67743
-213.818,-72.1628,3.58145,1.67666
-371.723,-193.353,2.93342,1.67642
-18.0367,-428.589,3.68134,1.67598
-382.801,-286.064,4.54269,1.67597
451.431,-274.436,2.93101,1.67559
-476.069,-180.03,2.86742,1.67527
408.966,-29.0272,4.17355,1.67511
271.208,1.41532,3.83627,1.6749
-272.349,313.361,4.53444,1.67462
228.795,392.303,3.42409,1.67315
413.202,-464.04,3.22999,1.673
263.34,-240.63,3.1564,1.67266
-405.515,368.598,6.52395,1.6725
250.57,98.7333,4.94445,1.67234
319.917,165.583,6.14563,1.6721
-325.556,429.911,3.73511,1.67202
44.8652,-345.145,3.77923,1.67168
119.309,188.291,4.14857,1.6714
-149.805,45.9515,2.96026,1.671
310.83,112.655,4.50316,1.67031
-468.273,93.5377,5.24936,1.67016
469.852,-298.551,3.1146,1.66949
233.059,79.446,3.51805,1.66841
-228.134,-424.754,3.85917,1.66787
-319.096,-237.275,4.88796,1.66781
222.106,-109.184,3.48579,1.66678
-300.037,-300.568,6.39597,1.66662
-316.467,18.8111,5.55029,1.66632
-320.578,-393.728,4.92028,1.66614
-276.387,-131.353,7.70482,1.66599
-422.919,-188.943,3.25082,1.66559
-185.992,-372.015,3.87539,1.66455
-109.683,-183.913,3.21991,1.66433
335.234,-404.743,5.54757,1.66422
-222.153,-165.219,4.28526,1.66422
-173.437,-202.358,8.48829,1.66395
-138.336,-371.492,3.42815,1.66395
208.254,-201.929,3.25575,1.66348
-328.807,-471.766,3.06912,1.66337
-42.587,60.0531,4.8215,1.66304
-24.1517,-134.816,3.06172,1.66295
416.544,-263.598,5.75666,1.66271
-31.6172,37.8118,3.22324,1.66251
-409.729,-313.012,2.85705,1.66201
-210.25,298.067,3.88291,1.66149
130.093,-55.9724,7.267,1.66131
175.537,264.71,3.90275,1.66109
128.948,207.541,3.29637,1.66065
-380.12,166.028,3.01505,1.66063
-16.2997,316.311,2.96493,1.66016
-214.021,420.364,2.89064,1.65996
-168.546,106.672,3.02757,1.65995
-43.6658,-112.935,5.59298,1.65877
283.1,-151.85,6.03853,1.6586
-193.479,323.853,3.42598,1.65807
171.009,435.917,2.96449,1.65774
-215.581,-108.018,5.01236,1.65744
-11.3781,-52.4304,6.77357,1.65687
-114.8,29.9908,4.42364,1.65627
-29.7518,450.674,4.15864,1.65617
11.2109,388.006,3.031,1.65613
-262.231,54.5506,4.15448,1.65612
148.825,103.482,9.63466,1.65576
272.052,299.807,3.32104,1.65548
-220.279,-198.529,5.32856,1.65507
-421.057,410.663,3.24215,1.65497
421.054,-25.0491,7.01139,1.65491
79.123,134.344,5.84537,1.65485
-373.219,-26.1852,4.47554,1.65452
262.495,219.577,3.48702,1.65433
-145.219,6.80067,4.69643,1.65415
383.01,52.6642,3.30132,1.65339
207.212,429.321,3.0118,1.65326
133.933,-273.933,3.34832,1.65287
-460.426,-74.635,5.46452,1.65275
306.457,243.302,5.09589,1.65265
13.6973,411.999,5.70734,1.65129
-233.577,291.535,3.3222,1.65124
-214.005,143.496,8.59342,1.65115
134.808,-437.378,3.10549,1.64908
-459.886,48.8844,5.00519,1.64889
240.579,196.639,3.10037,1.64829
288.593,153.328,4.45193,1.6482
239.479,241.566,6.97442,1.64819
-0.90121,-240.287,4.12273,1.6478
52.3891,181.292,3.30546,1.64778
36.8204,211.927,3.82902,1.64764
14.5655,449.963,4.78587,1.64743
142.265,-32.2075,2.83443,1.64735
182.068,-352.857,2.82152,1.64694
-119.184,42.0096,3.42316,1.64589
-11.0186,-75.3275,3.05602,1.64511
468.893,231.951,4.85859,1.6448
-226.486,352.764,2.85136,1.64428
472.852,61.7829,3.02609,1.64399
-88.4688,-75.0042,6.19662,1.64388
232.069,-455.511,2.96695,1.64388
31.4872,224.382,3.398,1.64366
253.037,180.477,3.22003,1.64281
239.791,-346.063,8.07382,1.64278
9.34094,-438.949,2.99039,1.64271
-150.472,64.4666,3.00618,1.64269
398.688,373.8,3.85733,1.64193
-139.609,-409.144,8.60089,1.64172
-400.951,399.698,4.74207,1.6414
441.959,409.124,3.76532,1.6414
-18.8337,-463.477,4.44406,1.64064
-62.8603,434.587,4.76321,1.64041
443.277,401.806,3.9367,1.64029
405.243,-195.196,3.48452,1.63966
-91.7268,-157.997,5.2555,1.63882
33.1052,59.5722,4.61236,1.63837
-16.8879,137.51,4.15677,1.63819
-473.169,-225.285,3.01857,1.63815
-160.6,-295.357,4.97148,1.63814
-221.194,-362.638,2.85082,1.63769
-20.6806,-222.689,4.66487,1.63745
291.506,-60.2092,7.40374,1.6369
183.732,-94.9414,2.81325,1.6369
464.801,-389.411,2.84528,1.63587
-412.645,-317.138,3.03328,1.63574
-194.009,17.1247,3.01353,1.63527
23.2437,462.834,4.07237,1.6347
-167.622,72.4073,3.19574,1.6334
99.6129,180.775,3.73573,1.6334
-197.631,-440.679,6.22752,1.63322
-471.086,-437.914,3.45961,1.6331
-28.1692,49.7592,3.80193,1.63202
399.428,272.093,3.29428,1.63191
-212.505,-43.3974,3.44499,1.63117
-161.931,201.484,2.81481,1.63087
-14.5835,158.81,4.68165,1.62888
-344.053,179.421,3.1185,1.62828
214.432,-131.963,4.16091,1.62825
62.0262,163.86,4.25698,1.6281
-339.319,-441.084,3.01413,1.62782
-115.201,-317.469,3.75592,1.62667
-78.8452,-319.766,4.28289,1.62662
-250.059,286.069,5.81134,1.62604
-353.395,259.417,4.29028,1.6255
-176.24,-126.624,4.34853,1.62493
444.437,192.629,4.95021,1.62436
-374.737,161.23,2.96336,1.62433
-342.749,-7.20654,9.42025,1.62353
423.666,-409.8,3.27724,1.6232
101.95,57.2435,4.41134,1.62297
175.737,216.82,3.19979,1.62193
-29.4167,174.998,4.32896,1.62163
-229.229,207.42,3.1488,1.6216
415.643,56.2597,3.69332,1.62074
-306.288,-100.372,3.8762,1.62005
-288.367,-221.996,2.93322,1.61987
85.7041,-308.05,5.927,1.61931
-443.892,-130.884,5.83803,1.61882
431.161,-174.024,3.15252,1.61858
-389.14,218.987,3.01365,1.61848
197.29,156.694,3.45256,1.61814
104.852,40.0396,3.20288,1.6179
-401.624,-197.081,5.38479,1.61787
346.112,411.97,6.75448,1.6174
325.698,359.578,3.66894,1.61684
272.126,-110.284,4.95938,1.61629
229.135,-446.971,3.10646,1.61568
437.683,99.8563,4.44304,1.61472
31.714,20.3964,6.53337,1.6143
-310.097,-287.917,4.68192,1.61387
-390.183,460.003,4.11469,1.61372
-134.82,161.146,9.54069,1.61331
254.526,109.189,5.53796,1.61269
423.357,-58.5348,3.93584,1.61222
-37.1406,-458.928,3.20283,1.61203
110.84,-167.726,3.18868,1.61185
149.33,-399.476,3.04299,1.61182
-220.555,303.04,4.05397,1.6116
-264.608,-365.656,4.1237,1.61157
-4.12248,-232.441,3.36367,1.61116
-123.623,113.612,4.41493,1.61111
34.7052,261.576,5.3779,1.61106
441.733,-146.676,3.24829,1.61103
247.205,-125.162,9.24468,1.61085
400.316,137.719,4.26109,1.61013
-272.073,-3.9913,4.24872,1.60993
454.696,379.197,4.25498,1.60991
413.065,77.4745,5.48239,1.60991
347.856,-46.0041,3.00378,1.6099
303.588,301.747,4.29001,1.60964
-7.98569,400.655,8.49059,1.60959
228.994,125.815,3.46464,1.6095
-146.062,383.984,4.2276,1.60949
138.547,-433.622,3.35295,1.6091
455.651,463.088,3.75253,1.60883
125.563,38.7942,4.54282,1.60855
109.563,-374.627,3.13084,1.60846
229.367,458.03,3.1091,1.60841
288.903,-193.425,3.01769,1.60753
-125.55,102.236,4.53669,1.60709
-291.039,270.89,7.04202,1.60707
-475.904,-379.474,2.90831,1.60593
306.39,-210.997,2.99167,1.60575
-101.915,-33.2683,3.28219,1.60523
-89.315,-152.106,2.98392,1.60353
161.432,-14.878,2.87198,1.60318
-348.136,335.377,4.21964,1.60306
32.6356,284.351,5.91484,1.60284
-442.892,-362.941,3.21419,1.60246
-38.3797,-470.71,3.31457,1.60206
340.345,279.694,3.63696,1.60117
219.709,204.993,3.9957,1.60005
191.873,-46.9474,3.11975,1.59993
461.036,68.2782,3.73038,1.5993
71.8633,232.668,4.52308,1.59928
-332.223,-413.802,3.07261,1.59914
470.635,74.5798,3.92569,1.59857
-263.009,449.838,3.01732,1.59828
324.872,-243.336,2.82833,1.59824
-92.0919,-266.46,3.83061,1.59753
-60.2442,-281.286,3.44492,1.59677
439.236,107.097,3.36542,1.59529
407.464,232.241,4.09514,1.59528
9.50217,-117.35,4.13196,1.5952
-58.2474,-216.273,3.44357,1.59482
67.0799,-217.818,2.96594,1.59481
127.153,44.4786,5.25678,1.59446
-128.041,-130.188,3.19693,1.59441
-201.232,378.962,4.9921,1.59418
2.61553,400.638,3.84125,1.5938
-425.424,-407.693,5.32731,1.59368
405.268,-408.467,3.4017,1.59277
157.566,-443.016,3.87517,1.59254
300.476,391.082,4.80904,1.59219
-166.893,-247.548,2.94735,1.59104
34.7029,-67.0657,3.01538,1.59102
297.631,-406.573,5.66468,1.59091
240.539,-203.192,3.09012,1.59006
345.86,-431.069,5.53786,1.59005
441.836,121.845,4.35626,1.5899
109.217,-393.993,3.37288,1.58985
-74.8984,192.368,4.34927,1.58979
392.505,20.6019,5.49568,1.58895
446.016,-392.044,4.4664,1.58893
460.792,91.9179,4.51704,1.58886
160.993,130.899,6.1803,1.58886
271.382,94.0601,2.96191,1.5885
-201.779,28.3108,3.76123,1.58785
-266.137,-294.309,2.87029,1.58766
79.5017,-124.73,3.35665,1.58745
144.097,237.407,3.1138,1.58736
-116.43,-181.558,2.99533,1.5869
214.111,219.433,3.40049,1.58662
-362.265,-177.259,5.9297,1.5858
-317.789,462.982,5.05561,1.58554
-413.115,-388.351,3.12847,1.58538
-220.59,-150.687,3.67946,1.58453
-179.203,178.478,3.68327,1.5845
201.221,42.4663,8.61576,1.58413
-327.959,-451.625,4.87996,1.584
-160.223,413.595,3.94908,1.58378
-76.5839,118.97,3.40727,1.58369
121.317,243.134,4.78072,1.58353
355.762,-292.826,2.87689,1.58306
-370.812,-306.911,4.94966,1.58278
314.616,181.195,7.13826,1.58277
174.902,253.5,5.31831,1.58243
425.041,51.4103,3.34241,1.58221
-156.05,142.614,4.07169,1.58192
235.606,439.159,5.21641,1.58136
460.727,-439.576,3.49362,1.58103
-237.818,230.518,3.17092,1.58089
363.932,-115.079,2.97354,1.58086
-301.456,-13.6978,3.72449,1.58064
165.831,460.504,3.58194,1.57901
-67.1695,362.806,5.19815,1.57843
-405.171,438.271,5.21014,1.57727
65.1149,210.18,5.38307,1.57687
221.71,-168.716,3.30452,1.57678
270.198,-298.588,4.29317,1.57677
25.6533,350.953,3.23155,1.57674
33.3815,-439.205,4.47482,1.57662
365.943,82.4006,5.35291,1.57591
315.231,-323.018,2.85637,1.57575
301.168,147.011,3.03892,1.5745
224.088,398.277,3.92781,1.57397
452.521,-221.95,4.17401,1.57364
76.2001,-398.703,3.38306,1.57362
-257.139,-195.422,3.21182,1.5728
-160.194,129.952,3.93114,1.57251
177.112,309.243,3.66153,1.57239
384.028,289.638,5.45751,1.57238
248.855,-140.977,3.6943,1.57185
83.9931,-14.5605,5.70323,1.57167
-412.199,-233.205,2.9737,1.57074
-258.634,-43.4629,3.1527,1.57008
216.872,-209.821,3.26037,1.56883
376.214,442.026,2.96688,1.56875
135.313,45.7366,3.10813,1.56707
271.435,-94.9536,2.99281,1.56647
-7.13253,308.29,3.47502,1.56604
-334.176,-276.264,3.20592,1.56595
-290.165,68.3307,2.89715,1.56577
362.663,-167.227,5.13071,1.56576
-14.3441,449.883,2.8678,1.56534
205.983,212.272,4.23998,1.56534
308.916,-137.616,3.36793,1.56508
-284.328,-47.9104,5.57432,1.56484
-302.626,97.0614,3.28346,1.56474
452.151,-434.736,3.03517,1.56471
-442.49,462.2,4.69312,1.56464
-96.5014,404.608,5.68095,1.56462
75.153,-201.666,4.73188,1.56459
-173.898,-159.955,3.00311,1.56435
-429.089,20.4713,4.75988,1.56433
205.198,-333.328,3.46779,1.56256
-416.006,370.589,3.82093,1.56248
433.467,-271.531,4.71464,1.56173
-61.9666,447.679,2.81892,1.56086
-269.03,98.9982,2.96348,1.56074
79.3245,163.281,5.01878,1.56074
222.095,259.643,4.32168,1.56044
-415.052,376.059,3.66683,1.55951
-305.027,434.853,6.40882,1.5589
227.384,66.3058,3.2558,1.5589
-305.719,-383.226,4.93521,1.55888
383.605,50.9921,4.01782,1.55853
138.676,167.536,4.88564,1.55736
-5.7892,465.162,3.3586,1.55721
268.475,-55.6318,3.84087,1.55699
-413.113,283.075,4.18311,1.55683
102.98,209.39,2.9516,1.55621
114.382,-157.011,4.66196,1.55578
424.481,-74.3689,3.03169,1.55564
327.825,-349.348,8.16596,1.55452
20.8252,-137.956,2.85083,1.55356
-238.524,4.68386,6.22163,1.55356
339.251,333.53,3.38418,1.55355
-315.653,114.209,4.1658,1.55319
298.09,-160.549,3.27842,1.55298
-343.22,-408.774,3.27895,1.55291
181.998,384.366,3.83618,1.55254
-398.998,354.076,4.04398,1.55237
233.642,378.695,5.85483,1.55179
332.663,-458.461,3.58996,1.55103
424.151,196.018,3.08154,1.55062
-458.548,-393.847,4.62627,1.55047
274.23,451.712,2.94432,1.55001
309.891,234.267,3.18798,1.5495
-83.7045,259.964,4.38626,1.54936
-13.8058,-317.031,7.98744,1.54933
-33.2796,302.499,3.83401,1.54886
-437.13,-231.405,8.53345,1.54883
442.435,405.48,3.56534,1.54866
123.241,114.266,2.96248,1.5484
-48.1104,124.687,2.96717,1.54833
-237.819,-319.298,3.65774,1.54821
121.022,-270.631,3.0242,1.54733
56.9169,-315.471,3.04417,1.54719
138.5,374.518,3.93029,1.54659
382.656,-66.5317,8.04293,1.54658
-32.643,-247.853,2.84576,1.54654
-63.5897,-251.951,6.76521,1.5464
-448.268,-26.7685,3.59173,1.54587
-26.5738,318.764,3.05368,1.54583
27.1556,-32.9143,4.09526,1.54553
130.566,208.991,3.45557,1.54489
60.4596,345.939,7.9186,1.54456
-269.956,-197.597,4.92441,1.54421
-314.646,331.401,3.74423,1.54415
-218.971,-308.498,4.14976,1.54407
-417.387,103.393,3.6275,1.54245
252.688,-382.388,2.83522,1.54191
-81.9515,-207.299,4.97988,1.54159
-191.674,-114.876,2.99245,1.5413
-452.269,352.552,5.05406,1.54061
-356.637,159.474,2.93568,1.54058
297.908,-465.254,8.49136,1.5405
347.178,-96.8481,4.18396,1.54012
-115.332,-408.133,5.4483,1.53958
-334.599,71.9782,7.64532,1.53921
-290.988,116.262,3.84021,1.5388
-167.364,157.062,2.83437,1.53866
303.595,-185.17,3.26908,1.53855
-332.574,-287.007,3.24087,1.5385
-415.433,224.298,3.26517,1.53739
-64.2082,-27.5346,3.77332,1.53706
-307.964,-399.707,4.57769,1.53698
216.107,119.574,3.38049,1.53669
246.175,-38.9449,3.64241,1.53659
-380.407,255.332,3.86466,1.53656
429.773,300.866,3.25053,1.53622
118.289,407.567,3.03949,1.53571
219.464,-227.862,4.14209,1.53563
378.259,-163.704,4.28314,1.53545
-457.183,-118.337,3.15421,1.53442
-30.1625,-202.336,6.44726,1.53425
-8.44043,359.016,3.946,1.53349
-92.1118,-56.9176,3.0538,1.53327
400.317,304.926,3.39968,1.53271
-236.993,-20.9824,3.37469,1.53223
-323.584,336.817,4.96481,1.53221
-89.1955,-22.6002,2.93632,1.5319
413.103,181.623,3.48021,1.53186
-138.207,-221.224,3.2641,1.53135
-75.4415,189.494,2.93266,1.53006
153.614,465.549,5.8063,1.53002
-452.458,218.033,3.22155,1.52941
-393.838,-357.369,4.63369,1.5279
-372.076,360.229,5.05258,1.52743
-390.397,-8.19452,2.95899,1.52715
-20.645,245.965,2.97895,1.52691
-208.231,-154.715,3.71353,1.52596
-46.9401,-455.816,3.17621,1.52557
422.836,-370.73,3.13295,1.52554
386.925,135.049,3.09132,1.52514
353.954,-446.635,2.91082,1.52482
33.4547,-386.152,3.12014,1.52415
-426.255,352.672,5.7575,1.52377
447.839,-38.0859,4.59748,1.52339
396.364,137.321,3.13434,1.5233
273.086,325.711,2.82393,1.52267
209.26,-259.979,3.30935,1.52242
474.225,10.4997,4.30768,1.52226
397.381,-149.917,3.00155,1.52218
180.779,-287.266,3.26948,1.52113
415.239,76.62,4.75612,1.52032
-306.249,341.146,2.89047,1.52011
470.552,-312.699,4.35217,1.51928
179.916,377.196,5.57528,1.51892
-300.199,-17.5951,3.88682,1.51889
-430.894,-341.409,3.56534,1.51883
57.4022,-416.416,3.24644,1.51849
214.515,-6.84336,6.78971,1.51761
-105.353,452.336,2.97403,1.51755
253.393,-95.0023,4.55135,1.51662
-454.273,344.648,3.14253,1.51657
-182.705,1.52184,4.0204,1.51622
373.544,-338.912,3.48069,1.51598
-38.3835,-306.457,3.69174,1.51512
228.684,-97.2627,3.46143,1.5144
382.782,94.2947,3.43412,1.51414
314.739,-272.138,3.41,1.51396
-60.605,428.768,4.65251,1.51338
-446.944,262.862,4.20832,1.51302
145.806,-153.721,8.34851,1.51287
-46.1741,96.5016,5.68728,1.5126
342.057,364.858,2.92135,1.51227
-464.189,-41.5477,2.81411,1.51195
441.139,456.008,2.97163,1.51148
-89.1127,-385.153,8.13291,1.51146
62.0433,-124.466,4.40257,1.5112
-245.826,138.81,5.10946,1.51107
-348.978,461.17,6.44812,1.5097
141.685,-196.138,3.1558,1.50968
-122.146,316.928,2.9596,1.50953
-189.266,-2.23856,4.90047,1.50879
89.2631,-120.921,2.81782,1.50874
-145.194,306.796,3.03289,1.50873
242.395,-81.0514,5.19174,1.50859
-340.423,415.801,5.76765,1.50854
-94.3519,-266.161,3.08158,1.50848
378.288,244.901,2.97179,1.50818
-445.075,345.393,3.44138,1.50765
-47.8846,445.597,3.64262,1.50736
389.185,-343.024,2.99047,1.5072
187.056,248.436,3.05829,1.5069
-462.271,-142.315,4.39454,1.50635
-354.946,-445.327,4.68143,1.50584
-152.629,27.3941,2.90119,1.5057
193.706,-134.576,3.43687,1.50557
-170.531,26.4853,3.75567,1.50557
-465.177,92.9685,5.57507,1.5048
103.401,-27.2535,4.88226,1.50467
-173.237,135.324,2.82803,1.50449
-27.6979,-38.0581,2.85759,1.50435
-126.95,-144.847,3.02864,1.50409
394.456,-9.89802,4.36075,1.50408
-61.1775,280.316,4.99116,1.50301
-382.54,-97.2916,8.98857,1.50248
147.404,115.725,3.43501,1.50227
-10.7659,-243.968,8.56649,1.50199
199.39,-81.9935,4.38473,1.50188
-417.382,65.9119,2.91958,1.50163
370.927,182.552,6.31404,1.50058
352.978,-32.8988,4.98301,1.50035
-404.181,-91.5051,4.35464,1.49953
387.524,342.173,3.04598,1.49889
384.652,260.798,2.84742,1.4988
-338.44,-292.316,3.47322,1.49845
-198.724,-126.911,7.79753,1.49821
36.4489,72.8341,5.43741,1.49818
363.917,-360.652,5.21082,1.49813
257.561,-460.723,5.8949,1.49806
161.15,307.65,2.85554,1.49774
-281.767,-405.703,4.40575,1.49764
437.312,16.06,3.68538,1.49758
-152.426,-131.487,5.89592,1.49723
243.639,-146.951,2.86795,1.49587
158.046,-13.4323,3.38409,1.49505
229.798,250.753,4.53637,1.4946
3.94953,-393.135,2.88699,1.49429
444.782,321.318,3.21516,1.49293
299.903,412.933,3.6758,1.49258
180.356,418.555,5.25261,1.48877
162.446,-253.187,3.08139,1.48767
-45.293,386.104,3.40997,1.48587
165.174,-378.214,3.61413,1.48524
451.253,-56.2783,3.25558,1.48499
-319.456,-386.23,4.29065,1.48493
178.783,332.257,3.29674,1.48474
-296.536,-77.2609,3.34236,1.48452
299.387,1.97665,3.10508,1.48432
327.451,-388.344,3.79682,1.48431
-426.904,-123.201,3.2066,1.48427
-430.836,-214.533,3.00602,1.48332
436.876,-342.257,5.14602,1.48263
166.166,-140.611,3.16766,1.4822
87.9323,-72.9974,4.24888,1.48135
-303.97,-57.2971,3.29679,1.48106
133.847,373.079,2.87589,1.48042
331.031,397.342,3.46655,1.47995
-377.98,74.8232,2.87416,1.47995
449.21,144.872,2.97622,1.4797
-3.10939,-32.9886,4.53419,1.47948
98.3459,-288.712,4.34702,1.47939
-229.611,-371.276,3.80234,1.47895
120.545,182.577,3.12489,1.47805
-431.437,473.793,4.47623,1.47803
37.953,-266.778,3.11158,1.47759
343.027,-347.035,3.67728,1.47731
19.5377,38.0739,3.62894,1.47729
-379.069,153.976,2.82199,1.47722
-303.421,-384.905,4.33743,1.47708
-58.2071,-196.202,3.12222,1.47661
240.614,104.296,4.34266,1.47643
-48.0979,-130.566,8.65164,1.47622
-449.679,280.868,3.53092,1.47612
-429.839,35.5259,2.83742,1.47598
-77.1582,292.423,7.65016,1.4749
110.006,-141.321,6.0407,1.4745
439.31,-328.352,4.12869,1.47255
-454.128,-449.871,3.74014,1.47248
-355.961,-472.764,2.92111,1.47228
-312.597,-452.769,2.82625,1.47215
-472.928,-381.559,3.05771,1.47051
91.7705,-72.3772,3.68736,1.47001
-104.458,240.307,3.14568,1.46962
69.1175,-242.259,2.83194,1.46901
-113.661,-233.204,3.57574,1.46899
436.075,186.517,8.32857,1.4687
302.02,-305.201,3.57532,1.46857
-443.405,-180.686,3.2903,1.46667
-78.014,155.965,3.7157,1.46585
-464.447,-359.69,3.42087,1.46584
-208.357,154.075,4.00221,1.46553
387.683,322.65,5.80008,1.46535
343.039,349.458,3.52369,1.46469
-247.845,62.2519,2.83875,1.46433
119.222,111.903,3.48923,1.46405
-277.855,430.528,2.94303,1.46397
-44.0017,303.491,3.1652,1.46275
243.441,363.852,3.95087,1.46266
123.22,-159.128,3.25863,1.46263
245.546,-441.703,3.34478,1.4607
-303.977,-260.191,3.24376,1.46051
233.144,-424.371,4.43008,1.46041
-101.193,-293.333,3.11799,1.46016
166.083,399.769,3.93338,1.45982
377.219,-470.864,3.09059,1.45973
-351.148,-49.0728,4.23657,1.4588
-398.662,-446.705,4.58528,1.45865
262.117,25.9249,3.28752,1.45749
407.433,-257.625,4.42238,1.45672
203.596,98.7041,3.01398,1.45663
-93.3596,-114.479,2.9168,1.45637
-218.755,381.155,3.82123,1.45619
-461.062,-337.168,4.09745,1.45587
-203.946,74.5947,7.06638,1.45467
-37.8492,-34.2513,5.5159,1.45382
-374.028,-282.981,4.15221,1.45342
-412.578,-213.368,4.2512,1.45321
274.004,-24.6492,3.1803,1.45304
410.24,-406.798,2.84309,1.4528
184.892,-344.262,3.62035,1.45264
-261.732,-428.738,3.21047,1.45242
-189.736,430.264,3.17149,1.45209
-258.18,28.001,3.91135,1.45099
438.352,-37.1103,3.03998,1.45078
407.305,359.979,4.73166,1.45077
-162.763,323.264,4.96018,1.45076
170.07,226.252,2.87874,1.4506
39.6897,313.751,2.95472,1.45046
179.962,-49.7401,3.32008,1.44988
-294.358,-114.823,6.03391,1.44982
16.7661,353.693,2.89771,1.449
-461.795,106.459,4.05218,1.44889
-94.584,-90.9779,3.7882,1.44853
308.067,-66.6593,3.16404,1.44801
241.728,119.562,7.86864,1.44786
286.971,-102.539,3.20886,1.44707
-169.208,225.942,2.84915,1.44707
285.46,472.856,4.39842,1.44603
-278.455,-121.502,2.9797,1.44588
-417.637,-160.004,5.46872,1.44566
-192.662,-402.48,4.81701,1.44493
68.3216,-377.345,2.95478,1.44426
-133.463,-130.597,4.56366,1.44361
470.542,-396.419,5.13305,1.44356
-83.8997,274.689,3.98898,1.44331
83.0826,-249.953,3.01514,1.44255
-112.864,365.935,4.25656,1.44176
464.756,167.964,6.10803,1.44133
-301.448,-310.35,2.8221,1.44083
206.965,226.206,3.31133,1.44033
-261.474,-262.713,5.33025,1.43926
313.209,-54.4073,2.86422,1.43897
-442.519,-374.247,2.92931,1.43863
149.401,362.887,4.19483,1.43811
261.284,128.021,3.43663,1.43796
-387.277,-198.554,4.93356,1.43743
-154.397,331.637,3.35479,1.43717
-199.934,263.799,2.93073,1.43713
-102.999,188.838,3.8638,1.43667
100.07,-185.525,5.62633,1.43588
-452.517,-403.765,7.39585,1.43584
416.726,-457.534,3.39602,1.43498
-17.0886,-442.528,3.50273,1.43413
341.489,-212.236,2.94685,1.43319
368.818,-232.615,2.99925,1.43313
-235.304,-372.773,5.64125,1.43295
184.631,-447.744,2.96804,1.43285
294.837,77.7822,4.00812,1.43239
-429.2,416.033,5.26003,1.43229
173.32,192.722,3.22188,1.43186
173.69,-53.4938,5.2969,1.43181
81.0939,-370.364,3.08811,1.43171
342.822,-13.0934,3.29687,1.43154
161.858,-338.346,2.9589,1.43085
95.468,22.8274,3.76016,1.43075
-340.203,336.921,4.21363,1.43064
-242.601,-410.308,2.8252,1.43058
-341.421,-1.40092,3.27275,1.43025
403.903,309.699,3.78818,1.43011
268.72,-20.8516,3.25945,1.43009
-391.189,-81.2498,5.03872,1.42971
352.373,416.842,2.88397,1.42955
312.232,-329.263,3.72536,1.42947
-244.363,-321.73,7.47961,1.42909
133.656,420.649,3.16798,1.42825
-406.137,29.6581,4.19095,1.42752
272.992,229.465,4.36103,1.42733
201.348,432.05,4.46308,1.42615
389.306,-301.714,3.68602,1.42544
444.168,305.378,5.76961,1.42518
96.2206,-353.752,3.70171,1.42499
-41.9577,150.327,3.0562,1.42449
10.3725,-137.194,3.25192,1.42446
-404.012,-119.167,5.43267,1.42278
-57.2216,-276.561,4.72989,1.42275
460.711,217.9,4.46666,1.42271
33.9999,72.5963,3.16435,1.42166
192.849,-226.586,3.39092,1.42123
-149.717,199.285,2.982,1.42049
-182.57,380.421,2.88831,1.41943
-139.308,-240.975,7.59322,1.41938
396.069,223.903,5.39579,1.41929
285.463,-229.852,5.64941,1.41878
273.027,401.523,4.76927,1.41762
-402.424,332.577,2.82787,1.41741
459.559,-238.579,3.38584,1.41695
435.468,168.343,3.39028,1.41648
233.793,281.778,3.42767,1.41572
232.136,-202.699,5.08134,1.41552
228.719,-280.977,3.67914,1.41539
-330.397,144.471,3.07629,1.41512
-233.567,196.235,3.82885,1.41488
-99.1066,-392.336,3.86041,1.41484
107.682,-294.154,3.06583,1.41407
-111.722,147.413,2.81458,1.41387
289.389,-293.276,2.87215,1.4138
-1.09303,316.28,2.86758,1.41194
-50.2525,91.2427,5.04844,1.41187
446.053,45.9453,3.64383,1.41171
298.986,-215.34,2.83717,1.41083
173.785,474.356,4.60328,1.41046
51.7355,-465.709,4.73173,1.40943
-114.332,-191.715,3.85969,1.40901
247.64,-335.479,3.39821,1.40741
-206.58,464.536,3.49097,1.40713
-367.871,260.642,2.84249,1.40683
-440.069,109.727,4.3698,1.40623
382.339,-310.958,3.25614,1.40483
413.711,447.105,2.84422,1.40385
-263.156,284.56,4.13934,1.40373
-149.496,-416.568,3.23536,1.4036
26.1426,450.641,2.95029,1.40332
-148.432,110.478,7.55304,1.40304
282.535,58.9278,3.12525,1.402
253.759,-305.037,4.28316,1.40149
376.988,-416.503,8.63942,1.40115
328.386,157.517,3.2706,1.40108
-255.83,-313.495,4.06258,1.39963
96.4539,-16.5255,5.20981,1.39955
390.055,171.57,2.95898,1.39945
462.005,190.701,3.38412,1.39897
436.196,442.205,9.39454,1.39821
381.495,-102.11,3.68356,1.39651
92.6672,283.318,3.96708,1.39644
-130.056,247.372,5.87287,1.39624
-195.217,-106.754,3.22421,1.39615
-460.619,204.929,4.65983,1.39609
172.684,-430.83,3.16275,1.39595
-52.341,-146.854,4.08927,1.39488
250.446,383.923,3.87899,1.39483
-216.724,377.544,3.1981,1.39465
-471.197,-434.54,3.54984,1.39413
292.577,260.521,4.95141,1.39411
-131.553,438.95,4.47382,1.39357
174.151,75.0086,4.39523,1.39305
397.527,-12.7983,5.79683,1.39291
-374.79,-397.221,3.40079,1.3928
0.473563,-293.51,5.05755,1.39256
-187.653,-293.543,5.10985,1.39226
467.71,-203.805,3.40031,1.39173
-224.428,362.027,4.18498,1.39099
-83.6518,-343.217,2.86455,1.39097
132.561,-436.34,4.27034,1.39059
362.596,379.897,5.21437,1.3901
-14.0964,0.64963,3.95429,1.39009
203.13,-24.5805,3.75714,1.38907
-326.536,-92.866,2.84795,1.38811
13.2101,-334.015,6.75523,1.38687
265.547,257.289,3.91714,1.38681
-447.907,-93.9615,4.94181,1.38493
181.497,273.177,3.33132,1.38475
-421.87,-26.0355,2.90574,1.3846
47.2577,197.083,3.08906,1.38309
292.369,-61.0791,2.81305,1.38204
-434.338,199.405,2.85641,1.38083
296.236,-86.308,3.2017,1.38025
-46.8817,276.27,2.90423,1.38007
-165.008,-352.534,4.45982,1.37984
397.174,350.896,3.60541,1.37892
235.923,-404.792,2.87959,1.37861
399.943,328.832,3.86713,1.37859
319.299,209.2,3.5622,1.37829
166.519,-279.898,4.79485,1.3782
-370.867,363.545,5.6288,1.37796
-11.3099,-91.9588,3.34603,1.37773
207.575,327.191,5.03942,1.37741
-267.484,-268.498,3.31156,1.37717
-151.1,-37.1197,3.5452,1.3758
461.625,-67.524,3.54086,1.37552
-474.214,-412.915,3.76019,1.37538
43.1173,-54.7026,3.09387,1.37535
-256.461,-173.066,3.87051,1.37494
298.847,289.631,2.87891,1.37483
1.29948,-283.944,3.07637,1.37455
-460.526,-450.061,5.05945,1.37444
175.399,-103.567,5.21244,1.37407
-236.936,-236.158,2.8759,1.37387
-150.16,394.081,5.3409,1.37361
-463.846,-106.071,3.0695,1.37348
215.477,-24.9373,3.45468,1.3732
238.76,19.3408,4.29205,1.37308
389.295,99.4486,5.2756,1.373
-165.187,-256.438,3.48639,1.37284
232.301,-112.646,2.98043,1.37237
-366.166,221.502,3.69657,1.37204
433.003,-0.890728,4.27847,1.37117
14.1455,-427.615,3.91518,1.37011
230.838,-156.485,7.19527,1.36947
186.392,-8.83622,8.81234,1.36935
-17.4356,-132.93,6.68703,1.3692
110.55,-227.957,3.19196,1.36878
438.27,36.8423,3.18611,1.36863
37.8089,472.981,2.96401,1.3681
138.242,136.767,2.92823,1.36777
370.617,378.289,3.45955,1.36777
205.811,89.0678,7.58886,1.36651
-97.2663,231.058,4.07287,1.36649
448.001,-229.169,4.07471,1.36574
-232.378,-136.453,2.99789,1.36557
389.797,-112.519,4.32986,1.36509
383.445,411.379,2.95269,1.36417
429.839,-79.1729,3.63814,1.36394
410.444,417.531,4.07061,1.36325
269.318,377.703,3.95154,1.3632
-407.658,-389.462,3.27159,1.3622
126.254,-90.9954,3.84227,1.3616
134.15,-356.008,3.93886,1.36129
82.6434,-468.044,5.48803,1.36102
105.678,-263.927,3.10162,1.36098
203.138,-152.123,5.21762,1.36074
-101.909,-460.319,3.96349,1.35981
-3.25536,91.1631,3.11293,1.35934
252.814,-274.1,3.32407,1.35921
90.9985,289.115,4.45308,1.35892
-470.491,-48.0012,5.0585,1.35892
452.78,-34.6637,3.54844,1.3589
-44.4435,-157.579,5.83576,1.35886
242.254,350.39,2.93652,1.35872
-342.859,199.533,3.02438,1.35861
379.605,-279.92,4.54493,1.35828
-57.9809,183.715,2.93459,1.35781
469.334,243.239,3.95448,1.35774
362.577,207.837,2.92899,1.3577
101.2,160.407,6.67654,1.35733
-108.69,-65.5446,6.52224,1.35718
-295.736,-411.318,2.93243,1.35704
-414.32,-448.798,4.26774,1.35578
-92.6245,208.03,3.49862,1.35575
460.233,353.575,3.23111,1.35559
-37.6053,53.49,3.32261,1.35536
-3.50304,337.106,3.17522,1.35504
-43.8846,72.8225,2.97666,1.35479
-441.995,-459.808,4.58812,1.35398
107.722,-179.44,5.46318,1.35242
-421.029,63.2661,4.80224,1.35209
-174.762,-135.761,4.10655,1.35183
418.254,-29.9545,4.99118,1.35147
-340.485,460.119,3.00274,1.35055
-123.384,118.877,3.99685,1.35037
-459.14,-336.469,7.89152,1.35021
254.04,-192.025,3.76775,1.3497
-370.832,470.924,5.58657,1.3495
34.8985,-290.451,2.97221,1.34904
-104.776,-143.785,3.72082,1.34842
346.007,17.0126,3.34979,1.34821
235.112,246.009,3.78173,1.34782
49.522,421.465,3.17886,1.34768
-26.2685,293.079,2.96,1.34765
402.181,-18.5614,3.53111,1.3467
203.988,294.291,3.16976,1.3465
-430.666,112.424,2.97771,1.34522
-202.672,12.1344,5.30884,1.34512
-426.893,336.663,3.02324,1.34494
232.403,-15.8301,6.16158,1.34469
-19.1082,401.686,4.59893,1.34459
-132.9,116.943,4.06058,1.34409
-208.11,167.846,5.16667,1.34394
-261.717,327.052,3.22747,1.34368
-120.668,-30.7712,3.4368,1.34337
-107.285,194.761,3.61832,1.34314
173.945,-471.546,4.37722,1.34302
-448.963,24.3857,4.307,1.34177
-244.223,-355.776,2.85971,1.34173
-336.648,-212.584,3.17057,1.34168
415.617,327.819,3.58469,1.34146
-296.266,-321.004,5.48004,1.34128
336.101,195.558,8.33518,1.34127
319.149,-127.868,4.96591,1.34116
-27.6314,-442.448,3.63581,1.34101
-5.50029,-164.454,4.88148,1.33988
412.346,-60.2304,3.28697,1.33987
-90.7282,-0.433795,4.56044,1.3396
317.91,-142.86,3.29658,1.33918
33.0958,-444.474,2.87867,1.33841
254.624,452.807,2.99172,1.33829
-39.3258,-388.074,7.03569,1.3382
238.139,54.3298,5.45638,1.33797
444.082,423.779,4.31516,1.33717
-382.003,395.466,3.3811,1.33676
-286.106,-401.501,5.03593,1.33652
41.5174,333.77,3.0523,1.33644
124.834,269.551,3.02865,1.33539
-414.58,-165.064,3.72013,1.33511
143.548,208.643,2.90136,1.33507
-12.8541,-309.467,4.49584,1.33466
-94.903,-318.621,3.20682,1.33466
-38.8751,92.6394,3.33852,1.33462
-93.8237,-36.6341,3.4035,1.3346
-378.133,-277.016,3.77493,1.33454
12.817,-375.166,3.89496,1.33341
-389.047,31.8474,3.43342,1.33311
254.447,388.507,5.01092,1.33297
-387.267,413.192,5.05013,1.33282
393.35,226.869,2.89956,1.33251
73.8907,18.5848,5.30832,1.33249
272.603,-401.102,3.39992,1.33231
149.998,157.79,3.18489,1.33168
-252.023,54.9914,4.16583,1.33136
-22.2535,268.646,4.83183,1.33113
461.806,245.707,2.85596,1.33079
332.515,306.877,8.7257,1.33072
93.2969,345.548,2.96466,1.33043
121.621,-180.309,3.0137,1.33029
386.697,-227.383,4.00142,1.32965
-90.2345,-224.459,5.38468,1.3296
-315.615,-124.917,8.50019,1.32913
-419.759,-317.294,3.00801,1.32886
3.41053,-433.472,2.83853,1.32812
-229.827,-44.3905,6.88934,1.32764
-72.0423,73.3451,5.56046,1.32757
288.199,-56.0095,3.3306,1.32705
-217.124,-334.279,5.24423,1.32676
-49.3674,422.691,4.35438,1.32658
475.353,130.467,3.13166,1.32643
226.046,220.171,4.92238,1.32594
452.242,-211.986,3.4089,1.32564
-139.127,319.41,4.06365,1.32555
-414.366,-133.56,3.24818,1.32506
166.138,312.829,4.53807,1.32451
192.103,266.132,8.57899,1.32417
-80.0051,12.3874,5.2286,1.32396
390.922,-184.946,2.91322,1.32259
-207.79,-120.182,3.86768,1.32253
-266.347,-107.884,2.93331,1.32217
-131.172,-363.953,2.83041,1.3219
187.363,-474.134,4.80947,1.32174
-38.4942,-193.332,4.00384,1.32144
265.788,19.4598,3.86809,1.32123
306.458,-437.337,2.85571,1.32119
63.58,193.641,4.04597,1.32112
371.388,454.097,3.53143,1.32086
-297.237,305.961,3.10246,1.32042
30.5461,-284.603,3.42292,1.32028
138.954,-299.92,5.95258,1.32021
-378.83,-169.465,3.24979,1.31952
-467.255,-317.586,3.49161,1.31771
305.965,293.282,2.97296,1.31714
211.246,3.06423,3.41022,1.3159
-189.386,171.209,2.85871,1.31552
442.373,46.7892,3.57748,1.31504
-463.939,-133.669,3.43266,1.31482
468.879,459.112,3.25547,1.31366
314.209,237.374,5.43029,1.31332
-440.425,322.265,4.25475,1.31299
290.165,360.577,2.99902,1.31291
-52.3789,19.6208,3.87155,1.3123
-97.8687,430.186,3.5823,1.31219
-258.113,290.72,2.87966,1.31121
-166.846,255.101,4.55144,1.3112
-422.938,-96.9916,5.23591,1.3111
353.93,402.085,3.81136,1.31077
469.56,310.53,4.61657,1.31053
197.464,247.191,3.42917,1.31042
124.52,266.623,3.1492,1.3104
-227.79,340.355,3.70393,1.31031
-55.3367,36.599,3.16171,1.31027
256.619,33.8199,2.82473,1.31005
-324.105,289.401,3.45111,1.31002
-133.272,152.126,2.94321,1.30997
14.3952,-409.987,3.99229,1.30905
459.022,236.955,3.23307,1.30892
97.1661,-54.9088,2.97896,1.30872
-27.0692,-19.1334,3.47901,1.30834
-187.514,-97.5046,3.92853,1.30833
-121.121,-348.742,2.94055,1.3083
-429.432,-23.1826,3.15124,1.30803
-246.938,418.932,2.91535,1.30784
166.848,-305.419,3.2777,1.30705
347.074,14.3783,2.84062,1.30698
324.351,-121.162,3.47604,1.30639
98.2388,295.542,3.37071,1.30638
-335.651,148.398,3.68307,1.30601
-456.677,363.574,3.54959,1.30535
-356.511,-386.115,4.90379,1.30534
400.415,-225.31,3.83669,1.30525
-358.304,401.011,3.20166,1.30523
-473.315,-79.4137,2.9539,1.30435
-27.5432,-471.706,4.5852,1.30433
67.0642,141.137,5.42297,1.30395
168.881,113.15,3.2248,1.30392
-232.28,-413.838,3.74851,1.30388
-383.402,-357.602,3.29345,1.30378
-94.24,79.9147,2.96903,1.30366
340.312,-141.94,4.07821,1.3031
-467.286,-171.666,3.72562,1.30203
-88.1771,277.115,4.29653,1.30196
-300.892,193.296,3.11279,1.30158
-268.437,162.126,4.04695,1.30131
410.749,-465.127,9.61824,1.30075
184.16,-205.016,3.07342,1.30012
-98.4134,-47.2908,3.00301,1.29965
434.397,-332.144,4.026,1.29914
58.6874,-333.369,3.113,1.2989
-391.528,-188.123,4.83466,1.29889
217.676,-311.393,3.56677,1.29836
-241.513,321.963,5.16203,1.29786
-2.09487,68.391,5.03998,1.29741
369.399,43.2825,3.40678,1.29694
-386.965,-80.0197,6.69064,1.29528
344.612,-5.65246,6.65433,1.29516
-231.032,362.272,3.0835,1.29509
-260.275,-226.606,3.54431,1.29471
-130.071,-179.536,2.90246,1.2934
-328.417,-27.7653,3.68587,1.2933
-72.044,-55.9939,4.36098,1.29265
454.99,-60.467,3.76722,1.29264
285.026,-198.903,4.05857,1.29194
18.8162,-468.83,4.23358,1.29149
-304.039,217.757,4.08236,1.29141
-153.452,468.535,3.5672,1.29105
280.881,-439.214,2.8817,1.291
-48.9068,-442.842,3.63088,1.29091
177.424,-381.938,3.89019,1.29086
268.11,471.01,4.80004,1.28947
222.291,413.019,2.98045,1.28857
-139.889,-412.457,3.30072,1.2881
334.393,-296.117,3.57401,1.28744
-258.085,-323.075,3.91855,1.28742
-398.661,216.018,5.42778,1.28739
-65.0365,-175.368,3.36279,1.28721
123.39,240.419,5.40975,1.28718
-284.918,48.5856,3.67878,1.28704
104.878,87.94,3.54012,1.28695
-172.001,-5.75782,4.96596,1.28691
460.115,180.651,6.47619,1.28654
393.746,-205.316,3.06513,1.28555
422.307,88.9493,5.52384,1.28517
-394.957,212.785,3.08398,1.28448
261.35,-379.658,4.64464,1.28412
131.05,-347.393,3.26189,1.28408
260.058,-390.961,6.65065,1.27956
23.6895,-416.195,3.30505,1.27911
-63.9624,422.356,3.21046,1.27845
72.6999,455.517,2.84656,1.27815
-243.628,-365.693,5.29451,1.27763
-291.499,-379.913,2.98382,1.27706
312.323,193.874,3.1607,1.27697
-80.657,417.834,4.33937,1.27681
-232.527,-399.62,5.60107,1.27665
335.927,360.322,4.62552,1.27662
-428.887,-397.486,5.38319,1.27505
-187.105,309.589,4.56165,1.27442
-321.443,147.721,2.8702,1.27271
36.5427,440.305,2.90385,1.27187
-365.054,390.128,3.07283,1.27083
379.849,-324.942,3.65913,1.27035
-163.996,105.649,3.33167,1.2703
-334.86,67.4587,3.15001,1.27019
67.8862,-262.463,4.09953,1.26965
104.13,-213.885,3.31648,1.2693
-223.729,133.154,3.21898,1.2687
-299.924,68.5741,3.33016,1.26791
197.781,266.635,4.36229,1.26753
-254.123,171.719,3.30482,1.26626
-202.907,-328.969,3.11104,1.26618
-252.813,-200.169,3.74175,1.26587
-109.18,-12.6886,3.86899,1.26572
-285.198,41.7194,3.12708,1.26565
-190.168,2.66127,3.41188,1.26529
169.478,198.419,3.71403,1.26518
-319.296,-53.2868,3.98268,1.26509
422.542,-94.2846,4.71725,1.26499
102.154,340.349,3.54415,1.26489
-439.422,-175.879,2.82488,1.26486
458.183,-177.864,3.5332,1.26383
378.402,-159.075,6.31985,1.2627
-224.797,314.272,4.1432,1.26236
-307.493,201.188,3.40127,1.26222
393.95,141.848,4.65921,1.26194
312.104,-320.624,3.22547,1.26159
445.867,-87.7624,3.22823,1.26142
-249.5,225.436,4.50371,1.26123
-152.073,248.587,3.67961,1.26106
400.33,358.297,5.12879,1.26096
-281.334,342.512,4.16553,1.26012
-181.76,-392.985,3.4409,1.25981
158.75,452.853,3.05685,1.25936
265.893,383.691,2.91344,1.25929
7.70903,354.367,3.5186,1.25863
5.99865,-379.971,2.821,1.25843
378.959,134.54,3.47058,1.25827
345.384,57.0379,5.87554,1.25817
-280.941,-430.785,4.04842,1.25761
-364.068,249.35,3.01037,1.25716
-280.356,372.196,7.60408,1.25698
80.5623,134.029,5.31166,1.25671
215.714,-175.645,5.14856,1.25602
-340.653,154.633,4.55578,1.25559
436.086,120.301,3.4308,1.25558
-154.287,448.155,3.63548,1.25541
450.375,-392.53,4.46935,1.25528
-47.0141,103.879,3.66619,1.25478
447.446,-444.833,9.2951,1.25428
-456.621,225.391,3.36304,1.25428
-353.843,144.922,4.2985,1.25273
-221.947,406.347,3.0891,1.25273
-76.954,241.426,2.83508,1.25267
70.9934,315.264,2.82788,1.25265
392.235,-218.623,9.20828,1.25223
-13.1401,-224.924,2.88875,1.25158
-22.5241,-179.31,3.02519,1.25132
-358.946,-56.931,4.04547,1.25089
395.537,117.152,2.94055,1.25082
143.306,-376.536,3.93122,1.25076
415.461,-273.892,3.95737,1.24972
369.831,-367.79,3.5665,1.24968
217.935,-468.543,3.00827,1.24967
-50.7694,0.360114,2.90089,1.24839
321.437,96.7801,4.19643,1.24827
-141.739,-30.8258,2.94339,1.24781
226.398,-49.8249,4.32871,1.24778
-109.541,365.31,3.35868,1.24777
238.231,-236.863,3.09232,1.24772
298.695,-67.8151,4.08989,1.24766
423.987,265.335,2.90461,1.24762
-309.086,-404.634,3.78862,1.24751
-40.9095,192.874,4.83714,1.24746
-299.293,216.483,3.54048,1.24737
372.32,-285.924,2.84897,1.24647
-348.325,-355.216,3.58299,1.2463
363.924,39.6733,3.20048,1.24588
-212.485,-104.737,3.52076,1.2448
46.5355,-367.868,4.55428,1.24443
448.462,-146.982,2.86996,1.24433
232.403,81.7976,3.85658,1.24422
91.797,-338.398,3.00182,1.24369
67.991,-52.2611,2.83291,1.24369
-154.574,-324.83,3.08756,1.24337
-167.196,66.1837,4.05945,1.24305
-339.383,299.52,6.2625,1.24286
-394.326,350.664,5.41973,1.24212
187.531,-174.722,3.28177,1.23767
-340.369,52.67,4.29893,1.23718
390.378,108.908,3.49551,1.23717
-219.898,-34.809,4.87614,1.23692
-386.69,361.288,3.02,1.2366
-265.206,-28.0986,3.97916,1.2366
445.372,-370.962,3.68408,1.23655
200.032,-32.3783,5.18465,1.23653
-269.495,-44.3667,3.65109,1.23621
208.16,-431.996,5.1026,1.2358
279.287,-436.546,3.08153,1.23517
-457.573,-454.354,3.65068,1.23513
354.577,-377.974,3.33469,1.23494
-74.8291,-126.116,4.60978,1.23469
-215.115,-385.093,3.48085,1.23415
-233.806,-282.534,4.26143,1.23409
228.153,434.747,4.13712,1.23338
360.56,53.8947,3.10676,1.23319
-184.623,-394.292,3.11546,1.2328
250.267,122.73,6.49748,1.23278
-85.0647,-168.296,3.02284,1.23179
-61.1362,-68.8075,3.33309,1.23178
-24.7798,143.989,5.25836,1.23174
-221.3,-54.991,5.34744,1.23158
-19.7287,20.0455,4.35796,1.23124
-429.178,63.2827,2.81479,1.23092
416.491,111.263,9.25643,1.23068
79.8797,-91.0074,4.24321,1.22978
213.869,-350.685,9.85491,1.22961
-196.262,395.5,5.93996,1.22928
39.5588,150.349,4.05547,1.22924
121.722,-113.022,3.6154,1.22875
21.2214,-285.978,5.43804,1.22808
340.798,-386.478,3.56037,1.22801
305.174,27.0824,2.99652,1.22743
-51.2048,-200.14,3.13403,1.22733
-66.034,-166.239,5.91465,1.22674
354.456,465.955,3.28035,1.22601
23.5395,319.251,3.0656,1.22597
425.839,470.435,4.04924,1.22534
-339.484,374.548,4.78893,1.22494
71.9372,-33.0013,3.07778,1.22451
-43.7869,-129.807,3.83213,1.22428
86.8155,-236.426,2.88245,1.22375
-81.5953,-462.744,2.83765,1.22247
332.812,232.425,4.63106,1.2224
194.835,-370.316,3.12639,1.2221
-408.627,-407.711,3.8885,1.22198
-210.193,353.966,4.18559,1.22185
-266.737,-357.264,3.28796,1.22151
-44.0196,-318.115,3.27871,1.22121
285.678,-117.94,5.68994,1.22085
-5.08464,-387.086,2.98162,1.21967
372.74,61.6904,3.42654,1.21914
-424.777,-130.028,2.91866,1.21833
-217.505,-272.201,3.39275,1.21767
-163.62,417.758,2.89267,1.21734
275.581,424.737,4.46714,1.21733
-428.305,-305.903,2.89438,1.21719
-295.073,457.692,3.5533,1.21681
266.53,-305.704,2.95405,1.21661
215.13,-34.7034,5.11588,1.21613
361.152,-394.064,3.18027,1.21607
88.6613,-351.316,3.99088,1.21601
349.723,389.202,2.82601,1.21557
284.445,-20.0541,6.76915,1.21547
-280.525,-27.0054,4.33258,1.21483
453.229,-347.745,6.37554,1.21468
330.01,-359.016,3.05928,1.21459
-416.85,170.939,2.82918,1.21391
-266.157,-224.703,3.23096,1.21347
-176.559,213.871,5.46738,1.21301
-447.863,-346.039,3.7976,1.2116
78.1939,-70.2844,4.81099,1.21156
-258.197,198.03,3.3806,1.21108
263.07,36.303,2.93639,1.21104
-113.291,161.406,6.03518,1.21037
-133.991,201.276,4.09366,1.2101
85.534,-381.695,3.29947,1.21
401.133,-260.294,2.95246,1.20926
-5.67784,206.133,5.4804,1.20869
-10.9406,-465.525,3.43903,1.20849
-306.939,229.97,2.98732,1.20817
435.514,26.1812,3.33066,1.20766
6.55444,-396.105,3.26366,1.20655
434.739,-62.9236,2.96292,1.20551
-5.75337,-363.694,3.24484,1.20538
206.268,-45.8672,3.29357,1.20484
350.436,438.328,3.66681,1.20438
348.77,-44.1607,6.5285,1.2037
-72.4301,-418.885,3.07458,1.20326
119.466,-343.214,3.17253,1.20298
-319.488,222.791,4.04961,1.20139
465.768,-204.452,6.14003,1.20103
166.471,36.4178,5.92314,1.2009
-125.449,-96.7865,5.57484,1.19861
200.533,204.31,3.49237,1.19807
-252.992,-127.975,4.68589,1.19725
68.8716,87.8643,4.26227,1.19695
-462.62,126.054,3.97612,1.19685
456.488,25.5038,7.17393,1.19682
-401.399,32.2648,2.93488,1.19673
59.6541,83.4511,5.8859,1.19665
-102.119,296.541,3.93968,1.19608
443.988,292.741,4.74749,1.19557
-18.4936,269.941,3.53611,1.1953
-354.764,-13.1573,3.64355,1.19428
-98.62,-262.895,2.87334,1.19232
412.694,290.073,3.80419,1.19229
-89.4299,-393.489,3.95203,1.19204
-101.636,398.116,3.23948,1.19162
-377.352,-385.762,3.4396,1.19147
380.22,-255.18,3.28082,1.19133
-467.099,435.524,7.38637,1.19118
181.704,57.8415,3.13656,1.19106
46.3776,-252.323,4.80043,1.19086
336.91,426.424,3.69615,1.18992
363.584,-155.72,2.81794,1.18904
154.806,-315.859,4.37146,1.18893
-142.291,363.434,5.60289,1.18879
339.396,-224.316,3.27234,1.18862
-86.1766,141.545,3.07965,1.18712
-327.515,-95.8375,3.50157,1.18649
3.21444,-113.169,3.49267,1.18586
254.741,-314.342,3.16712,1.1858
-448.575,-311.214,5.31599,1.18555
-305.834,-100.724,4.06485,1.18552
-160.38,-119.903,3.37289,1.18519
86.7037,334.04,3.46413,1.18438
-112.065,191.411,3.23405,1.18434
-473.596,-116.713,2.95296,1.18382
280.823,-372.123,3.12807,1.18366
-232.275,268.298,3.31162,1.18276
288.444,404.878,3.00453,1.18249
-101.419,-167.941,3.34629,1.18232
283.292,329.992,6.23484,1.18209
62.3907,-124.857,3.4669,1.18205
442.606,300.04,3.08131,1.18186
-184.824,-366.172,3.21477,1.18185
-19.4105,156.997,4.13855,1.18168
470.04,-308.732,2.87866,1.18153
-27.1824,166.451,3.34197,1.18141
276.982,429.475,4.52211,1.18092
-426.417,35.4066,3.47527,1.18086
-46.0892,-295.83,3.51662,1.18079
150.91,-118.871,2.83502,1.18078
79.0992,-315.536,3.28931,1.17961
-209.286,-259.264,6.01192,1.17959
-355.61,-5.44021,2.87075,1.17926
470.473,443.187,4.89058,1.17882
77.2262,143.444,3.29452,1.17828
-232.712,-251.43,2.98027,1.17762
147.41,311.88,2.96603,1.17646
46.935,33.3518,3.37494,1.17639
311.216,-9.7278,5.64373,1.17556
324.35,408.317,3.68825,1.17553
130.859,-471.852,3.05599,1.17519
91.3058,219.532,3.12663,1.17484
-153.529,99.1324,4.08456,1.17484
204.383,167.176,3.29128,1.17449
145.043,-159.827,2.94602,1.17431
317.974,191.104,4.6034,1.17418
406.18,-365.448,3.12902,1.17381
337.121,-434.3,4.33248,1.17377
177.887,-142.731,4.61612,1.17324
-333.715,-22.227,2.92064,1.17257
407.436,-8.32913,3.5097,1.17197
-130.35,275.661,3.03595,1.17164
128.24,333.34,3.04863,1.17121
104.282,422.65,3.32144,1.17049
22.6363,-186.274,2.87946,1.16988
46.6398,272.785,3.81853,1.16953
-99.7032,270.48,3.74142,1.16946
-403.996,396.578,3.58203,1.16933
230.835,-425.983,3.20844,1.16884
-232.819,328.373,3.3783,1.1688
177.932,106.304,3.41829,1.16846
194.143,252.883,3.70738,1.16626
-27.5742,445.214,2.86644,1.16599
286.76,139.855,3.79346,1.16497
42.0236,-420.627,7.33906,1.164
147.207,-362.065,2.88794,1.16384
-237.177,45.1212,5.0007,1.16383
107.605,360.29,3.02155,1.16247
-389.216,394.811,4.2977,1.1624
284.901,172.915,3.99542,1.16233
-268.75,-250.592,3.91348,1.16163
-377.287,-462.996,3.56917,1.16133
123.371,311.421,3.27286,1.16098
113.476,-433.326,4.8302,1.16095
-68.3968,-243.562,3.04064,1.1609
299.904,-114.078,2.98367,1.16074
344.871,-90.2758,3.56111,1.16056
224.224,-313.128,3.55662,1.15922
239.75,-262.093,3.61175,1.15814
-354.918,371.214,3.0294,1.15799
145.29,-444.505,3.18185,1.15755
-25.4369,-270.376,6.50005,1.15728
-369.572,311.464,3.01068,1.15691
166.317,-89.0646,5.48758,1.15626
201.265,316.568,3.77712,1.15623
173.865,355.903,3.9284,1.15577
245.199,453.578,5.59404,1.15574
-152.962,-337.494,5.35348,1.15535
-204.793,450.618,4.05562,1.15534
331.139,365.002,3.54496,1.15533
228.013,426.467,3.08264,1.15517
31.8504,-353.98,4.76836,1.15504
-347.821,-476.318,2.88027,1.15438
226.063,92.3859,4.23802,1.15331
28.0915,55.7975,4.50684,1.153
-400.929,-201.734,3.68035,1.15286
-244.678,-315.332,3.14159,1.15254
432.742,-339.12,3.03114,1.15217
110.183,343.135,3.95543,1.1518
-150.407,9.34452,3.31268,1.1517
150.975,318.882,3.22481,1.15162
-55.8234,-17.3997,8.08677,1.15139
-351.14,176.791,6.75306,1.15129
-84.8316,-251.165,3.69323,1.15113
14.4403,-186.262,3.7569,1.1501
363.206,403.075,3.12814,1.14963
188.167,446.949,5.26263,1.14921
-22.1178,8.23033,3.51411,1.14902
-333.643,-20.356,5.572,1.14777
129.224,-169.43,2.86924,1.14598
-291.243,-418.536,3.03437,1.14547
-31.0556,-431.541,3.38375,1.14544
-290.589,-307.161,4.95907,1.14479
-57.8504,40.5037,3.65558,1.14461
-431.544,148.071,3.66875,1.14454
357.696,-275.166,2.85125,1.14359
466.942,347.08,3.5057,1.14335
-283.192,-169.606,3.81336,1.14295
-152.004,365.086,3.87455,1.14225
124.903,-63.7052,3.83216,1.14188
-148.411,318.873,4.37809,1.14182
-158.846,-373.622,5.09678,1.14139
245.793,-144.957,4.39323,1.14086
93.2086,441.039,4.25081,1.14054
-161.024,391.627,5.63586,1.14015
55.1468,-62.7161,4.34315,1.13975
-22.4489,-243.259,3.36791,1.13932
383.203,-409.794,3.60069,1.13902
-107.359,274.471,4.62216,1.1385
-455.738,241.751,3.40193,1.13809
315.67,-470.482,3.73323,1.13793
464.979,-173.755,3.06794,1.13777
-330.391,86.2233,4.01695,1.13766
-143.101,-91.882,2.8997,1.13725
-107.411,-318.59,5.99595,1.13646
233.62,268.935,3.22307,1.13629
-352.938,-61.9407,6.7577,1.1357
63.9964,-167.552,3.39213,1.13484
153.848,162.692,4.36344,1.13478
249.786,-376.566,3.77129,1.13374
-68.4002,-102.499,3.84707,1.13327
-28.8452,-370.278,3.83991,1.13265
-409.528,-63.9551,4.86026,1.13256
-163.498,402.168,3.27034,1.13172
73.8311,348.334,3.4432,1.13123
-472.156,-437.842,2.95982,1.13001
-412.281,57.1554,4.72328,1.1299
-315.618,-4.08108,3.88362,1.12932
-65.8078,-198.714,6.50923,1.12795
-154.525,291.21,3.36187,1.12732
327.563,399.3,4.03438,1.12694
169.154,283.335,3.16092,1.12661
-184.265,-425.966,4.33412,1.12644
-52.7513,-101.198,3.04735,1.1263
292.505,121.014,3.38032,1.12628
49.1388,-185.695,3.82498,1.12625
-71.4568,-172.409,3.49742,1.12616
211.914,443.104,4.58269,1.12589
-84.3333,-257.275,4.88739,1.12533
232.815,-182.874,5.04122,1.1231
-399.931,-171.324,3.08399,1.12272
268.15,313.236,2.97116,1.12155
-406.478,259.123,2.9659,1.12148
-353.281,-326.12,6.98322,1.12113
-72.2645,377.704,4.91993,1.11966
238.918,123.323,3.73527,1.11832
381.069,-430.491,6.82106,1.11826
-28.5383,-263.79,3.35663,1.11812
-465.394,187.289,4.53434,1.118
-441.189,418.593,3.46362,1.11586
-443.424,-21.4132,4.00896,1.11576
-474.963,-413.372,3.41614,1.11575
5.29426,-221.242,3.41943,1.11529
379.148,-474.547,3.19723,1.11526
168.931,-469.554,3.30482,1.11498
-64.0733,-460.276,3.52925,1.1149
-208.163,13.4284,3.38537,1.11471
-338.61,-170.62,7.20913,1.1141
-67.8845,122.157,3.06164,1.11398
259.019,-168.017,3.17184,1.11382
-407.533,423.491,3.97741,1.11355
118.76,244.773,3.04565,1.11344
360.313,-369.071,4.21516,1.11264
455.891,153.101,3.58771,1.11245
-303.033,247.539,2.93905,1.11185
209.029,-124.232,3.01247,1.11172
402.021,-264.561,8.77405,1.11129
-15.6715,116.952,4.01945,1.11117
131.621,-249.261,2.95805,1.11094
-213.421,102.329,4.80183,1.11042
447.222,-85.8511,3.49204,1.11019
-356.967,-134.564,3.51665,1.11015
-121.418,-138.724,2.83548,1.10964
-9.273,-372.386,2.94178,1.10825
396.456,344.355,5.00807,1.10756
-174.462,437.053,3.31041,1.10746
166.859,-234.673,2.85885,1.10742
403.327,-79.559,4.54829,1.10659
419.351,-44.582,4.13597,1.10555
6.866,-343.78,4.57018,1.10411
-219.622,-56.3273,4.22739,1.10332
-424.708,-137.552,2.84255,1.1031
-243.737,-111.295,4.31879,1.10308
-288.849,-330.192,4.98025,1.10306
-120.621,-307.281,2.99427,1.10114
445.642,-306.4,5.35505,1.10089
-44.3385,-369.287,4.12304,1.09994
-475.68,443.022,3.44248,1.09964
-87.443,216.377,4.56379,1.09963
-444.033,137.852,3.14775,1.09952
81.2545,-423.374,3.76995,1.0984
-341.873,-47.5282,3.13197,1.0982
420.354,194.924,5.23325,1.09764
-404.361,-205.47,2.95827,1.09763
466.029,-384.261,3.21758,1.0976
-237.178,175.649,3.49542,1.09749
1.939,387.628,3.0083,1.09719
-61.1032,-364.076,9.0561,1.0971
124.542,117.82,4.27579,1.0965
133.735,-142.759,3.26774,1.09533
141.434,-53.1905,3.32066,1.09504
302.978,-208.326,3.00726,1.09484
-116.797,302.349,2.81281,1.09466
-17.8748,-303.827,3.23349,1.09427
30.5226,-343.549,8.29174,1.09385
213.043,456.819,4.81519,1.09336
-138.456,440.079,3.42329,1.09182
336.054,101.682,5.82175,1.09172
164.058,58.4038,3.24138,1.09123
-19.0248,155.482,2.93757,1.08979
410.56,232.409,4.60834,1.08976
141.386,66.7738,3.03742,1.08957
19.0765,105.449,2.94536,1.08932
-81.7986,10.4641,3.25058,1.08815
-175.884,403.338,3.31909,1.08714
-447.372,-322.813,2.95308,1.08711
-352.462,404.196,3.29479,1.08681
-33.9835,281.559,8.51869,1.0867
124.801,-128.194,2.94206,1.08608
209.321,-112.487,3.71095,1.08604
152.063,411.864,2.902,1.0859
-318.98,-434.916,4.48977,1.08587
193.422,-451.529,4.24734,1.08587
-334.84,-265.936,3.18643,1.08537
219.111,-258.573,2.86518,1.08514
248.559,104.421,4.59033,1.08445
-450.762,-352.822,3.3168,1.0844
141.425,-116.366,5.5654,1.08405
104.811,-26.6682,2.81462,1.08381
-373.35,-404.239,5.5304,1.08324
234.674,-143.741,2.98806,1.08312
280.906,149.66,3.84138,1.08251
-289.421,-299.237,4.24549,1.08179
-46.0855,-36.5474,3.27995,1.08157
-235.547,245.273,4.04161,1.08129
-206.02,-279.705,3.2885,1.07965
-41.5484,-84.4295,3.05081,1.07941
-457.008,10.6633,3.00242,1.0794
47.0479,439.778,3.00049,1.07916
-453.229,-109.839,3.69671,1.07802
110.595,-377.815,8.38156,1.07766
-4.24171,473.697,2.97637,1.07764
-288.203,286.047,4.22068,1.07754
-461.613,-92.1379,4.30243,1.07729
342.95,-263.051,4.0208,1.07671
-340.794,-469.481,3.96959,1.07577
302.663,-398.537,4.16406,1.07572
465.09,234.675,4.0398,1.07527
-266.424,145.531,2.94274,1.07485
87.323,226.568,4.66572,1.07477
-399.355,300.975,3.42576,1.07472
-430.728,-262.557,3.16438,1.07472
231.682,80.8252,2.99367,1.0742
26.379,-415.33,7.47219,1.07355
-418.823,353.611,4.8049,1.07345
-128.24,247.212,3.11255,1.07309
13.0043,-387.998,4.75643,1.07298
396.132,305.088,6.19638,1.07287
-202.102,455.35,5.29637,1.07265
40.1429,440.816,2.95824,1.07204
-241.503,-334.926,3.29439,1.07011
261.546,262.517,2.85022,1.06989
-344.769,148.718,4.18453,1.0697
-273.67,-247.645,5.99851,1.06969
114.467,158.129,3.17224,1.06958
291.636,458.648,9.19489,1.0694
-435.79,-204.789,3.89995,1.06934
-182.225,193.757,6.21173,1.0692
404.688,-291.204,5.77627,1.06843
-43.578,-399.413,3.1533,1.06807
310.617,260.089,3.98108,1.06794
-303.255,45.0612,3.85963,1.06732
408.381,247.04,2.95804,1.06724
-105.81,-412.732,4.80949,1.06678
414.565,383.85,4.04985,1.06669
245.923,428.559,4.42013,1.06516
223.998,-181.015,3.8145,1.06507
90.5542,318.191,4.54124,1.06503
-293.591,281.298,3.41843,1.06484
-164.081,230.11,3.04906,1.06431
77.4042,39.9066,3.27968,1.06373
-31.3134,208.958,4.44789,1.06372
320.584,423.884,5.1644,1.06359
55.3699,-85.0208,4.03358,1.06254
385.172,-441.357,3.91557,1.06203
413.427,268.41,3.83807,1.06146
-196.951,-163.9,3.52399,1.06074
35.9506,-145.109,3.04548,1.05993
-83.0985,212.283,3.05631,1.05959
-423.681,-339.123,4.2557,1.05737
113.118,68.8709,4.66827,1.05728
294.334,-134.428,4.29753,1.0572
-270.008,212.214,4.67475,1.05687
-58.5961,-166.471,3.1605,1.05686
-435.533,-237.242,2.84124,1.05641
-133.658,-214.807,2.86699,1.05639
-222.422,-360.895,4.65025,1.05566
329.693,268.925,2.9271,1.05543
23.2618,233.014,2.82653,1.05358
111.225,-28.7138,4.9325,1.05315
-259.488,279.718,2.90772,1.05309
-291.252,-403.677,2.82219,1.05302
240.724,88.8489,3.09286,1.053
113.457,-333.179,3.00167,1.05271
-23.3955,176.886,2.89735,1.05271
120.018,-204.907,6.14904,1.05238
104.928,28.2116,4.54153,1.05217
-148.694,128.893,2.87948,1.05205
331.348,-317.804,3.28766,1.05189
-97.3013,118.476,4.45321,1.05065
164.016,124.066,2.99219,1.04991
-226.928,-311.212,4.42004,1.04974
91.618,52.046,3.41048,1.04967
-189.565,411.683,5.07041,1.04947
183.816,-171.632,3.71402,1.04924
57.5016,-402.808,3.70519,1.0489
294.219,-187.005,3.43043,1.04882
-218.437,37.9898,2.9944,1.04689
-48.8688,265.67,4.32582,1.04643
211.932,-178.419,2.83246,1.04572
81.0396,439.58,3.10925,1.04505
121.177,-359.156,2.87093,1.04498
245.366,-147.762,3.36888,1.04486
-116.201,-102.323,3.34032,1.04463
-130.208,362.666,3.0327,1.04457
37.1555,-122.454,2.89808,1.04394
-363.943,360.711,3.93583,1.04377
94.6068,17.0648,3.58864,1.04375
-210.689,-12.0894,3.48057,1.04362
241.1,-8.05968,3.1033,1.04159
89.0411,-279.139,2.83877,1.04124
39.0886,328.641,4.55367,1.04075
-180.053,-290.691,5.31955,1.0406
-35.0233,69.1155,5.92931,1.04025
134.119,-467.066,3.19158,1.04011
-140.715,158.374,3.04832,1.03947
-97.7365,372.524,4.90503,1.03943
-422.233,-454.507,3.08733,1.0394
221.915,131.687,3.04217,1.03926
-407.239,-125.701,2.90956,1.03858
-37.445,306.792,3.94795,1.03843
257.901,-466.829,4.96353,1.03776
-389.62,-335.21,4.03285,1.03725
-265.605,-114.971,3.26969,1.03641
-157.081,442.745,5.16919,1.0364
-126.256,287.206,4.98024,1.03448
442.961,-152.906,4.29622,1.03444
337.095,251.131,3.09178,1.0344
255.493,434.227,4.10084,1.03407
66.4609,-330.794,3.92728,1.03365
103.453,-312.23,3.40879,1.03361
3.29721,425.718,3.09343,1.03317
-291.6,120.22,4.68743,1.03314
-81.8469,80.2938,3.80575,1.03245
41.3409,-288.824,3.09895,1.03106
-32.9445,113.519,4.60273,1.03105
440.879,-13.093,5.39515,1.03098
-86.3876,-264.307,4.5066,1.03
274.959,-393.222,4.52332,1.02971
-451.647,334.679,3.37174,1.02898
-429.243,142.799,3.74984,1.02897
142.651,46.3342,3.93216,1.02735
242.813,-422.222,3.28993,1.02728
-289.385,456.821,3.76008,1.0267
183.402,448.85,4.23666,1.02622
444.027,156.396,5.60467,1.02622
146.815,-141.504,2.82504,1.0257
-284.822,-209.777,3.92891,1.02539
346.952,168.063,4.36974,1.02512
-285.763,75.2871,4.21991,1.02507
44.5225,-34.9806,3.82254,1.02504
-422.828,-122.254,2.83582,1.02456
147.266,64.7166,4.80562,1.0243
-107.823,-218.714,3.10469,1.0236
-436.275,445.867,2.9308,1.02265
-340.633,-319.9,2.89829,1.02197
-269.159,-447.725,4.16183,1.02093
165.928,-404.938,4.93859,1.02079
170.264,461.106,4.78605,1.02036
-116.832,258.492,4.84929,1.02032
-14.3366,423.77,3.02053,1.01999
-330.635,-344.527,4.14185,1.01921
-380.595,-203.127,3.14254,1.01878
-225.156,329.291,5.7159,1.01869
-324.599,257.626,6.6949,1.0184
-255.889,233.35,5.89032,1.0182
104.112,-286.067,7.70678,1.01813
138.223,408.905,6.33139,1.01788
114.532,265.374,4.49281,1.0178
-270.96,-131.227,3.18246,1.01638
-295.026,75.1462,3.48819,1.01596
371.502,-461.319,4.52883,1.01558
-403.143,-333.834,2.88462,1.01372
-50.5361,-214.259,3.38905,1.01303
353.905,-210.018,4.20545,1.01265
283.601,124.483,3.50156,1.01257
-243.843,318.687,4.14417,1.01218
475.395,-87.1212,3.28644,1.01205
-293.069,399.175,5.69485,1.01201
350.77,296.864,4.11782,1.01199
-100.541,-394.53,3.76562,1.01148
-384.641,425.948,5.47077,1.01105
-8.30516,169.322,3.62116,1.01079
170.381,-270.264,4.54612,1.01051
-66.1433,43.9186,3.53466,1.00986
-25.3297,182.303,3.90548,1.00883
205.833,-139.658,6.54713,1.00882
-32.6027,-141.235,6.354,1.00878
16.5767,-289.453,3.35918,1.00858
85.3536,296.299,4.76901,1.00847
5.67131,16.8239,2.94675,1.00824
461.986,260.856,4.0756,1.00819
195.91,-258.154,6.02706,1.00777
402.274,399.329,6.10362,1.00761
362.738,-139.913,5.29565,1.00734
305.482,119.378,2.94049,1.0065
-11.3587,-304.66,3.62242,1.0059
-101.866,125.898,4.36767,1.00508
12.8508,340.794,3.02156,1.00505
450.282,441.402,2.88816,1.00434
-275.68,29.6964,3.02412,1.00422
99.0446,398.659,4.87822,1.00324
-348.892,-164.555,5.48942,1.00323
459.465,-183.867,3.54072,1.00312
-34.02,265.442,2.93976,1.00305
-264.117,-454.05,3.11305,1.00137
-109.454,101.301,4.06124,1.00097
-215.636,-391.131,5.84806,1.00075
377.499,203.58,4.03,1.0004
-61.3064,-217.127,4.24669,1.00036
-194.045,-465.763,3.89477,1.00015
256.404,350.351,8.44805,1.00014
227.566,136.343,3.58962,0.999833
-322.04,188.314,8.1079,0.99971
-58.5747,-2.21943,4.31844,0.9991
348.994,-285.37,3.49119,0.998497
59.7403,-245.029,6.23016,0.998258
242.928,-469.233,3.89364,0.998039
-447.082,-302.59,3.2986,0.998029
421.867,367.734,3.54023,0.997176
406.977,-452.142,3.18633,0.997052
-153.047,214.032,2.99711,0.996988
-26.9127,-466.12,3.62584,0.996967
-142.661,299.885,9.26893,0.99675
461.222,-354.738,3.2458,0.996145
-343.291,129.041,3.12329,0.995751
-116.097,148.354,3.69994,0.995601
-132.981,-161.191,6.63908,0.995405
302.1,117.438,3.69886,0.995157
221.834,-316.318,3.27312,0.994983
-456.065,61.7405,3.45743,0.994739
-318.964,463.335,3.14975,0.993863
-250.78,124.944,4.78337,0.993727
179.826,-409.606,4.30532,0.993515
-99.9398,314.094,3.21676,0.992945
75.0217,49.7711,4.63332,0.992862
-16.0092,-367.203,5.07103,0.992715
201.317,-146.703,4.85151,0.992665
287.484,413.819,5.65762,0.992209
-433.316,-289.533,3.37654,0.992095
-32.4483,431.796,3.54422,0.991974
383.194,-114.908,3.75032,0.99185
93.3771,-355.202,2.83961,0.991322
176.086,-473.001,5.68861,0.991048
-246.982,348.756,3.70081,0.99056
-150.329,76.0969,2.92831,0.990528
-69.9181,218.659,3.32974,0.990398
-2.82367,442.837,3.35667,0.98983
211.781,-383.369,3.62859,0.989556
-158.292,-196.055,2.91165,0.989517
6.43763,216.6,2.9698,0.989276
0.437092,-20.1819,3.09673,0.98912
-37.165,-126.76,3.41421,0.989056
130.277,-69.9304,4.43466,0.98893
-90.3097,24.6744,7.83052,0.988476
89.9348,333.739,4.04848,0.988362
-11.1362,-439.612,3.04875,0.987943
389.461,-285.617,7.39215,0.987875
-183.414,319.188,3.37016,0.987398
442.85,225.93,2.99337,0.987176
404.271,146.028,6.58241,0.98602
-337.56,363.306,6.41542,0.985867
320.409,-381.511,4.70566,0.985712
130.31,235.903,2.8753,0.985458
11.0538,-322.693,2.82834,0.984787
-463.915,221.48,3.47153,0.984683
-357.944,2.15142,8.45109,0.984093
-137.448,-116.426,3.6514,0.983329
427.78,241.148,3.62109,0.983311
4.80589,48.9919,3.67183,0.98328
215.316,-323.154,3.64389,0.983025
-181.145,-3.94925,3.10661,0.982883
-12.5688,-150.812,3.28326,0.982609
-312.71,-308.332,3.07678,0.982524
175.545,-38.0378,3.72804,0.982502
-211.853,-353.396,3.25769,0.981798
200.672,136.438,4.88412,0.980358
244.44,278.041,4.98902,0.979997
368.876,394.515,3.03106,0.979703
286.31,-269.17,4.44555,0.979659
414.613,15.8741,6.49963,0.979493
471.348,93.547,3.10802,0.978355
281.325,-404.372,3.42513,0.978011
-455.359,256.224,2.90543,0.97786
133.776,-284.917,4.90867,0.977797
-426.456,474.384,3.22488,0.977615
-298.448,195.846,3.01186,0.977241
364.491,-280.22,3.07265,0.977218
192.738,93.5981,3.55854,0.977122
-238.509,383.267,4.08931,0.976854
-71.8626,-378.332,3.86682,0.976453
220.445,288.835,3.19796,0.976349
-23.6261,-413.161,4.78377,0.976164
-364.837,-224.811,2.83629,0.976027
374.315,2.05532,3.20239,0.973626
297.141,-243.011,4.23683,0.973327
-169.827,30.1557,3.66094,0.972579
-14.2314,-236.879,7.29164,0.972563
-101.948,380.482,2.83392,0.972252
325.32,208.894,3.85215,0.972113
-370.004,421.142,3.47559,0.97199
458.299,-1.02773,2.86944,0.971651
-114.85,374.956,3.39477,0.971383
142.876,263.64,3.28767,0.971331
49.7042,340.314,4.63983,0.971141
-93.5311,421.967,3.08153,0.97047
428.738,311.615,7.82239,0.969948
-26.6152,-3.52352,2.87426,0.969934
-397.977,150.284,6.68501,0.969254
-333.929,395.575,2.88962,0.969224
-74.7651,-22.3809,3.70089,0.968447
322.213,-137.346,8.53605,0.968283
403.799,184.331,4.13437,0.968075
-469.241,85.9403,3.15083,0.967808
184.269,-28.122,3.26871,0.967551
-164.65,-127.469,3.60923,0.967176
52.4919,104.107,3.95531,0.966891
99.605,-378.655,7.31985,0.966519
-366.997,-350.488,3.02384,0.965822
-410.919,104.543,4.03352,0.965499
443.457,-25.1424,3.91052,0.965222
-97.1685,-220.75,4.37651,0.965116
-122.407,-53.3786,3.77311,0.964823
177.441,351.976,2.90206,0.964451
292.469,239.522,4.23163,0.963627
159.677,-300.963,2.90962,0.96354
25.9807,-226.988,2.97774,0.963428
-172.768,-472.191,3.99878,0.963422
346.072,-113.402,4.49103,0.963339
-33.9619,-67.4852,2.93122,0.96328
31.1825,-430.976,2.88792,0.962949
-325.128,434.821,4.02739,0.962806
435.389,-418.4,4.43005,0.962588
204.981,270.764,5.06271,0.962507
-53.4856,253.234,4.85159,0.962168
316.616,-417.599,3.44788,0.961983
-468.646,303.615,3.42178,0.961914
-250.41,-102.718,3.2187,0.960877
227.92,175.766,3.28028,0.959647
-427.672,-59.2079,3.79772,0.959623
-120.414,-372.961,6.84808,0.959617
389.608,-391.314,3.04528,0.959111
461.617,427.661,3.88717,0.958935
274.505,-226.408,5.48782,0.958928
434.257,-344.157,4.73081,0.95881
-223.639,-411.491,5.55566,0.958502
411.876,68.8273,5.5537,0.957811
363.602,-28.9034,3.14822,0.957607
-268.211,248.496,3.41054,0.957264
-459.624,-244.175,3.46668,0.957254
39.3692,247.86,2.89066,0.957234
165.349,141.125,3.45437,0.95707
357.87,-400.592,2.83537,0.957028
71.4551,-103.965,4.06986,0.956588
300.6,182.871,7.02997,0.956543
144.05,129.127,3.43628,0.956458
-34.8822,-314.267,2.90465,0.955554
462.659,176.059,3.12918,0.955391
108.482,381.846,6.29984,0.955045
418.936,23.0891,8.52601,0.954643
-171.124,234.28,5.55399,0.953826
-79.9802,226.898,3.01286,0.952854
386.071,-244.505,2.8604,0.952583
426.484,210.926,3.80519,0.952077
118.289,-277.915,4.98972,0.951835
421.788,453.814,4.4066,0.951581
160.237,-42.8117,3.50855,0.950902
101.741,-140.004,4.7539,0.950784
-429.895,441.593,4.59922,0.948343
318.825,191.87,6.12622,0.948101
240.422,-171.399,3.65506,0.947487
-159.28,305.981,3.21581,0.947471
-266.552,328.344,4.54548,0.947081
362.443,34.926,3.11077,0.946972
418.694,-93.1223,4.60596,0.946957
289.671,402.639,2.98297,0.946573
87.1769,433.957,2.89982,0.94653
-115.719,-33.5771,3.01964,0.946255
424.691,70.3111,3.19158,0.946158
-243.895,230.4,4.36185,0.946119
407.871,-427.839,3.78604,0.946091
-359.946,-82.3809,8.68516,0.945894
-460.118,-382.486,3.0184,0.945684
-373.343,31.0443,6.54589,0.945296
-90.9922,-240.298,3.83868,0.944766
357.228,281.686,3.11981,0.944511
-123.228,379.016,3.63457,0.944294
-421.212,-202.516,3.92528,0.943951
-125.799,277.524,4.43866,0.943212
349.26,-403.434,3.71119,0.943132
-149.809,-326.041,5.62343,0.942752
274.245,410.275,5.22079,0.942662
-307.847,345.536,5.05071,0.942552
234.111,-374.642,3.23113,0.942435
-196.362,-321.294,5.36981,0.942039
-9.07333,368.3,4.09999,0.941778
-179.223,-464.053,3.03166,0.941345
-421.019,-393.914,3.60924,0.940988
217.247,-331.496,3.73912,0.940797
-206.854,-383.522,5.00143,0.940053
-295.034,182.693,3.15795,0.939875
354.447,-270.142,3.41733,0.939771
-54.8551,-212.376,2.95354,0.939252
-221.469,-383.451,4.16465,0.938924
-173.89,149.229,3.20429,0.938717
5.77867,260.628,3.47682,0.938546
265.842,-118.084,4.53246,0.938545
-70.5597,154.471,2.85333,0.937519
-463.215,-262.842,4.1573,0.936477
443.759,-314.082,3.81435,0.936292
-369.278,138.824,4.46513,0.936038
288.021,259.518,6.12968,0.935564
-376.695,-120.53,4.89772,0.935455
109.436,-148.159,3.0207,0.934213
404.181,206.836,3.34307,0.933892
-386.974,-96.1968,3.03911,0.933058
-392.835,204.652,7.17572,0.932976
98.4559,211.513,3.2835,0.932148
394.651,390.407,7.1458,0.931958
143.187,457.124,4.48496,0.931947
-31.7332,80.6684,4.91915,0.931457
-337.316,-182.388,5.40548,0.931269
-346.599,-318.346,5.66923,0.931065
-335.521,-370.742,3.59561,0.93055
367.542,442.655,4.79106,0.930136
290.851,-3.60502,4.5817,0.929529
-381.304,-127.565,3.50276,0.929106
377.328,108.01,3.97604,0.928703
384.685,-310.783,4.89481,0.928598
217.102,170.462,2.91137,0.924991
79.7568,-176.498,2.90654,0.924662
-425.644,195.216,3.40962,0.924613
-376.45,-55.5636,4.93458,0.924579
157.68,299.476,2.98907,0.924157
-186.784,-419.264,5.09339,0.923917
266.554,-67.1698,4.12664,0.923697
403.055,-34.8851,4.10487,0.923322
-246.335,117.375,3.61422,0.923175
326.004,-468.7,6.60637,0.922719
44.7165,-233.579,4.96911,0.92217
-159.188,117.215,4.95649,0.92201
339.856,-303.536,3.93591,0.921723
-232.744,-452.444,6.75256,0.921705
-176.494,364.493,5.31138,0.920757
181.12,49.3457,3.09826,0.920642
91.817,31.0877,4.28706,0.920345
191.197,-156.695,4.6987,0.920171
-364.261,356.507,4.3473,0.91988
438.927,-235.874,3.21869,0.919749
348.594,42.2753,4.62711,0.918242
-157.821,48.5346,4.19734,0.917677
222.269,46.3082,5.06532,0.917637
-171.353,-71.4138,5.5017,0.917442
222.064,366.184,3.3646,0.9168
205.191,162.394,3.54299,0.916678
75.5063,335.738,4.24169,0.916541
239.724,182.678,5.12134,0.915955
-115.243,100.6,5.30442,0.915833
-148.49,408.701,3.39691,0.915461
-78.4902,204.151,2.95754,0.915259
129.797,399.822,4.82588,0.914815
-194.983,-266.472,4.47529,0.914757
452.631,138.962,5.8461,0.91458
402.341,11.1521,3.26903,0.914328
149.85,417.216,3.41088,0.914222
70.7513,376.029,6.16654,0.913534
-217.857,-404.296,2.92097,0.913377
24.7545,-327.775,5.421,0.91321
443.609,437.627,8.43356,0.913118
35.3764,272.864,5.44825,0.912367
236.678,301.019,3.54888,0.912267
-372.729,-138.245,4.27258,0.912181
464.374,-4.85652,3.86756,0.911953
-112.445,-307.209,4.1857,0.911651
175.688,-361.155,4.17993,0.911396
-377.419,-442.399,3.19241,0.910338
-185.655,-341.057,4.05176,0.910122
-143.579,419.473,3.12376,0.909952
118.438,-202.948,3.91821,0.909739
-98.3648,175.393,5.32503,0.909394
-66.808,-27.1442,3.97334,0.908899
330.276,-210.237,2.89144,0.908655
-7.49368,-422.308,9.42018,0.907819
-303.355,-456.313,4.54155,0.907727
264.403,214.416,4.02601,0.907162
326.597,426.26,4.01928,0.906638
245.81,136.677,3.24753,0.905847
433.72,116.403,3.31275,0.90512
282.357,-240.95,2.96655,0.904936
-435.044,111.208,3.41821,0.904731
199.193,-359.118,3.11216,0.904597
63.9227,416.338,2.95668,0.903353
405.949,-19.5016,2.88346,0.903169
-371.864,53.0776,4.01527,0.902649
-308.088,-11.0519,3.65877,0.902579
116.827,-94.7604,3.72042,0.901512
-338.955,382.311,2.94097,0.901209
422.702,-442.074,4.4422,0.900885
166.144,-209.243,3.82646,0.900828
112.289,378.427,4.12924,0.899218
92.958,-49.741,3.77114,0.898912
418.284,-213.744,3.23428,0.898888
430.176,461.185,3.92076,0.897931
-166.204,159.708,8.18524,0.897382
-276.007,73.1261,4.32049,0.897231
245.583,-322.598,2.99794,0.896407
422.42,-139.482,4.84792,0.896387
65.2031,-170.923,4.16924,0.896171
-249.144,108.493,3.90225,0.894851
409.057,-447.758,5.3801,0.894748
267.292,65.1614,4.56148,0.894644
156.347,-458.884,2.98207,0.894386
197.317,375.582,7.45644,0.894133
-334.511,200.756,3.29264,0.89395
47.6904,250.448,4.81454,0.893942
-16.6027,-191.394,2.81899,0.893845
-82.6079,338.411,2.9447,0.893635
-96.788,-259.572,3.98444,0.893451
-299.628,247.723,3.08944,0.893164
392.322,177.184,3.91556,0.89303
136.747,-405.561,3.80105,0.892911
-233.399,-88.5399,4.84435,0.892819
-235.559,-389.543,3.21888,0.892438
204.745,-121.05,2.89993,0.892361
-326.595,-468.603,4.27107,0.891997
-372.752,259.965,2.84567,0.89121
-263.921,317.763,5.11104,0.891034
146.769,230.489,3.02428,0.890618
99.6262,-72.6645,3.47338,0.889931
-223.031,-269.178,3.52153,0.889714
-115.007,95.9075,3.06465,0.889335
-463.806,-425.715,4.98251,0.888693
378.759,371.961,4.68268,0.888658
276.614,228.734,5.23495,0.888341
-234.429,321.502,3.79862,0.88822
230.411,83.7943,5.5305,0.887841
79.4715,-67.4743,4.45078,0.887553
44.8617,-124.797,3.95791,0.887535
263.546,-228.397,5.3357,0.88716
23.3196,475.379,2.88034,0.886993
-164.142,10.1594,8.40653,0.886949
64.9306,393.56,3.9931,0.886915
211.505,124.859,3.14379,0.886212
259.981,-222.856,4.69995,0.884735
-250.04,99.3125,3.42947,0.884657
431.144,-36.3381,3.77893,0.884531
-62.3012,72.3718,4.90522,0.884222
196.469,329.338,2.96339,0.883225
426.586,141.184,3.36395,0.882234
-213.936,-74.7566,5.83965,0.881765
40.9499,220.272,4.65219,0.881435
293.818,-338.468,3.94449,0.881137
-37.9365,-25.8459,3.74349,0.880875
-121.099,404.807,4.66975,0.879914
59.7999,-217.504,3.20404,0.879412
-5.96501,-61.1382,3.34913,0.879243
-142.418,327.071,5.34166,0.878854
-211.222,397.469,3.12859,0.878243
329.265,-346.218,3.4759,0.877726
359.667,79.459,3.08618,0.877669
-70.0906,-329.846,3.8444,0.876915
325.239,-420.704,4.86259,0.876854
108.691,254.099,3.20633,0.876611
225.928,32.2825,4.10313,0.876605
-215.378,-50.8564,6.54967,0.876267
157.104,386.668,3.7379,0.874829
414.098,45.8337,2.93014,0.87373
367.635,352.186,3.23842,0.873165
94.8489,414.627,3.27902,0.872916
-432.773,83.2801,3.10186,0.872755
-12.3764,-194.787,2.94412,0.872717
463.488,-43.6831,3.04464,0.872675
-0.661393,-113.313,3.48261,0.872248
-98.6544,389.747,7.62979,0.871448
-328.872,335.062,4.7007,0.871264
-120.166,467.892,3.29618,0.870899
368.59,-153.54,3.1266,0.870629
-264.336,-357.066,6.10208,0.870608
385.642,-474.707,3.66107,0.870226
-155.358,-342.84,9.72342,0.86995
352.637,-149.808,3.86953,0.869416
-128.296,26.0681,7.55148,0.869277
309.749,-301.311,4.68405,0.868908
-220.287,-53.1084,3.51857,0.868574
349.96,216.87,3.49123,0.868571
448.003,380.624,4.04863,0.868192
-22.7963,193.564,4.00028,0.867838
-416.593,338.705,4.48451,0.86762
-141.102,143.54,9.70023,0.866891
448.606,-341.021,3.37456,0.866754
-367.957,145.768,4.01588,0.865944
458.166,-374.413,2.97159,0.865929
-172.082,-465.386,3.53662,0.865703
-64.5817,127.055,6.19978,0.865589
-432.478,110.881,3.80641,0.865268
16.0471,-340.855,4.66364,0.864918
-426.713,-385.717,2.82722,0.864637
361.745,385.553,6.99756,0.861823
404.976,-238.955,4.17549,0.861758
-20.2694,-397.193,3.12036,0.860101
-299.659,-334.225,4.93937,0.860061
-327.667,-237.344,3.84176,0.860003
462.097,-234.647,3.93231,0.859899
307.205,34.902,3.56337,0.859769
-343.491,217.085,3.93608,0.859468
-320.737,292.322,5.99773,0.859011
288.276,327.995,4.70337,0.857618
464.281,-307.405,5.07658,0.857572
-303.351,131.331,5.21312,0.857468
-423.371,58.6106,6.29266,0.857212
-291.858,-382.17,4.13799,0.856955
208.956,-227.558,3.18676,0.856758
443.267,38.1016,3.59166,0.856714
418.678,199.176,3.49206,0.856456
228.629,241.607,4.31183,0.856165
230.289,-72.2513,5.13248,0.856029
-387.564,126.057,3.34968,0.855924
-466.817,-46.4959,2.81881,0.855213
28.4908,217.64,3.63653,0.855026
372.013,24.9821,2.87677,0.852941
441.394,351.315,3.07001,0.852623
10.5983,407.186,3.74417,0.852022
279.92,223.426,3.56692,0.851836
344.743,-212.118,3.33441,0.85147
-261.34,6.77686,3.98815,0.851341
203.78,-204.736,4.20982,0.851165
-322.771,87.4183,2.83929,0.851151
-416.976,-130.748,3.23198,0.850593
185.941,297.238,4.15716,0.849608
-413.564,-460.766,3.35183,0.849527
110.113,353.951,3.29571,0.84951
41.4516,-228.336,4.22253,0.849306
23.9608,14.1626,2.82149,0.84889
-460.201,-198.744,5.23136,0.848847
-448.857,-176.742,2.95417,0.848842
258.832,-382.64,4.29804,0.848774
-154.013,268.765,3.98356,0.848377
165.386,40.7178,3.45206,0.848253
119.612,286.933,5.36452,0.848011
-286.681,-393.701,2.91179,0.847924
-296.298,-12.0428,2.84127,0.846896
88.7252,-445.377,3.26094,0.84684
417.908,396.118,3.8077,0.846667
304.907,-232.773,3.12096,0.846453
248.547,391.795,2.90393,0.846325
-354.721,244.024,3.01871,0.846171
199.517,-86.1009,2.87248,0.846101
459.776,203.064,3.10601,0.845504
85.9331,-245.423,3.06423,0.844167
-0.19596,-441.625,2.82444,0.843557
-107.371,-352.89,2.85357,0.843072
-170.01,-452.77,3.82751,0.842964
196.814,0.479265,3.20259,0.842944
79.7561,-250.115,4.05135,0.84283
-372.069,-122.606,4.20546,0.841996
-198.725,-210.934,4.50036,0.841345
-455.72,411.106,6.06834,0.841178
228.974,-148.676,3.50242,0.840671
-465.463,292.529,3.84907,0.840521
-235.555,-295.06,3.48654,0.840191
101.848,-212.261,3.94045,0.839846
178.929,466.412,6.12118,0.839493
-240.275,93.8519,3.70883,0.83922
40.7854,-345.235,3.48043,0.838874
-80.7049,-456.937,2.89011,0.838367
31.8272,331.798,3.84144,0.83811
246.645,238.34,3.37989,0.837025
218.413,133.341,3.56972,0.836529
-145.028,384.725,4.96028,0.836461
-442.404,257.21,4.99654,0.83639
-409.322,462.082,2.95931,0.835931
130.631,-19.817,3.66589,0.835827
-115.153,199.682,5.60189,0.835756
-65.1299,-244.741,4.77147,0.83558
-468.874,267.464,3.41563,0.83553
-453.544,345.191,4.01379,0.835418
-436.914,-69.6236,2.89622,0.834909
-153.32,469.208,4.1161,0.834636
389.074,375.013,4.57102,0.833816
196.279,-138.276,3.73485,0.833807
188.787,352.886,4.36329,0.833331
1.67957,-426.688,2.97931,0.83234
467.13,-462.543,2.91384,0.83226
-216.089,436.418,3.60966,0.830936
41.1352,-110.264,2.87457,0.829522
-319.695,-387.039,3.06798,0.829088
-28.3935,23.0702,6.06742,0.829057
268.672,71.613,3.08217,0.82901
31.0354,9.10635,3.72306,0.828696
-358.065,80.1741,4.93601,0.828611
-25.6861,394.268,3.05951,0.827992
-89.0689,469.447,3.27226,0.826829
390.892,-319.308,4.07081,0.825807
-360.44,-417.13,4.7045,0.825135
-261.471,222.11,3.29799,0.825133
173.68,-60.8147,3.85496,0.824714
337.154,403.278,3.12763,0.824699
-157.15,239.498,3.70368,0.824662
-349.369,-18.8231,4.47972,0.824397
-296.18,280.18,4.43998,0.822443
-221.548,-158.899,6.07492,0.822422
-414.718,-127.978,5.36827,0.8217
308.656,-378.038,2.92173,0.821456
-101.97,-350.537,3.3969,0.820577
-93.8741,-229.163,3.00087,0.820026
-402.586,439.252,3.74867,0.819912
370.678,-362.159,5.25906,0.819106
-199.717,297.907,3.13101,0.819006
143.491,-88.8959,3.47281,0.818283
200.089,70.9807,3.14231,0.817471
395.335,351.378,3.62083,0.817239
337.896,51.6789,3.05545,0.816476
-335.02,55.8025,8.57571,0.816421
-307.84,-267.848,2.94183,0.815884
-181.037,-237.979,3.59783,0.81551
310.688,-297.346,3.40103,0.815355
-222.52,-319.766,3.50126,0.815327
237.543,-252.224,5.62023,0.815061
-63.1607,226.743,3.2188,0.814904
15.1319,-136.863,4.15715,0.814835
-79.6168,37.5314,4.49243,0.814789
-268.009,384.469,3.46669,0.813856
-281.439,18.6451,7.11608,0.813673
-3.71507,218.238,3.14695,0.813553
380.785,-22.7454,3.11101,0.81328
-273.578,-32.5744,8.07425,0.813014
-247.036,-405.398,4.53426,0.812789
348.205,-52.8227,4.80503,0.812438
-418.176,-360.482,3.52534,0.811176
387.003,29.8956,3.18605,0.811163
-285.448,6.79564,3.31819,0.810879
418.374,-8.924,8.12926,0.810843
111.01,-226.547,4.70129,0.80997
114.884,8.45495,3.06206,0.809692
-289.435,369.94,3.55536,0.809497
222.862,128.858,3.09792,0.80944
-212.983,196.611,3.88896,0.808548
-195.895,-89.1581,3.0227,0.808524
-416.964,435.131,6.99214,0.808422
-275.809,-405.157,3.12032,0.808409
-299.485,279.411,4.48829,0.808106
99.5231,412.637,4.70625,0.808037
326.197,-0.126143,3.15474,0.808032
320.66,324.495,3.43296,0.807773
-69.3063,-227.953,3.07225,0.807689
-250.807,219.094,4.59245,0.807666
206.82,229.722,3.59985,0.807643
-169.334,161.008,4.92489,0.807379
445.716,225.286,4.33161,0.807081
-363.254,220.231,4.46608,0.8068
-71.3853,14.6174,3.74733,0.80668
341.66,-194.34,5.10496,0.80626
-149.599,85.892,3.37114,0.80622
87.8534,-448.745,5.40015,0.806058
280.469,361.432,6.71387,0.80487
-86.4581,-346.515,4.50048,0.804709
-89.2242,58.2269,4.27086,0.804527
-291.965,277.331,4.46048,0.80446
281.064,183.079,5.61209,0.802875
261.832,66.3893,3.22146,0.802731
372.54,-308.538,3.37462,0.802484
20.1263,-23.5836,4.64076,0.802246
287.29,344.365,2.81811,0.802163
217.779,250.223,4.31218,0.801637
-5.68407,249.125,5.53903,0.801184
-10.7767,-135.077,5.49556,0.800952
82.643,-101.532,3.01579,0.800548
204.392,182.769,5.34085,0.800436
-278.32,-438.294,2.92104,0.800179
367.453,-146.32,4.01953,0.799926
107.207,-171.046,4.46952,0.799464
6.90663,62.1627,3.11275,0.798763
372.169,197.382,2.86944,0.798547
-402.758,-158.325,3.16845,0.798213
-338.942,178.177,5.73367,0.797978
-44.3769,162.759,3.8991,0.79757
-83.507,132.204,2.93932,0.797331
146.212,258.878,3.42411,0.797277
-427.411,-101.266,3.21366,0.796947
-175.867,-405.431,3.95861,0.795762
-226.516,4.52814,4.51817,0.795617
-173.647,-110.65,3.05243,0.795377
447.118,265.233,4.89662,0.795113
-76.273,-404.378,3.77154,0.794604
267.067,246.654,4.40035,0.793154
-13.4534,-105.95,5.60509,0.792865
-23.3491,206.699,3.05799,0.792229
95.0661,-438.706,3.6009,0.791408
-133.834,432.628,3.52921,0.791385
329.656,-107.969,7.70755,0.791061
363.274,-258.378,2.81511,0.790688
289.231,154.178,3.81953,0.790103
103.717,260.918,3.12202,0.789821
-271.83,-235.254,3.97674,0.788436
-255.367,182.022,7.06796,0.788259
200.335,350.192,4.0243,0.788205
-413.904,-247.383,3.11359,0.78803
85.3028,-260,2.84507,0.787988
93.9715,403.627,6.47148,0.787946
151.422,-196.554,3.09162,0.787757
-202.814,-440.741,2.9911,0.787292
-405.268,-7.19204,3.89645,0.787154
345.103,162.655,3.90589,0.787081
300.235,-221.247,3.3509,0.786409
232.527,158.551,3.32891,0.785946
-392.123,13.9112,3.17436,0.785066
292.246,-76.0539,9.04177,0.784613
-474.137,391.116,3.02781,0.784542
168.749,-43.3424,3.05719,0.783074
221.411,93.685,2.83954,0.783002
269.837,-313.165,7.22606,0.782893
-266.727,190.404,2.88877,0.782434
-269.212,-47.0047,3.11742,0.781653
359.745,-88.1389,3.07346,0.780846
263.181,-50.3721,2.83443,0.78046
-33.0674,-6.0449,3.21144,0.779663
351.061,-212.105,3.06698,0.779476
-160.539,-159.402,5.07164,0.778986
-181.589,290.384,3.00112,0.778895
99.6554,-255.129,4.48295,0.778278
-227.481,412.243,3.43592,0.778013
62.3455,17.5282,3.89527,0.777938
-42.0544,328.367,3.02811,0.777275
-95.6146,-43.5383,2.92361,0.777256
-438.408,-70.806,4.75276,0.777166
-244.913,-379.762,5.50869,0.777134
-130.548,-50.0187,2.85569,0.776915
-10.7386,-134.986,4.94843,0.775622
-276.894,109.847,2.97995,0.775016
377.329,-429.603,4.5502,0.774565
95.6085,193.244,2.91811,0.774315
154.74,70.1321,3.12045,0.774104
-431.502,-408.7,2.89844,0.774059
-59.3419,475.778,3.34513,0.77326
-278.983,6.64844,2.97936,0.771839
90.6786,-188.072,4.07087,0.770846
-290.476,-123.879,2.92331,0.769724
-469.925,170.359,3.38075,0.769127
155.634,-128.086,3.88558,0.768632
407.002,-357.139,5.87411,0.768487
-112.128,86.1374,3.75812,0.768445
214.978,365.837,3.77164,0.767475
-178.097,-158.091,2.83024,0.766171
-117.393,449.12,4.2048,0.765906
-415.608,138.531,6.87796,0.765802
8.21506,290.17,3.22046,0.765564
-140.363,174.059,2.9169,0.765476
-464.243,-368.078,5.5882,0.765083
36.3437,49.2989,4.65565,0.765081
-317.102,-335.195,4.08834,0.764634
-139.875,-175.62,4.24718,0.764631
-18.7186,295.164,3.59434,0.764002
-113.943,203.425,2.98983,0.763135
-42.8506,-75.4065,2.92327,0.762678
-450.186,-383.824,2.99805,0.761742
-415.892,-439.26,3.63935,0.761733
463.56,197.996,2.82652,0.761598
-141.702,-106.083,3.36646,0.761343
270.46,-18.7679,3.96914,0.761259
310.692,333.568,3.45919,0.76027
210.25,-91.3086,4.99253,0.759824
-91.9376,180.344,3.62286,0.759692
359.255,376.027,4.95459,0.759394
-318.204,-370.023,3.87596,0.759249
-404.236,-360.315,3.54632,0.759012
450.924,-209.681,3.57699,0.758396
-334.171,-161.049,2.89933,0.758225
145.664,-166.614,7.18907,0.758088
-196.986,-254.004,3.63473,0.757564
-258.304,391.215,5.34755,0.757502
28.121,-315.034,2.83314,0.757499
-256.538,75.4367,4.02091,0.757465
290.012,-378.768,3.04794,0.756472
-194.788,-359.089,3.45342,0.756423
-214.352,337.015,4.38666,0.756286
-220.511,-8.17281,5.69001,0.755144
222.87,-453.787,3.58528,0.755093
386.959,298.063,5.1771,0.754259
-268.808,-456.844,3.87753,0.754164
-362.718,-224.888,4.36859,0.753964
180.542,-183.934,2.94549,0.753669
196.453,-392.706,5.28763,0.753033
-469.47,-7.72197,4.21817,0.752329
220.279,-270.546,3.82569,0.75125
468.082,120.108,4.80191,0.751071
245.617,-211.598,4.03786,0.750793
-209.103,-435.103,4.45162,0.750444
-348.883,-190.602,2.87343,0.749266
-338.541,-448.519,7.37191,0.74906
122.886,78.7621,3.23013,0.748237
240.915,-103.176,3.41229,0.74721
-18.5695,110.341,3.43919,0.74692
333.555,-51.9619,3.41626,0.746032
141.807,391.055,5.07569,0.745653
47.9866,356.52,5.14775,0.74564
-386.735,-373.793,5.68318,0.74558
-164.252,-325.448,2.9466,0.74457
-362.467,-355.131,3.35751,0.744517
467.758,-24.9303,3.43786,0.744145
441.384,450.414,3.60608,0.743683
28.7518,233.085,3.1953,0.743506
19.696,-145.835,3.47362,0.742736
262.531,-103.635,3.17123,0.742493
227.22,77.8903,5.58199,0.74239
-224.747,400.585,2.84497,0.742046
-243.079,-280.634,4.58389,0.741738
-335.488,121.439,9.95564,0.741143
-473.671,64.6519,2.94873,0.739217
-233.636,-370.429,3.55336,0.738853
-426.386,-371.655,3.08017,0.738674
-58.7967,111.274,4.76314,0.738438
-235.782,367.435,3.20435,0.738112
-110.663,-338.314,4.68987,0.73779
361.612,-191.759,3.82488,0.735838
-223.073,395.599,3.392,0.735642
-241.98,197.511,2.82627,0.734506
204.109,248.749,3.439,0.73419
206.203,-425.464,2.97237,0.734144
-78.2357,-251.169,3.24852,0.733655
-244.201,184.001,3.84727,0.733376
183.162,-456.573,3.39608,0.732971
410.999,-337.385,3.26493,0.73278
426.137,300.24,5.27644,0.732724
432.36,472.357,3.92607,0.732216
-423.693,439.984,3.74109,0.732196
-368.122,441.803,4.95973,0.731818
-322.981,236.136,3.57823,0.731744
403.43,-378.163,3.29732,0.731733
-18.7089,-302.862,3.15283,0.731625
-164.149,445.069,3.35857,0.731589
-367.659,-179.902,3.26181,0.731114
417.617,-206.613,3.28654,0.731004
253.141,-156.126,2.98708,0.730893
281.761,328.493,4.33467,0.729704
-329.121,-294.981,2.98603,0.729008
113.538,248.215,3.54075,0.728524
-39.7509,-9.98918,4.568,0.727782
-384.205,-178.11,2.83819,0.727626
-369.666,-158.667,3.63617,0.727492
-146.116,-246.982,2.94074,0.726281
60.2463,234.365,3.51677,0.726106
-451.06,-56.2123,3.28446,0.725829
-89.4137,379.561,5.06807,0.72573
69.1027,-132.609,2.88446,0.725305
407.532,-384.812,2.973,0.7253
66.9388,-51.5276,4.54572,0.724489
471.639,-435.701,3.10134,0.722933
-333.954,308.668,6.60591,0.722015
-33.7394,339.402,3.33787,0.721676
-222.806,130.523,2.82252,0.721231
113.76,357.462,3.48594,0.719985
-98.635,-168.375,3.96255,0.719789
-443.856,-327.545,4.75093,0.719248
-96.0364,398.541,4.06555,0.718878
326.679,230.888,3.84461,0.71841
143.887,-368.944,2.88685,0.717999
-209.487,-460.506,2.98347,0.717702
34.6538,-113.281,4.13177,0.716754
260.516,-313.391,3.4725,0.716714
-75.4155,-162.409,3.92936,0.716419
379.456,-277.592,3.46663,0.716351
-408.647,245.111,3.80793,0.716245
-241.005,-263.862,3.67793,0.715958
72.7626,414.728,9.01031,0.715239
-226.639,416.013,2.9578,0.715015
-459.357,-58.2217,4.11578,0.714625
-214.778,20.6526,3.54721,0.713917
-143.071,-279.502,4.97376,0.713658
263.051,-282.768,3.61905,0.713648
-266.254,319.828,2.90235,0.712753
-368.369,-470.948,3.93363,0.712603
-276.724,294.915,3.22821,0.712366
-59.7016,217.99,9.31796,0.712266
-213.136,335.265,4.67005,0.712065
-257.295,469,3.49465,0.711352
401.899,369.189,2.96576,0.71098
128.825,217.48,2.97913,0.710366
-181.578,322.658,3.09547,0.708915
-44.7572,-459.397,2.93544,0.708517
221.828,-473.607,2.99617,0.707559
92.532,-286.537,3.64604,0.707149
193.432,215.968,3.14478,0.706951
-88.967,-55.5368,3.60043,0.706872
-458.151,130.918,3.35355,0.706753
-28.951,427.743,2.8446,0.706423
-336.397,-447.636,3.98805,0.70597
-421.46,-250.633,4.33496,0.704879
449.131,258.5,3.3175,0.703911
-454.188,-175.504,3.84892,0.703796
417.418,-289.059,2.88178,0.70369
-229.233,-74.3045,4.8216,0.702894
64.2565,101.835,3.75872,0.702765
290.214,162.221,4.57927,0.701886
458.833,204.002,5.55799,0.701364
117.082,-209.344,5.53691,0.700954
-357.44,411.774,3.73213,0.700571
-321.913,-44.7027,3.07957,0.700361
-86.7123,-424.344,3.02185,0.699832
-76.62,284.893,3.18295,0.699696
-223.479,156.691,4.23018,0.69954
344.418,429.788,3.28276,0.699406
179.928,74.2683,3.18937,0.699375
-131.845,-316.554,2.99607,0.699011
-287.941,155.859,3.12884,0.69886
-261.134,-123.181,3.04525,0.697848
115.309,-446.507,4.00818,0.697645
-4.12587,-388.479,5.05347,0.697365
-378.097,185.155,2.86797,0.697184
-322.424,-261.536,2.88287,0.696251
-97.8679,-337.171,4.00082,0.696105
-232.28,-135.117,3.33862,0.696068
-64.0771,-60.7734,3.28156,0.695779
1.12213,34.1232,4.55875,0.69543
-82.8497,280.151,3.96891,0.695317
-301.374,40.7571,2.92825,0.695288
414.968,398.686,4.55418,0.694548
-218.447,460.609,4.17295,0.694285
414.472,1.32997,3.28662,0.693846
346.794,450.361,3.3771,0.693321
429.191,-73.4864,3.14865,0.6933
360.388,-274.948,9.9563,0.693187
-179.895,220.075,4.10181,0.693006
-353.917,132.555,4.19204,0.692376
-241.045,92.9871,3.14609,0.69168
-235.7,29.5757,3.35049,0.691592
295.353,-244.782,3.91074,0.691511
460.784,23.6904,4.11046,0.691129
-131.984,294.486,3.00211,0.690918
-0.931283,-138.381,3.72001,0.69085
444.69,319.77,2.95317,0.690424
51.3209,-8.91624,6.78488,0.690329
265.785,221.108,4.45707,0.689763
-174.715,276.517,3.55548,0.688039
285.022,20.2317,3.74464,0.687767
18.8665,194.913,4.05565,0.687618
-104.282,-369.74,3.02673,0.686781
96.2578,-340.537,5.68652,0.686569
408.826,401.294,4.24142,0.686384
-270.491,372.636,3.02589,0.686217
-363.025,-435.496,5.93881,0.685821
-155.955,323.375,3.18123,0.684702
-405.825,72.2532,3.19121,0.684609
-313.46,-421.925,2.88919,0.684241
-41.5582,188.851,3.42379,0.684171
285.937,-81.1175,4.59041,0.683365
-77.1753,385.466,4.21686,0.683231
269.523,-284.002,3.65384,0.683206
253.412,129.601,4.03523,0.683079
282.893,-181.596,8.27443,0.682833
322.536,-48.212,3.24945,0.682746
-183.417,-341.956,7.04477,0.682735
71.6317,438.01,4.87351,0.682644
-52.1147,365.509,9.64836,0.68218
-457.672,326.623,2.82262,0.681193
-219.388,373.058,5.29022,0.681177
-143.202,-281.325,2.95448,0.681164
407.542,96.0326,5.4581,0.680528
-434.511,451.069,2.98321,0.680318
206.438,136.579,4.04393,0.680064
-248.914,-74.0437,3.71255,0.679897
445.616,310.756,3.13713,0.679737
-224.913,107.206,5.00483,0.679708
455.054,-130.508,3.12157,0.67902
-435.873,325.882,3.11125,0.67887
-119.849,449.814,4.2462,0.678427
458.765,-258.788,4.62746,0.678411
314.214,-4.39283,2.84285,0.677795
-18.8113,-110.353,3.35859,0.677727
-167.601,-99.6242,5.29322,0.677472
273.439,-166.799,3.44893,0.677395
-194.925,199.367,3.34969,0.677099
-379.367,-332.875,3.21428,0.676903
-1.90485,73.2146,3.81866,0.676894
17.6381,-211.778,2.91126,0.676649
-115.511,277.777,2.88948,0.676587
243.265,-78.9987,6.0334,0.676422
-332.73,-189.478,3.12238,0.674708
-419.758,-87.3097,3.06004,0.674681
74.8166,87.9175,5.28492,0.674625
-364.734,103.283,3.77501,0.6743
-309.23,143.685,4.73924,0.674155
-458.375,-248.302,3.21282,0.673888
311.587,161.551,2.97989,0.673834
-27.2454,-48.3803,3.00039,0.673359
-266.639,-70.2515,2.88367,0.673348
-304.811,-408.805,3.66302,0.672511
-168.656,-222.847,3.84667,0.671823
33.0764,422.56,2.83836,0.671061
-101.866,64.5446,3.54086,0.670903
-136.133,195.259,4.16289,0.670554
-141.077,-125.057,4.2591,0.670457
332.002,217.462,3.16842,0.670273
-18.2245,305.645,3.27956,0.67002
198.354,-89.4156,2.99711,0.669832
6.71823,50.6109,7.92667,0.66924
-45.253,405.889,4.14938,0.66901
-368.129,-75.3735,3.28642,0.669005
357.234,-363.91,3.16395,0.669
151.294,-412.215,2.86966,0.668669
332.72,-102.994,3.63128,0.667449
-440.894,-95.8183,4.97253,0.66744
-433.845,462.721,9.91466,0.665939
-302.373,347.182,7.16867,0.664506
295.826,421.404,4.33799,0.663267
161.471,-3.77767,4.46696,0.662471
328.16,300.254,2.97373,0.662308
143.687,339.492,4.02249,0.662063
-225.96,351.893,3.38809,0.661373
-308.797,385.805,4.30763,0.660967
-313.546,223.678,3.67714,0.660571
371.926,-173.496,3.43617,0.660372
452.946,-130.722,3.66324,0.660356
6.95021,-135.419,4.87633,0.660178
-368.883,-210.569,3.32575,0.658858
-67.8217,113.974,5.2315,0.658312
395.36,110.313,3.3869,0.657926
-102.846,-56.8783,4.15708,0.657906
-180.418,-467.302,6.86866,0.654704
-70.5955,-151.469,4.53397,0.654651
-374.438,-33.3311,2.96227,0.654531
-22.4786,-379.896,6.62085,0.653925
-104.86,-222.264,2.92282,0.653517
253.179,117.179,3.31496,0.653145
185.692,-408.95,7.0335,0.653141
-0.636014,-233.177,3.97787,0.651051
36.0733,-377.757,5.55164,0.651045
431.193,142.578,3.34699,0.65095
-294.986,470.995,4.15452,0.650648
3.46455,261.837,5.37456,0.649022
456.539,-162.691,3.9347,0.647331
-246.797,363.05,3.36281,0.64726
313.072,134.022,3.12954,0.647152
-124.236,185.678,3.28701,0.647101
-5.20257,-471.228,2.98046,0.647067
211.77,-415.844,3.60027,0.647016
-216.555,114.633,2.9204,0.6466
196.453,458.361,5.48513,0.646037
-28.9496,-458.906,2.92224,0.645571
118.858,-470.922,3.5208,0.645432
-256.543,-443.791,3.26332,0.644786
-380.38,325.394,4.42876,0.644604
-216.778,266.367,3.10172,0.644289
-285.056,-330.021,4.77225,0.643465
-439.932,71.6434,2.96438,0.643449
23.3553,-430.986,4.45108,0.641969
159.956,325.176,4.55135,0.641041
79.5886,-398.78,2.90855,0.640613
-20.5196,394.612,2.96043,0.640422
-285.632,320.794,3.0967,0.640201
-297.149,10.3611,3.43288,0.640145
-53.0742,247.377,2.96486,0.639775
99.3316,153.721,2.85057,0.63968
-346.477,-192.025,4.50862,0.639566
425.431,-102.48,3.7338,0.639457
-278.42,-43.9274,2.92919,0.638888
-292.85,26.1138,3.46373,0.638082
-299.179,326.082,5.41391,0.637713
427.27,20.2862,5.20175,0.637292
-450.832,252.768,4.37344,0.637114
-30.1603,441.481,3.49031,0.636894
-70.1196,4.75075,4.29632,0.636856
-65.19,255.28,2.87456,0.636765
-220.678,-422.286,3.25739,0.63642
57.1241,190.975,6.42907,0.635768
469.321,318.754,3.82419,0.634841
384.556,158.206,4.20632,0.634317
-168.25,-445.222,6.68773,0.634131
-370.056,-242.762,5.39423,0.633084
-309.9,364.113,6.71965,0.632473
431.339,-287,5.39444,0.631992
394.129,142.537,3.44647,0.63184
451.544,217.158,3.66586,0.631243
121.603,-190.94,4.84974,0.631202
-129.848,262.203,3.32437,0.630622
-22.1399,214.624,5.83695,0.630354
176.447,-87.5406,2.85916,0.630279
217.929,-226.734,4.28841,0.630023
-461.809,-466.27,6.49373,0.629686
54.8698,2.11836,4.47969,0.629616
-165.159,346.028,4.27433,0.629152
336.98,-415.692,5.15403,0.628971
-246.719,-243.711,3.21869,0.628674
466.517,-356.554,5.31771,0.628637
-280.483,-400.465,5.63711,0.628617
430.957,-139.808,3.39223,0.628453
226.353,-65.8471,3.42613,0.628314
-226.641,119.712,3.61732,0.628262
-380.265,342.285,3.10677,0.628136
326.407,-132.917,3.35695,0.627693
-472.248,202.752,2.89217,0.626912
-328.572,167.336,3.60563,0.626873
41.5239,173.688,6.69226,0.626794
304.559,159.75,3.61855,0.62632
-432.872,-430.347,3.22306,0.626251
-339.837,-417.659,2.95409,0.626035
-277.042,257.466,5.13621,0.625979
261.936,-410.804,2.82556,0.625808
95.1593,322.728,3.36304,0.625639
81.7078,-330.882,4.92825,0.624861
115.327,-464.345,4.90028,0.624778
332.542,-275.817,4.91691,0.624759
-268.876,-446.043,9.38715,0.624423
76.9,416.491,7.43567,0.623489
167.185,-394.206,4.57929,0.622751
212.589,353.608,5.13114,0.621405
-399.103,311.388,4.98376,0.62134
-185.754,253.986,3.97499,0.621282
-339.022,-399.812,4.20276,0.62081
-358,-10.7903,3.50584,0.620614
88.3378,56.2302,3.23702,0.62053
185.854,474.25,3.44995,0.620505
355.827,-210.13,3.11121,0.620471
-400.525,441.621,3.88825,0.620195
-382.637,-365.225,3.43153,0.619901
-371.104,64.158,3.81638,0.619762
251.656,-12.4005,2.86873,0.619758
-382.464,-149.775,6.40497,0.61968
1.77581,336.066,3.38404,0.619252
405.006,-264.235,3.44774,0.619069
247.798,222.668,4.80714,0.619016
86.091,-440.26,8.29411,0.618651
142.274,-141.325,4.14359,0.618219
335.431,-341.66,4.64302,0.617862
-239.696,-64.6124,4.81533,0.617714
26.4701,44.8543,3.06981,0.616925
-281.314,291.712,4.76531,0.615723
-459.506,-162.021,2.83693,0.61554
3.27086,408.08,4.33849,0.614931
-89.5962,-319.656,5.5023,0.614634
-19.9417,-364.085,4.60132,0.614376
57.7905,118.332,3.80261,0.614188
104.018,-250.294,2.84641,0.613799
-473.246,424.502,4.80118,0.613546
-309.792,-379.027,3.79509,0.612489
61.9055,-285.203,4.86905,0.612432
-170.642,-77.4078,2.97336,0.612025
279.707,77.5318,2.85209,0.611621
-349.595,-322.543,2.90489,0.611389
221.372,-434.561,4.65088,0.610993
-324.337,427.363,3.03158,0.610936
-369.697,-366.327,3.14243,0.610221
-91.6033,-90.8178,3.83369,0.609491
290.405,244.933,3.7149,0.609207
-63.7586,-363.68,4.07038,0.608928
144.104,-74.1764,5.77291,0.607924
-303.258,-30.8588,4.30569,0.607788
-107.384,-16.3421,4.0935,0.606523
470.308,359.365,3.08621,0.606457
-391.251,-215.244,3.00277,0.605992
-264.494,317.02,4.40585,0.605718
-20.6689,-84.6919,5.45281,0.605047
-146.866,48.5608,6.39615,0.603779
-419.09,116.833,4.68133,0.603723
-240.892,-207.069,2.87219,0.603466
-9.1105,-72.2133,4.81354,0.603294
-241.894,430.104,9.36381,0.603244
243.915,-15.929,2.83218,0.603058
-45.1846,176.687,3.3824,0.602898
-179.64,129.23,2.88139,0.60288
239.362,305.335,2.94683,0.601941
440.568,-387.626,3.36881,0.601805
268.473,180.264,5.77167,0.601718
293.972,-301.056,5.90252,0.601083
362.145,216.695,2.86121,0.600553
-271.963,450.746,9.30571,0.600164
-34.6935,-51.3434,3.63458,0.599874
114.833,-156.935,3.72805,0.599777
-208.877,-107.728,3.22135,0.599254
-231.68,4.74798,4.96719,0.598973
-365.383,-49.0587,4.94744,0.598835
77.1812,-331.314,4.5822,0.598409
159.266,-357.634,3.37281,0.598172
74.8706,-120.423,3.65216,0.597402
470.88,-181.913,4.99701,0.596565
97.0763,246.964,2.84792,0.596211
-125.797,-110.55,4.27426,0.596077
399.562,309.996,3.47547,0.595836
-200.156,-126.44,4.60252,0.595545
288.159,81.6194,4.5169,0.595127
283.738,160.634,3.23878,0.595019
-116.259,124.156,2.81481,0.594984
-92.2957,-176.136,3.56708,0.594371
-165.349,-239.751,2.85587,0.594224
29.075,424.761,3.42075,0.593975
375.145,139.169,3.60911,0.593941
-98.8221,410.992,2.9437,0.593425
-28.0038,139.187,3.43991,0.593199
394.491,-378.333,5.1119,0.593061
261.401,302.353,3.55784,0.593009
465.764,378.137,2.88949,0.592853
372.096,-286.453,3.24799,0.592686
402.891,162.253,4.30344,0.592378
-38.0132,-429.658,4.63166,0.591188
-157.962,-430.262,3.49099,0.590456
118.232,-216.018,4.43041,0.590384
120.499,421.536,4.57181,0.589921
42.9955,-373.638,4.13585,0.589565
-202.438,-161.634,2.9857,0.589122
-345.979,-97.3912,3.30774,0.588925
103.231,-29.1092,4.23278,0.588317
198.71,1.42931,3.6213,0.587736
-460.383,189.113,3.51491,0.586876
-160.44,-346.671,4.44619,0.58647
349.737,-241.792,2.99927,0.586129
378.078,472.509,3.38126,0.585664
431.376,-7.98658,2.83301,0.585396
376.911,21.711,3.34397,0.585267
205.594,-338.863,3.7399,0.584868
332.546,-197.891,3.74159,0.584748
-165.726,-307.17,3.99028,0.583803
286.304,217.005,3.71959,0.583671
-315.354,269.064,3.09875,0.583238
205.101,-404.022,3.60605,0.582878
32.0474,-144.448,3.77733,0.582561
339.046,-75.7898,4.40316,0.582431
-1.30042,169.879,9.36951,0.581851
-249.477,370.54,2.92363,0.58164
366.14,160.693,5.33705,0.581389
-368.811,-80.4645,3.39175,0.581256
64.3873,335.829,6.06017,0.581056
-31.5943,16.5598,3.01569,0.580881
32.6999,-26.8623,6.15924,0.58063
-193.261,288.474,2.86887,0.580548
117.381,-128.797,3.35421,0.580449
332.586,222.474,2.88879,0.580023
-145.252,-182.508,5.06166,0.57985
-39.7147,185.544,4.43643,0.579799
426.445,-183.374,3.42429,0.579509
-353.924,-403.75,3.34502,0.579403
408.809,-459.823,4.84434,0.579266
75.1557,-309.456,3.77738,0.578906
-190.131,-266.221,3.3615,0.578898
-398.867,247.883,4.90412,0.578611
-326.446,121.943,3.7002,0.578606
326.016,46.2984,3.10514,0.578447
452.962,370.237,3.91467,0.578302
163.606,-268.125,4.7213,0.577843
-3.43611,377.937,4.94505,0.577683
353.54,74.5952,3.90521,0.577182
-453.752,423.507,3.74475,0.576894
14.5525,324.716,3.99135,0.576807
39.8439,442.22,3.94575,0.576656
438.718,-392.045,2.87864,0.576542
291.104,-449.93,5.16112,0.576524
264.976,163.814,8.22436,0.576365
-416.884,-303.493,2.85712,0.576224
8.5155,237.55,3.40702,0.575618
-52.5228,-186.685,4.91136,0.574954
-451.988,-330.307,5.2578,0.574845
60.59,-327.554,2.81386,0.573945
-148.685,192.855,8.84833,0.573096
266.593,-383.682,3.0693,0.572835
458.879,-386.199,3.1667,0.572409
98.0676,-160.885,3.08577,0.572088
-346.353,-315.155,3.87565,0.571946
-236.242,-91.0225,4.77151,0.571803
-346.973,115.727,3.72165,0.57173
327.644,227.865,2.81529,0.571633
-217.611,195.991,4.34845,0.571441
-59.8692,201.985,3.21325,0.571092
1.44799,298.828,3.68444,0.57093
-124.858,-226.539,4.31705,0.57037
-29.7366,-190.229,3.94163,0.570329
254.51,-153.603,2.8329,0.569494
443.901,-140.731,4.96278,0.568996
-357.962,-125.015,4.24021,0.568868
250.723,88.6672,3.68623,0.568615
-48.8443,-410.534,3.21388,0.568318
362.862,-20.9991,3.61738,0.567027
448.594,302.519,3.96841,0.567023
100.056,-305.062,3.27963,0.566391
-371.029,-375.501,3.05914,0.566288
-54.192,-92.6375,3.68703,0.56609
-211.661,79.5285,4.33654,0.565984
401.488,475.577,3.33765,0.565625
356.241,-375.455,5.24947,0.565566
1.3313,274.382,2.99349,0.565247
272.111,-139.514,4.61379,0.565217
-260.505,-87.48,3.17592,0.565036
-245.706,-173.253,4.00227,0.564874
-7.39447,-63.1067,3.56003,0.564735
-41.6926,-135.674,4.87651,0.563807
-361.529,-108.959,6.4295,0.562825
120.194,-109.714,2.94468,0.562466
86.6097,205.974,3.52626,0.558987
442.31,399.82,2.93619,0.558899
257.035,44.6636,2.97027,0.558551
307.775,-325.467,5.4658,0.558467
-36.6318,210.77,2.92195,0.558078
331.457,219.821,4.04575,0.557768
239.949,88.2075,4.36637,0.556831
114.661,276.438,3.74149,0.556297
190.11,396.484,2.9238,0.555895
100.8,34.7867,3.45538,0.555473
0.638141,-342.544,2.98538,0.554583
468.154,324.745,4.20195,0.554002
-6.95489,169.291,3.31705,0.553811
367.278,408.547,4.47578,0.553703
-405.992,175.55,2.95942,0.553224
140.031,-20.2113,3.13622,0.55285
391.025,-139.903,3.47553,0.552758
390.678,-357.371,3.44083,0.552551
285.662,-303.907,2.8164,0.552541
-30.5932,-145.153,4.24408,0.551739
-160.844,-84.5228,3.58284,0.551568
-300.78,460.081,4.09573,0.55134
113.519,427.733,2.85475,0.550997
-444.095,-218.765,3.1094,0.550574
233.028,293.814,3.21862,0.550105
-392.07,59.16,3.69302,0.550008
-466.816,-398.28,3.70092,0.549789
-219.71,-417.526,5.34397,0.549186
-419.585,259.038,3.19355,0.548785
-66.9028,-339.101,2.85872,0.547833
223.558,-282.41,3.51157,0.547162
397.977,77.6653,3.16755,0.547107
246.02,-40.3217,4.15898,0.547037
186.596,-153.652,3.44019,0.546894
-352.013,168.164,4.82023,0.546357
-185.375,-268.508,6.33551,0.546337
-230.22,-184.787,4.40209,0.545962
144.836,-75.6438,4.34479,0.545438
120.177,-224.072,4.22598,0.544355
120.204,135.617,3.09915,0.544288
381.848,-87.6059,2.90441,0.543664
351.107,-4.94464,5.01612,0.543601
-179.099,59.8783,3.71114,0.542788
94.6286,-340.527,4.23892,0.542508
-90.1399,132.904,3.03123,0.542391
454.73,-438.274,2.82954,0.542342
-465.328,125.277,5.23188,0.541908
-203.425,-443.337,2.96766,0.541084
-412.828,-141.802,3.80128,0.540996
67.9799,397.8,4.37503,0.540163
-347.403,52.5315,3.28088,0.539444
369.714,210.398,2.9395,0.539412
331.901,176.071,3.15068,0.53929
175.443,134.237,4.03793,0.538766
-471.334,-225.217,5.27211,0.538744
240.446,-220.49,4.62637,0.538643
-131.902,141.415,5.55477,0.538485
341.304,261.406,3.40458,0.538062
260.037,-92.5112,3.10134,0.537518
40.5316,-227.531,7.15964,0.537295
337.309,-158.811,3.28138,0.53701
-130.428,388.173,3.17081,0.536504
183.428,111.56,3.87955,0.536271
-357.255,-42.4176,2.84348,0.536208
358.021,346.654,4.50529,0.536135
-383.605,-343.79,7.11679,0.536132
65.1812,451.134,3.04903,0.535402
-309.137,422.011,3.70649,0.535159
-367.193,-231.56,6.65799,0.534748
-42.191,-8.26509,4.76241,0.534712
-183.853,-202.796,4.99714,0.534673
-443.329,-204.594,3.48356,0.534456
-230.42,297.682,5.59214,0.534147
-263.682,128.498,2.95555,0.534017
-396.429,167.225,4.01226,0.533671
290.581,97.1128,6.0015,0.533498
-57.1613,-75.7741,4.64279,0.533439
95.3477,-248.526,3.85048,0.533173
-69.0773,-473.059,3.43752,0.532897
-63.4222,40.0626,2.82893,0.532828
-440.064,333.169,4.03525,0.532642
375.296,195.182,3.91154,0.532167
221.182,-126.054,3.42435,0.532019
437.147,355.665,4.15772,0.531159
-241.994,-362.092,3.10553,0.531061
-89.502,448.075,7.22487,0.530804
194.018,310.322,4.72412,0.530174
32.3591,468.858,3.1322,0.530049
191.639,31.3512,8.24892,0.529824
-12.2413,63.8018,3.44857,0.529124
117.206,136.137,2.90974,0.529061
247.72,3.60991,4.52636,0.528646
-361.112,94.7606,4.18,0.527149
56.5909,-142.43,3.62311,0.526979
65.7888,-351.784,4.0645,0.526304
-363.692,-401.821,5.99603,0.52628
-440.533,-410.124,3.13247,0.526207
232.617,220.849,3.84556,0.525893
-309.981,-295.684,5.33697,0.525506
-203.997,265.452,3.83081,0.525325
-434.604,303.658,5.48563,0.524865
38.8863,127.692,3.30738,0.524745
-344.762,138.39,5.17755,0.523762
393.335,331.242,3.63514,0.523258
-363.243,-222.401,4.56072,0.523146
-471.955,-297.211,4.59919,0.522897
52.3377,455.082,2.9723,0.5227
472.831,-420.515,5.59531,0.522637
-100.836,328.151,4.73058,0.522253
-235.703,403.963,3.24316,0.522215
-54.7228,122.124,7.10365,0.52205
377.816,463.804,3.00378,0.521856
-154.044,167.294,4.10242,0.52185
-277.643,-387.165,3.41477,0.520976
-346.667,383.374,4.04413,0.520849
-50.9936,420.344,3.88485,0.520738
-278.967,84.2382,4.91334,0.520453
-247.542,366.147,3.22636,0.520434
-171.571,-94.2776,4.51466,0.518876
-337.174,55.6703,5.28583,0.518375
277.003,-70.5196,3.69178,0.517017
-206.687,140.897,3.64743,0.516706
-272.7,60.3117,3.15512,0.516555
-252.607,353.604,7.75462,0.516242
-322.631,-96.6026,4.59724,0.516107
294.829,-259.246,3.23558,0.51554
-201.406,-272.268,3.31354,0.515203
154.835,78.7964,4.99933,0.514424
-110.636,205.514,3.24161,0.514382
-440.498,-79.0178,3.63168,0.514127
443.645,156.232,5.47843,0.513824
-380.301,-180.009,3.10105,0.513517
75.1461,335.319,3.92411,0.513397
423.712,435.369,3.04765,0.513341
-366.709,-113.516,2.96216,0.513171
294.087,-119.403,3.43778,0.513074
153.517,426.074,4.48703,0.512896
404.96,69.1547,3.58883,0.512816
-328.603,-332.182,5.3109,0.51273
257.648,260.662,3.11268,0.512229
448.66,299.05,4.90976,0.511692
371.656,156.859,4.31312,0.511571
-457.225,-240.871,4.20448,0.510857
-197.873,8.54824,4.95408,0.509742
-210.558,276.301,5.8092,0.509687
131.921,464.936,3.7255,0.509628
-256.034,159.561,3.62504,0.509219
-382.803,-219.055,3.46871,0.509117
-288.596,411.44,5.49069,0.508798
349.479,173.883,3.32422,0.508422
50.7361,-325.884,2.89783,0.508419
-386.511,202.244,5.16829,0.508255
-254.741,251.341,2.82382,0.50824
1.9875,227.453,5.17582,0.508173
234.548,336.439,5.04668,0.508041
-42.2086,295.39,2.92561,0.507842
450.586,-415.671,2.94414,0.507679
49.8068,332.976,4.40053,0.506949
41.856,323.886,3.25656,0.506899
279.559,2.75036,4.33161,0.506729
-398.193,374.713,5.20761,0.505764
400.256,352.595,3.84965,0.505675
-49.1019,146.872,2.93432,0.505135
-414.076,-420.092,3.55332,0.504878
349.946,243.994,3.77283,0.504371
25.758,278.515,3.08169,0.503702
-440.195,-180.278,5.00047,0.50354
-319.12,-422.676,3.04399,0.503519
50.5237,-375.947,5.51065,0.503376
403.062,-170.333,5.17191,0.502943
-10.0084,233.852,4.29141,0.502693
269.325,278.782,3.97747,0.502355
-367.486,-203.271,6.84424,0.502298
-420.014,-246.627,3.3226,0.502187
84.8294,-243.109,4.20232,0.501901
133.634,51.0799,2.89234,0.501783
-67.8495,199.739,2.96205,0.50099
-412.025,-219.488,2.82982,0.500686
-454.695,-218.191,5.23915,0.500245
261.283,-248.077,2.88449,0.49976
-187.804,-136.33,3.6992,0.499382
-257.143,-469.41,3.16237,0.499325
273.432,-21.9692,2.834,0.498298
-179.15,-361.972,4.06901,0.498166
-152.374,244.359,3.03781,0.497901
386.397,-380.623,2.86952,0.49789
-353.064,-472.533,3.82931,0.497837
42.2649,-439.19,6.76131,0.497439
-413.489,-246.741,3.56658,0.49693
-116.351,-72.0649,2.98782,0.49614
-67.5968,-58.3707,3.17437,0.495829
275.931,-315.731,4.25453,0.495353
425.71,-415.911,2.91133,0.494853
290.581,8.64347,5.62674,0.494729
-366.643,55.0465,3.89377,0.493794
466.933,-43.6752,3.04266,0.493576
-175.486,-128.366,5.0664,0.493427
3.09856,-473.456,3.12152,0.492934
-378.294,-60.2494,5.25109,0.492933
473.369,-470.995,4.03952,0.492783
-302.926,-448.942,4.4065,0.492736
-330.359,-35.5588,3.84225,0.492657
-79.4888,-397.715,3.16728,0.492111
-131.6,33.2288,2.86705,0.491887
78.1962,-164.562,4.0827,0.49185
263.875,84.1619,3.88652,0.491656
-318.835,-35.3862,2.90515,0.491102
235.567,369.889,4.95922,0.491098
-11.7874,-240.633,3.29802,0.49051
-28.6566,115.256,3.58818,0.490123
412.743,-345.857,2.96468,0.489467
312.134,36.7886,3.36115,0.489227
69.3683,-262.626,3.13159,0.488407
-35.577,100.301,3.87929,0.488334
-183.137,-256.814,3.64389,0.48754
56.6786,-110.738,9.8254,0.487349
147.918,-459.16,3.36568,0.487289
231.605,-152.377,3.05637,0.48717
255.795,-368.371,2.81968,0.486876
312.732,180.804,4.35158,0.486598
283.992,-157.059,7.31854,0.48635
53.1773,-66.1417,2.89354,0.486062
221.007,415.04,3.01855,0.485925
252.763,-192.786,3.36266,0.485669
-118.091,-440.411,8.47812,0.484663
111.245,-387.907,2.87197,0.484547
-2.79298,-58.6406,5.98435,0.484169
-159.294,218.726,3.26716,0.484094
188.162,-179.857,2.8319,0.482948
-229.237,142.382,3.03593,0.482925
49.7656,-21.3153,3.80594,0.482863
277.445,-28.5747,5.26326,0.482856
464.876,-421.292,4.25048,0.482655
-447.617,175.639,5.10842,0.482609
109.392,-434.7,2.95167,0.48138
-462.175,-52.0992,3.15322,0.480997
-469.831,197.619,2.99969,0.480838
324.868,-466.205,4.56034,0.480336
352.934,-11.2169,3.19038,0.480167
-398.263,404.284,2.88947,0.479556
431.317,332.005,2.90548,0.479549
-226.563,-176.041,3.24483,0.478011
357.697,-363.943,2.98934,0.47742
-43.1968,-459.857,3.36816,0.477406
-451.004,113.522,6.05169,0.477345
390.86,-235.385,5.91893,0.477179
-81.9801,344.855,4.96959,0.476072
303.154,430.606,2.82301,0.474976
286.753,149.304,5.29857,0.473621
177.608,-447.173,4.60822,0.473185
-214.855,236.38,6.13171,0.472391
190.848,-172.43,3.60645,0.472108
136.902,-268.587,2.81839,0.471712
52.5702,-237.005,2.96572,0.471104
-240.212,246.585,3.19938,0.471052
92.5394,-93.864,5.43296,0.469947
463.843,-137.634,3.88022,0.468362
70.7169,75.4508,8.06476,0.468275
190.056,94.0125,3.63831,0.46815
190.917,-189.748,4.64898,0.466873
-125.905,-445.286,5.19678,0.466647
-60.1189,-186.03,9.66084,0.466075
141.461,200.205,3.55679,0.466061
188.086,-138.088,9.2543,0.466007
67.5117,78.5992,3.25297,0.465741
320.575,-35.9924,3.7623,0.465397
-259.438,45.9417,5.74793,0.464818
-322.011,-189.593,3.25332,0.464687
-198.104,-233.312,5.37984,0.463204
452.6,297.154,2.86242,0.462582
278.08,174.895,2.9945,0.462121
-377.194,308.85,3.0195,0.461183
6.23206,-135.128,4.20675,0.461063
78.0678,86.1481,3.99377,0.460724
-68.1446,193.215,3.84219,0.460699
207.855,-168.155,3.32768,0.460107
201.043,-95.19,3.46625,0.459793
248.066,-136.349,3.18626,0.459649
-450.658,-455.269,3.46349,0.459147
-87.4232,17.718,8.2786,0.459124
-119.294,-458.793,6.30517,0.458581
-72.2877,-269.048,4.1918,0.45848
54.6284,392.964,4.68434,0.458227
413.18,-393.493,4.55735,0.45781
434.962,-377.095,3.27318,0.457576
-86.0764,69.04,3.26292,0.456931
-69.7773,-434.186,3.82795,0.456741
213.838,-300.549,2.85675,0.456156
-153.46,420.512,4.55402,0.455873
402.038,179.735,5.60043,0.455508
-311.939,-106.719,3.73653,0.455221
-15.1381,396.729,2.88083,0.454884
30.002,413.74,2.85889,0.454863
-250.785,-110.101,3.97112,0.453108
-317.695,-391.54,4.85208,0.453095
284.243,452.186,2.88696,0.452915
244.177,-145.01,4.15019,0.452351
-387.884,172.993,3.89358,0.451992
427.232,-145.169,4.65125,0.449554
376.24,2.61765,2.82247,0.449253
-129.507,66.4748,4.5203,0.449
353.034,-71.0691,2.95124,0.44899
-160.948,-112.065,5.69467,0.448698
211.016,147.019,3.61033,0.447835
410.514,-63.7448,3.97912,0.447703
229.342,-126.456,3.29587,0.447031
265.3,-294.51,3.70964,0.447001
-269.638,156.785,3.16001,0.446906
223.36,-5.53789,4.06904,0.446738
326.055,-162.722,3.84146,0.446719
160.11,229.002,3.30016,0.445978
149.213,-31.9665,3.46508,0.444585
-231.109,74.41,2.85468,0.443883
-330.777,255.34,3.06159,0.443361
-121.091,-358.673,3.54186,0.443102
440.247,-161.085,3.05534,0.442742
-267.867,-218.233,5.02346,0.442286
-370.319,-426.449,3.33767,0.442169
-246.981,-16.3473,4.3038,0.441777
111.799,59.0017,3.22275,0.440619
405.305,-265.608,5.19882,0.440158
-422.569,-15.6588,3.04856,0.438988
271.059,-124.183,5.10152,0.438282
-394.414,113.27,3.68882,0.438273
313.595,310.043,3.04244,0.437721
261.344,-206.506,3.60626,0.437631
-130.845,350.023,3.06728,0.437581
-125.972,-137.441,2.94436,0.437572
-425.231,313.794,3.40098,0.437237
219.289,-393.841,3.57339,0.436775
-170.778,-217.947,3.58592,0.436681
16.5554,285.754,3.47766,0.435054
339.906,211.516,3.96562,0.434775
-24.2862,138.064,3.21712,0.43435
-144.335,-308.272,3.31353,0.433983
302.017,-140.595,5.38349,0.43312
63.4225,49.2116,4.69125,0.432579
-294.431,172.25,3.14732,0.432532
16.5328,-20.7051,3.03843,0.432118
349.377,-419.876,3.53945,0.431754
313.669,-24.1307,3.1648,0.4316
165.708,3.75295,3.35549,0.431363
419.031,-427.552,3.19906,0.431001
267.33,-222.325,4.80758,0.430495
302.905,109.823,5.37364,0.428971
-210.663,-91.9138,5.50171,0.428664
193.269,348.822,2.86894,0.428498
122.603,-220.612,3.82874,0.428234
205.126,114.337,3.79021,0.427272
-165.832,-106.646,4.17956,0.426842
-64.4426,-290.079,4.81415,0.426768
398.641,294.494,3.88797,0.426246
210.894,-185.266,3.01605,0.425508
-269.396,195.85,4.38545,0.425149
-369.729,-56.7215,3.11961,0.423876
-159.866,-297.843,3.30829,0.423864
231.864,-184.674,5.06581,0.423576
232.652,93.8607,5.00901,0.423321
242.22,-26.3877,3.8475,0.422948
-167.194,400.406,3.2825,0.422937
41.8766,428.632,2.82019,0.42286
392.987,-133.874,4.50593,0.422839
464.78,176.771,2.87277,0.422146
-166.813,388.166,2.89664,0.422105
-184.348,276.866,3.98041,0.422008
-211.679,13.334,3.82508,0.421774
92.6067,378.136,4.95763,0.421686
-337.414,422.172,3.69635,0.421177
-9.69566,-243.108,3.98574,0.421106
220.274,-226.814,2.94376,0.420898
-199.654,32.225,4.41645,0.420783
251.252,274.353,3.72774,0.420283
81.9074,273.922,3.46839,0.420063
-134.75,289.196,3.12822,0.41991
13.1623,265.827,4.29937,0.418729
373.361,-280.873,4.20735,0.41798
131.507,-376.612,2.92019,0.416859
-338.028,-220.114,4.02032,0.416601
294.226,-79.9066,3.16744,0.416332
286.75,-244.647,3.26881,0.416114
15.8851,-349.137,4.21271,0.415945
-306.191,69.3611,2.83155,0.415864
-147.601,259.408,3.1114,0.415537
-140.484,48.7539,3.89047,0.415274
-25.0689,-8.13438,2.98882,0.41524
468.185,-392.121,3.06484,0.414978
350.752,-327.591,4.02553,0.41492
-145.595,257.632,9.20941,0.414457
-459.241,55.3416,4.23042,0.413529
229.704,91.0949,3.09337,0.413129
61.7252,392.162,3.50937,0.412616
132.03,245.765,2.91872,0.412097
138.955,-188.018,3.51914,0.411939
-463.677,-326.472,4.57871,0.411322
-439.503,289.685,3.24046,0.410929
-176.698,333.945,4.87634,0.410921
-5.36141,238.773,9.39907,0.409794
280.793,-2.26225,3.36285,0.409775
-449.711,-95.5891,4.36246,0.409462
-48.9447,434.1,3.74872,0.408872
5.76555,430.125,4.84133,0.408608
-200.98,376.625,7.34249,0.40858
-127.435,300.378,3.25474,0.40783
352.96,28.2523,3.09111,0.407629
52.8018,-38.6193,3.09144,0.407541
1.61397,-248.732,3.37418,0.40742
-391.013,-334.792,5.14225,0.406947
67.9695,464.5,3.80941,0.406441
368.864,53.9643,5.10389,0.405847
234.083,41.3996,3.18999,0.405641
231.523,-211.623,3.32896,0.405058
-413.23,-442.37,3.54083,0.405052
-465.302,-445.698,4.43087,0.404886
11.5883,-268.296,2.93464,0.404535
-278.508,-375.423,3.13171,0.404507
429.328,325.024,2.89648,0.404209
-353.559,-25.8173,2.87589,0.403156
222.264,-323.963,9.72838,0.403022
-158.6,102.174,4.1785,0.402828
-89.5647,-207.715,4.19482,0.40272
-19.0446,-338.705,5.44758,0.40238
-266.923,-159.405,3.29771,0.401283
-122.085,-77.6533,4.95713,0.400596
377.507,-450.451,5.46607,0.399898
-125.496,117.698,3.89532,0.398229
-376.373,-398.118,4.73958,0.396908
44.0181,468.854,2.8138,0.395832
29.0109,269.779,4.02197,0.3942
-429.075,-326.605,4.09114,0.394108
131.697,103.333,2.86006,0.393885
378.071,350.049,5.57555,0.393498
14.4002,468.155,4.36224,0.393408
-346.198,239.976,3.32042,0.393327
-258.877,-160.214,5.8438,0.393151
-119.62,418.278,3.52089,0.392967
-451.732,-115.756,3.45901,0.392883
218.059,-74.0922,3.61165,0.391471
-299.264,442.77,4.30092,0.391226
-341.95,-138.246,4.30111,0.391216
405.713,-343.162,3.37959,0.390265
351.276,229.077,3.46503,0.390191
391.57,-451.373,8.87006,0.389466
-37.2807,-192.101,3.78866,0.388698
68.7608,-462.422,4.06132,0.388582
440.524,401.361,2.94232,0.388493
136.849,445.34,3.37529,0.388122
164.469,-122.656,3.25664,0.387667
-270.978,16.8844,4.53507,0.387114
307.324,289.752,4.41486,0.386798
-173.482,91.7169,6.80822,0.386761
-338.569,91.7775,8.2933,0.38624
-14.5975,-417.322,9.33554,0.386212
-80.7824,-218.747,3.04418,0.385926
311.037,250.722,3.77773,0.385629
146.306,-391.256,3.59258,0.385601
-348.621,-88.1746,2.9289,0.385108
-57.7377,-443.808,3.93911,0.384816
413.294,-29.9589,6.48404,0.384567
247.719,-172.496,9.60075,0.383367
-420.212,325.741,3.18284,0.382724
448.667,292.534,3.54012,0.382619
-225.017,-366.913,4.71766,0.382242
224.051,32.5454,3.50463,0.38208
11.058,241.637,4.21606,0.381199
-221.326,329.804,3.15208,0.380452
410.766,-365.482,4.00722,0.380056
-165.544,401.736,3.66809,0.379802
357.156,16.0772,3.50293,0.379587
285.349,-52.3797,3.83933,0.378919
455.539,-322.071,5.79337,0.378239
181.557,417.866,5.85986,0.378103
-56.6875,181.976,5.0574,0.377284
124.921,-86.4077,7.48657,0.376977
-155.976,-393.517,2.92699,0.376564
-217.757,30.5286,4.16065,0.376112
302.458,142.34,5.17468,0.375846
41.4828,454.336,3.45028,0.375594
197.766,81.9494,2.97557,0.375294
110.728,414.488,5.61083,0.37513
-189.923,56.3591,4.01078,0.374956
-26.2476,-382.032,3.38163,0.374907
425.052,35.5241,3.19152,0.373739
-436.228,-355.687,4.73591,0.373287
-105.511,-277.806,5.25712,0.373111
321.429,-163.364,3.4582,0.372507
386.191,301.9,2.96341,0.372482
-9.64708,-31.7052,3.5421,0.370822
-243.427,34.2212,3.57999,0.370548
148.447,-154.954,9.76783,0.370142
-91.2911,316.146,4.66388,0.369955
-417.212,-66.5031,2.98625,0.368947
354.009,-428.161,3.00888,0.368755
-0.972803,-201.01,4.82462,0.367795
363.215,-293.24,4.60931,0.366965
-237.7,21.42,3.15325,0.366892
-165.075,400.157,3.42366,0.365794
450.971,167.225,6.39648,0.36519
245.686,314.326,3.1206,0.36502
181.875,-381.748,3.35341,0.364962
-39.7675,-41.015,3.95573,0.36475
-243.563,-258.197,4.53515,0.363699
120.116,-432.484,3.02545,0.36233
-103.615,76.2777,3.69903,0.3622
188.733,-257.138,3.23043,0.361479
-118.007,-178.724,2.98453,0.361311
81.2926,13.1426,5.42329,0.360704
315.127,-232.556,3.06424,0.360632
-427.898,34.4252,3.65253,0.360596
196.941,-313.361,4.05851,0.360018
-104.751,-389.829,3.1717,0.35994
-160.895,166.511,3.32541,0.359914
-353.679,22.8656,3.15222,0.358313
59.2524,427.869,2.90815,0.358241
-394.88,-13.6426,3.91874,0.357873
-84.8407,-449.019,3.2137,0.357825
426.021,367.368,3.27945,0.357119
213.394,238.795,3.71647,0.357008
-240.624,-10.2256,3.99041,0.356843
-443.07,253.646,5.14636,0.356561
247.173,123.148,3.34842,0.356377
380.283,157.931,4.16748,0.355735
-86.1837,-327.217,3.78369,0.355292
-97.5848,-242.065,3.0113,0.355013
-210.798,318.238,3.73423,0.354951
140.544,209.937,3.17142,0.354877
-47.8607,-221.105,4.44955,0.354777
141.543,-204.871,4.14163,0.354241
274.964,-142.49,3.16462,0.353463
-75.8218,-111.258,4.01405,0.353316
-121.071,251.454,4.99929,0.352881
-26.6924,294.075,3.00314,0.351959
-197.754,-144.153,3.42155,0.3517
-25.5422,175.66,5.50592,0.3514
230.683,368.215,3.18663,0.351212
-331.644,-88.8529,4.33097,0.349782
-161.923,-176.9,3.4071,0.349741
-383.943,387.259,4.19709,0.349424
-159.637,57.2599,3.79941,0.348728
234.684,196.094,4.00714,0.348654
-461.151,134.857,3.15887,0.348495
-178.199,-467.842,3.39471,0.348279
-298.955,-256.577,3.08535,0.348213
103.001,349.739,5.08172,0.347986
160.595,-61.2002,3.19788,0.347741
-323.94,145.523,5.27854,0.347008
185.572,-190.18,3.12538,0.346844
-68.4691,422.15,3.76293,0.34659
-110.883,414.268,5.13004,0.346326
195.376,425.7,3.38275,0.346306
58.2853,-36.5929,5.60322,0.346297
-371.476,90.1161,3.19716,0.346193
364.129,-161.812,5.43099,0.346057
-245.044,-133.095,3.4145,0.34599
-425.051,29.0697,3.52652,0.345976
-89.0398,292.532,4.29275,0.345818
-81.2137,229.789,2.89152,0.344971
57.8894,465.844,3.50637,0.344895
-332.188,-39.6671,3.57528,0.344398
-386.281,176.558,4.16033,0.344292
242.272,292.395,5.86074,0.344164
-129.904,-291.82,3.44042,0.344137
-367.294,317.793,3.43502,0.344135
-310.677,-467.714,3.72086,0.343807
-361.375,-21.7211,2.99847,0.343797
-193.25,-93.2915,3.60366,0.343579
-27.9348,-339.549,4.50208,0.343407
-43.4836,278.831,3.15945,0.342336
406.621,318.835,8.18531,0.342016
436.254,-322.417,2.99053,0.341703
-89.9401,-250.242,4.44559,0.341482
-333.511,90.6682,4.55382,0.340832
116.265,122.463,4.57281,0.339986
77.0191,-19.3602,2.81624,0.339793
67.1341,38.2609,3.91811,0.339585
-448.404,140.813,3.34369,0.338263
-61.1044,-285.931,4.29947,0.338253
371.576,299.578,3.66054,0.337584
-189.426,-419.099,3.73083,0.337584
133.791,-107.384,3.62686,0.337452
372.92,-97.9984,4.8447,0.336996
-51.6293,327.189,3.59839,0.336763
327.389,194.914,8.5454,0.33675
152.156,-48.7458,6.77057,0.336268
63.9826,-356.394,3.7098,0.335565
32.1113,-76.2548,3.04635,0.33511
276.652,95.8649,2.82021,0.334422
129.973,419.84,6.11379,0.334216
-154.688,192.695,4.92267,0.333488
51.2664,437.134,3.1133,0.333014
-7.84981,82.237,3.21295,0.332903
-271.111,-188.87,3.31425,0.332315
-270.659,113.025,3.33844,0.331869
-430.422,438.865,5.86077,0.331723
-446.771,-179.749,5.44413,0.331389
334.794,-432.973,3.53704,0.331271
-227.994,393.857,3.35208,0.331258
-399.304,-220.283,2.87879,0.331064
156.547,106.494,7.11068,0.331056
240.348,250.94,3.11209,0.330424
-363.529,433.124,5.15651,0.330351
-111.728,-111.697,3.00858,0.329794
422.315,-17.2602,3.09438,0.329624
0.128998,382.378,8.64986,0.32774
383.93,-167.585,3.46631,0.327688
-135.438,-188.547,3.12181,0.327488
-389.605,274.956,3.2149,0.326114
40.7127,-369.142,4.13611,0.325949
188.01,208.474,4.10484,0.325679
474.779,350.633,3.3997,0.325425
0.173379,452.82,2.9246,0.324798
-132.55,81.2335,2.9304,0.324755
-242.692,-308.042,3.20343,0.324609
184.433,-84.1823,4.39177,0.324488
62.9544,-471.43,4.51945,0.323461
416.066,-392.655,3.03912,0.322887
202.929,-118.71,2.83561,0.322624
-35.3042,-248.822,3.33464,0.322391
-341.698,118.761,5.24823,0.321544
-245.363,284.159,3.36289,0.320989
52.1385,268.112,3.19082,0.320458
-375.077,-36.3632,2.90986,0.320187
-445.975,232.994,2.99693,0.319078
-8.5401,-8.55988,4.07787,0.318562
201.934,-142.207,2.96783,0.318358
-343.641,-311.218,5.14822,0.317623
-4.72214,-139.848,5.11018,0.31727
348.58,173.104,2.89243,0.31716
245.134,-277.376,2.97865,0.316879
326.855,273.853,4.86388,0.316797
-47.3495,-111.643,3.10372,0.31666
-148.414,342.531,7.08801,0.316651
61.5071,-428.653,4.28239,0.316584
95.4743,302.584,3.2456,0.315966
108.325,422.839,2.9429,0.315345
-21.009,-27.5036,2.83446,0.31459
-67.4915,-372.659,3.87173,0.314477
-450.017,-79.7654,5.60406,0.31412
-49.7077,-248.414,3.94321,0.31362
-124.006,324.48,4.21831,0.313382
-117.097,392.086,2.81727,0.311414
58.7257,-236.526,3.75938,0.311214
-423.773,393.265,5.32211,0.311152
-309.161,-408.006,3.19792,0.310414
-79.6798,284.164,4.26657,0.3087
379.66,248.437,5.45524,0.30848
-149.792,148.709,4.66416,0.308277
-115.36,-290.538,2.82858,0.307994
345.46,220.862,4.25317,0.307513
-212.92,-214.861,5.01014,0.306366
102.264,-145.22,3.75147,0.306247
-245.973,-294.969,3.7285,0.305968
-99.2852,-132.612,2.84572,0.305459
299.98,-29.7809,3.99895,0.305012
35.3546,359.06,3.30529,0.304514
325.068,49.3463,3.95192,0.304249
-419.428,236.393,3.19667,0.303073
-353.85,-389.588,3.06874,0.302809
283.266,-31.7272,4.52483,0.302543
-174.509,167.745,4.78957,0.302159
-407.66,-211.958,6.47659,0.301918
37.5258,184.4,3.4106,0.301901
122.841,378.688,3.12797,0.301295
-476.208,66.5679,3.06359,0.301143
350.65,390.79,3.02019,0.300564
158.61,318.508,3.3752,0.300277
-302.802,385.495,3.20694,0.299977
-78.1359,-400.461,2.91057,0.299902
357.37,305.528,9.5505,0.299831
201.202,415.795,7.54774,0.299616
-24.2008,-396.236,4.05594,0.299268
-326.207,-150.267,3.07575,0.299131
381.316,454.244,4.649,0.299094
253.233,-19.0418,3.18936,0.299061
-161.015,-471.252,3.35235,0.299041
-357.533,314.343,4.62231,0.298886
-397.779,163.673,3.29559,0.298853
-141.406,45.6463,2.84673,0.298719
339.559,-205.549,4.89295,0.298716
-114.885,-233.192,4.14389,0.298575
474.26,426.587,3.62395,0.298362
66.6048,-388.396,3.0329,0.297746
-42.853,-171.127,4.56516,0.29711
-239.015,-397.784,4.03405,0.296253
341.373,-171.544,6.09312,0.296189
-453.788,-130.025,3.97947,0.296056
-335.73,-449.706,2.82063,0.295883
-147.484,-109.394,5.05204,0.295309
-114.07,361.028,3.45667,0.29522
338.253,-267.309,3.59415,0.29493
-283.891,406.132,3.44177,0.29426
-42.9965,194.557,3.20218,0.293713
-352.103,-175.68,4.47626,0.293441
-439.52,-445.208,3.30138,0.293427
-106.869,-366.963,4.5496,0.293155
182.903,454.485,5.14941,0.292887
-362.336,281.325,5.74391,0.292766
-385.111,-382.068,2.91001,0.292404
213.579,108.842,3.82867,0.29231
-345.629,-210.668,2.9675,0.292103
10.7925,-211.153,5.02314,0.291888
-331.136,242.159,2.91951,0.291882
-230.368,-310.859,8.90551,0.291249
-39.0113,313.637,4.71787,0.290858
-245.712,-160.306,3.81461,0.290194
257.75,66.6076,6.49139,0.290089
323.743,-105.845,5.26733,0.288779
3.44895,102.786,4.52455,0.288557
180.322,-362.673,4.02362,0.288384
111.753,90.2182,8.10594,0.288336
103.513,98.0536,4.66972,0.287629
-133.541,-2.3128,3.30987,0.287444
-102.512,64.5862,2.99099,0.286868
-203.21,345.201,3.23468,0.286458
349.826,116.314,4.71195,0.286152
-401.776,-88.5166,5.25248,0.286086
312.709,-399.361,4.03879,0.285358
-320.928,435.667,3.65808,0.284886
-354.483,-453.176,2.8967,0.284722
239.442,302.883,3.85866,0.283361
-434.003,-105.94,5.25177,0.282987
-259.704,190.429,3.38961,0.282958
123.405,-119.195,2.84442,0.28267
239.128,443.015,3.50482,0.282372
5.63153,294.395,8.18741,0.281828
453.284,129.764,3.98055,0.281644
161.346,-57.08,4.37183,0.281331
-265.872,70.2535,3.05002,0.280548
-465.744,-304.784,3.37661,0.280193
-309.201,190.016,4.4726,0.279591
161.488,309.529,5.51008,0.279256
-204.425,-134.154,3.34063,0.279187
-247.399,-131.234,4.47873,0.278085
157.687,433.99,9.50808,0.277969
-282.831,-8.79306,5.41714,0.275703
-145.924,283.762,6.11944,0.275645
238.653,-45.9226,3.63925,0.274718
123.744,-395.114,3.03824,0.274495
40.8966,-385.891,3.98999,0.274391
288.546,-314.282,4.50259,0.274209
224.927,-289.393,9.0889,0.273861
463.218,392.688,3.33228,0.273586
-79.5543,341.097,4.28299,0.273031
306.606,91.1219,3.88387,0.272499
228.745,-233.799,6.02049,0.27248
-227.868,100.544,3.00768,0.272068
382.053,265.593,3.12491,0.271976
431.94,345.036,3.09642,0.271951
374.341,342.764,6.49686,0.271163
-105.219,-315.654,3.33562,0.271116
-259.777,-331.635,3.1824,0.270878
-144.301,332.125,3.6706,0.270854
22.7072,-445.49,3.56758,0.269473
34.016,58.3561,5.25821,0.26853
-123.546,362.967,3.892,0.268525
400.091,-70.5275,3.53949,0.268419
-295.639,42.3336,4.10396,0.268191
-286.861,333.203,5.38493,0.267623
-84.7022,234.49,7.05814,0.267566
-395.002,253.646,3.65288,0.26756
353.504,-453.394,6.18934,0.267494
394.543,-269.203,4.42616,0.267255
-98.611,420.613,3.56762,0.267251
355.351,-31.9665,2.82508,0.267054
413.193,-220.216,4.38717,0.2666
-205.965,-316.267,3.78163,0.26645
267.775,-405.745,3.31044,0.266011
-435.532,311.565,3.36633,0.265154
433.351,-261.26,2.95469,0.264886
-225.892,421.297,4.5497,0.26468
-38.425,450.294,3.97248,0.264216
-115.469,158.345,3.09413,0.263849
-302.183,118.333,3.44177,0.263751
126.526,472.278,3.31448,0.263319
108.765,107.152,3.56819,0.263188
388.841,-206.4,8.74004,0.263078
242.317,293.772,5.65296,0.262545
129.608,-118.158,4.54128,0.262184
-203.871,-246.666,3.10781,0.261576
39.861,-88.0836,4.34911,0.261401
-156.681,-390.507,6.77924,0.260908
230.166,382.018,4.00756,0.260565
87.2383,-3.02538,3.41645,0.260293
-443.384,-194.654,3.91003,0.260269
205.121,62.702,4.49017,0.260194
-458.531,396.324,8.83958,0.260114
-412.107,133.95,2.8126,0.259384
213.301,136.171,4.5983,0.25927
-374.11,-258.961,4.56037,0.25869
216.365,128.021,5.02045,0.257763
-306.227,-204.384,3.93117,0.257725
-62.3479,305.215,3.16329,0.257587
401.306,-332.835,5.56951,0.257088
136.804,-70.8936,4.62956,0.256985
238.909,-248.36,5.08469,0.256857
292.16,-359.702,3.14908,0.256636
456.5,451.848,5.51926,0.256621
408.003,377.16,7.69861,0.256584
451.51,63.3474,3.58777,0.256512
178.973,436.607,2.9892,0.256233
11.9183,-42.7653,7.55677,0.255514
-29.2011,298.465,5.13847,0.255336
408.075,-284.89,3.38852,0.255051
-77.8548,463.696,3.08282,0.255017
47.9715,-407.917,3.18604,0.255005
-312.181,-355.624,4.1853,0.25406
325.197,-14.6414,2.84097,0.253522
65.1712,-389.873,3.22568,0.253518
-130.475,313.512,3.14833,0.252837
423.703,120.21,4.13121,0.252441
-423.526,-75.0702,3.16887,0.252104
336.604,173.391,9.50998,0.25045
-133.276,-60.2869,3.37208,0.249703
264.258,415.303,4.16774,0.249431
-218.015,-198.28,4.09841,0.249115
-31.4364,-423.95,4.3118,0.24836
92.6517,466.052,2.8897,0.247819
269.267,205.509,3.60973,0.24776
-319.254,371.661,4.15546,0.247189
278.745,317.06,4.57026,0.246971
29.6782,-451.759,3.95863,0.246318
-272.56,286.402,3.18173,0.246277
424.835,-307.604,5.1775,0.245572
118.887,382.38,3.55879,0.245439
77.5061,-22.7707,4.51925,0.245152
-262.139,-310.094,5.07605,0.245007
224.02,195.93,3.69714,0.244998
-203.289,-413.338,2.91617,0.244177
150.135,-457.381,4.52713,0.243656
-146.516,153.022,4.87305,0.242948
272.014,230.352,3.08779,0.242872
-123.565,-372.951,3.30847,0.242815
71.5856,74.5424,4.34589,0.242789
-300.049,-312.991,2.94727,0.241107
261.472,-195.809,4.30032,0.241069
-95.3466,394.17,3.11873,0.240316
-466.469,265.312,2.85921,0.240296
-361.825,-25.4903,3.74573,0.239402
-142.987,345.591,5.07591,0.238146
387.311,-117.718,7.14888,0.237988
454.938,-400.478,3.99361,0.23784
449.383,-16.2026,4.25091,0.237097
354.63,217.951,3.52526,0.236231
61.5061,-104.25,3.88718,0.236226
-30.8006,465.448,3.96879,0.236097
-135.999,370.031,4.7565,0.236051
305.537,54.127,6.72152,0.234779
-296.919,197.23,3.81677,0.232945
331.139,154.663,3.21384,0.231986
-273.904,-461.356,3.09949,0.231826
-363.069,-24.5048,4.15294,0.231735
-384.638,472.689,3.55843,0.231662
342.232,118.757,5.29443,0.230332
-345.617,-91.1637,2.94677,0.230267
195.302,468.142,3.1859,0.22992
390.953,-258.573,4.60547,0.228215
203.554,-464.373,2.83313,0.228193
-142.541,151.165,2.89565,0.227822
415.018,121.473,3.48821,0.227781
343.4,-284.205,3.1448,0.227656
314.887,139.661,5.84971,0.227308
39.3432,-364.16,3.16799,0.227068
-376.401,98.0491,5.2988,0.226761
66.2918,419.097,3.0142,0.225941
-450.077,-45.5762,3.79857,0.225689
385.363,-279.17,4.88561,0.225356
-13.576,-173.321,3.55051,0.225053
-347.792,-39.175,5.79988,0.224818
286.794,466.747,4.18075,0.22462
-187.683,-408.937,3.01965,0.224516
422.062,43.2016,3.21551,0.22391
-262.535,438.128,3.33178,0.223342
-286.715,-31.8267,6.57355,0.222806
-278.488,-403.568,4.19644,0.222682
-417.719,-110.211,4.72576,0.222346
55.9912,201.073,4.49247,0.220748
453.617,68.4065,3.47608,0.220407
-61.3004,-328.392,3.70745,0.218744
-456.308,-12.43,5.42357,0.218086
-446.103,441.435,5.48894,0.217116
251.088,290.446,2.88304,0.216967
-147.563,299.355,9.77218,0.216868
464.421,287.651,3.44675,0.216406
-263.447,-15.5527,5.08676,0.215784
13.8976,-360.146,3.21184,0.215677
-227.013,-372.305,2.81836,0.215676
434.849,470.193,5.2584,0.21567
455.96,-40.3508,4.0456,0.215391
-256.913,359.096,3.19573,0.214526
359.199,239.426,2.97404,0.21346
-164.498,-9.38292,3.74093,0.213349
183.429,125.708,3.76951,0.212983
-436.844,131.554,3.81998,0.212773
-459.283,-187.161,4.92295,0.212508
-430.832,317.463,2.9184,0.212477
-25.0549,-474.888,2.98576,0.212389
-48.5663,105.384,4.06503,0.211028
-434.907,-60.5086,4.33009,0.21025
324.164,310.212,4.03637,0.210224
-298.768,-449.541,5.01404,0.209831
193.824,133.426,2.9091,0.209381
135.306,34.7191,3.89913,0.20934
145.443,284.332,2.84262,0.209178
-285.978,396.691,4.94197,0.208862
253.102,-372.662,4.26468,0.208664
-8.64734,338.336,2.97855,0.20796
386.511,191.362,6.13717,0.207625
-292.735,445.013,2.99321,0.20651
124.33,104.574,2.83254,0.206489
-355.431,29.1757,3.22945,0.206409
-465.205,-448.702,2.96713,0.206402
389.063,200.998,3.55803,0.205524
188.813,300.947,7.05994,0.205299
-405.073,355.795,5.57794,0.2045
-215.591,111.998,2.82061,0.203539
-220.057,91.4003,3.51445,0.203358
-411.488,-458.38,8.37303,0.203142
-148.781,-386.886,7.3155,0.202838
210.469,-434.631,5.21125,0.202648
-106.399,-70.0716,3.21573,0.202612
383.36,-21.8838,4.70291,0.202485
-415.85,448.874,3.24004,0.201401
-146.521,-206.765,3.95898,0.201395
230.068,-256.844,2.88912,0.200452
32.2522,263.044,3.65749,0.199657
-336.212,196.753,3.53902,0.199325
431.816,123.623,3.52367,0.199281
-427.003,156.015,3.27003,0.198769
-90.8551,-301.373,3.7111,0.19799
89.9653,-200.195,8.68697,0.197964
-40.9804,-462.673,2.99395,0.197922
475.193,27.2522,3.22304,0.197685
12.4455,-4.88178,3.01608,0.197198
-380.782,-366.234,4.022,0.1967
14.1589,206.715,3.09257,0.196545
98.3498,190.613,6.34206,0.196525
-87.5586,305.88,5.2247,0.196119
386.911,154.936,3.66366,0.196112
-329.118,-13.2851,9.20477,0.194831
62.9131,194.564,3.30594,0.194813
-173.594,-138.574,3.66926,0.194217
275.855,-349.963,4.35926,0.193413
113.365,86.95,3.2923,0.193379
-207.873,-174.322,2.89664,0.193149
17.7003,-123.963,4.33918,0.192726
332.319,51.1248,2.89466,0.192103
34.3136,138.726,3.54009,0.192056
6.10508,-108.452,3.87604,0.191952
71.1817,-28.9607,6.72671,0.19182
-403.994,441.011,2.86941,0.191781
-141.276,264.292,3.45829,0.191778
415.341,448.022,2.91972,0.191401
-390.979,136.559,2.94632,0.191287
-86.0409,-278.124,3.74909,0.190354
381.631,312.192,4.42343,0.190216
-304.516,-320.411,8.85222,0.19008
93.8284,-387.158,3.9429,0.189739
243.871,275.87,4.70529,0.189667
-129.91,346.195,3.06706,0.189465
83.9273,395.945,5.23336,0.188619
159.258,7.09803,4.61247,0.188326
-237.963,83.429,5.09553,0.188057
-266.554,-322.989,4.81804,0.187876
213.068,-463.298,2.88061,0.18599
-104.341,289.578,3.1423,0.18596
-51.7204,-431.151,4.59303,0.185959
2.3561,55.8138,5.28495,0.185181
260.607,-56.3266,3.34291,0.183579
108.927,-346.518,5.54433,0.183195
208.636,1.02337,2.92218,0.182817
19.4661,300.318,3.80314,0.182802
248.358,194.198,3.94677,0.182133
1.31685,365.74,4.53344,0.181723
-184.285,-44.0733,4.33852,0.181352
-456.928,251.288,4.0242,0.18131
-211.067,372.861,3.03404,0.181127
-444.95,3.00299,4.05186,0.181101
463.905,127.541,6.60777,0.180678
368.952,-205.782,3.48147,0.180099
364.781,306.615,3.35715,0.180007
272.846,-364.543,3.98709,0.179752
-78.8064,132.443,3.13105,0.177917
273.43,-183.44,2.96426,0.177345
-238.359,255.504,4.32203,0.176999
354.89,397.68,4.70623,0.176945
-44.8737,428.564,2.85111,0.176914
248.393,331.197,4.80703,0.176513
40.8396,135.471,3.43855,0.175937
249.503,94.46,5.13123,0.175408
102.536,-233.551,4.19626,0.175191
-271.386,109.985,3.57195,0.174989
-0.722019,-421.403,3.68943,0.174875
96.6667,130.069,3.16413,0.174455
-458.547,190.877,6.44029,0.174134
382.344,107.147,5.66546,0.173791
-39.7474,-113.216,3.37578,0.173541
-167.535,-219.727,2.81406,0.17281
-404.918,401.985,3.30639,0.172806
-425.433,-254.519,3.08469,0.170729
148.394,450.23,3.60099,0.170611
435.821,424.652,5.34445,0.170362
-17.7654,-249.331,8.77068,0.169813
-16.8878,-271.622,4.09944,0.169768
433.03,64.3712,3.10715,0.169283
-244.936,-94.9695,3.38117,0.169146
160.272,76.0517,5.32339,0.168437
-48.5779,-426.726,4.14188,0.168391
454.748,421.694,3.13751,0.168334
-397.95,204.832,3.03466,0.167717
363.31,277.277,2.99282,0.167702
-201.973,-103.334,5.80542,0.167561
-120.505,-305.528,3.64705,0.167309
401.713,200.707,2.91599,0.16723
200.145,-250.288,3.93188,0.166922
-430.001,279.288,2.8517,0.166822
-465.945,-140.759,2.86809,0.166504
-24.5397,-198.713,3.10881,0.165866
182.751,47.7525,3.12927,0.165193
-248.739,188.393,2.8413,0.164852
250.815,37.7266,3.66508,0.164336
266.66,195.14,6.79155,0.164285
-174.917,165.127,4.8485,0.163894
-142.409,-291.853,4.76574,0.163616
82.7035,182.575,4.93004,0.163319
152.887,206.098,5.92366,0.163074
-259.234,-154.361,3.27573,0.162303
179.536,310.56,3.30175,0.162115
103.403,457.354,4.43454,0.162048
-319.05,-346.551,3.46615,0.161603
-249.603,94.7033,3.13171,0.160937
-169.539,-284.461,3.15382,0.160688
-386.422,-262.191,2.94439,0.160188
132.099,-9.44899,3.21153,0.159979
-241.137,-254.969,3.97133,0.15975
-299.653,185.691,2.91986,0.159518
-390.086,-411.261,4.98211,0.159071
120.613,216.309,2.98541,0.158789
-198.522,-20.378,2.86055,0.158311
339.515,228.662,4.24957,0.157213
165.211,152.585,3.11614,0.157011
-268.172,399.463,2.99239,0.156329
272.526,-166.721,5.35797,0.156148
158.181,-179.362,8.11981,0.156114
396.491,-343.795,3.25032,0.156005
469.689,23.8434,6.32798,0.155593
46.3396,10.3379,5.15503,0.155315
-162.006,-393.011,2.866,0.154643
41.6794,-441.38,3.38914,0.154191
334.656,-195.612,2.96985,0.153971
318.088,-161.438,4.07104,0.153526
-313.759,236.635,3.35356,0.153362
361.437,256.285,4.59541,0.153148
423.004,430.857,4.58676,0.152804
-40.9382,165.934,4.06218,0.152357
-216.039,-98.2078,5.53434,0.152138
-302.84,-425.978,5.14759,0.152111
472.244,-308.506,2.84796,0.151957
-108.711,282.865,4.13664,0.150466
346.458,351.58,8.27815,0.148773
433.004,-331.351,8.38836,0.148675
239.29,-317.779,3.35919,0.148603
-464.693,-238.451,2.81992,0.14859
254.907,-35.3429,3.32899,0.148215
-199.647,308.078,2.94727,0.148077
20.9124,-90.8417,4.23981,0.146693
-435.707,227.459,7.49896,0.14639
-34.2413,309.902,5.31733,0.145424
78.8522,401.563,3.03202,0.145414
277.522,328.576,6.66,0.144799
-185.349,150.305,4.52451,0.14479
404.335,-410.188,2.83389,0.144612
403.502,-217.278,3.73765,0.14441
385.79,446.563,7.17647,0.144402
-364.776,-82.973,2.85007,0.142933
196.624,428.256,3.85295,0.14284
-457.501,-453.879,2.83568,0.142074
324.176,255.379,3.99675,0.141648
-223.706,-233.298,4.28548,0.141228
235.95,-376.121,2.84242,0.141014
-184.055,-236.488,4.66311,0.140627
-110.071,-336.112,2.94572,0.140591
342.953,-87.1129,3.05674,0.140437
15.9479,287.891,4.84128,0.138761
443.968,199.975,2.91267,0.138759
-300.734,-53.6652,6.35459,0.137793
-263.568,-122.968,5.55321,0.137309
-311.294,-351.541,2.96332,0.136726
396.904,-379.232,2.88316,0.135965
18.4503,109.859,2.86198,0.135115
413.915,-358.23,3.1194,0.134998
-386.575,-270.822,3.95843,0.134962
1.16121,274.234,3.28302,0.133796
283.58,469.091,2.90939,0.133675
452.24,287.671,2.96245,0.133645
-158.228,-197.092,4.78618,0.13278
315.759,-232.557,3.09726,0.132668
-415.52,-452.929,3.75855,0.131195
-47.2707,-394.979,3.19393,0.130714
-334.703,-206.744,5.21763,0.13056
466.421,335.965,8.81588,0.130457
-75.1719,-87.6534,3.16114,0.130222
-255.613,-446.476,3.34457,0.12951
-350.292,-103.749,4.22842,0.129191
-226.202,144.652,4.00414,0.128902
389.205,-224.149,3.99119,0.128508
-203.601,-86.6072,5.07581,0.128105
-453.8,23.0975,2.9534,0.127925
-199.181,-440.778,5.70905,0.126944
111.5,476.308,3.04882,0.125801
183.842,-141.434,7.2332,0.124896
263.762,305.08,4.03577,0.124592
144.381,253.646,2.84485,0.124461
-393.837,336.086,3.21262,0.123596
-306.579,-70.7004,2.99441,0.122169
-327.54,295.793,3.3598,0.122098
185.74,434.885,3.18192,0.121794
-96.4106,-53.5081,3.34794,0.121548
331.188,346.385,3.48833,0.121104
68.2568,-206.697,3.11494,0.120792
228.348,-391.665,3.06692,0.119992
-141.883,-211.66,3.86085,0.119
249.841,116.024,5.97727,0.118583
-79.5251,115.252,9.05494,0.118409
175.657,176.167,3.19688,0.118403
267.473,-311.106,2.81762,0.117805
-225.331,-196.192,3.51266,0.117765
123.569,-313.885,5.36893,0.117536
-308.629,-174.582,5.29044,0.116984
-191.099,242.545,3.33863,0.116893
395.96,17.9785,2.92007,0.116437
-122.31,37.8946,3.34662,0.116377
51.6264,-424.833,3.93421,0.116201
344.961,245.291,3.71529,0.115688
26.0396,18.776,3.14364,0.115314
-291.297,49.3977,3.19726,0.114964
-111.735,82.4265,4.61717,0.114863
5.97511,14.3157,4.73136,0.113499
55.0949,280.827,3.0207,0.113114
212.05,-206.914,3.02573,0.112848
341.229,-231.431,3.90263,0.112794
-256.198,-111.013,4.24957,0.112769
-359.857,-177.563,3.51616,0.111774
271.43,-246.256,4.41425,0.11167
-450.508,-449.359,2.99535,0.111662
-78.1537,226.409,3.7348,0.110957
-398.858,243.585,5.01114,0.110725
149.218,72.172,4.27096,0.110375
-145.533,-28.3682,3.39212,0.110316
63.2881,-148.124,4.55071,0.11005
188.477,108.843,3.238,0.109879
-100.09,329.374,5.30009,0.109807
243.925,395.687,4.05621,0.109183
-357.482,272.248,3.76885,0.10856
-289.799,-151.21,4.87353,0.108497
380.497,192.66,3.97152,0.108336
-269.613,-275.422,4.04649,0.108129
381.427,230.662,4.33247,0.107916
-44.7305,-394.106,8.54132,0.10775
194.622,447.425,3.81252,0.107233
28.5992,339.244,2.9277,0.106706
464.926,439.026,2.81924,0.105755
457.951,463.206,2.95069,0.105307
-291.81,-129.454,3.80499,0.105221
-21.51,-246.633,3.16119,0.105137
358.558,-200.579,3.09615,0.104445
239.042,-64.7811,3.29617,0.103858
428.749,271.252,2.85517,0.103723
302.644,-357.609,7.23325,0.102699
453.501,-309.632,4.95099,0.102254
-449.322,88.3954,4.02412,0.102237
-9.69891,-69.4541,6.91308,0.101849
144.557,216.519,2.98409,0.101751
-123.248,-89.2322,3.46148,0.101716
315.83,-202.091,6.77676,0.101531
-311.783,326.32,6.65532,0.101255
19.3174,-428.564,2.81284,0.101205
271.096,447.986,3.7614,0.100839
-394.866,-155.873,4.8397,0.100784
-229.678,-113.67,2.95676,0.100633
169.605,359.178,2.81801,0.100534
-337.063,177.06,2.94207,0.100473
-48.0823,53.3673,4.70613,0.100367
-208.111,75.1621,3.17534,0.100235
199.305,-94.6461,3.04048,0.100194
-87.8511,-443.173,6.14758,0.100181
-264.613,329.882,3.13175,0.0997185
-373.714,457.606,3.90285,0.0994414
-452.937,353.039,5.16138,0.0987134
-170.297,-186.151,2.86491,0.0986648
-203.297,-456.125,3.39702,0.0973869
-182.26,219.253,4.02488,0.0973103
-197.489,-169.338,5.08187,0.0972657
459.253,393.738,4.83005,0.096943
-242.18,-99.4329,2.88385,0.0962008
-32.7805,317.248,2.97094,0.0959437
238.054,-449.155,3.92552,0.0958439
211.865,-97.8219,3.1772,0.0948272
-25.4789,-110.507,3.76753,0.0947481
471.234,169.402,3.62028,0.0946047
446.621,-457.308,5.00652,0.0945614
-169.352,110.289,3.78339,0.0942625
-227.925,106.015,3.70476,0.0937844
-150.645,313.103,3.14657,0.0935654
435.049,-89.5344,8.22427,0.0930657
198.24,-252.473,4.86428,0.0929433
339.14,55.4143,4.76087,0.0929193
125.849,-60.6099,3.43394,0.0917443
-259.657,282.861,3.1013,0.0916355
-275.952,-299.203,3.36706,0.0901422
473.143,-84.9054,3.80973,0.089863
-223.507,266.1,3.20346,0.0897088
-390.918,-147.913,6.35728,0.0896215
-143.584,-197.58,5.67336,0.0894623
140.94,-324.636,4.16561,0.0881645
-63.9407,-68.0456,3.05182,0.0872528
181.808,-219.542,3.66023,0.0866686
9.02009,103.831,5.32748,0.0864859
61.5733,-194.077,3.96143,0.0864253
-264.11,-429.987,3.79976,0.0864065
-62.0771,110.757,8.40628,0.0861886
154.811,226.601,4.25857,0.0858862
-304.01,447.555,5.01965,0.085862
-197.487,-373.89,3.15631,0.0853531
-178.351,351.265,4.65133,0.0843844
30.0922,-445.996,2.96279,0.0837857
259.722,-184.818,3.02229,0.083286
406.137,-254.228,2.90612,0.0829274
89.2699,-24.513,3.32678,0.0823083
283.741,-253.371,3.41823,0.0822878
-105.451,-209.992,3.77191,0.0818059
9.77298,300.356,3.63512,0.0812349
454.948,-96.1044,3.56309,0.0808564
219.787,462.114,3.26029,0.0803516
-241.015,-473.895,4.64746,0.079599
-237.125,-155.519,3.87985,0.0793087
-263.966,-449.79,3.42607,0.0790442
-194.846,-14.271,5.31865,0.0789835
-96.4826,262.519,2.83158,0.0787104
302.171,-198.379,5.71856,0.078384
288.613,-346.341,3.76895,0.0782825
-226.055,-372.861,8.7998,0.0781902
349.866,-443.081,3.04743,0.0779449
-45.9897,174.906,2.92397,0.077303
-285.884,-14.7101,3.0835,0.0764799
117.063,-461.665,5.42422,0.0763895
-352.999,207.337,2.98527,0.0761208
213.286,-47.8223,4.65059,0.0743744
-174.949,143.072,3.13245,0.0724286
105.72,-179.25,5.43187,0.0718769
-170.616,382.517,3.78915,0.0714669
-389.109,-451.845,3.26267,0.0699846
-419.404,-186.533,3.38322,0.0690159
-180.552,-15.3747,3.087,0.0688722
-411.058,221.77,4.91648,0.0686248
-164.237,-314.124,5.07605,0.0681975
193.518,-330.662,2.98588,0.0679501
162.674,273.457,6.96039,0.0676251
-315.83,180.287,3.47687,0.0675764
230.267,-138.355,2.97467,0.0669387
-391.854,-295.445,7.9886,0.066461
177.305,-311.461,3.29061,0.0659462
247.496,-86.0814,3.05645,0.0656197
403.096,-265.067,3.32107,0.0654711
-386.205,45.5226,2.83098,0.0648276
153.508,249.924,3.65248,0.0644058
135.705,-36.2713,3.96121,0.0639164
185.331,-211.502,2.98101,0.0627683
-245.619,97.3125,5.32165,0.062304
-159.922,461.45,3.22619,0.0619527
-252.129,-214.942,3.77716,0.061833
145.703,-307.715,3.76342,0.0617222
333.155,418.024,3.75069,0.0616254
-88.3471,-192.623,3.12724,0.0602725
457.712,-160.702,7.08858,0.0595329
-156.918,-349.916,3.02318,0.0594964
360.95,217.383,3.26124,0.0590498
393.163,-314.652,4.63234,0.0590262
-423.867,-127.125,3.71199,0.0580494
-408.875,-452.742,3.85098,0.0580475
152.822,-43.2326,3.21062,0.0562408
-35.9774,370.313,7.54734,0.0561307
-263.71,158.177,3.79911,0.055393
-33.0252,462.234,6.80909,0.0552486
239.128,117.014,2.84634,0.0541534
79.9384,349.722,3.11317,0.0540645
-134.054,250.28,3.5897,0.0535971
-210.309,156.581,3.37819,0.0528033
-184.184,413.484,3.06541,0.051778
4.33204,381.767,2.93454,0.0514173
37.0443,-341.616,3.71837,0.0510486
-475.256,-4.48154,3.58698,0.051006
-247.393,-316.2,3.13495,0.0502956
-313.269,192.4,4.76003,0.0502192
-288.687,360.119,4.05074,0.0501071
274.322,35.3911,5.22256,0.0484311
384.428,19.3298,3.20004,0.0483801
-324.674,394.01,3.17313,0.0475983
83.4805,441.557,2.92122,0.0472091
-302.256,203.455,2.86672,0.0467089
287.06,208.063,5.12176,0.0466936
158.147,144.02,4.89709,0.0462223
-30.0408,-234.257,3.22874,0.0458622
-8.16263,237.571,2.86734,0.0458041
-26.6955,277.334,3.41014,0.0456833
-245.175,362.304,3.40762,0.0454915
-340.875,-124.315,3.51037,0.0454693
-174.734,56.0141,5.73536,0.0450684
6.20123,30.4393,3.20189,0.044605
-247.164,100.628,4.12866,0.0443124
250.231,-455.652,3.65708,0.0441033
119.837,-126.673,3.42238,0.0437216
-88.687,-260.721,3.18402,0.0436199
-368.102,123.55,3.7695,0.0431462
-309.587,-472.779,3.78016,0.0430222
100.502,349.483,4.94665,0.042684
373.157,-157.813,2.94443,0.0423925
-342.614,135.216,4.09724,0.0423644
327.323,74.0205,3.3017,0.0422218
-274.872,96.6008,3.46843,0.0412017
423.94,-349.18,2.9719,0.0410647
302.109,30.3137,2.92387,0.0409077
21.4644,330.57,3.39175,0.0403842
-78.8431,-279.05,3.16993,0.0403753
-24.4075,-382.636,4.04654,0.0395358
19.4174,-370.097,4.46124,0.0391226
220.383,-253.629,7.91159,0.0386347
87.8368,442.124,3.53176,0.0385188
94.2202,93.1754,3.56121,0.0382281
10.1901,304.72,3.07908,0.0380823
-110.779,195.752,6.33739,0.0379499
-199.9,-353.342,3.22797,0.0375119
27.6202,-92.8286,9.94197,0.0358042
-338.307,-342.635,5.32983,0.0351363
-438.784,-259.609,3.57025,0.0335133
249.492,-375.885,2.8222,0.0328535
179.522,-348.184,3.17663,0.0324757
-29.8736,-9.77706,4.13658,0.0324538
-367.051,262.851,3.46506,0.0323948
-184.633,-450.739,3.03944,0.0323706
-408.923,422.909,3.71963,0.032091
287.389,254.115,3.61898,0.0318845
435.427,166.994,3.09552,0.0318621
185.536,174.982,3.86891,0.0304185
226.428,-396.917,3.68377,0.0302931
-83.7522,469.985,2.93558,0.0298243
-420.784,152.834,3.75761,0.0294502
269.208,133.991,3.40157,0.0288397
280.254,129.173,3.1537,0.0287162
148.108,-146.551,3.47868,0.0286795
-428.55,-34.5294,5.03283,0.028527
-443.151,307.772,4.43712,0.0284965
-238.688,203.886,3.32558,0.0283491
-390.163,-112.698,4.72027,0.0280549
-417.351,-23.7903,2.84095,0.0279731
366.223,319.267,3.19542,0.0277394
470.257,-418.181,3.59508,0.0274142
-182.478,-270.836,5.34597,0.027324
370.424,218.309,5.28409,0.027107
367.965,442.21,4.02377,0.0259875
46.867,-137.233,4.75353,0.0250261
373.424,-463.787,3.04691,0.0249092
-297.7,305.918,3.19923,0.0247632
-193.287,-216.609,3.71207,0.0246165
140.427,-86.9538,2.99759,0.0233613
340.379,207.376,2.91784,0.0227536
-108.393,97.033,2.97257,0.0217845
-369.608,-416.205,8.36687,0.0214628
203.836,-120.354,2.91697,0.0212145
155.816,-423.325,3.33573,0.0208505
-136.515,132.165,3.47034,0.0205158
368.425,-98.0921,3.92765,0.0205081
-134.534,-149.269,4.64781,0.0203487
326.243,240.923,4.75608,0.0200291
175.774,-323.83,5.66661,0.0200208
65.1986,-388.764,3.93532,0.0200078
213.791,-373.272,3.68496,0.0197679
-401.413,64.7702,3.13507,0.0196279
-155.649,-372.447,3.41429,0.0194903
-259.465,-267.129,3.07854,0.0188889
362.88,-322.714,4.93919,0.01834
-172.963,53.3672,4.95095,0.0182563
-2.9396,-379.349,4.69988,0.0180144
-370.037,-410,3.0944,0.0154023
-406.581,427.372,3.6361,0.0153416
139.522,-389.937,3.2457,0.0152482
144.64,-117.953,3.03955,0.0150402
303.593,232.938,4.16231,0.014409
-311.168,-451.863,4.17457,0.0143337
329.851,90.9082,6.40075,0.0139613
218.106,247.263,5.45158,0.0133872
342.093,333.176,3.11285,0.0111039
463.149,259.227,8.96842,0.010792
13.1974,230.253,4.69856,0.0102262
146.078,-50.5447,3.40592,0.0101784
-258.767,-354.919,3.69754,0.00956558
-388.222,-33.98,5.34813,0.00936086
282.943,-275.755,3.44133,0.00911597
157.106,-272.99,4.79352,0.00874054
-356.252,78.4923,2.94607,0.00855321
213.647,259.902,3.53608,0.00811631
7.03552,-52.4232,3.61306,0.00762858
405.979,-382.481,3.29914,0.00753477
310.946,-209.503,3.81394,0.00730506
-8.77369,-440.186,6.28714,0.00711218
402.682,-231.015,2.88941,0.00705343
322.211,244.697,5.59695,0.00677181
233.527,-81.9209,2.84529,0.00607452
349.476,-387.116,6.15503,0.00602714
-387.347,17.1968,4.6203,0.0057008
295.778,29.2262,5.68172,0.00503459
63.7183,-423.808,7.44941,0.00490731
377.495,295.802,7.01766,0.00391326
325.395,341.051,4.68434,0.00356699
-30.0739,104.921,5.50997,0.00349871
0.290799,385.008,2.9743,0.00328346
104.123,249.667,4.85364,0.00255537
-332.742,88.3707,4.41538,0.00203389
-195.183,-436.393,3.66051,0.00191759
131.314,-393.597,3.43701,0.00101683
117.692,91.3328,2.96383,0.000937599
