A_x,A_y,A_diameter,B_x,B_y,B_diameter,C_x,C_y,C_diameter,a,b,c
-5279.06,1656.32,92.4411,-5238.72,1719.31,101.831,-5236.83,1540.74,291.008,178.580001679919,123.053278298467,74.8001049464505
3315.44,7275.28,169.563,3302.15,7097.96,89.2137,3505.92,7197.58,130.241,226.817894576244,205.718060461399,177.81734026804
4346.96,-5670.97,202.537,4394.74,-5574.07,85.6685,4326.55,-5478.13,108.723,117.704544092401,193.917079443767,108.039522398056
-4816.92,1925.92,114.882,-4861.33,2015.76,87.3175,-4947.18,1931.05,72.9636,120.606826506629,130.360977673536,100.217132766808
-4978.59,1686.47,122.403,-5163.64,1708.76,59.1059,-5067.59,1862.89,90.0847,181.608533389816,197.598118412094,186.387624589188
7309.09,1113.96,98.592,7346.86,1142.19,71.7028,7225.69,1144.48,59.44,121.191637500283,88.8089545034739,47.1540645119799
-4050.22,5963.86,137.699,-4186.4,5867.66,71.0124,-4288.62,5938.32,78.1285,124.264894479495,239.764158288932,166.731617877354
-4361.5,448.359,102.525,-4350.3,192.133,84.1303,-4209.8,219.243,63.7668,143.091586405351,274.785428027033,256.470667086901
-944.453,-5907.34,126.351,-798.486,-5844.31,204.973,-1007.33,-6057.33,67.0038,298.317509938656,162.636149822233,158.994169669834
7270.99,-4377.15,109.069,7377.44,-4579.51,89.3173,7387.38,-4164.84,76.2,414.789118107021,242.120152403718,228.65076448593
-7174.9,-7263.62,140.227,-7064.91,-7264.24,90.0153,-7105.2,-7161.32,60.5273,110.525157769623,123.7876407401,109.991747417704
4400.55,4548.88,220.866,4355.57,4476.8,54.552,4600.2,4686.66,83.3664,322.312048332047,242.57669075985,84.963090810069
6535.39,5013.39,110.524,6691.23,4926,185.845,6512.47,5252.5,57.3393,372.232974896099,240.205991807032,178.670416409656
-6185.82,-4548.92,103.556,-6089.36,-4675.45,65.5094,-5973.64,-4423.73,76.8218,277.045261284145,246.359267128314,159.104910357914
-4087.01,1732.62,152.043,-4033.89,1695.75,187.523,-4112.19,1982.92,82.631,297.653319988204,251.563356632082,64.661667933947
-1617.39,5241.18,94.7906,-1532.36,5133.78,76.734,-1674,5490.46,72.3785,383.774037683635,255.627092656471,136.984892962692
4573.88,401.632,92.1269,4417.69,246.503,64.4959,4764.98,532.499,66.2797,449.893383054252,231.614726839637,220.137054447906
1352.32,-4015.4,105.916,1382.17,-3896.07,75.893,1295.69,-4219.17,57.7682,334.473317919382,211.492718077952,123.0067941213
-1252.88,-4602.68,92.9899,-1349.95,-4572.72,87.5101,-934.437,-4670.23,80.3491,426.801187052004,325.528718777622,101.588318718246
4888.96,-3966.23,133.644,5022.89,-3992.55,84.5089,4720.28,-3959.73,88.0458,304.384566790106,168.805190678486,136.491711469965
5496.25,-2822.4,171.54,5341.68,-2754.26,171.973,5190.92,-2688.4,75.2554,164.517832468095,333.440262865779,168.922895132661
-6154.7,5024.7,199.661,-6200.13,5058.16,60.6108,-6222.17,4867.93,64.3353,191.502518260204,170.672299451317,56.4221277514419
-6962.69,176.269,93.8328,-6997.34,194.497,63.4262,-6788.6,268.204,206.411,221.37097697982,196.874001140323,39.1520431650768
4918.24,-3419.1,99.8836,4696.18,-3367.53,73.3282,5208.5,-3734.11,98.1816,629.962442372559,428.348185125139,227.969534148754
-3951.89,1092.11,106.916,-3839.58,1213.15,85.6005,-4174.64,1042.82,131.071,375.86900976271,228.138262025466,165.118798748053
6300.79,934.987,112.19,6300.85,736.446,58.2773,6536.84,754.287,91.6564,236.663434820421,297.274439701768,198.541009066137
7338.03,6104.45,211.34,7378.77,5872.29,87.9354,7161.43,5875.91,66.0529,217.370145144176,288.821902909041,235.707473789017
4760.66,1190.74,197.573,4712.44,1365.46,110.103,4591.42,1436.73,88.6035,140.446620820865,298.585427809195,181.251887714308
6953.06,6861.89,110.615,6916.98,6989.79,56.6191,6926.71,6677.04,90.0331,312.901318948962,186.718625209164,132.891596423551
-834.6,-4401.09,108.794,-722.243,-4181.11,133.032,-1029.38,-4234.32,76.7126,311.71211216281,256.420516534852,247.012744304824
5818.11,-3925.69,96.4962,5641.67,-3786.41,69.0396,5658.94,-3672.04,74.527,115.666545725201,299.455190971872,224.78877196159
5575.03,5892.18,144.189,5228.07,5859.94,67.0072,5955.6,6072.87,77.5104,758.04952727378,421.286601970678,348.454673092499
-4272.2,4412.28,155.45,-4250.1,4541.88,76.0353,-4034.33,4256.8,70.1102,357.529438368367,284.176296161379,131.470795236053
7040.36,7056.52,125.226,6916.98,6989.79,56.6191,6953.06,6861.89,110.615,132.891596423551,213.312275549252,140.26944535429
-4419.84,-1123.83,164.533,-4463.07,-1266.53,65.3825,-4243.07,-1302.95,59.0947,222.994207099646,251.657718538495,149.10440268483
-1771.7,-4185.38,95.8346,-1598.51,-4393.69,114.087,-2052.03,-4002.29,126.515,599.061224250076,334.823620731872,270.901886667479
948.884,7087.32,180.092,807.884,7212.77,76.1788,754.592,7102.33,94.4306,122.625571819258,194.870935144264,188.729177659418
-5717.14,-5407.77,142.804,-5843.34,-5335.71,52.7103,-5546.77,-5239.17,88.431,311.887377910681,239.691253282217,145.324064077495
7572.21,-6168.92,88.159,7190.72,-6188.97,84.4929,7293.56,-5858.04,98.8661,346.541094965662,417.483169600883,382.016521370477
-2024.95,-5621.77,108.34,-2065.39,-5550.21,69.2324,-1944.71,-5593.8,80.2426,128.311147216444,84.9751640186709,82.1962724215645
2326.49,7152.28,93.1505,2312.52,7138.61,118.067,2352.24,7276.65,101.935,143.64094123891,127.007713938957,19.5455826211448
7456.86,5144.54,151.472,7579.88,5224.5,64.6821,7366.65,5006.39,124.99,305.022958152333,164.994747189115,146.722602212475
-5067.59,1862.89,90.0847,-4947.18,1931.05,72.9636,-5163.64,1708.76,59.1059,310.270487961714,181.608533389816,138.363122615818
-7064.91,-7264.24,90.0153,-7013.9,-7221.11,63.8645,-7174.9,-7263.62,140.227,166.517566941149,109.991747417704,66.7998278440898
-6610.04,5762.44,90.2252,-6587.62,5867.69,71.3001,-6526.44,5866.23,156.438,61.1974182461976,133.271617758621,107.611425508633
-7301.78,-5600.87,140.945,-7279.65,-5510.99,110.459,-7109.15,-5670.06,69.0357,233.181291916826,204.679195327713,92.5643089965027
3970.79,3960.75,157.033,3914.62,3838.03,85.4806,3784.56,3907.32,66.1447,147.365897343992,193.743071618058,134.963948149126
5623.13,-6268.14,92.1166,5840.42,-6418.5,83.9013,5556.56,-5991.52,97.7804,512.726457284973,284.517467477833,264.240560285509
5258.99,-7227.04,127.348,5336.83,-7305.3,78.668,5284.95,-7395.87,81.0295,104.376526575662,170.814198765793,110.379768073683
-7133.46,3345.96,94.6478,-7212.11,3276.51,66.2941,-7021.22,3256.71,59.0718,191.914126890127,143.39937273224,104.924377529723
-2283.02,-5799.21,142.773,-2409.4,-5999.23,74.2103,-2217.65,-6100.77,66.2435,216.975653242478,308.563883985149,236.600728654837
5480.74,1714.86,134.436,5553.87,1722.38,61.8953,5479.83,1533.75,60.7163,202.640564793923,181.112286165241,73.5156262300745
889.066,6560.26,160.111,1160.87,6679.07,75.7346,1218.6,6531.96,83.3443,158.031974612734,330.746953358606,296.636529301433
-6769.48,-2782.5,120.516,-6998.6,-2761.27,88.3394,-7128.06,-3030.76,130.103,298.972827695094,436.133745541434,230.101471746706
-6031.39,-7406.57,126.516,-6053.46,-7417.5,63.267,-6076.07,-7194.71,73.2004,223.934356899516,216.52011915755,24.6282317676278
5260.32,6699,93.504,5372.6,6644.66,94.4405,5080.75,6914.54,62.8393,397.506775917091,280.54032954283,124.738261972821
-4888.88,-1100.89,139.276,-4830.29,-1037.58,220.353,-4932.71,-987.693,147.911,113.923523334735,121.386283034781,86.2609077160682
-6473.76,1519.22,113.692,-6289.43,1581.72,57.9171,-6582.86,1326.8,144.096,388.697017354134,221.197347181199,194.637609161231
4175.45,-2149.44,92.4393,4229.42,-2233.18,78.5404,3970.4,-2002.13,64.2936,347.095754655686,252.479184488543,99.6250395232042
-4413.1,1797.36,161.696,-4533.83,1949.24,72.1787,-4675.7,1753.02,56.3155,242.135055908887,266.317095958933,194.018729250554
-5358.61,-6239.55,91.9707,-5495.54,-6370.03,71.8324,-5213.75,-6384.3,67.6611,282.151088957672,204.785209671011,189.142420678176
5563.71,-5309.98,98.0226,5407.22,-5410.72,104.556,5681.88,-5155.08,57.8657,375.219835829611,194.828537180773,186.111976240112
5245.05,1874.7,101.075,5160.79,1979.39,59.7258,5110.46,1907.43,54.9159,87.8142955332445,138.51253011912,134.386545829559
-4140.12,-977.287,86.5453,-4073.08,-1040.15,62.2693,-4419.84,-1123.83,164.533,356.71394702198,315.781774725838,91.9027658397722
1800,5773.44,251.149,1842.87,5649.91,121.273,1962.62,5662.36,75.7202,120.395452571931,196.936616199223,130.757400555379
6387.03,3515.3,166.29,6249.32,3462.03,76.6744,6557.75,3529.88,59.132,315.804824852313,171.341456746463,147.654112709399
5687.22,6724.1,171.88,5693.19,7004.92,85.1322,5372.6,6644.66,94.4405,482.25015883875,324.494157112266,280.883451452733
7366.65,5006.39,124.99,7483.9,4963.51,73.4492,7456.86,5144.54,151.472,183.038308831785,164.994747189115,124.844931414936
-7292.76,-4663.54,157.912,-7393.03,-4813.32,109.478,-7087.93,-4716.28,68.1162,320.160540354366,211.510842511678,180.244615176154
-4636.99,-3461.43,86.4113,-4657.89,-3431.77,83.6617,-4643.33,-3231.94,160.708,200.359732730906,229.577559225635,36.28395788775
-4058.41,6218.86,86.8515,-3813.81,6164.77,70.3218,-4050.22,5963.86,137.699,310.249119579734,255.131487864591,250.509257513569
7058.38,1928.04,87.077,7336.81,2105.41,76.2845,6742.04,1794.58,70.9857,671.093616271233,343.340308149218,330.126311886829
2398.16,6622.83,138.498,2452.92,6468.33,70.6884,2421.92,6930.93,61.9891,463.637530836321,309.014801587238,163.917380408546
5320.61,-2326.61,92.7387,5282.49,-2508.89,58.8605,5163.57,-2177.93,111.324,351.676681058042,216.257494667815,186.223341179348
6016.1,-3526.01,89.7805,6090.28,-3519.28,74.7443,5957.82,-3355.48,56.0527,210.656335295191,180.213870997768,74.4846648646546
2347.02,4495.42,107.375,2415.5,4385.93,63.9277,2347.6,4350.67,60.7702,76.5093301499891,144.75116199879,129.141668333656
4375.95,-3012.57,87.298,4206.58,-2903.28,225.938,4303.85,-2817.09,81.9114,129.962182961045,208.352682728109,201.570089547036
4720.28,-3959.73,88.0458,4888.96,-3966.23,133.644,4744.13,-4193.76,85.6281,269.713977761628,235.242137806984,168.805190678486
-6580.39,6077.48,87.9787,-6587.62,5867.69,71.3001,-6526.44,5866.23,156.438,61.1974182461976,218.030192863282,209.914546899447
-4221.72,-6691.08,93.088,-4255.33,-6789.72,96.1176,-3997.69,-6629.39,54.3208,303.453585412992,232.368450956665,104.208836957333
6765.32,-568.571,89.4572,6634.95,-395.644,83.6832,6637.35,-370.249,160.106,25.5081560486054,236.025288018042,216.564272743682
7401.85,-4141.86,107.167,7387.38,-4164.84,76.2,7326.24,-4098.14,58.2183,90.4819849472812,87.3401997936805,27.1562386938992
6939.83,-1335.89,96.8563,6830.32,-1299.42,86.0714,7158.9,-1379.91,99.1746,338.294925324043,223.448932197046,115.423138928033
-6582.86,1326.8,144.096,-6473.76,1519.22,113.692,-6233.6,1291.23,128.299,331.143874622497,351.066621170398,221.197347181199
2126.63,-6666.39,86.9654,1944.15,-6561.9,115.225,2392.47,-6737.35,72.0877,481.428629082235,275.147646182917,210.278649653264
275.871,5481.15,188.411,393.264,5387.57,69.0778,290.963,5854.33,62.5395,477.839295371362,373.485047711418,150.12772178715
-5870.7,1682.38,142.413,-5884,1757.38,83.2868,-5808.5,1733.38,84.3448,79.2227871259274,80.4353156269059,76.1701385058476
-1798.46,4489.7,95.1709,-1752.75,4586.5,75.0156,-1654.84,4518.18,75.1537,119.390077058355,146.416579662278,107.049727229919
4560.43,1954.42,125.401,4458.11,1965.77,69.1377,4668.76,1923.74,106.682,214.802102876113,112.5906359339,102.947583264495
-5825.74,6109.23,131.122,-5917.98,6257.58,106.105,-5916.56,5952.06,77.1104,305.523299929809,181.52322523578,174.68812237814
-305.651,6278.77,94.9688,-189.712,6237.13,62.1176,-307.266,6143.03,78.8676,150.578062532363,135.749607089671,123.189858839923
6536.85,-2584.86,94.3426,6661.97,-2646.27,98.2032,6694.2,-2576.24,76.3846,77.0906855592814,157.585934968828,139.377912525622
4241.78,348.948,146.365,4346.48,321.829,66.6149,4063.67,322.881,81.9647,282.811956614284,180.007390373284,108.155120826524
-7128.06,-3030.76,130.103,-7267.88,-3114.97,84.8177,-7303.15,-2848.04,80.1382,269.250065552452,253.067395173696,163.220576215132
-4362.51,2549.22,168.541,-4233.3,2360.74,64.6055,-4178.78,2406.18,96.4182,70.9734034691873,232.845774065153,228.51681447981
3357.9,4878.58,144.16,3350.41,4880.22,83.9123,3588.87,4946.18,81.652,247.414415909825,240.659304619622,7.66744416347485
-3883.96,784.543,87.1545,-3921.07,583.543,76.385,-3836.81,560.977,82.4068,87.2294213898042,228.483870012743,204.397045233046
-3058,-4839.3,89.8418,-3202.69,-4671.79,63.7854,-3122.29,-4615.55,60.9689,98.1177741288498,232.803063983273,221.347681713634
6067.96,1831.34,89.2638,6068.79,1746.82,90.8226,6182.87,2000.28,82.7553,277.950027882711,204.316009406997,84.5240752685292
-6526.44,5866.23,156.438,-6587.62,5867.69,71.3001,-6610.04,5762.44,90.2252,107.611425508633,133.271617758621,61.1974182461976
-3922.25,-469.805,120.395,-3844.82,-317.226,63.6026,-3693.9,-446.05,55.12,198.424971654275,229.582278333934,171.10159596275
-2608.08,4022.89,84.8499,-2955.91,3873.83,90.1712,-3043.41,3754.6,70.25,147.891997417034,511.362623780816,378.423826549016
-3307.82,-4967.58,86.5462,-3252.22,-5121.44,107.917,-3407.23,-5154.95,101.551,158.590731759457,212.108144586671,163.597859399199
-4852.5,2448.71,138.167,-4898.11,2382.4,87.244,-5021.27,2287.32,70.5353,155.591105144221,233.516691052267,80.4816016242219
7019.39,-5165.86,143.103,6789.19,-5182.88,56.5111,7124.22,-4905.17,77.1462,435.164273579531,280.977943974255,230.828335349022
-4792.52,2163.28,113.471,-4814.94,2164.34,51.4745,-4861.33,2015.76,87.3175,155.653617047597,162.778888373155,22.4450439963918
1280.23,-5782.83,139.896,1171.13,-5894.34,69.9481,1095.02,-5647.81,126.388,258.011187741927,229.201100564548,156.004134881099
-5760.27,3197.3,114.695,-5799.54,3166.89,117.08,-5891.84,3299.68,105.764,161.717265930389,166.710315517666,49.6679071433454
4381.26,2593.93,105.697,4420.64,2432.59,161.496,4199.64,2647.12,95.8832,308.000196266171,189.248515185721,166.076428188951
4326.55,-5478.13,108.723,4282.1,-5372.93,72.407,4394.74,-5574.07,85.6685,230.532143528836,117.704544092401,114.205264764808
5375.46,-5467.17,153.403,5407.22,-5410.72,104.556,5333.96,-5301.34,64.1814,131.647301529504,170.943964210498,64.7711363185794
6081.04,-5725.67,104.865,6310.09,-5676.51,60.3712,6195.53,-5939.45,77.8711,286.812547145344,242.507419474126,234.266105316156
-5767.47,-3131.13,141.201,-5861.84,-3255,91.08,-5751.33,-3307.92,67.4811,122.527492833242,177.52521989847,155.722425488431
6714.54,7032.19,106.171,6655.15,6990.17,172.807,6916.98,6989.79,56.6191,261.830275751296,206.832573836908,72.7519930998457
-5662.51,-4539.81,97.7365,-5604,-4299.81,59.3118,-5788.91,-4268.51,73.3741,187.540390582935,299.300267290225,247.029188761166
6341.91,-4175.46,109.96,6132.89,-4156.16,57.1673,6039.9,-4270.1,109.65,147.069587950739,316.491342219657,209.909147966447
6688.79,-7297.04,123.305,6532.42,-7292.23,67.6993,6601.49,-7110.89,76.5831,194.048603447692,205.60426187217,156.443961212953
3708.52,-5002.23,144.669,3721.96,-4865.26,70.3372,3607.06,-4780.61,80.9313,142.715214675942,243.74075572214,137.62781150625
-2107.14,-5302.17,106.604,-2230.84,-5289.39,104.264,-1996.57,-5087.63,80.8644,309.175565819811,241.356865450312,124.358427137046
-1868.47,-6529.06,114.179,-1798.04,-6538.5,67.3225,-1736.99,-6554.72,88.3417,63.1679578583953,133.960538965772,71.0598233884662
-7227.49,-6338.26,95.526,-7344.86,-6264.7,76.8407,-7378.51,-6351.48,54.776,93.0757266960618,151.597522407195,138.516390726874
-5238.72,1719.31,101.831,-5279.06,1656.32,92.4411,-5163.64,1708.76,59.1059,126.774327054022,75.8176028373358,74.8001049464505
5227.86,-1116.38,142.8,5226.46,-1233.27,137.906,5095.36,-951.657,122.72,310.633371949957,211.399897656077,116.898383650074
-6426.11,686.771,98.1316,-6464.16,720.601,148.258,-6396.45,644.044,82.0423,102.203807898728,52.0126150948017,50.9143535753918
-1353.24,6955.78,89.0027,-1394.1,6995.3,73.5993,-1274.42,7034.12,67.9987,125.818499434701,111.129420047078,56.8451405135041
-6733.22,7343.82,167.29,-6622.17,7426.59,131.158,-7014.92,7182.06,77.9874,462.652659562225,324.840249353432,138.502618747806
-5917.98,6257.58,106.105,-5825.74,6109.23,131.122,-5662.33,6267.13,90.8752,227.233884137028,255.82831156852,174.68812237814
5651.46,-1861.87,92.1515,5575.48,-1597.9,153.157,6016.68,-1957.94,96.2981,569.461360936807,377.644135794534,274.687315506195
6890.82,-6987.43,85.8308,7018.02,-7030.88,80.2122,7023.44,-6732.22,65.0148,298.70917629025,287.611210664675,134.416302954665
-4000.49,-2685,133.136,-4127.29,-2605.92,72.058,-4206.43,-2633.81,55.1613,83.9106173258191,212.206738111683,149.438570656976
-798.486,-5844.31,204.973,-944.453,-5907.34,126.351,-1007.33,-6057.33,67.0038,162.636149822233,298.317509938656,158.994169669834
377.254,-6251.45,190.886,325.253,-6355.35,75.2118,338.303,-6092.82,139.746,262.854148531082,163.34214796249,116.18654827905
-922.509,5496.91,156.712,-992.257,5498.62,56.4724,-1026.27,5423.88,67.868,82.1154782547113,126.884695771397,69.7689587424092
5533.76,4469.82,144.377,5567.04,4486.33,95.4148,5504.03,4523.74,178.728,73.2787022264997,61.5730403667062,37.150215342579
1709.49,-5717.62,158.762,1738.77,-5858.53,61.1734,1852.38,-5421.99,61.7127,451.081371484126,328.351410839058,143.919930864352
-6233.6,1291.23,128.299,-6114.4,1375.08,71.4244,-6071.95,1156.3,71.5426,222.860249708197,210.563119752725,145.737649562493
7137.24,4358.27,98.4646,6903.27,4173.22,70.1136,6838.31,4373.04,127.677,210.113859609498,299.294667176012,298.304313411656
4894.56,1690.93,297.871,5001.72,1704.54,57.7662,4947.85,1444.11,81.9146,265.943155204265,252.507299894478,108.020820678238
5149.51,-2108.3,153.176,5163.57,-2177.93,111.324,5092.64,-2241.76,64.6049,95.4218727546256,145.071597840515,71.0353468352196
2044.74,5636.22,87.3097,1962.62,5662.36,75.7202,1842.87,5649.91,121.273,120.395452571931,202.333667490114,86.1800092828957
-5447.49,3028.57,86.631,-5271.35,3119.5,57.1033,-5177.23,3067.89,85.8581,107.341355031508,273.105345974772,198.22604394983
6926.71,6677.04,90.0331,6953.06,6861.89,110.615,6733.81,6664.78,161.538,294.826923126095,193.289207148252,186.718625209164
4268.38,1128.61,93.0681,4320.02,1196.2,56.5598,4430.82,1001.45,97.2304,224.062943165531,206.292072557333,85.059377495959
439.49,-6036.25,112.703,338.303,-6092.82,139.746,546.497,-5985.67,68.4438,234.149234754248,118.358922135173,115.926588274649
-5815.21,2853.44,93.8746,-6066.55,2722.61,58.4659,-5799.54,3166.89,117.08,518.342607258944,313.841443088703,283.351874001214
7158.94,-7388.15,102.193,7223.8,-7335.55,60.7078,7322.19,-7553.15,82.7829,238.810284745024,232.111099476091,83.5079612971124
4179.95,7028.77,98.1431,4193.1,6864.29,148.232,4010.66,7130.01,75.0311,322.322000490194,197.252735595732,165.004826899095
-1288.97,-5433.96,138.814,-1237.81,-5318.45,106.833,-1325.27,-5285.02,130.327,93.6312794956897,153.299750815192,126.332520357982
-2327.92,-6424.46,82.693,-2478.95,-6603.1,78.1723,-2368.76,-6109.34,105.481,505.905894114706,317.755440551377,233.928002812831
-6788.6,268.204,206.411,-6962.69,176.269,93.8328,-6997.34,194.497,63.4262,39.1520431650768,221.37097697982,196.874001140323
-3213.12,-7516.63,104.907,-3484.71,-7489.36,91.902,-2940.69,-7259.24,70.6581,590.688559902763,374.790230662433,272.955639252975
-4272.07,-2277.69,95.7027,-4189.33,-2087.83,52.9957,-4517.02,-2458.37,80.6995,494.652026883546,304.377668201858,207.105594323282
6432.17,-4838.91,248.153,6520.96,-4782.28,82.9278,6320.45,-4818.33,58.9246,203.724968032885,113.599713027807,105.312017357945
-8.40976,4231.66,107.065,130.155,4295.34,59.5603,-149.61,4515.62,75.8502,356.078268959227,317.128979085888,152.497000343802
-5258.78,-4940.46,144.038,-5185.17,-4863.03,74.1272,-5205.16,-4736.54,113.105,128.059830548068,210.851774476764,106.835560559207
-5821.79,-2283.17,106.752,-5739.61,-2266.33,84.2981,-5736.14,-2062.25,105.34,204.109498309118,236.942121413648,83.8876510578288
-3884.09,-1371.97,268.443,-3853.67,-1283.12,64.2392,-4007.47,-1498.35,69.3034,264.534294374094,176.619729362265,93.9132519935287
-6726.64,-6290.23,156.908,-6551.88,-6182.95,76.6695,-6857.54,-6120.91,94.6169,311.892605234558,214.018859916597,205.061103088811
2945.67,5717.55,89.9296,2911.16,5840.57,165.75,2904.88,5431.36,87.0367,409.258185623696,289.082237780187,127.768777484955
6661.97,-2646.27,98.2032,6694.2,-2576.24,76.3846,6536.85,-2584.86,94.3426,157.585934968828,139.377912525622,77.0906855592814
855.095,-5626.71,153.02,895.401,-5681.61,63.8571,935.676,-5697.76,64.1019,43.3923740419907,107.430908313204,68.1071482004639
4939.53,3259.8,87.4622,5023.56,3072.42,84.5475,4834.59,3598.86,69.8701,559.328825021561,354.928284587182,205.358966933514
-1816.73,-4773.18,115.566,-2082.2,-4766.83,110.954,-2087.41,-4716.91,55.6352,50.1911396563179,276.466951551175,265.545934632786
7442.26,-2246.39,85.7294,7470.76,-2311.53,90.289,7332.17,-2010.4,113.874,331.491274394968,260.405622443141,71.1018255743131
5678.13,-1388.99,90.8972,5798.59,-1309.17,123.271,5834.52,-1299.8,176.692,37.1316818902676,180.035241550092,144.505515465673
-1015.07,6359.61,116.651,-1190.85,6190.89,109.898,-754.333,6462.67,71.9787,514.209548422625,280.366094185799,243.64943422877
-7433.48,2579.29,82.6057,-7474.92,2485.4,121.789,-7495.54,2679.08,102.296,194.774553779491,117.513776639167,102.628483862912
-4143.23,29.8223,99.6887,-4081.93,128.309,123.936,-4004.59,-62.8346,57.2116,206.197360363706,166.752363454345,116.00568984705
7293.56,-5858.04,98.8661,7125.68,-5773.04,212.985,7120.43,-5652.53,123.184,120.624303521306,268.716127167686,188.17198091108
5834.52,-1299.8,176.692,5798.59,-1309.17,123.271,5941.74,-1225.72,75.3021,165.697993349346,130.322579778026,37.1316818902676
3791.69,1719.18,102.306,3984.51,1717.17,112.735,3579.76,1801.82,89.72,413.507176479442,227.472403820771,192.830476066415
-5891.84,3299.68,105.764,-5799.54,3166.89,117.08,-5760.27,3197.3,114.695,49.6679071433454,166.710315517666,161.717265930389
2898.7,-7302.39,97.6863,3066.22,-7439.07,71.69,2920.72,-7537.81,86.6075,175.840375340819,236.447577276656,216.204469889038
-4388.03,154.526,91.6746,-4350.3,192.133,84.1303,-4538.49,90.8542,64.0201,213.712122794754,163.37781279978,53.2713745739676
1033.89,3940.21,100,1107.41,3620.5,112.03,1355.29,3764.99,134.109,286.91785322632,366.060115827988,328.054377352292
4851.23,6391.49,83.7563,4702.54,6622.28,122.008,4600.41,6134.65,111.745,498.210350956301,358.995066818473,274.540962699558
5540.31,3915.38,84.714,5275.36,3898.08,66.1078,5664.19,4196.95,150.436,490.420274662457,307.616513373388,265.514203951503
-4657.89,-3431.77,83.6617,-4636.99,-3461.43,86.4113,-4643.33,-3231.94,160.708,229.577559225635,200.359732730906,36.28395788775
-4102.14,4150.7,84.0364,-4034.33,4256.8,70.1102,-3877.59,4330.71,86.9585,173.291995487385,287.795591696607,125.918251655589
-7474.92,2485.4,121.789,-7433.48,2579.29,82.6057,-7495.54,2679.08,102.296,117.513776639167,194.774553779491,102.628483862912
-1310.78,-6808.55,232.542,-1343.04,-6695.49,63.0091,-1418.61,-6872.38,113.626,192.356172243056,125.305936810671,117.572408327805
5226.29,-4865.37,89.2468,5045.97,-4913.67,90.5421,5408.34,-5042.53,79.9777,384.599683437207,254.023361327261,186.676705563388
7190.72,-6188.97,84.4929,6918.96,-6086.03,86.3621,7293.56,-5858.04,98.8661,438.525483980122,346.541094965662,290.603064677577
4846.74,-2483.93,100.659,4831.45,-2520.59,116.318,4951.68,-2554.67,77.0491,124.966792789125,126.556513858435,39.7207716440658
-6082.6,-6920.69,169.705,-6264.42,-7064.05,143.721,-5969.35,-7166.83,74.9335,312.458050464378,270.943651152782,231.539633756297
5994.86,-6521.57,179.737,5837.85,-6573.83,136.504,5840.42,-6418.5,83.9013,155.351259409121,185.67481924052,165.478843662868
-5477.4,1175.28,85.2298,-5384.63,941.277,77.2789,-5183.96,1349.24,149.252,454.645200424463,341.129176705833,251.721427194826
140.21,6426.89,83.5792,272.724,6415.2,70.5929,37.1318,6584.21,133.55,289.944934083767,188.081625139831,133.028629610321
6057.79,-1763.81,83.5268,6109.13,-1680.12,79.6411,5979.74,-1598.69,88.607,152.881055072236,182.637391845153,98.182542745643
6354.23,6243.6,105.938,6414.74,6129.21,143.48,6408.5,5967.69,80.5322,161.640489976986,281.196658941746,129.408393081748
4553.84,826.064,83.8804,4430.82,1001.45,97.2304,4764.98,532.499,66.2797,575.828052460976,361.608225604728,214.229244959693
922.285,-6196.1,89.7945,848.868,-6257.11,155.286,699.802,-6324.11,71.7924,163.430940632427,256.681213549024,95.4582421218823
-7118.73,-6619.6,128.977,-7162.54,-6851.8,118.01,-7227.49,-6338.26,95.526,517.630982554174,301.630458011123,236.296754315416
2278.53,-4803,161.805,2412.02,-4699.12,77.4639,2347.92,-4984.54,154.096,292.529291524798,194.349540004601,169.146783889023
-2955.91,3873.83,90.1712,-3043.41,3754.6,70.25,-3161.22,4076.75,86.0327,343.015770191401,288.667148286742,147.891997417034
3505.92,7197.58,130.241,3315.44,7275.28,169.563,3302.15,7097.96,89.2137,177.81734026804,226.817894576244,205.718060461399
1355.29,3764.99,134.109,1307.93,3691.85,114.16,1429.2,3971.35,157.499,304.674683720194,219.196573194017,87.1345465358027
-3486.87,6585.47,98.9011,-3344.73,6577.1,55.0074,-3766.03,6463.85,200.701,436.255948383515,304.502430203767,142.386222999277
5404.04,995.678,81.0399,5331.76,920.06,63.8086,5490.74,1056.03,69.647,209.19484051955,105.637369827159,104.606311109799
-4777.21,-6463.99,80.4509,-4898.4,-6604.35,82.8653,-4603.14,-6373.42,98.0744,374.842810388568,196.222551711061,185.439870847669
-5193.36,-598.735,85.0568,-5348.55,-624.671,186.785,-5173.78,-820.156,81.4373,262.219255824205,222.285032426837,157.342340760522
-1077.3,-6959.66,118.765,-1140.98,-6942.82,70.1272,-1049.53,-7074.08,81.0861,159.975904748184,117.741705864999,65.8690215503465
-359.325,5816.16,85.4326,-306.766,5746.23,88.4985,-583.638,5857.9,52.2337,298.543620404121,228.163427325678,87.4794454772093
-5814.95,-3694.74,105.348,-5878.4,-3787.65,73.5191,-5801.77,-3528.2,94.4773,270.529960263184,167.060719500426,112.508535676188
-1996.57,-5087.63,80.8644,-2107.14,-5302.17,106.604,-1739.02,-5107.89,84.3538,416.241579854776,258.34564076059,241.356865450312
1404.88,-4247.03,80.6476,1295.69,-4219.17,57.7682,1522.65,-4441.79,64.1688,317.915878810732,227.598836772072,112.688223430845
-5601.13,1688.34,83.2125,-5808.5,1733.38,84.3448,-5382.96,1749.84,284.024,425.858219598965,226.67244848018,212.204897445841
6245.87,-3523.81,86.9891,6214.96,-3458.27,89.4927,6090.28,-3519.28,74.7443,138.806781174408,155.65593146424,72.4632299859728
-6029.84,-2545.19,95.2475,-5907.85,-2577.39,63.1017,-5860.35,-2526.48,77.7385,69.6281415808291,170.519571310744,126.168142175432
-3793.37,7159.07,135.292,-3743.25,7250.62,100.929,-3676.79,7356.32,66.4142,124.857605294992,229.125421767206,104.371532996311
-6931.43,2865.24,128.049,-6990.55,2860.82,79.3433,-6978.63,2813.28,75.979,49.0116108692624,70.1974472470327,59.2849964156192
2352.24,7276.65,101.935,2423.64,7353.37,107.292,2326.49,7152.28,93.1505,223.327809732689,127.007713938957,104.804190755905
6300.23,-4823.74,145.22,6320.45,-4818.33,58.9246,6253.44,-4893.16,84.1266,100.448339956417,83.7164290925026,20.9312326440659
-400.086,-6091.16,86.638,-271.683,-6432.41,103.913,-45.6634,-6199.11,60.1552,324.828800422869,370.497748833593,364.607861831036
3577.39,-7140.08,163.018,3575.23,-7137.8,64.7294,3647.51,-7095.63,80.4585,83.682180301424,83.0217856950815,3.14070055879229
4068.22,2440.49,112.078,4199.64,2647.12,95.8832,3963.37,2122.48,82.2651,575.387384724413,334.849044496173,244.881957889919
3889.28,-3615.38,85.3058,3930.18,-3626.41,79.4777,3570.97,-3879.14,68.5534,439.208694130706,413.389155276236,42.3611956866183
-306.766,5746.23,88.4985,-359.325,5816.16,85.4326,-583.638,5857.9,52.2337,228.163427325678,298.543620404121,87.4794454772093
5366.1,-6923.14,108.756,5254.48,-7011.76,139.42,5316.19,-6648.45,150.95,368.51360924666,279.187399787312,142.522029174441
2895.08,5013.28,129.268,2816.68,5181.71,104.78,3066.55,4925.96,58.0626,357.551505940054,192.423343958055,185.782735742588
5522.39,-1242.63,101.46,5452.6,-1167.61,110.843,5364.85,-1337.89,62.0141,191.560280068703,184.101382938858,102.462893283374
1930.54,4918.82,163.956,1869.65,5245.58,56.9229,2290.02,4934.03,74.4295,523.234497524771,359.801632153052,332.384851790812
4764.8,225.206,123.458,4687.82,195.372,86.441,4818,411.42,108,252.237131889815,193.66438442832,82.558996820456
-3396.06,5200.81,108.089,-3528.32,5173.25,81.6828,-3652.45,5118.1,70.3162,135.829965029812,269.400772456205,135.100929678519
-2754.2,7343.53,84.9725,-2863.02,7407.28,84.9693,-2785.73,7167.07,81.6396,252.338241651954,179.254769811015,126.118416180985
6295.86,5927.15,87.2738,6408.5,5967.69,80.5322,6388.25,5758.92,59.4274,209.749792371768,191.93031287423,119.713245716588
-6378.08,2807.11,95.9851,-6182.91,2860.95,83.7841,-6214.51,2581.84,69.6814,280.893132881528,278.391303384283,202.460056554373
-3682.22,-4273.68,80.1498,-3725.15,-4315.14,79.5316,-3894.57,-4098.3,66.3875,275.177619002709,275.40999782143,59.6817937062889
2669.93,-4673.08,84.8204,2794.63,-4708.35,69.6366,2785.96,-4738.12,81.2879,31.0068024794556,133.015647575765,129.591909083863
-1334.74,4147.46,115.085,-1488.77,4340.62,61.5389,-1541.55,3950.6,52.9795,393.575061201799,285.524492294444,247.054703456542
6132.08,-1333.79,86.9929,6147.39,-1411.03,73.4812,5977.46,-1342.9,55.671,183.078949636489,154.888141896015,78.7427056939245
7353.9,1266.16,139.82,7346.86,1142.19,71.7028,7309.09,1113.96,98.592,47.1540645119799,158.659308267747,124.16973262434
-4711.31,-2414.83,143.705,-4825.69,-2549.61,124.093,-4517.02,-2458.37,80.6995,321.872500378643,199.108853896556,176.77226253007
5333.45,1317.07,118.72,5290.94,1208.53,66.2735,5479.83,1533.75,60.7163,376.095041844479,261.490586446243,116.567712939733
2176.91,-7016.59,151.917,2233.69,-6933.03,58.6673,2150.19,-7146.82,72.996,229.51778602104,132.942887361453,101.025947162103
-5231,-6795.99,92.9608,-5331.94,-6927.08,84.7007,-5374.12,-6965.95,153.591,57.3587770092775,222.193015191747,165.44930250684
5716.12,-7123.88,81.7372,5675.33,-7209.42,71.2116,5666.47,-6942.38,100.584,267.186940549122,188.168468399995,94.7676933348068
2519.74,5085,128.923,2465.06,5016.57,60.5567,2541.15,4922.92,116.053,120.664868955301,163.48796438882,87.5931920870568
4914.18,-4242.18,109.639,4880.44,-4214.81,66.8355,4809.97,-4256.68,150.706,81.9702250820376,105.213944418029,43.4454197816069
2576.85,-7422.36,107.801,2898.7,-7302.39,97.6863,2920.72,-7537.81,86.6075,236.447577276656,362.733069074216,343.482493585917
-5850.83,-6088.5,165.536,-5912.66,-5966.23,102.17,-5664.01,-6127.31,57.0881,296.266077875953,190.80861746787,137.014239405983
4761.48,-606.32,83.0287,4816.38,-691.667,158.699,4987.38,-608.179,154.527,190.29252781967,225.907649009502,101.479655148212
-6973.75,-3790.7,95.4316,-7037.73,-3509.44,57.5758,-6712.25,-3970.45,88.82,564.329204011275,317.320520136974,288.4451906342
-7105.98,5010.98,91.606,-7213.75,5031.35,69.5268,-7380.31,4980.37,67.0658,174.187238338519,276.03246367049,109.678210233392
2145.51,7400.48,81.9404,2352.24,7276.65,101.935,2423.64,7353.37,107.292,104.804190755905,282.091561376798,240.979587932256
3758.39,5159.7,103.873,3762.25,5084.14,87.8203,3799.4,5248.02,75.1464,168.038022185457,97.3768067868326,75.6585302527079
-6169.15,-1906.33,85.6577,-6098.63,-1770.16,117.188,-6166.4,-1635.08,80.2244,151.127030342027,271.263939733979,153.34712028597
-1073.34,5914.77,94.4326,-1201.38,5938.87,137.965,-816.041,5967.64,103.449,386.411513571995,262.67472718364,130.288340230429
1573,-6740.69,139.093,1490.19,-6664.47,67.7135,1788.47,-6872,61.5459,363.372617708049,252.328430819835,112.547698777007
2430.44,-7030.56,126.207,2587.31,-6983.73,62.0403,2233.69,-6933.03,58.6673,357.236048572929,219.596592414364,163.710860360576
6536.84,754.287,91.6564,6300.85,736.446,58.2773,6300.79,934.987,112.19,198.541009066137,297.274439701768,236.663434820421
6660.68,6372.64,83.1837,6687.91,6350.88,59.6528,6733.81,6664.78,161.538,317.238112464439,301.154074353975,34.8564269540064
4699.71,-6001.57,95.3334,4505.74,-6161.09,58.7715,5004.21,-6191.61,165.021,499.403455434582,358.936556511036,251.139386198183
-6154.04,-5507.7,114.755,-6392.73,-5634.03,79.1003,-6045.78,-5249.57,101.97,517.864648436249,279.913065968704,270.05959527482
5316.19,-6648.45,150.95,5355.58,-6613.55,89.8668,5278.33,-6598.47,135.315,78.7081247394448,62.7007176992411,52.6268192084606
4139.21,-1245.2,84.5532,4331.15,-1154.86,92.8122,4090.24,-1501.29,85.9242,421.961340646273,260.73003087485,212.137406413862
-1668.01,6060.12,214.12,-1497.63,5920.64,57.2795,-1614.15,6354.73,65.6553,449.456381087197,299.492824121046,220.190859937464
7153.65,-4903.48,84.1491,7124.22,-4905.17,77.1462,6965.02,-4757.51,61.1284,217.136168336829,238.513139679975,29.4784836787777
-271.683,-6432.41,103.913,-45.6634,-6199.11,60.1552,71.4131,-6392.81,161.287,226.332933644775,345.373846484082,324.828800422869
6912,673.925,162.326,6902.73,581.716,73.7809,6842.03,932.556,141.054,356.05223717876,267.9287126476,92.6737966255834
7382.59,2885.39,110.562,7409.39,2970.8,67.4445,7545.88,2883,80.5638,162.290973562919,163.30748972414,89.5159656150793
-5308.7,254.836,118.277,-5352.47,173.279,109.46,-5502.96,85.6279,64.0579,174.154975327178,257.62051297521,92.5600191713466
-7495.54,2679.08,102.296,-7433.48,2579.29,82.6057,-7474.92,2485.4,121.789,102.628483862912,194.774553779491,117.513776639167
6634.95,-395.644,83.6832,6637.35,-370.249,160.106,6505.12,-327.523,69.4267,138.961447804778,146.616163982693,25.5081560486054
7260.56,5418.65,124.548,7033.62,5252.05,77.7753,7080.59,5189.84,74.9436,77.9504008969808,291.106882433239,281.526772439141
-752.669,5114.6,106.966,-665.529,5051.42,81.6146,-832.159,5241.7,61.6697,252.926936683304,149.910206790598,107.634065239589
7378.77,5872.29,87.9354,7161.43,5875.91,66.0529,7338.03,6104.45,211.34,288.821902909041,235.707473789017,217.370145144176
6090.89,3110.28,188.942,6130.61,3002.18,79.2623,6212.65,3129.06,68.7748,151.093004470756,123.19978084396,115.166350988472
-1752.31,7453.22,114.431,-1729.77,7352.63,142.617,-1840.07,7072.22,80.3798,301.323510699049,390.976748157739,103.084429959136
6408.5,5967.69,80.5322,6503.65,5992.8,69.0448,6295.86,5927.15,87.2738,217.914218443864,119.713245716588,98.4074926009192
1204.79,5122.38,91.0159,1216.26,4886.38,67.7166,1094.09,4867.43,77.1278,123.630948390765,277.9460244364,236.278566315271
-3854.69,-1983.45,97.9653,-3715.31,-2133.15,68.85,-3958.54,-2215.72,59.6112,256.863072083163,254.429116651377,204.540642416122
-3780.96,-6505.51,100.768,-3797.51,-6553.97,165.167,-3976.99,-6412.3,163.202,228.65576594523,217.061892095319,51.2081448599733
-6699.29,4516.49,90.319,-6648.06,4306.03,89.6339,-6580.29,4259.96,61.0718,81.946432503191,282.787271460368,216.605458149143
-743.844,7018.13,81.4862,-753.784,7147.47,61.2271,-559.06,6976.39,86.041,259.202242613755,189.439579433655,129.721390680181
-3358.96,-6842.33,169.519,-3489.94,-6854.76,73.5844,-3186.82,-6698.01,67.0781,341.251076042259,224.634017904679,131.568481407973
7322.19,-7553.15,82.7829,7158.94,-7388.15,102.193,7223.8,-7335.55,60.7078,83.5079612971124,238.810284745024,232.111099476091
6598.49,3972.23,79.4015,6651.8,3940.47,127.113,6745.63,3926.96,57.4803,94.7976212781733,153.946589764113,62.0536356710874
1562.52,5428.46,82.4033,1824.9,5393.58,83.7703,1842.87,5649.91,121.273,256.95912087334,357.262123657126,264.688267212584
-2052.03,-4002.29,126.515,-2113.39,-3936.89,81.6912,-1771.7,-4185.38,95.8346,422.491817908939,334.823620731872,89.6783675141334
5372.6,6644.66,94.4405,5260.32,6699,93.504,5339.91,6417.51,91.8943,292.525534270087,229.4902146062,124.738261972821
3963.37,2122.48,82.2651,3947.52,2126.78,113.802,3848.07,2088.64,70.3808,106.512732102787,120.163370458722,16.4229260486674
-4179.81,-1328.77,98.0597,-4243.07,-1302.95,59.0947,-4007.47,-1498.35,69.3034,306.085804963249,241.781827274095,68.3264224147577
3350.41,4880.22,83.9123,3357.9,4878.58,144.16,3588.87,4946.18,81.652,240.659304619622,247.414415909825,7.66744416347485
5798.59,-1309.17,123.271,5834.52,-1299.8,176.692,5678.13,-1388.99,90.8972,180.035241550092,144.505515465673,37.1316818902676
-5610.41,-1578.97,209.264,-5715.49,-1274.11,233.536,-5669.53,-1939.23,121.888,666.706034170983,365.078679191212,322.461510881532
-5183.96,1349.24,149.252,-5091.48,1289.45,65.7088,-5236.83,1540.74,291.008,290.298616255745,198.664256724757,110.124450055381
-1349.95,-4572.72,87.5101,-1252.88,-4602.68,92.9899,-1505.53,-4828.22,54.4981,338.674348157636,299.141081097197,101.588318718246
4959.37,-5594,85.5485,4833.14,-5603.29,74.2665,5171.42,-5928.5,61.4362,469.249296749606,396.049810629926,126.571390922277
-6401.71,-3382.99,124.309,-6343.77,-3688.41,58.7789,-6206.44,-3136.36,73.4466,568.874969918698,314.57388607448,310.86720637597
4169.14,7339.06,77.4165,4010.66,7130.01,75.0311,4350.2,7569.29,57.7893,555.206565162913,292.896870075458,262.331494296816
1861.55,4357.45,82.0894,1877.79,4167.61,63.2383,1582.55,4414.89,150.025,385.115639775899,284.851458834249,190.533365057147
-4606.86,-945.704,107.543,-4666.29,-982.064,65.4452,-4693.15,-997.363,118.844,30.9114703791325,100.571449134434,69.6704707892808
4206.58,-2903.28,225.938,4303.85,-2817.09,81.9114,4104.06,-2818.26,149.291,199.793425817768,133.186901758393,129.962182961045
-4966.3,1326.77,100.08,-5091.48,1289.45,65.7088,-5183.96,1349.24,149.252,110.124450055381,218.816764668523,130.624709760442
6755.5,1532.4,89.7613,6897.5,1497.29,58.4271,6742.04,1794.58,70.9857,335.483465613434,262.525282591982,146.276150140753
4091.63,-3053.21,144.759,4206.58,-2903.28,225.938,4239.9,-3178.5,76.0115,277.229635500969,194.117430953534,188.924607714294
2559.73,5634.88,79.0173,2380.64,5516.23,72.8479,2340.18,5765.64,59.0562,252.670456721795,255.539390505652,214.827955815811
-5205.16,-4736.54,113.105,-5185.17,-4863.03,74.1272,-5258.78,-4940.46,144.038,106.835560559207,210.851774476764,128.059830548068
-5973.64,-4423.73,76.8218,-5788.91,-4268.51,73.3741,-6185.82,-4548.92,103.556,485.97048902171,246.359267128314,241.284937988263
-4695.81,7150.06,145.321,-4767.16,7040.11,84.6009,-4589.2,7007.21,72.343,180.975610511472,178.246499544872,131.071831451308
697.91,4877.38,100.504,808.385,4947.97,174.66,516.976,4937.21,107.997,291.607583716542,190.569518171191,131.101768580748
3744.65,1232.53,83.9149,3608.65,1280.53,103.33,3896.07,1202.32,70.247,297.870878905609,154.404211406296,144.22205101856
1116.36,6971.94,84.0073,1051.5,6872.08,88.9294,948.884,7087.32,180.092,238.449787284451,203.37343724292,119.074931030843
5617.62,-6620.78,114.626,5568.2,-6625.28,67.1646,5569.73,-6684.14,66.7309,58.8798819631975,79.4225515832884,49.6244536493855
-3927.11,-5252.36,99.924,-3825.66,-5178.93,71.1995,-3851.44,-5465.88,66.5528,288.105728683065,226.531982951636,125.236046727769
4600.41,6134.65,111.745,4365.61,6003.71,82.2183,4357.25,6004.87,85.7846,8.44009478619726,275.625895009884,268.842562850453
7060.33,1284.42,86.4439,7171.33,1317.92,90.8377,7203.67,1148.76,71.8229,172.223637169815,197.357521265342,115.945030078913
6223.98,1660.5,83.8945,6181.32,1641.04,123.198,6068.79,1746.82,90.8226,154.442252314579,177.581188474455,46.8888814112684
5045.97,-4913.67,90.5421,4986.17,-5047.52,72.2157,5226.29,-4865.37,89.2468,301.390505656698,186.676705563388,146.601031715333
5856.42,-923.56,89.072,5830.67,-961.313,62.7237,5791.88,-1109.02,69.5744,152.715493480524,196.369099402121,45.6984847560617
-6392.73,-5634.03,79.1003,-6154.04,-5507.7,114.755,-6400.8,-5922.8,66.5685,482.906313481197,288.882740571326,270.05959527482
-3976.99,-6412.3,163.202,-3780.96,-6505.51,100.768,-3997.69,-6629.39,54.3208,249.63602965117,218.074661756014,217.061892095319
-3624.4,-7065.51,149.881,-3748.15,-7130.46,56.9116,-3489.94,-6854.76,73.5844,377.733893237025,249.990108004297,139.758953201575
-4943.85,3056.25,110.371,-5037.65,2970.73,90.3258,-5177.23,3067.89,85.8581,170.066581079294,233.670096503595,126.933488095143
6717.78,-2850.29,82.587,6661.97,-2646.27,98.2032,6517.14,-3032.58,101.438,412.566534028149,271.083112163041,211.51575946014
1385.95,7295.34,124.783,1238.95,7458.95,97.3397,1298.97,7508.45,57.9112,77.7987814814602,230.176872209177,219.948248685912
-1325.27,-5285.02,130.327,-1237.81,-5318.45,106.833,-1288.97,-5433.96,138.814,126.332520357982,153.299750815192,93.6312794956897
-7258.9,7080.18,178.114,-7319.73,7239.18,62.4797,-7200.88,6871.22,81.4256,386.678010882439,216.865400652109,170.238917113567
6796.45,-5388.27,133.763,6806.22,-5364.11,102.899,6789.19,-5182.88,56.5111,182.028387346589,205.518270963922,26.0606695999939
-1450.1,-6013.6,98.1591,-1791.03,-5879.39,66.1775,-1606.94,-5674.29,83.3767,275.599597423509,373.804844404136,366.395399807367
2567.02,7317.05,84.3666,2423.64,7353.37,107.292,2565.42,7144.04,66.1368,252.825270295515,173.017398258094,147.908643425596
-4932.71,-987.693,147.911,-4888.35,-892.399,66.4471,-4830.29,-1037.58,220.353,156.360117552399,113.923523334735,105.113063108255
6152.24,-292.141,84.1228,6210.19,-316.369,55.4766,6049.89,-342.827,64.2724,162.468814743014,114.212928760276,62.8108150241659
-4598.78,-2660.49,81.5032,-4517.02,-2458.37,80.6995,-4778.64,-2787.98,70.0458,420.817985000641,220.461605954416,218.030254781303
-4244.96,-3394.11,84.0454,-4222.95,-3294.61,80.0527,-4358.08,-3634.56,78.9081,365.822524456874,265.72981936546,101.905299665915
-17.6907,6246.02,108.23,-189.712,6237.13,62.1176,180.508,6133.08,53.9776,384.563715007019,228.118759162174,172.250862853252
3428.22,-4927.22,83.1621,3607.06,-4780.61,80.9313,3496.31,-4666.6,246.069,158.946036754616,269.367838651907,231.253622025689
-3371.74,-4360.81,76.9789,-3101.22,-4307.84,121.458,-3682.22,-4273.68,80.1498,582.003355316789,322.473979260343,275.657198890216
5350.51,-4383.12,113.304,5426.97,-4242.88,85.2367,5208.04,-4270.91,104.309,220.717071836322,181.352653688883,159.729111936428
6535.75,-174.889,82.5911,6505.12,-327.523,69.4267,6399.19,-74.9228,71.0526,273.91244210521,169.239105240013,155.677020963275
-418.106,-7338.31,84.431,-508.16,-7022.06,123.463,-44.0974,-7432.19,56.9878,619.322786290606,385.611056991316,328.82181408173
-4712.59,-5732.74,82.0075,-4773.46,-5855.35,161.096,-4805.48,-5358.61,129.781,497.770939288344,385.489051725208,136.888162380829
-3602.52,-6124.37,85.6986,-3636.9,-6198.15,71.2791,-3425.17,-6218.42,71.7797,212.69806252056,200.744676143603,81.3970073159939
-7434.43,-5340.24,107.901,-7279.65,-5510.99,110.459,-7370.53,-5116.47,69.1025,404.852077677761,232.714896171259,230.461300221968
-2078.05,5568.21,115.293,-2100.29,5450.79,97.0236,-1906.87,5550.04,81.1895,217.39792754302,172.141631513124,119.507631555479
5355.58,-6613.55,89.8668,5316.19,-6648.45,150.95,5278.33,-6598.47,135.315,62.7007176992411,78.7081247394448,52.6268192084606
-2096.34,4690.37,76.0294,-2045.12,4627.56,211.002,-2005.49,4659.8,80.936,51.0877137871717,95.8553462254454,81.0468043787043
754.592,7102.33,94.4306,807.884,7212.77,76.1788,948.884,7087.32,180.092,188.729177659418,194.870935144264,122.625571819258
3302.15,7097.96,89.2137,3315.44,7275.28,169.563,3505.92,7197.58,130.241,205.718060461399,226.817894576244,177.81734026804
5807.95,-3437.14,152.782,5675.79,-3375.25,73.995,5957.82,-3355.48,56.0527,282.722078727502,170.67329170084,145.93367568865
-7042.88,-6013.19,75.8571,-7178.6,-6130.83,70.6965,-6857.54,-6120.91,94.6169,321.213215792875,214.370039884309,179.608151262687
-5331.94,-6927.08,84.7007,-5374.12,-6965.95,153.591,-5231,-6795.99,92.9608,222.193015191747,165.44930250684,57.3587770092775
338.095,-7439.37,85.8848,263.063,-7493.67,110.633,178.351,-7451.78,71.66,94.5034128695891,160.225321457003,92.6190640419132
1833.64,-7494.51,101.652,1973.43,-7426.56,70.3578,2010.22,-7454.91,73.6531,46.4459535374177,180.965898444983,155.429876793363
6669.53,1059.07,89.844,6701.44,1167.13,85.8459,6528.8,1141.08,62.1348,174.594307180961,162.882083115363,112.673030047124
-3530.53,4739.96,80.7967,-3472.41,4789.93,67.269,-3370.59,4822.14,91.198,106.793241827374,179.817563102162,76.6481265263546
-4174.64,1042.82,131.071,-4238.61,1118.91,60.7058,-4273.78,931.239,79.7993,190.9380348202,149.261713647539,99.4074896574697
4248.39,3892.1,87.4629,3970.79,3960.75,157.033,3914.62,3838.03,85.4806,134.963948149126,338.121247188047,285.962554366827
-4767.16,7040.11,84.6009,-4695.81,7150.06,145.321,-4589.2,7007.21,72.343,178.246499544872,180.975610511472,131.071831451308
5837.85,-6573.83,136.504,5808.24,-6643.66,84.0785,5840.42,-6418.5,83.9013,227.447967676126,155.351259409121,75.8484080254821
2810.92,-6194.93,85.304,2744.9,-6106.83,96.061,2931.75,-6123.01,87.5557,187.54923326956,140.614278435726,110.092008792646
6214.96,-3458.27,89.4927,6245.87,-3523.81,86.9891,6090.28,-3519.28,74.7443,155.65593146424,138.806781174408,72.4632299859728
-5376.92,5948.25,79.3313,-5476.72,5881.11,88.4614,-5286.32,6053.81,120.965,257.05534423544,139.108855217776,120.282249729543
1153.47,-6350.68,162.451,1356.75,-6299.81,80.8945,922.285,-6196.1,89.7945,446.671691877827,278.103363203324,209.548360289457
5002.34,-2414.85,77.1978,4951.68,-2554.67,77.0491,4846.74,-2483.93,100.659,126.556513858435,170.245136200715,148.714720185999
5575.48,-1597.9,153.157,5678.13,-1388.99,90.8972,5651.46,-1861.87,92.1515,473.631484700922,274.687315506195,232.766858895334
-4201.48,5559.47,78.7956,-4158.29,5313.08,84.3876,-3973.73,5687.06,154.477,417.041285726006,261.05415261972,250.146773315188
4670.31,5408.58,84.1711,4578.23,5393.37,59.3434,4781.56,5361.5,91.0709,205.812501563924,120.801858015512,93.3277584644577
7346.12,3129.82,150.561,7280.72,3145.51,69.5515,7409.39,2970.8,67.4445,216.978231627046,171.144539205901,67.2557514269222
-1373.91,6603.14,93.2477,-1484.08,6648.89,63.6561,-1346.77,6401.41,88.2458,283.020116776176,203.547469893389,119.291623343804
-7481.72,-4986.8,107.99,-7370.53,-5116.47,69.1025,-7393.03,-4813.32,109.478,303.983835918952,194.836409585068,170.814299752685
4199.64,2647.12,95.8832,4381.26,2593.93,105.697,4068.22,2440.49,112.078,348.622826561888,244.881957889919,189.248515185721
3785.12,-5773.86,81.5811,3771.41,-5730.51,104.133,3645.89,-5756.38,61.457,128.158211988152,140.322996333459,45.4663238012483
-5352.47,173.279,109.46,-5308.7,254.836,118.277,-5502.96,85.6279,64.0579,257.62051297521,174.154975327178,92.5600191713466
5226.46,-1233.27,137.906,5227.86,-1116.38,142.8,5364.85,-1337.89,62.0141,260.44757668291,173.48526306289,116.898383650074
-4046.26,-5790.48,86.0161,-3978.46,-5946.99,62.8694,-4031.42,-6147.59,84.137,207.473182845398,357.418211203627,170.564416277253
2920.72,-7537.81,86.6075,3066.22,-7439.07,71.69,2898.7,-7302.39,97.6863,216.204469889038,236.447577276656,175.840375340819
3530.32,3775.65,126.658,3246.96,3749.2,65.47,3784.56,3907.32,66.1447,560.371032798806,286.312707541946,284.591799073691
3997.08,802.908,82.4715,3967.71,785.123,54.5261,3944.1,674.598,78.704,113.018616718663,138.817637568142,34.3351587297917
-6453.17,-304.41,86.3092,-6292,-208.95,110.786,-6043.63,-512.08,70.9305,391.887042143524,459.183885279089,187.318927233742
4816.38,-691.667,158.699,4761.48,-606.32,83.0287,4987.38,-608.179,154.527,225.907649009502,190.29252781967,101.479655148212
-2461.47,-3716.83,129.854,-2529.98,-3898.39,61.2345,-2510.93,-3910.03,74.6474,22.3246970864112,199.430518226274,194.055800480171
409.033,5938.41,89.6479,290.963,5854.33,62.5395,180.508,6133.08,53.9776,299.836404602577,300.200074158885,144.948167632433
-3417.2,7240.41,134.57,-3403.98,7483.76,64.7136,-3185.13,7122.87,173.534,422.062690367201,260.138687049812,243.708824009309
-901.301,7272.67,115.965,-742.972,7326.73,77.8464,-739.111,7357.52,64.427,31.0311363149991,183.044034592772,167.303783104268
-4985.32,-1705.42,74.6423,-4921.12,-1672.86,66.1998,-4992.99,-1582.86,57.6029,115.175070653332,122.799765879256,71.98467614708
4089.68,6222.71,85.1469,4029.93,6173.68,74.865,3962.83,6212.39,55.8379,77.4653090099045,127.269104263368,77.2916774303675
3125.83,-6196.7,114.144,3049.44,-6163.07,60.7848,3023.65,-6065.02,77.8117,101.385041302945,166.674457551239,83.4650166237328
-4989.58,7373.78,110.605,-5000.95,7159.81,65.095,-4673.28,7524.82,76.625,490.509866363562,350.512156137273,214.271878229505
-816.041,5967.64,103.449,-789.258,6081.19,76.0064,-583.638,5857.9,52.2337,303.542432783293,257.00977025981,116.665897283653
-3797.51,-6553.97,165.167,-3780.96,-6505.51,100.768,-3997.69,-6629.39,54.3208,249.63602965117,213.916359355707,51.2081448599733
-665.529,5051.42,81.6146,-752.669,5114.6,106.966,-559.779,5097.74,84.4111,193.625441768379,115.449577305419,107.634065239589
6036.64,4219.54,92.7697,6214.6,3972.72,75.2607,5664.19,4196.95,150.436,594.331776872145,373.134440383088,304.28584258884
2928.41,-4798.34,114.885,2785.96,-4738.12,81.2879,2794.63,-4708.35,69.6366,31.0068024794556,161.230544562747,154.655911299892
4193.78,6061.39,129.046,4168.5,5926.87,137.425,4357.25,6004.87,85.7846,204.231639321629,172.965173662215,136.874792419934
6251.12,187.804,82.753,6227.68,61.6092,89.6341,6069.71,117.208,89.0898,167.468646204118,194.662228786172,128.353266990132
6471.76,-6269.87,88.0506,6529.68,-6257.82,83.9489,6531.45,-6126.16,53.3324,131.671897153493,155.613174892102,59.1601969232694
4019.84,130.762,88.5597,4032.51,206.404,86.2822,4089.21,248.808,94.4541,70.8024661717371,136.919885392882,76.6957695313112
-7200.88,6871.22,81.4256,-7258.9,7080.18,178.114,-7133.83,6546.7,68.2771,547.944719200761,331.374309354241,216.865400652109
-3441.71,-5916.33,142.663,-3602.52,-6124.37,85.6986,-3425.17,-6218.42,71.7797,200.744676143603,302.542459334223,262.945807534556
-6735.74,-5724.89,166.932,-6744.12,-5873.19,63.0709,-7076.32,-5673.59,92.1307,387.552577078259,344.421872708456,148.536575966998
5504.03,4523.74,178.728,5533.76,4469.82,144.377,5567.04,4486.33,95.4148,37.150215342579,73.2787022264997,61.5730403667062
-3252.22,-5121.44,107.917,-3094.35,-5117.67,140.133,-3407.23,-5154.95,101.551,315.093149401887,158.590731759457,157.91500815312
-5739.61,-2266.33,84.2981,-5821.79,-2283.17,106.752,-5580.64,-2324.47,63.0949,244.661015488777,169.268191046043,83.8876510578288
-1584.43,-6487.14,77.1865,-1736.99,-6554.72,88.3417,-1798.04,-6538.5,67.3225,63.1679578583953,219.697705267943,166.858053446635
-5441.48,830.653,79.1396,-5529.17,807.532,59.5718,-5384.63,941.277,77.2789,196.925205661947,124.376814061142,90.6869160408495
6700.93,-5968.23,77.4737,6671.53,-5868.3,52.8512,6718.2,-5836.04,67.0534,56.734438395035,133.313348919003,104.165084841322
6520.96,-4782.28,82.9278,6432.17,-4838.91,248.153,6320.45,-4818.33,58.9246,113.599713027807,203.724968032885,105.312017357945
-2039.2,5906.15,100.124,-1995.01,5861.4,55.1255,-2078.05,5568.21,115.293,304.722853918113,340.165792077922,62.8913237259322
-4604.38,-4932.84,112.6,-4694.33,-4896.25,100.234,-4632.93,-4724.9,59.679,182.018632288016,209.890795653359,97.1073148635054
-6622.17,7426.59,131.158,-6733.22,7343.82,167.29,-6291.98,7458.96,63.0674,456.015303690568,331.772893708935,138.502618747806
1051.5,6872.08,88.9294,1116.36,6971.94,84.0073,1160.87,6679.07,75.7346,296.23297757002,221.843767097478,119.074931030843
-3557.8,6197.67,93.8056,-3813.81,6164.77,70.3218,-3766.03,6463.85,200.701,302.872538867425,337.951957088578,258.115342628058
1132.29,7500.44,76.3328,1238.95,7458.95,97.3397,1298.97,7508.45,57.9112,77.7987814814602,166.872353911605,114.445514110427
3483.93,-6470.46,81.5232,3435.36,-6511.9,74.2377,3375.69,-6474.46,57.1399,70.4433282859348,108.313884613192,63.8460531278163
7387.38,-4164.84,76.2,7401.85,-4141.86,107.167,7326.24,-4098.14,58.2183,87.3401997936805,90.4819849472812,27.1562386938992
-6805.7,690.369,84.2808,-6464.16,720.601,148.258,-6426.11,686.771,98.1316,50.9143535753918,379.607051704786,342.875408018715
-7253.85,5753.93,222.772,-7397.46,5774.26,62.2911,-7400.33,5819.45,101.84,45.2810445992577,160.465762080264,145.041859475118
605.776,-4106.57,187.052,623.437,-4056.41,66.5769,770.823,-4146.21,77.3,172.588160068992,169.740513163476,53.1783463545077
7051.37,-2746.67,101.539,7003.96,-2958.9,139.031,6717.78,-2850.29,82.587,306.096593414563,349.312743111384,217.460987305769
-4344.96,-7244.2,73.2582,-4240.49,-7181.88,72.2814,-4461.63,-6918.64,71.5751,343.799646887544,345.834067870705,121.646057478243
-6738.67,2848.33,83.3433,-6704.42,2941.8,59.1026,-6818.6,2965.41,78.291,116.595473754345,141.762235098068,99.5474931879254
-5097.43,-2585.61,74.3007,-5060.23,-2450.22,52.4814,-5291.25,-2492.97,59.6356,234.942126703578,214.821698159194,140.407592743413
4355.89,-2359.55,86.2316,4229.42,-2233.18,78.5404,4175.45,-2149.44,92.4393,99.6250395232042,276.956324535116,178.784892538492
807.884,7212.77,76.1788,754.592,7102.33,94.4306,948.884,7087.32,180.092,194.870935144264,188.729177659418,122.625571819258
-5223.19,910.217,85.2214,-5384.63,941.277,77.2789,-5051.17,767.972,80.4465,375.806059856677,223.214068609037,164.40072140961
6359.11,-6927.08,87.3352,6134.16,-7037.56,56.0376,6601.49,-7110.89,76.5831,473.048219318073,304.194313720688,250.615907116847
-7393.03,-4813.32,109.478,-7292.76,-4663.54,157.912,-7481.72,-4986.8,107.99,374.436789324981,194.836409585068,180.244615176154
-6540.61,6941.01,80.8495,-6454.15,6891.41,74.9218,-6305.72,7007.56,77.9052,188.473572152702,244.135647950068,99.6769361487403
-7357.82,2057.57,86.3751,-7405.41,2032.76,93.7608,-7408.66,2166.08,73.727,133.359607452931,119.829569389195,53.6688382583415
3944.1,674.598,78.704,3967.71,785.123,54.5261,3997.08,802.908,82.4715,34.3351587297917,138.817637568142,113.018616718663
-5736.14,-2062.25,105.34,-5669.53,-1939.23,121.888,-5739.61,-2266.33,84.2981,334.52296841921,204.109498309118,139.895720091789
4032.51,206.404,86.2822,4089.21,248.808,94.4541,4019.84,130.762,88.5597,136.919885392882,76.6957695313112,70.8024661717371
7043.1,-6620.02,103.594,7023.44,-6732.22,65.0148,7196.1,-6753.51,76.3077,173.967639806949,203.048221120009,113.909418399007
7352.82,-1215.25,75.1571,7429.88,-1245.79,78.5077,7539.52,-1239.48,57.0175,109.821426415796,188.265724177292,82.8911044684534
6182.87,2000.28,82.7553,6297.56,2027.73,68.7665,6335.71,2020.29,80.6774,38.8687033485808,154.144301548906,117.929210122005
-1888.3,6555.56,104.864,-1595.34,6571.14,68.7863,-1597.36,6465.25,65.8611,105.909265411484,304.634173559041,293.373989985479
-4574.81,47.4414,121.38,-4538.49,90.8542,64.0201,-4388.03,154.526,91.6746,163.37781279978,215.299512208366,56.6022402722723
-3553.16,3923.78,87.6713,-3447.48,4057.48,64.6054,-3629.95,3720.71,114.323,383.026544510952,217.10395896897,170.422863489615
-4928.7,-4753.33,89.1452,-4849.17,-4841.12,59.5212,-4940.33,-4560.3,72.8737,295.245690908436,193.380034646806,118.457186358616
-4848.88,-3569.36,85.4812,-4939.89,-3681.8,62.5376,-4657.89,-3431.77,83.6617,376.880618896754,235.38943944026,144.656744398594
3864.39,4625.43,155.439,3864.85,4760,89.5654,3588.87,4946.18,81.652,332.908324918438,422.837832862671,134.570786205625
4239.93,-5938.76,102.738,4256.46,-5931.24,64.533,4011.59,-5829.7,68.1051,265.088076872574,253.04789902309,18.1601569376478
-4924.96,-4033.41,83.4231,-4777.86,-3894.08,61.1242,-4730.32,-3942.55,78.941,67.8925069503257,214.802861247238,202.611102607927
5728,-4474.17,99.8894,5459.35,-4644.25,63.2355,6039.9,-4270.1,109.65,690.671068599228,372.728017326307,317.962307357334
-4224.08,3771.62,160.198,-4098.29,3608.31,74.3664,-4102.14,4150.7,84.0364,542.403663888805,398.209756284298,206.138982727673
6214.6,3972.72,75.2607,6416.33,3821.07,135.817,6397.56,3742.13,87.8898,81.1408435992626,294.357112535097,252.374157551838
4029.93,6173.68,74.865,4089.68,6222.71,85.1469,3962.83,6212.39,55.8379,127.269104263368,77.4653090099045,77.2916774303675
-2426.13,-4095.94,89.5084,-2510.93,-3910.03,74.6474,-2529.98,-3898.39,61.2345,22.3246970864112,223.183388718784,204.336898527897
1686.57,-5216.29,77.8797,1707.12,-5289.56,76.9259,1804.38,-5207.09,61.6618,127.517875217556,118.168676475621,76.097275903938
5245.76,-876.793,74.209,5335.28,-848.827,67.0773,5095.36,-951.657,122.72,261.027997157393,168.002316936405,93.7866064851475
5023.56,3072.42,84.5475,5093.89,2900.38,77.1818,4939.53,3259.8,87.4622,391.164602181742,205.358966933514,185.860352146443
-6492.72,5410.62,81.7946,-6330.25,5545.56,67.1996,-6696.42,5262.84,70.5884,462.613302121762,251.65972740985,211.199679213772
-473.619,7261.84,73.2294,-554.29,7481.74,83.8364,-742.972,7326.73,77.8464,244.190493721603,277.059110496298,234.230271828813
2854.41,-4143.97,76.8657,2910.92,-4311.53,53.1528,2753.59,-4428.97,169.253,196.328506590358,302.307248341815,176.832501820225
1208.34,-5235.76,83.2723,1060.72,-5192.29,55.4208,894.522,-5142.84,71.385,173.398609290847,327.285599322671,153.887313642158
5577.61,4741.28,112.704,5504.03,4523.74,178.728,5567.04,4486.33,95.4148,73.2787022264997,255.169017319893,229.646833202637
-4288.62,5938.32,78.1285,-4186.4,5867.66,71.0124,-4366.36,5825.02,76.185,184.942615965061,137.40595911386,124.264894479495
-6818.6,2965.41,78.291,-6704.42,2941.8,59.1026,-6738.67,2848.33,83.3433,99.5474931879254,141.762235098068,116.595473754345
-3767.08,3325.24,190.642,-3744.61,3158.34,80.6723,-3930.5,3417.37,61.6783,318.828532286557,187.6007284101,168.405792358814
3496.31,-4666.6,246.069,3607.06,-4780.61,80.9313,3428.22,-4927.22,83.1621,231.253622025689,269.367838651907,158.946036754616
-2151.53,5134.35,216.049,-1929.13,5129.01,82.3402,-1955.48,4960.58,87.3014,170.478700722407,261.976364201048,222.464099575639
4809.97,-4256.68,150.706,4880.44,-4214.81,66.8355,4744.13,-4193.76,85.6281,137.925772065992,91.0704782023243,81.9702250820376
419.835,-7289.08,125.654,338.095,-7439.37,85.8848,263.063,-7493.67,110.633,92.6190640419132,257.748963303444,171.080424654605
7190.42,3046.73,78.7973,7280.72,3145.51,69.5515,7346.12,3129.82,150.561,67.2557514269222,176.483534926066,133.834145119996
-4373.55,839.015,81.02,-4273.78,931.239,79.7993,-4203.18,878.477,63.4884,88.1373283234744,174.880491604981,135.865076734237
-3489.94,-6854.76,73.5844,-3358.96,-6842.33,169.519,-3624.4,-7065.51,149.881,346.796346578219,249.990108004297,131.568481407973
-1029.38,-4234.32,76.7126,-1169.02,-4277.67,65.7591,-834.6,-4401.09,108.794,356.467716350303,256.420516534852,146.214062593172
7171.33,1317.92,90.8377,7060.33,1284.42,86.4439,7203.67,1148.76,71.8229,197.357521265342,172.223637169815,115.945030078913
6248.2,6924.77,186.263,6341.77,7076.73,100.124,6322.54,6748.66,70.9753,328.633105149192,191.157442177908,178.45780033386
-2609.09,-4968.23,73.398,-2470.77,-4886,71.5876,-2789.08,-4865.67,88.4437,318.958563139477,207.159247198863,160.916734058332
6130.61,3002.18,79.2623,6090.89,3110.28,188.942,6212.65,3129.06,68.7748,123.19978084396,151.093004470756,115.166350988472
-4037.8,2208.34,127.745,-3976.25,2126.54,83.9295,-4167.26,2204.87,66.9821,206.44710944937,129.506495976071,102.370125036556
-5173.78,-820.156,81.4373,-4966.64,-865.408,52.3106,-5193.36,-598.735,85.0568,350.023495395666,222.285032426837,212.025288831308
-5662.33,6267.13,90.8752,-5655.94,6302.78,52.1943,-5825.74,6109.23,131.122,257.475518253678,227.233884137028,36.218152907071
-3921.07,583.543,76.385,-3836.81,560.977,82.4068,-3883.96,784.543,87.1545,228.483870012743,204.397045233046,87.2294213898042
-4158.29,5313.08,84.3876,-4201.48,5559.47,78.7956,-4432.95,5336.67,158.825,321.275895298729,275.671187649344,250.146773315188
5142.51,6180.39,134.302,5339.91,6417.51,91.8943,5228.07,5859.94,67.0072,568.676085746535,331.675618790409,308.533068568022
4977.32,-5154.61,94.6651,4986.17,-5047.52,72.2157,5045.97,-4913.67,90.5421,146.601031715333,250.529251984673,107.455063165957
-1674,5490.46,72.3785,-1620.98,5520.49,77.5165,-1906.87,5550.04,81.1895,287.413107912635,240.370990970208,60.9337451663689
-7402.01,1326.38,86.4957,-7308.74,1516.69,108.967,-7310.14,1112.41,78.1568,404.282424055264,232.858879581604,211.936757076256
-5566.69,2374.69,73.5759,-5611.49,2506.39,101.335,-5812.7,2439.39,67.8225,212.071837121293,254.37572623975,139.111214501204
-5749.57,5567.11,82.997,-5829.78,5504.58,103.15,-5704.59,5472.91,51.146,129.133748493567,104.387932252727,101.703711830001
2904.88,5431.36,87.0367,2816.68,5181.71,104.78,2945.67,5717.55,89.9296,551.14691843464,289.082237780187,264.772284236851
-6206.44,-3136.36,73.4466,-6021.56,-3054.38,76.1505,-6401.71,-3382.99,124.309,502.492342827231,314.57388607448,202.240784215251
-3662.96,-5160.89,101.501,-3825.66,-5178.93,71.1995,-3558.95,-5024.84,133.214,308.022648842581,171.253270333737,163.697072667778
4360.06,-4862.96,82.4544,4598.1,-4875.69,75.9846,4397.68,-4482.42,67.3647,441.394913088041,382.39502611828,238.380147034102
6840.2,309.651,79.9,6720.1,124.377,80.1965,6902.73,581.716,73.7809,492.455762298503,279.158315521856,220.795074845432
-6648.06,4306.03,89.6339,-6580.29,4259.96,61.0718,-6477.27,4198.87,161.829,119.771067040416,201.624625728109,81.946432503191
-3865.19,7533.05,74.4292,-3855.08,7562.16,81.7898,-3765.09,7457.82,89.6208,137.786195607543,125.218061396909,30.8156486220878
7090.98,-4061.55,75.5201,7157.05,-4020.83,126.218,6874.04,-4008.45,73.3959,283.280646179721,223.344069990676,77.6103298536999
-7454.63,-316.254,74.5406,-7371.82,-367.262,72.2386,-7513.03,-478.943,84.5867,180.035857153513,172.853321405751,97.2589952857835
7092.1,-1744.81,80.0771,7198.67,-1559.91,58.7799,7339.58,-1821.6,56.268,297.215888202498,259.119768639909,213.41315540519
6433.63,-2991.96,77.0235,6517.14,-3032.58,101.438,6251.01,-3064.47,67.5666,268.033857935896,196.488586182506,92.8649799440027
-268.563,6622.05,88.0723,-141.832,6792.07,61.9177,-495.668,6718.25,87.4461,361.454433222225,246.639658256737,212.055527541726
-495.668,6718.25,87.4461,-268.563,6622.05,88.0723,-559.06,6976.39,86.041,458.197929511909,265.80971627087,246.639658256737
2704.03,4924.72,106.844,2541.15,4922.92,116.053,2895.08,5013.28,129.268,365.282595397043,210.577719856588,162.889945668847
-4031.42,-6147.59,84.137,-3978.46,-5946.99,62.8694,-3976.99,-6412.3,163.202,465.312321994594,270.248050871787,207.473182845398
-342.928,4692.5,77.4502,-209.974,4871.64,67.8223,-149.61,4515.62,75.8502,361.101167120795,262.027448035506,223.087215492058
5870.13,491.174,95.8,5775.71,502.808,71.9124,6026.38,506.555,73.3473,250.698003400506,157.005215394266,95.1340441482439
2177.45,6257.14,94.7563,2114.9,6271.42,73.2574,2205.91,6020.42,63.7114,266.990299636522,238.424684124778,64.1593399280257
-3473.3,4466.86,74.2103,-3530.53,4739.96,80.7967,-3742.02,4567.58,195.671,272.842233717583,286.975533451895,279.032046367438
6746.05,-4031.1,71.9552,6729.4,-3903.02,67.8433,6874.04,-4008.45,73.3959,178.986632182406,129.978700562823,129.15769005367
-5577.53,-2921.11,108.182,-5492.51,-3043.91,63.5152,-5449.56,-2687.56,145.383,358.928997156819,266.311703460437,149.359433582214
4987.38,-608.179,154.527,5133.1,-618.964,59.4233,4997.72,-459.174,194.065,209.429196866149,149.363334272505,146.11856358793
164.179,3771.77,73.795,-58.78,3520.52,68.51,552.484,3969.53,70.9519,758.454782960725,435.763457193235,335.912604974865
1288.52,-3793.79,134.247,1333.31,-3699.67,88.35,1382.17,-3896.07,75.893,202.386411599198,138.677759211779,104.233960396792
4085.69,-4262.03,87.2541,4157.41,-4034.49,53.9983,4397.68,-4482.42,67.3647,508.302034030949,381.981036440293,238.575375929705
4357.25,6004.87,85.7846,4365.61,6003.71,82.2183,4193.78,6061.39,129.046,181.252672532021,172.965173662215,8.44009478619726
-6182.91,2860.95,83.7841,-6066.55,2722.61,58.4659,-6378.08,2807.11,95.9851,322.786602726941,202.460056554373,180.76948083125
4712.44,1365.46,110.103,4591.42,1436.73,88.6035,4760.66,1190.74,197.573,298.585427809195,181.251887714308,140.446620820865
6428.9,-514.192,78.6937,6505.12,-327.523,69.4267,6634.95,-395.644,83.6832,146.616163982693,237.718806163921,201.630364680025
3662.67,-4434.45,117.316,3521.55,-4381.82,125.751,3666.93,-4270.82,83.8895,182.910755287927,163.685443763335,150.614645038256
338.303,-6092.82,139.746,439.49,-6036.25,112.703,321.679,-5961.64,63.7188,139.449215921066,132.229156300718,115.926588274649
6691.23,4926,185.845,6755.76,4904.4,66.7774,6535.39,5013.39,110.524,245.8490532827,178.670416409656,68.0491065334447
-7344.86,-6264.7,76.8407,-7378.51,-6351.48,54.776,-7227.49,-6338.26,95.526,151.597522407195,138.516390726874,93.0757266960618
4184.01,-6885.9,83.8173,4160.46,-6902.51,125.571,4314.01,-6970.91,64.8739,168.095694471929,155.327718389217,28.8183032116748
6883.39,-2264.87,100.483,6846.77,-2344.89,58.4945,6660.38,-2369.36,60.5063,187.989395977539,246.275496548073,88.0012772634579
5382.08,-178.893,95.7907,5442.19,-56.821,75.1749,5297.58,18.4544,90.8371,163.028948181481,214.677074432181,136.069046017086
-307.266,6143.03,78.8676,-405.74,6119.34,63.5888,-305.651,6278.77,94.9688,188.243812171875,135.749607089671,101.283487183252
-855.11,3794.22,79.5364,-717.899,3742.29,170.532,-620.675,3942.3,86.6698,222.388188256481,277.285873468159,146.709179743464
-5878.77,-7185.55,83.761,-5969.35,-7166.83,74.9335,-6076.07,-7194.71,73.2004,110.30164459336,197.512520109485,92.4941879255124
-3161.22,4076.75,86.0327,-3156.36,4100.22,59.9417,-3447.48,4057.48,64.6054,294.24065320754,286.907860645191,23.9679056239799
-2958.1,5689.75,77.6315,-2726.65,5692.67,119.594,-3126.97,6031.72,58.4778,524.605570786281,381.392917868175,231.468418796172
5426.97,-4242.88,85.2367,5350.51,-4383.12,113.304,5208.04,-4270.91,104.309,181.352653688883,220.717071836322,159.729111936428
5926.97,-2153.6,77.3506,5982.76,-2172.34,68.3542,6016.68,-1957.94,96.2981,217.066640458639,215.245719353487,58.8533066190847
-5447.96,1933.29,75.5149,-5599.72,1929.47,85.1977,-5382.96,1749.84,284.024,281.517023463946,194.625030507384,151.808069614234
7332.17,-2010.4,113.874,7339.58,-1821.6,56.268,7442.26,-2246.39,85.7294,437.023713887473,260.405622443141,188.94535744495
3864.85,4760,89.5654,3864.39,4625.43,155.439,3588.87,4946.18,81.652,422.837832862671,332.908324918438,134.570786205625
7507.02,-6730.1,135.539,7536.53,-6632.35,62.9765,7196.1,-6753.51,76.3077,361.347935513681,311.800055323921,102.107309238859
-1294.49,-3923.53,74.0502,-1403.13,-3937.14,72.892,-1376.8,-4055.68,50.952,121.428993654728,155.687374568396,109.489185310696
4010.66,7130.01,75.0311,3946.95,6961.23,83.4581,4179.95,7028.77,98.1431,242.591532416117,197.252735595732,180.404136593373
3435.36,-6511.9,74.2377,3483.93,-6470.46,81.5232,3375.69,-6474.46,57.1399,108.313884613192,70.4433282859348,63.8460531278163
5697.07,7368.71,76.4271,5496.32,7585.89,57.1089,5931.1,7174.13,178.165,598.815452372432,304.354098543128,295.749412340921
6039.9,-4270.1,109.65,6132.89,-4156.16,57.1673,6341.91,-4175.46,109.96,209.909147966447,316.491342219657,147.069587950739
770.823,-4146.21,77.3,929.801,-4094.68,64.2813,605.776,-4106.57,187.052,324.243076603033,169.740513163476,167.120750907839
-503.928,-4025.67,74.4003,-455.347,-3924.63,161.25,-687.324,-3892.9,71.8284,234.136971512403,226.411054756609,112.112421974552
3784.18,5625.53,76.4339,3535.48,5491.38,73.6158,3444.96,5709.11,63.0319,235.796995952026,349.364887760633,282.573729316792
2972.47,-5682.67,116.312,2745.46,-5827.82,55.3958,2880.37,-5333.88,51.4555,512.032647103678,360.744887836266,269.447699192255
-4112.19,1982.92,82.631,-3976.25,2126.54,83.9295,-4167.26,2204.87,66.9821,206.44710944937,228.679923473837,197.753351425456
-5382.96,1749.84,284.024,-5279.06,1656.32,92.4411,-5238.72,1719.31,101.831,74.8001049464505,147.435607978534,139.789843694025
-2503.61,5416.1,73.362,-2560.5,5400.5,71.962,-2451.03,5345.52,86.5903,122.500944077994,88.0124582090512,58.9901017120669
7448,6530.35,72.4493,7423.89,6651.05,76.117,7426.66,6727.02,104.693,76.02048276616,197.824377921428,123.084451089485
-5969.35,-7166.83,74.9335,-5878.77,-7185.55,83.761,-6076.07,-7194.71,73.2004,197.512520109485,110.30164459336,92.4941879255124
-4736.14,-5276.17,88.7501,-4805.48,-5358.61,129.781,-4954.07,-5045.36,63.3358,346.70527916373,317.437775004803,107.723670565015
-7371.82,-367.262,72.2386,-7454.63,-316.254,74.5406,-7513.03,-478.943,84.5867,172.853321405751,180.035857153513,97.2589952857835
-4081.93,128.309,123.936,-4143.23,29.8223,99.6887,-4209.8,219.243,63.7668,200.777903387026,156.906753379197,116.00568984705
-4240.49,-7181.88,72.2814,-4344.96,-7244.2,73.2582,-4461.63,-6918.64,71.5751,345.834067870705,343.799646887544,121.646057478243
-3074.91,6700.01,164.254,-3152.51,6731.9,68.2044,-3344.73,6577.1,55.0074,246.8026912333,296.495700643365,83.8971519182864
6171.91,-5488.5,218.722,6262.01,-5319.06,61.4465,6016.43,-5362.26,61.5471,249.350709644067,200.276229243512,191.906028044978
257.01,4405.38,110.408,195.156,4503.32,64.9861,130.155,4295.34,59.5603,217.900918770435,167.931511709387,115.836785677089
-4796.69,4639.34,75.2354,-4803.39,4793.44,72.318,-4957.19,4848.71,78.8965,163.429534968438,263.810626965632,154.245583405165
-630.473,4038.99,90.1686,-620.675,3942.3,86.6698,-525.765,4219.14,71.6594,292.657297363315,208.369354186263,97.1851681276517
-1307.02,6379.38,74.8776,-1346.77,6401.41,88.2458,-1395.46,6250.64,72.4473,158.43708214935,156.190976691997,45.4464894133748
6341.77,7076.73,100.124,6386.76,7200.92,58.5361,6446.85,6950.93,70.6309,257.110498035378,163.912923224497,132.088062291791
894.522,-5142.84,71.385,1060.72,-5192.29,55.4208,845.681,-4911.4,102.042,353.752687086614,236.537347750837,173.398609290847
-3558.95,-5024.84,133.214,-3662.96,-5160.89,101.501,-3407.23,-5154.95,101.551,255.798976737594,199.868883271008,171.253270333737
6297.27,-5848.19,104.354,6239.18,-5919.1,126.793,6195.53,-5939.45,77.8711,48.1606166904041,136.672657104485,91.6661126043868
-5572.26,-6220.58,85.915,-5664.01,-6127.31,57.0881,-5495.54,-6370.03,71.8324,295.457508450877,167.99184771887,130.833311507429
-2667.3,6163.92,142.834,-2548.01,6419.46,83.7076,-2371.4,6070.89,60.452,390.758412577388,310.179610709666,282.012048856073
-6043.63,-512.08,70.9305,-5770.78,-338.241,86.9794,-5744.41,-345.326,73.0301,27.3052032587197,342.54854388247,323.522982832751
-7227.81,-4036.19,111.833,-7067.25,-4269.62,82.7274,-6973.75,-3790.7,95.4316,487.961695627843,353.287168886729,283.31798125075
7158.9,-1379.91,99.1746,7198.67,-1559.91,58.7799,6939.83,-1335.89,96.8563,342.320180532787,223.448932197046,184.341131872407
115.521,7457.86,74.7872,132.527,7454.85,68.1639,84.631,7317.82,87.1577,145.159387281706,143.406393511586,17.2703253009315
5936.59,2791.63,72.7618,5914.86,2654.89,76.7114,5966.89,3035.24,89.3003,383.892228887223,245.487111881662,138.455843141415
-7419.08,4149.29,73.2944,-7372.21,3785.01,73.6792,-7196.66,3852.89,89.4706,188.216622273379,370.57201243483,367.282881849944
7110.92,-5576.2,72.7813,7120.43,-5652.53,123.184,7125.68,-5773.04,212.985,120.624303521306,197.39261181716,76.9201469057359
-2009.82,6262.38,74.3722,-2262.24,6368.44,57.1368,-1888.3,6555.56,104.864,418.144733316109,317.366700836745,273.796603339048
224.101,4612.13,172.757,195.156,4503.32,64.9861,353.172,4751.48,59.6039,294.19796371831,189.941426605677,112.594090098016
-3409.88,-6248.32,118.77,-3425.17,-6218.42,71.7797,-3602.52,-6124.37,85.6986,200.744676143603,229.071543627749,33.5826458159564
3914.62,3838.03,85.4806,3970.79,3960.75,157.033,3784.56,3907.32,66.1447,193.743071618058,147.365897343992,134.963948149126
-4805.48,-5358.61,129.781,-4736.14,-5276.17,88.7501,-5119.98,-5365.5,65.5877,394.097696643864,314.575463283454,107.723670565015
4833.14,-5603.29,74.2665,4959.37,-5594,85.5485,4699.71,-6001.57,95.3334,483.256267936588,420.03633569014,126.571390922277
4427.77,-454.889,96.3758,4456.36,-582.04,110.81,4245.88,-594.59,78.7217,210.853818793969,229.347643329946,130.325611070886
-5860.35,-2526.48,77.7385,-5907.85,-2577.39,63.1017,-6029.84,-2545.19,95.2475,126.168142175432,170.519571310744,69.6281415808291
-5599.72,1929.47,85.1977,-5447.96,1933.29,75.5149,-5805.39,1868.83,138.092,363.195947802285,214.423316129567,151.808069614234
-3825.66,-5178.93,71.1995,-3927.11,-5252.36,99.924,-3662.96,-5160.89,101.501,279.538876366061,163.697072667778,125.236046727769
395.384,-4615.82,83.8906,537.707,-4441.52,64.5039,467.944,-4829.81,73.2051,394.507287979576,225.957238653689,225.025168212357
-5148.65,5376.74,159.231,-4990.13,5448.41,86.3595,-5061.86,5158.31,80.2277,298.836414949717,235.040781567795,173.968903255725
4159.91,839.157,70.4756,3997.08,802.908,82.4715,4225.14,671.01,80.1288,263.454827255073,180.356221154137,166.81606307847
286.358,-5156.49,74.8119,313.228,-5368.23,68.6053,612.194,-5044.06,72.4768,440.983965758393,344.687690229866,213.438104611149
-3629.95,3720.71,114.323,-3553.16,3923.78,87.6713,-3789.04,3925.58,66.9101,235.886867798952,259.386478059285,217.10395896897
5276.38,-1496.48,109.172,5179.65,-1541.29,284.036,5333.18,-1404.78,59.7166,205.442062392296,107.866259784976,106.605013953379
5208.04,-4270.91,104.309,5156.53,-4392.35,53.3856,5093.04,-4354.96,62.6521,73.6816951487952,142.440873698528,131.912674523717
-4366.36,5825.02,76.185,-4288.62,5938.32,78.1285,-4186.4,5867.66,71.0124,124.264894479495,184.942615965061,137.40595911386
6903.27,4173.22,70.1136,6823.84,4287.2,66.349,6838.31,4373.04,127.677,87.051056857456,210.113859609498,138.926474438819
-2789.08,-4865.67,88.4437,-2609.09,-4968.23,73.398,-3058,-4839.3,89.8418,467.057954648028,270.209813478341,207.159247198863
612.194,-5044.06,72.4768,467.944,-4829.81,73.2051,845.681,-4911.4,102.042,386.448145640524,268.542091242696,258.284968590896
2010.22,-7454.91,73.6531,1973.43,-7426.56,70.3578,1833.64,-7494.51,101.652,155.429876793363,180.965898444983,46.4459535374177
4831.45,-2520.59,116.318,4846.74,-2483.93,100.659,4951.68,-2554.67,77.0491,126.556513858435,124.966792789125,39.7207716440658
1472.04,4012.38,69.8797,1432.73,4001.19,52.2835,1429.2,3971.35,157.499,30.0480698215378,59.3188545068093,40.8716552148307
4598.1,-4875.69,75.9846,4360.06,-4862.96,82.4544,4589.67,-4510.72,50.5218,420.468512138543,365.067344198299,238.380147034102
-6978.63,2813.28,75.979,-6990.55,2860.82,79.3433,-6931.43,2865.24,128.049,59.2849964156192,70.1974472470327,49.0116108692624
-4106.04,-4848.89,91.5459,-4205.78,-4727.21,55.55,-3923.34,-4523.42,82.8997,348.285396908914,373.242563087331,157.334325561843
-5393.4,4861.37,85.4141,-5408.22,4970.93,63.5178,-5522.68,4742.71,85.7431,255.31443359121,175.480808067436,110.557794840527
1218.6,6531.96,83.3443,1160.87,6679.07,75.7346,1362.24,6730.97,63.2311,207.950683817101,245.433147109351,158.031974612734
5775.71,502.808,71.9124,5870.13,491.174,95.8,5680.81,397.56,55.4011,211.200481524072,141.715036266445,95.1340441482439
-7308.22,849.487,71.9477,-7310.14,1112.41,78.1568,-7115.13,1031.35,86.0251,211.186229901478,265.250634059563,262.930010324041
3808.2,-6198.6,73.9324,3833.17,-6135.54,69.5215,3404.27,-6307.76,133.919,462.184961243873,418.420064647956,67.8237753298949
-4255.33,-6789.72,96.1176,-4221.72,-6691.08,93.088,-4461.63,-6918.64,71.5751,330.666541549036,243.269513914095,104.208836957333
4252.07,6831.41,134.913,4193.1,6864.29,148.232,4212.31,6649.44,74.498,215.707085187298,186.263089472928,67.5170741368428
2983.96,7246.72,88.813,3105.2,7271.31,81.231,2759.51,7230.86,80.2644,348.048529087539,225.009648904219,123.708551442493
6505.12,-327.523,69.4267,6637.35,-370.249,160.106,6634.95,-395.644,83.6832,25.5081560486054,146.616163982693,138.961447804778
611.341,4546.82,91.9104,508.6,4300.5,117.228,882.215,4685.12,142.118,536.209579012721,304.137491730303,266.888095427653
-4693.15,-997.363,118.844,-4666.29,-982.064,65.4452,-4606.86,-945.704,107.543,69.6704707892808,100.571449134434,30.9114703791325
-1140.98,-6942.82,70.1272,-1077.3,-6959.66,118.765,-1049.53,-7074.08,81.0861,117.741705864999,159.975904748184,65.8690215503465
-2836.44,-5880.93,82.7901,-2929.01,-5849.82,64.9202,-3020.43,-5680.33,66.4495,192.573301628237,272.199706281987,97.6577544284122
4193.1,6864.29,148.232,4252.07,6831.41,134.913,4071.2,6767.33,71.1396,191.885912197847,155.758953514718,67.5170741368428
-4801.83,3979.67,90.1934,-4919.22,4219.92,64.6557,-5018.12,3786.87,59.1778,444.199856483543,289.746793079751,267.395726592629
5284.95,-7395.87,81.0295,5336.83,-7305.3,78.668,5258.99,-7227.04,127.348,110.379768073683,170.814198765793,104.376526575662
2347.92,-4984.54,154.096,2278.53,-4803,161.805,2412.02,-4699.12,77.4639,169.146783889023,292.529291524798,194.349540004601
-2521.45,-6045.04,71.3033,-2409.4,-5999.23,74.2103,-2368.76,-6109.34,105.481,117.370446450544,165.676570763641,121.052710006839
5672.08,-6704.27,71.1997,5617.62,-6620.78,114.626,5569.73,-6684.14,66.7309,79.4225515832884,104.310782759982,99.6818524105573
2210.28,5834.21,216.816,2251.83,5949.93,102.065,2340.18,5765.64,59.0562,204.373497792644,146.8872183003,122.953328137143
-6119.51,4072.58,101.043,-6265.95,4249.47,106.901,-6118.55,4386.61,76.7355,201.330920625719,314.0314673723,229.640470518591
-5348.55,-624.671,186.785,-5193.36,-598.735,85.0568,-5531.63,-579.756,65.7568,338.802000202183,188.509001442902,157.342340760522
-4778.64,-2787.98,70.0458,-4598.78,-2660.49,81.5032,-4825.69,-2549.61,124.093,252.552019394025,242.969050292419,220.461605954416
-7555.88,-1496.93,79.8603,-7410.5,-1430.56,67.2247,-7387.23,-1543.87,64.6444,115.674755240718,175.060521249082,159.813395245831
6239.76,-1563.17,89.8544,6109.13,-1680.12,79.6411,6147.39,-1411.03,73.4812,271.796349681154,177.985382826793,175.332539478558
1720.98,7211.52,72.1026,1800.1,7480.09,56.9089,1385.95,7295.34,124.783,453.489564378278,345.356183236959,279.981819588344
-5374.12,-6965.95,153.591,-5331.94,-6927.08,84.7007,-5409.9,-7077.13,59.0842,169.093950512725,116.795551285141,57.3587770092775
-455.347,-3924.63,161.25,-503.928,-4025.67,74.4003,-687.324,-3892.9,71.8284,226.411054756609,234.136971512403,112.112421974552
6322.54,6748.66,70.9753,6447.96,6787.79,87.3871,6248.2,6924.77,186.263,242.213909592328,191.157442177908,131.382393417079
-934.437,-4670.23,80.3491,-834.6,-4401.09,108.794,-711.93,-4903.69,69.0764,517.353543430408,322.510366731056,287.060561848889
7125.68,-5773.04,212.985,7120.43,-5652.53,123.184,7293.56,-5858.04,98.8661,268.716127167686,188.17198091108,120.624303521306
6830.32,-1299.42,86.0714,6939.83,-1335.89,96.8563,6525.89,-1415.88,69.3622,421.597822219233,325.945634270502,115.423138928033
6733.81,6664.78,161.538,6615.19,6720.2,65.6445,6926.71,6677.04,90.0331,314.495621591144,193.289207148252,130.927769399773
-4034.33,4256.8,70.1102,-4102.14,4150.7,84.0364,-3877.59,4330.71,86.9585,287.795591696607,173.291995487385,125.918251655589
-6678.48,-4594.81,123.434,-6521.95,-4914.84,77.8981,-7022.55,-4457.64,69.2853,677.9617983338,370.404878207618,356.259514679959
5556.56,-5991.52,97.7804,5623.13,-6268.14,92.1166,5391.14,-5734.76,71.2795,581.647302495249,305.433256211566,284.517467477833
500.115,7197.98,110.395,496.097,7069.93,77.4481,754.592,7102.33,94.4306,260.517609817455,271.859276150364,128.113023631479
-4957.19,4848.71,78.8965,-4803.39,4793.44,72.318,-4796.69,4639.34,75.2354,154.245583405165,263.810626965632,163.429534968438
84.631,7317.82,87.1577,115.521,7457.86,74.7872,132.527,7454.85,68.1639,17.2703253009315,145.159387281706,143.406393511586
7557.52,3294.26,69.8371,7467.82,3259.87,88.7986,7346.12,3129.82,150.561,178.11202233426,267.825453607383,96.0664462754824
-789.258,6081.19,76.0064,-816.041,5967.64,103.449,-629.802,6263.45,76.5297,349.554747101223,242.167139670105,116.665897283653
6026.38,506.555,73.3473,5870.13,491.174,95.8,5775.71,502.808,71.9124,95.1340441482439,250.698003400506,157.005215394266
6138.61,5225.23,87.346,6243.45,4987.17,68.3482,5949.31,5007.72,70.1335,294.856985842289,288.348903413901,260.123027046818
2097.59,3692.66,283.547,1997.85,3842.83,66.9208,1931.17,3538.79,90.65,311.266034125151,226.653024025712,180.275057897647
-958.57,-5184.04,97.2446,-1112.46,-5223.01,65.7675,-1237.81,-5318.45,106.833,157.548138992499,309.904865563611,158.747576359452
-4959.58,-3010.65,80.7139,-4814.17,-3029.02,80.5482,-4778.64,-2787.98,70.0458,243.644541289149,286.916734437014,146.56577021938
-1403.13,-3937.14,72.892,-1294.49,-3923.53,74.0502,-1376.8,-4055.68,50.952,155.687374568396,121.428993654728,109.489185310696
-1654.84,4518.18,75.1537,-1752.75,4586.5,75.0156,-1798.46,4489.7,95.1709,107.049727229919,146.416579662278,119.390077058355
3946.95,6961.23,83.4581,4010.66,7130.01,75.0311,4071.2,6767.33,71.1396,367.698074512228,230.293882897484,180.404136593373
7285.17,1610.41,75.5138,7171.33,1317.92,90.8377,7353.9,1266.16,139.82,189.765388045344,351.043979296042,313.862940947159
-7076.32,-5673.59,92.1307,-7109.15,-5670.06,69.0357,-7301.78,-5600.87,140.945,204.679195327713,236.897467272236,33.0192337888085
-3108.67,-5752.2,83.7978,-3020.43,-5680.33,66.4495,-2929.01,-5849.82,64.9202,192.573301628237,204.468530586005,113.805072382561
-4724.26,884.889,71.1818,-4859.52,1106.64,117.202,-4615.63,632.329,55.3939,533.341594872367,274.930955878017,259.747518950615
-1327.53,4810.77,85.048,-1088.59,4690.53,51.1757,-1246.33,4490.57,82.7793,254.687866220596,330.335405308,267.488282360181
6414.74,6129.21,143.48,6354.23,6243.6,105.938,6408.5,5967.69,80.5322,281.196658941746,161.640489976986,129.408393081748
4662.08,-1318.78,68.9794,4573.89,-1127.35,127.773,4861.73,-1426.35,81.8035,415.033571654149,226.784980543245,210.767457165474
6874.04,-4008.45,73.3959,6746.05,-4031.1,71.9552,6729.4,-3903.02,67.8433,129.15769005367,178.986632182406,129.978700562823
-3216.66,6357.36,73.7948,-3344.73,6577.1,55.0074,-3126.97,6031.72,58.4778,587.246764146045,337.765755665076,254.337556212212
-2283.27,5493.24,170.94,-2100.29,5450.79,97.0236,-2078.05,5568.21,115.293,119.507631555479,218.485123749879,187.839513681227
2759.51,7230.86,80.2644,2567.02,7317.05,84.3666,2565.42,7144.04,66.1368,173.017398258094,212.623236030308,210.905467449282
3496.02,-7452.8,68.6845,3291.64,-7592.39,69.0754,3577.39,-7140.08,163.018,535.011587351153,323.132906557039,247.500611110357
263.063,-7493.67,110.633,338.095,-7439.37,85.8848,178.351,-7451.78,71.66,160.225321457003,94.5034128695891,92.6190640419132
544.707,-5538.3,77.3394,595.092,-5731.26,83.009,620.807,-5784.32,54.1405,58.9629105879276,257.520970796554,199.429711490039
2744.9,-6106.83,96.061,2810.92,-6194.93,85.304,2931.75,-6123.01,87.5557,140.614278435726,187.54923326956,110.092008792646
-7035.6,-5427.39,71.5362,-7044.15,-5308.37,155.509,-7076.32,-5673.59,92.1307,366.634091840898,249.544702207841,119.326706566469
-131.927,-5343.73,77.9638,-200.801,-5334.37,74.8703,-185.517,-5207.43,69.8681,127.856811535404,146.456744808834,69.5071037808366
3914.54,479.147,136.616,3944.1,674.598,78.704,4063.67,322.881,81.9647,371.485979532203,216.00652688287,197.673688185858
-4773.46,-5855.35,161.096,-4712.59,-5732.74,82.0075,-5051.32,-5999.65,85.3006,431.252780860599,313.095304340387,136.888162380829
552.484,3969.53,70.9519,407.059,4249.15,57.0989,508.6,4300.5,117.228,113.786630062587,333.866659545394,315.175784325192
-3896.54,2717.68,71.241,-4138.65,2893.17,72.3059,-4114.96,2980.48,100.232,90.4668569145628,341.717919342841,299.021725297678
-6216.9,-1186.72,69.4095,-6204.49,-1148.46,56.9918,-6108.03,-1219.44,64.9225,119.760978619916,113.680584534035,40.2223283761643
-5770.78,-338.241,86.9794,-5744.41,-345.326,73.0301,-6043.63,-512.08,70.9305,342.54854388247,323.522982832751,27.3052032587197
-4462.68,6290.19,70.9645,-4485.61,5973.48,55.8757,-4288.62,5938.32,78.1285,200.103187630782,392.567676331101,317.53898815736
-4830.29,-1037.58,220.353,-4888.88,-1100.89,139.276,-4932.71,-987.693,147.911,121.386283034781,113.923523334735,86.2609077160682
2708.81,-4913.78,75.3742,2786.32,-4923.41,76.8647,2785.96,-4738.12,81.2879,185.290349721727,191.855565725887,78.1059344736367
-1274.42,7034.12,67.9987,-1353.24,6955.78,89.0027,-1394.1,6995.3,73.5993,56.8451405135041,125.818499434701,111.129420047078
-5100.07,-112.462,82.8339,-5259.24,-246.904,72.1461,-5352.47,173.279,109.46,430.401657047228,381.25277583383,208.350042630185
5004.21,-6191.61,165.021,5009.92,-6343.48,68.0613,4957.1,-6381.1,66.7859,64.8476429795257,195.258321717668,151.977304226651
2273.56,-5523.55,118.931,2315.98,-5645.64,70.1245,2135,-5456.67,90.0107,261.655157220339,153.856452578369,129.249466149768
6506.08,4358.03,173.664,6531.03,4353.57,76.0217,6823.84,4287.2,66.349,300.237694169137,325.558453276827,25.3454946686781
-4852.61,-6807.86,94.9056,-4713.74,-6858.19,79.2409,-4898.4,-6604.35,82.8653,313.901355842882,208.597804878191,147.709125649027
-4127.29,-2605.92,72.058,-4206.43,-2633.81,55.1613,-4000.49,-2685,133.136,212.206738111683,149.438570656976,83.9106173258191
4245.88,-594.59,78.7217,4456.36,-582.04,110.81,4150.08,-798.633,108.103,375.126600028577,225.413366615647,210.853818793969
4282.1,-5372.93,72.407,4326.55,-5478.13,108.723,4394.74,-5574.07,85.6685,117.704544092401,230.532143528836,114.205264764808
5336.83,-7305.3,78.668,5284.95,-7395.87,81.0295,5258.99,-7227.04,127.348,170.814198765793,110.379768073683,104.376526575662
-2726.65,5692.67,119.594,-2958.1,5689.75,77.6315,-2560.5,5400.5,71.962,491.682135632362,336.108808869985,231.468418796172
7120.43,-5652.53,123.184,7110.92,-5576.2,72.7813,7125.68,-5773.04,212.985,197.39261181716,120.624303521306,76.9201469057359
-4822.57,-890.774,85.4283,-4888.35,-892.399,66.4471,-4966.64,-865.408,52.3106,82.8120654313126,146.286017294888,65.8000685789923
4573.89,-1127.35,127.773,4662.08,-1318.78,68.9794,4331.15,-1154.86,92.8122,369.302628341581,244.293896157887,210.767457165474
-27.3497,-3992.41,75.4301,-60.5333,-3928.28,73.912,-145.665,-3922.51,167.158,85.3270135706741,137.420959879088,72.2067047368868
-4222.95,-3294.61,80.0527,-4244.96,-3394.11,84.0454,-3982.89,-3185.83,69.9798,334.755497789058,263.556240677393,101.905299665915
3306.27,7581.37,70.0444,3315.44,7275.28,169.563,3105.2,7271.31,81.231,210.277479773751,369.548844538851,306.227328956774
-5495.54,-6370.03,71.8324,-5572.26,-6220.58,85.915,-5358.61,-6239.55,91.9707,214.490520536457,189.142420678176,167.99184771887
5675.79,-3375.25,73.995,5807.95,-3437.14,152.782,5957.82,-3355.48,56.0527,170.67329170084,282.722078727502,145.93367568865
5034.8,-7389.45,67.8521,4899.29,-7571.25,74.7572,5284.95,-7395.87,81.0295,423.664702329566,250.232369808544,226.746995790463
5490.74,1056.03,69.647,5404.04,995.678,81.0399,5331.76,920.06,63.8086,104.606311109799,209.19484051955,105.637369827159
-4350.3,192.133,84.1303,-4388.03,154.526,91.6746,-4209.8,219.243,63.7668,189.61598822093,143.091586405351,53.2713745739676
-1297.5,-3708.95,146.623,-1174.57,-3789.04,71.7208,-1253.65,-3568.03,73.57,234.731903455836,147.584785462458,146.718073188002
-5522.68,4742.71,85.7431,-5393.4,4861.37,85.4141,-5724.08,4780.64,79.8756,340.391826135705,204.940588708045,175.480808067436
-525.765,4219.14,71.6594,-630.473,4038.99,90.1686,-620.675,3942.3,86.6698,97.1851681276517,292.657297363315,208.369354186263
-2510.93,-3910.03,74.6474,-2529.98,-3898.39,61.2345,-2461.47,-3716.83,129.854,194.055800480171,199.430518226274,22.3246970864112
4744.13,-4193.76,85.6281,4809.97,-4256.68,150.706,4880.44,-4214.81,66.8355,81.9702250820376,137.925772065992,91.0704782023243
2150.19,-7146.82,72.996,2176.91,-7016.59,151.917,2233.69,-6933.03,58.6673,101.025947162103,229.51778602104,132.942887361453
-6342.19,5927.1,86.9975,-6526.44,5866.23,156.438,-6587.62,5867.69,71.3001,61.1974182461976,252.518183503684,194.044374821844
-7372.21,3785.01,73.6792,-7361.78,3748.62,82.6841,-7360.14,3697.96,72.8377,50.6865386468635,87.882804916548,37.8552110019219
3647.51,-7095.63,80.4585,3577.39,-7140.08,163.018,3575.23,-7137.8,64.7294,3.14070055879229,83.682180301424,83.0217856950815
1916.45,-7012.88,74.4677,1896.65,-6853.36,80.0374,1788.47,-6872,61.5459,109.774140852935,190.33143408276,160.744114666759
-2100.29,5450.79,97.0236,-2078.05,5568.21,115.293,-2283.27,5493.24,170.94,218.485123749879,187.839513681227,119.507631555479
-2940.69,-7259.24,70.6581,-2767.16,-7125.6,55.0933,-3213.12,-7516.63,104.907,593.11447672435,374.790230662433,219.025821537096
-1840.07,7072.22,80.3798,-1729.77,7352.63,142.617,-2181.25,7033.58,80.5623,552.83550256835,343.361095641309,301.323510699049
-7370.16,-3546.14,74.1516,-7426.67,-3385.04,56.185,-7037.73,-3509.44,57.5758,408.349952369289,334.449689639563,170.723724479054
-3484.71,-7489.36,91.902,-3213.12,-7516.63,104.907,-3394.76,-7172.44,72.2215,389.178423990848,329.437837687173,272.955639252975
4239.9,-3178.5,76.0115,4091.63,-3053.21,144.759,4375.95,-3012.57,87.298,287.209804846561,214.57485267384,194.117430953534
1171.13,-5894.34,69.9481,1073.39,-5894.37,57.0398,1280.23,-5782.83,139.896,234.997781266122,156.004134881099,97.7400046040515
7196.1,-6753.51,76.3077,7023.44,-6732.22,65.0148,7043.1,-6620.02,103.594,113.909418399007,203.048221120009,173.967639806949
3930.18,-3626.41,79.4777,3889.28,-3615.38,85.3058,3570.97,-3879.14,68.5534,413.389155276236,439.208694130706,42.3611956866183
-5380.96,-4305.49,75.2664,-5604,-4299.81,59.3118,-5069.55,-4297.26,83.2525,534.4560833221,311.518732984069,223.112312524432
1356.75,-6299.81,80.8945,1153.47,-6350.68,162.451,1490.19,-6664.47,67.7135,460.265708585812,388.308059663973,209.548360289457
-4859.52,1106.64,117.202,-4966.3,1326.77,100.08,-4724.26,884.889,71.1818,503.827529776808,259.747518950615,244.661368630194
-1174.57,-3789.04,71.7208,-1297.5,-3708.95,146.623,-1294.49,-3923.53,74.0502,214.601110202161,180.189806870422,146.718073188002
-6454.15,6891.41,74.9218,-6540.61,6941.01,80.8495,-6305.72,7007.56,77.9052,244.135647950068,188.473572152702,99.6769361487403
6494.83,3100.1,116.696,6507.77,3031.47,63.6122,6212.65,3129.06,68.7748,310.836970934927,283.662182886616,69.8392475618117
-4940.33,-4560.3,72.8737,-4928.7,-4753.33,89.1452,-4924.24,-4367.57,63.9322,385.785781490195,193.400467941523,193.380034646806
-5788.91,-4268.51,73.3741,-5604,-4299.81,59.3118,-5973.64,-4423.73,76.8218,389.858815470421,241.284937988263,187.540390582935
4861.73,-1426.35,81.8035,4662.08,-1318.78,68.9794,4735.71,-1663.94,74.6199,352.926058119828,268.942463177535,226.784980543245
6624.97,-5680.85,137.145,6457.12,-5724.82,62.47,6718.2,-5836.04,67.0534,283.782759870997,181.040793745498,173.513640385994
34.2791,6930.07,74.0737,-64.7239,7019.05,70.5128,212.498,6977.67,57.8849,280.29321475842,184.466084463269,133.112863424239
5338.28,466.054,81.0945,5350.19,507.295,64.5253,5576.45,426.619,85.2699,240.212831830442,241.412651128726,42.9263110574389
5740.1,4487.01,72.6256,5567.04,4486.33,95.4148,5533.76,4469.82,144.377,37.150215342579,207.054803614889,173.061335947693
1687.14,-3921.74,70.7346,1845.91,-4011.25,69.4961,1604.79,-3741.53,56.28,361.784096941809,198.1342136028,182.263416515767
-5497.51,-51.4281,85.6214,-5502.96,85.6279,64.0579,-5352.47,173.279,109.46,174.154975327178,267.450710207339,137.164316190473
3478.72,6276.47,67.5573,3250.53,6313.17,90.2559,3702.72,6425.1,62.7687,465.837011195976,268.824993071701,231.122405015178
-5669.53,-1939.23,121.888,-5736.14,-2062.25,105.34,-5409.35,-1922.9,77.8481,355.260646005155,260.691966312734,139.895720091789
5994.62,-7448.3,73.3968,6074.54,-7299.06,91.1309,5675.33,-7209.42,71.2116,409.150282536869,398.760276983553,169.292008080712
4818,411.42,108,4764.98,532.499,66.2797,4871.57,592.122,70.599,122.132429063701,188.47535038832,132.178835828585
-3039.88,-6484.12,92.6339,-2845.88,-6373.38,63.416,-3186.82,-6698.01,67.0781,470.770347940479,259.500088053935,223.381618760363
6068.79,1746.82,90.8226,6067.96,1831.34,89.2638,6181.32,1641.04,123.198,221.505258628322,154.442252314579,84.5240752685292
4834.59,3598.86,69.8701,4695.48,3533.82,115.662,4947.15,3779.73,74.1713,351.865765598189,213.034528891445,153.563647065313
-3851.44,-5465.88,66.5528,-3674.09,-5522.33,72.3979,-3927.11,-5252.36,99.924,370.003947681643,226.531982951636,186.117234559296
2816.68,5181.71,104.78,2895.08,5013.28,129.268,2904.88,5431.36,87.0367,418.194842627214,264.772284236851,185.782735742588
4160.46,-6902.51,125.571,4184.01,-6885.9,83.8173,4314.01,-6970.91,64.8739,155.327718389217,168.095694471929,28.8183032116748
7465.98,7229.96,67.1667,7543.32,7524.21,70.6698,7214.97,6891.94,70.1311,712.44584032753,421.026769338958,304.244207997457
7488.74,-986.379,76.3201,7539.52,-1239.48,57.0175,7429.88,-1245.79,78.5077,109.821426415796,266.004824243847,258.14477449873
4212.31,6649.44,74.498,4071.2,6767.33,71.1396,4252.07,6831.41,134.913,191.885912197847,186.263089472928,183.875186471694
-149.61,4515.62,75.8502,-342.928,4692.5,77.4502,-8.40976,4231.66,107.065,569.452332063622,317.128979085888,262.027448035506
5198.17,5182.18,69.5094,5449.28,5371.44,84.3149,4874.25,5231.63,73.4693,591.782339209273,327.672807690843,314.444875455142
4567.79,-7357.66,77.2698,4570.37,-7484.66,135.231,4645.81,-7083.08,63.774,408.604564340635,285.449289366781,127.026203595951
516.976,4937.21,107.997,697.91,4877.38,100.504,297.286,4915.72,76.4151,402.454401113965,220.738569806004,190.569518171191
-4420.54,-4017.12,77.5266,-4730.32,-3942.55,78.941,-4130.73,-3824.24,60.6312,611.150901332887,348.127175756217,318.628833127198
-6110.92,6461.01,71.5273,-5917.98,6257.58,106.105,-6351.19,6193.78,165.525,437.882797218617,359.362693945824,280.374051046099
52.7383,-4113.47,68.935,-27.3497,-3992.41,75.4301,-60.5333,-3928.28,73.912,72.2067047368868,217.084756412236,145.153750705933
4304.01,-1844.87,151.196,4143.55,-1871.88,52.7382,4391.72,-1537.66,129.665,416.282785255408,319.485568062158,162.717398270744
6243.45,4987.17,68.3482,6138.61,5225.23,87.346,6535.39,5013.39,110.524,449.78945518987,293.115083201121,260.123027046818
-6257.22,-2625.73,72.9433,-6166.73,-2716.99,58.7729,-6029.84,-2545.19,95.2475,219.668186362977,241.222627462682,128.517810827916
-754.333,6462.67,71.9787,-705.726,6394.34,61.6797,-629.802,6263.45,76.5297,151.316376760746,234.939520645208,83.8548111261363
3896.07,1202.32,70.247,3744.65,1232.53,83.9149,4047.38,1257.99,65.4505,303.798723664205,161.226130016198,154.404211406296
-3101.22,-4307.84,121.458,-3371.74,-4360.81,76.9789,-3122.29,-4615.55,60.9689,356.535790770015,308.430525402399,275.657198890216
-4084.07,3193.53,76.795,-4114.96,2980.48,100.232,-3930.5,3417.37,61.6783,474.234502856973,271.455503720223,215.277715056622
178.351,-7451.78,71.66,263.063,-7493.67,110.633,338.095,-7439.37,85.8848,92.6190640419132,160.225321457003,94.5034128695891
-2785.73,7167.07,81.6396,-2754.2,7343.53,84.9725,-2645.57,7049.7,83.7865,313.267530714563,182.812861965453,179.254769811015
4242.1,5477.87,66.046,4211.07,5602.89,71.0832,4231.9,5326.13,56.6281,277.542765173225,152.082436855805,128.813280759401
-6396.45,644.044,82.0423,-6403.85,627.796,56.3015,-6426.11,686.771,98.1316,63.0361660080938,52.0126150948017,17.8537812241555
2315.98,-5645.64,70.1245,2273.56,-5523.55,118.931,2160.34,-5762.12,51.939,264.072742440411,194.400102880631,129.249466149768
7157.05,-4020.83,126.218,7090.98,-4061.55,75.5201,7326.24,-4098.14,58.2183,238.088419919996,186.01637616081,77.6103298536999
-6246.06,-4185.14,80.1554,-6182.51,-4049.6,77.1023,-6284.45,-4017.11,76.8633,106.992353465095,172.359719772341,149.698677682871
4947.15,3779.73,74.1713,4955.79,3778.45,74.7299,5043.05,3863.4,76.3771,121.781813502674,127.269316412088,8.73430020093231
-7471.64,-7223.78,67.5387,-7442.25,-7241.54,83.5078,-7396.21,-7180.76,62.0865,76.2488688440685,86.8355071384972,34.3393316766653
4065,-810.584,85.1927,4032.61,-780.61,90.5309,4150.08,-798.633,108.103,118.844559947016,85.9152652384894,44.1310862771356
7018.02,-7030.88,80.2122,6890.82,-6987.43,85.8308,7023.44,-6732.22,65.0148,287.611210664675,298.70917629025,134.416302954665
5693.19,7004.92,85.1322,5687.22,6724.1,171.88,5931.1,7174.13,178.165,511.863707738691,291.947242151729,280.883451452733
5009.92,-6343.48,68.0613,4957.1,-6381.1,66.7859,5004.21,-6191.61,165.021,195.258321717668,151.977304226651,64.8476429795257
5179.65,-1541.29,284.036,5276.38,-1496.48,109.172,5333.18,-1404.78,59.7166,107.866259784976,205.442062392296,106.605013953379
-5792.23,2161.78,298.639,-5920.08,2297.9,75.5197,-5812.7,2439.39,67.8225,177.622871556565,278.363670402587,186.746557933473
4874.25,5231.63,73.4693,4781.56,5361.5,91.0709,4907.42,5394.22,55.6597,130.043600380795,165.939015906447,159.554545532241
5569.73,-6684.14,66.7309,5568.2,-6625.28,67.1646,5617.62,-6620.78,114.626,49.6244536493855,79.4225515832884,58.8798819631975
-6976.41,5524.82,107.929,-6982.1,5466.42,62.3679,-6947.76,5447.12,85.4064,39.3919484158885,82.8137216891014,58.676537900595
-7576.56,4785.39,71.2436,-7380.31,4980.37,67.0658,-7213.75,5031.35,69.5268,174.187238338519,438.323416782631,276.642843572719
3483.67,-5548.14,73.784,3562.12,-5642.48,56.2242,3613.12,-5639.77,83.5691,51.071950227106,158.598106546074,122.696528475747
-4576.52,-605.044,84.8397,-4681.78,-702.095,78.3171,-4521.2,-875.527,85.8864,236.356922944939,276.082153876342,143.173196517364
-3922.03,-6993.25,165.149,-3943.84,-6870.56,142.289,-3748.15,-7130.46,56.9116,325.334575629458,221.496813746835,124.613451119853
3086.67,6629.24,84.2333,3018.28,6676.18,77.6396,3084.21,6476.04,77.1415,210.719682279563,153.219749379771,82.9491151248766
-6835.05,-4980.84,67.5442,-6521.95,-4914.84,77.8981,-7087.93,-4716.28,68.1162,599.799494831398,365.978534889685,319.980640039363
-6118.55,4386.61,76.7355,-6265.95,4249.47,106.901,-5846.85,4242.37,87.6399,419.16013646338,307.613503604767,201.330920625719
-5724.08,4780.64,79.8756,-5730.64,4744.07,68.9537,-5860.75,4852.19,75.4582,169.170170242865,154.266300273261,37.1537144845579
1072.08,-7199.37,71.9975,1159.58,-7386.3,62.2666,932.544,-6923.45,69.3618,515.53415773933,309.195960025354,206.395433331264
-7178.6,-6130.83,70.6965,-7042.88,-6013.19,75.8571,-7227.49,-6338.26,95.526,373.833327834745,213.113671546431,179.608151262687
-5288.8,-2688.14,72.2909,-5340.51,-2768.55,64.8542,-5342.78,-2782.29,66.7158,13.9262521878642,108.526784251631,95.601737431911
699.802,-6324.11,71.7924,848.868,-6257.11,155.286,604.516,-6146.26,96.5716,268.320000007454,201.767302346044,163.430940632427
4695.48,3533.82,115.662,4834.59,3598.86,69.8701,4947.15,3779.73,74.1713,213.034528891445,351.865765598189,153.563647065313
-7410.5,-1430.56,67.2247,-7387.23,-1543.87,64.6444,-7555.88,-1496.93,79.8603,175.060521249082,159.813395245831,115.674755240718
132.527,7454.85,68.1639,115.521,7457.86,74.7872,84.631,7317.82,87.1577,143.406393511586,145.159387281706,17.2703253009315
769.401,-5942.73,147.907,833.118,-5895.04,72.3759,620.807,-5784.32,54.1405,239.447027797382,217.1955453871,79.5876384182869
2284.77,3837.76,88.5725,2472.45,3800.77,75.7173,2097.59,3692.66,283.547,390.1381700116,236.834039783136,191.290466307132
-3765.09,7457.82,89.6208,-3865.19,7533.05,74.4292,-3676.79,7356.32,66.4142,258.317736324861,134.533044267942,125.218061396909
4735.71,-1663.94,74.6199,4861.73,-1426.35,81.8035,4662.08,-1318.78,68.9794,226.784980543245,352.926058119828,268.942463177535
-1620.98,5520.49,77.5165,-1674,5490.46,72.3785,-1617.39,5241.18,94.7906,255.627092656471,279.333070365826,60.9337451663689
3984.51,1717.17,112.735,4092.55,1814.46,115.884,4133.9,1838.13,69.437,47.6454761756031,192.220429975588,145.389083840569
-185.517,-5207.43,69.8681,-200.801,-5334.37,74.8703,-131.927,-5343.73,77.9638,69.5071037808366,146.456744808834,127.856811535404
262.614,7345.38,72.3245,132.527,7454.85,68.1639,84.631,7317.82,87.1577,145.159387281706,180.104141787467,170.018553308161
5070.21,4824.48,68.1702,5361.55,4890.94,178.894,5198.17,5182.18,69.5094,333.936763474764,379.898738613332,298.824241319208
-4697.26,-7445.98,68.6767,-4351.54,-7590.94,72.7401,-4344.96,-7244.2,73.2582,346.802427903842,405.993175312098,374.880941099971
-711.93,-4903.69,69.0764,-595.49,-4938.09,73.6876,-453.919,-5006.46,79.606,157.215791003957,277.725312171937,121.415129205548
1382.17,-3896.07,75.893,1352.32,-4015.4,105.916,1288.52,-3793.79,134.247,230.610997352685,138.677759211779,123.0067941213
4906.86,-2006.89,83.9679,5149.51,-2108.3,153.176,5092.64,-2241.76,64.6049,145.071597840515,299.463061662036,262.988613061479
-4138.65,2893.17,72.3059,-4114.96,2980.48,100.232,-4298.41,2939.94,73.4833,187.876007249462,166.465283167392,90.4668569145628
-5259.24,-246.904,72.1461,-5100.07,-112.462,82.8339,-5497.51,-51.4281,85.6214,402.099105382256,308.193803281004,208.350042630185
37.1318,6584.21,133.55,140.21,6426.89,83.5792,-141.832,6792.07,61.9177,461.415346693193,274.287843898412,188.081625139831
4955.79,3778.45,74.7299,4947.15,3779.73,74.1713,5043.05,3863.4,76.3771,127.269316412088,121.781813502674,8.73430020093231
729.927,4263.89,68.5831,508.6,4300.5,117.228,611.341,4546.82,91.9104,266.888095427653,306.776831419844,224.334422300725
-6661.96,2175.37,70.7697,-6468,1988.79,58.9451,-6441.42,1884.72,57.728,107.410713152832,364.849714403067,269.133011724686
-2388.18,-4462.86,65.038,-2284.98,-4321.94,64.5147,-2156.76,-4360.08,78.3847,133.772299075705,253.217188990005,174.667359286159
-5920.08,2297.9,75.5197,-5812.7,2439.39,67.8225,-5792.23,2161.78,298.639,278.363670402587,186.746557933473,177.622871556565
-5611.49,2506.39,101.335,-5566.69,2374.69,73.5759,-5812.7,2439.39,67.8225,254.37572623975,212.071837121293,139.111214501204
-5701.24,-5682.31,134.802,-5666.02,-5646.84,59.9346,-5717.14,-5407.77,142.804,244.474373503645,275.000039272724,49.9856909525113
2543.53,4539.47,81.5981,2415.5,4385.93,63.9277,2347.02,4495.42,107.375,129.141668333656,201.386649507856,199.915513405038
4089.21,248.808,94.4541,4032.51,206.404,86.2822,4063.67,322.881,81.9647,120.572953555099,78.3524149532099,70.8024661717371
-5688.08,-3300.43,156.242,-5751.33,-3307.92,67.4811,-5861.84,-3255,91.08,122.527492833242,179.600730789159,63.6919351252575
-6284.45,-4017.11,76.8633,-6182.51,-4049.6,77.1023,-6210.58,-3927.49,66.3967,125.294760465073,116.140093421695,106.992353465095
-4114.96,2980.48,100.232,-4138.65,2893.17,72.3059,-4298.41,2939.94,73.4833,166.465283167392,187.876007249462,90.4668569145628
546.497,-5985.67,68.4438,439.49,-6036.25,112.703,412.994,-5890.26,59.1983,148.374924148253,164.091800858544,118.358922135173
-6409.79,4259.63,67.9471,-6477.27,4198.87,161.829,-6265.95,4249.47,106.901,217.293585731379,144.198374470727,90.8037884672225
-3725.36,-696.417,66.8349,-3799.34,-706.314,121.795,-3693.9,-446.05,55.12,280.81122359336,252.335820463524,74.6390715979238
-3370.59,4822.14,91.198,-3472.41,4789.93,67.269,-3530.53,4739.96,80.7967,76.6481265263546,179.817563102162,106.793241827374
-2863.02,7407.28,84.9693,-2754.2,7343.53,84.9725,-2785.73,7167.07,81.6396,179.254769811015,252.338241651954,126.118416180985
3250.53,6313.17,90.2559,3478.72,6276.47,67.5573,3084.21,6476.04,77.1415,442.115737109639,232.785264353223,231.122405015178
5452.6,-1167.61,110.843,5522.39,-1242.63,101.46,5464.43,-1057.98,70.4609,193.532901853923,110.266430975161,102.462893283374
-6875.04,-104.322,72.2776,-6962.69,176.269,93.8328,-6997.34,194.497,63.4262,39.1520431650768,322.877817077916,293.962296529674
-5236.83,1540.74,291.008,-5279.06,1656.32,92.4411,-5238.72,1719.31,101.831,74.8001049464505,178.580001679919,123.053278298467
871.763,4761.99,89.7314,872.849,4732.31,59.7563,882.215,4685.12,142.118,48.1104776114315,77.5773240322195,29.6998618852001
4471.67,-167.348,159.916,4450.6,-126.169,72.55,4376.05,-200.932,99.968,105.58034224703,101.346284865307,46.2564043241581
-5213.75,-6384.3,67.6611,-5358.61,-6239.55,91.9707,-5495.54,-6370.03,71.8324,189.142420678176,282.151088957672,204.785209671011
6016.68,-1957.94,96.2981,6057.79,-1763.81,83.5268,5926.97,-2153.6,77.3506,411.157046029859,215.245719353487,198.43510022171
-4803.39,4793.44,72.318,-4796.69,4639.34,75.2354,-4957.19,4848.71,78.8965,263.810626965632,163.429534968438,154.245583405165
-5286.32,6053.81,120.965,-5280.9,6062.05,57.7757,-5376.92,5948.25,79.3313,148.896878409187,139.108855217776,9.86275823489541
-4517.02,-2458.37,80.6995,-4711.31,-2414.83,143.705,-4598.78,-2660.49,81.5032,270.207025260262,218.030254781303,199.108853896556
-7420.3,-6386.92,119.47,-7378.51,-6351.48,54.776,-7446.85,-6479.12,105.443,144.783718697926,95.9465606470601,54.7941392851465
-2548.01,6419.46,83.7076,-2723.84,6573.71,51.4383,-2667.3,6163.92,142.834,413.672111339404,282.012048856073,233.900088499342
-559.06,6976.39,86.041,-743.844,7018.13,81.4862,-753.784,7147.47,61.2271,129.721390680181,259.202242613755,189.439579433655
5228.07,5859.94,67.0072,4977.26,5772.31,70.8924,5142.51,6180.39,134.302,440.269064209603,331.675618790409,265.677761583463
4015.96,1445.31,153.55,3891.5,1365.29,120.977,4138.73,1544.34,70.6766,305.256573066003,157.732095021907,147.964495741377
-6551.88,-6182.95,76.6695,-6444.09,-6083.75,62.809,-6726.64,-6290.23,156.908,349.954986962609,205.061103088811,146.490013652808
7336.81,2105.41,76.2845,7441.8,2147.31,92.3598,7473.63,2161.95,67.4824,35.0353892514411,148.04216966797,113.042072256306
581.028,-6735.27,76.2544,624.281,-6696.3,99.4576,678.311,-6701.54,82.0029,54.2835011766928,102.964532675092,58.2192657889123
-794.515,-7522.16,70.3907,-926.221,-7325.45,63.0285,-1183.72,-7577.31,63.2333,360.193273953027,393.092933700162,236.730425877199
6840.61,-6313.36,89.3735,6798.81,-6147.99,54.4944,6918.96,-6086.03,86.3621,135.185295428164,240.453012873617,170.571031831316
-7420.1,189.62,66.9664,-7311.7,201.675,78.2234,-7446.75,7.76089,73.0747,236.307394207401,183.801410195874,109.068249390004
6771.02,3724.67,169.038,6745.63,3926.96,57.4803,6651.8,3940.47,127.113,94.7976212781733,246.542183814454,203.877159583902
4880.44,-4214.81,66.8355,4914.18,-4242.18,109.639,4809.97,-4256.68,150.706,105.213944418029,81.9702250820376,43.4454197816069
7493.82,-5036.56,96.513,7420.25,-4957.17,82.8871,7153.65,-4903.48,84.1491,271.952525452514,365.275122749963,108.237317963815
467.944,-4829.81,73.2051,395.384,-4615.82,83.8906,612.194,-5044.06,72.4768,479.995910086743,258.284968590896,225.957238653689
4092.55,1814.46,115.884,4133.9,1838.13,69.437,3984.51,1717.17,112.735,192.220429975588,145.389083840569,47.6454761756031
-7109.15,-5670.06,69.0357,-7076.32,-5673.59,92.1307,-7301.78,-5600.87,140.945,236.897467272236,204.679195327713,33.0192337888085
-559.779,5097.74,84.4111,-665.529,5051.42,81.6146,-752.669,5114.6,106.966,107.634065239589,193.625441768379,115.449577305419
5190.92,-2688.4,75.2554,5341.68,-2754.26,171.973,5282.49,-2508.89,58.8605,252.408187268163,201.516512971022,164.517832468095
2092.35,-5739.86,112.928,2160.34,-5762.12,51.939,2315.98,-5645.64,70.1245,194.400102880631,242.668055788148,71.5412307693965
-1246.33,4490.57,82.7793,-1105.29,4322.16,69.4553,-1088.59,4690.53,51.1757,368.74835172513,254.687866220596,219.668408516109
-6928.12,3251.13,111.725,-7021.22,3256.71,59.0718,-7133.46,3345.96,94.6478,143.39937273224,226.179673047779,93.2670702874282
-6166.4,-1635.08,80.2244,-6098.63,-1770.16,117.188,-5997.03,-1477.69,59.4767,309.614697487054,231.209448336351,151.127030342027
5982.76,-2172.34,68.3542,5926.97,-2153.6,77.3506,6016.68,-1957.94,96.2981,215.245719353487,217.066640458639,58.8533066190847
4899.29,-7571.25,74.7572,5034.8,-7389.45,67.8521,4570.37,-7484.66,135.231,474.08877755121,340.126732998158,226.746995790463
-5730.64,4744.07,68.9537,-5724.08,4780.64,79.8756,-5724.17,4610.7,80.5611,169.94002383194,133.526842994208,37.1537144845579
297.286,4915.72,76.4151,353.172,4751.48,59.6039,516.976,4937.21,107.997,247.643661974217,220.738569806004,173.48781685179
-3797.1,-3782.48,84.4194,-3842.64,-3725.98,86.7041,-3812.67,-3997.44,65.0735,273.109378271783,215.523146088767,72.5681858668108
6529.68,-6257.82,83.9489,6471.76,-6269.87,88.0506,6531.45,-6126.16,53.3324,155.613174892102,131.671897153493,59.1601969232694
6890.41,3167.19,142.955,6861.22,3270.94,131.976,6783.95,3454.27,60.5382,198.948590846982,306.184026363231,107.77809888841
-4186.4,5867.66,71.0124,-4288.62,5938.32,78.1285,-4050.22,5963.86,137.699,239.764158288932,166.731617877354,124.264894479495
-5914.7,5897.33,70.9096,-5916.56,5952.06,77.1104,-5825.74,6109.23,131.122,181.52322523578,229.816212656983,54.7615969453051
-6857.54,-6120.91,94.6169,-6726.64,-6290.23,156.908,-7042.88,-6013.19,75.8571,420.427043849465,214.370039884309,214.018859916597
-2113.39,-3936.89,81.6912,-2052.03,-4002.29,126.515,-2426.13,-4095.94,89.5084,385.643789655687,350.860670494714,89.6783675141334
-2470.77,-4886,71.5876,-2609.09,-4968.23,73.398,-2789.08,-4865.67,88.4437,207.159247198863,318.958563139477,160.916734058332
-6305.72,7007.56,77.9052,-6454.15,6891.41,74.9218,-6540.61,6941.01,80.8495,99.6769361487403,244.135647950068,188.473572152702
4034.67,-7028.14,125.709,4160.46,-6902.51,125.571,4184.01,-6885.9,83.8173,28.8183032116748,206.239310510873,177.780822925309
-4351.54,-7590.94,72.7401,-4344.96,-7244.2,73.2582,-4697.26,-7445.98,68.6767,405.993175312098,374.880941099971,346.802427903842
-4298.41,2939.94,73.4833,-4327.65,2836.37,83.8388,-4138.65,2893.17,72.3059,197.350551050662,166.465283167392,107.618411528883
6615.19,6720.2,65.6445,6733.81,6664.78,161.538,6447.96,6787.79,87.3871,311.193962987716,180.372617101377,130.927769399773
5449.28,5371.44,84.3149,5198.17,5182.18,69.5094,5546.38,5024.83,78.4467,382.111536858023,359.954027759101,314.444875455142
678.311,-6701.54,82.0029,624.281,-6696.3,99.4576,581.028,-6735.27,76.2544,58.2192657889123,102.964532675092,54.2835011766928
6601.49,-7110.89,76.5831,6532.42,-7292.23,67.6993,6688.79,-7297.04,123.305,156.443961212953,205.60426187217,194.048603447692
-3020.43,-5680.33,66.4495,-3108.67,-5752.2,83.7978,-2929.01,-5849.82,64.9202,204.468530586005,192.573301628237,113.805072382561
5958.57,-563.543,76.8119,6049.89,-342.827,64.2724,6152.24,-292.141,84.1228,114.212928760276,333.417327840051,238.861665103466
6297.56,2027.73,68.7665,6335.71,2020.29,80.6774,6182.87,2000.28,82.7553,154.144301548906,117.929210122005,38.8687033485808
7473.63,2161.95,67.4824,7441.8,2147.31,92.3598,7565.81,2150.28,57.5977,124.045560178509,92.9157753021522,35.0353892514411
4090.24,-1501.29,85.9242,4139.21,-1245.2,84.5532,4391.72,-1537.66,129.665,386.386013851433,303.665881027158,260.73003087485
-2005.49,4659.8,80.936,-2007.46,4620.09,64.1267,-2045.12,4627.56,211.002,38.3937039109278,51.0877137871717,39.7588354960253
5054,4112.34,74.3757,5043.05,3863.4,76.3771,5275.36,3898.08,66.1078,234.884308756459,308.07076654561,249.180709726897
-5021.27,2287.32,70.5353,-4898.11,2382.4,87.244,-4852.5,2448.71,138.167,80.4816016242219,233.516691052267,155.591105144221
-5744.41,-345.326,73.0301,-5770.78,-338.241,86.9794,-5531.63,-579.756,65.7568,339.885595053688,316.59556740422,27.3052032587197
-3330.02,-5480.09,78.1976,-3303.01,-5465.22,58.0631,-3427.37,-5535.57,61.4594,142.879432039744,112.049332438886,30.8327261201468
-4065.37,-4189.78,82.5305,-3894.57,-4098.3,66.3875,-3812.67,-3997.44,65.0735,129.92439955605,317.571984910508,193.755594499875
4600.2,4686.66,83.3664,4492.84,4852.24,76.673,4400.55,4548.88,220.866,317.087895858545,242.57669075985,197.33957028432
4947.85,1444.11,81.9146,5042.43,1377.08,59.0568,4712.44,1365.46,110.103,330.194525242319,248.200907734038,115.924101462983
4932.92,2042.98,73.9144,4899.11,2125.58,102.772,4994.74,2203.38,119.705,123.279912800099,171.900763232744,89.2517568454538
-5502.96,85.6279,64.0579,-5497.51,-51.4281,85.6214,-5352.47,173.279,109.46,267.450710207339,174.154975327178,137.164316190473
-2329.2,-7435.2,72.7969,-2434.74,-7570.11,64.3881,-1960.54,-7567.96,58.6138,474.204873973265,391.83595189824,171.287476775157
-3812.67,-3997.44,65.0735,-3894.57,-4098.3,66.3875,-3797.1,-3782.48,84.4194,330.518794170619,215.523146088767,129.92439955605
6014.61,-7033.18,78.8026,6134.16,-7037.56,56.0376,5992.59,-6873.95,91.2337,216.356874168583,160.745367895937,119.630208977499
6902.73,581.716,73.7809,6912,673.925,162.326,6840.2,309.651,79.9,371.282624258125,279.158315521856,92.6737966255834
-859.505,-7117.28,74.0565,-1049.53,-7074.08,81.0861,-926.221,-7325.45,63.0285,279.985689600379,218.599573549447,194.873652978026
6637.35,-370.249,160.106,6634.95,-395.644,83.6832,6505.12,-327.523,69.4267,146.616163982693,138.961447804778,25.5081560486054
-3976.25,2126.54,83.9295,-4037.8,2208.34,127.745,-4112.19,1982.92,82.631,237.377438902689,197.753351425456,102.370125036556
-476.858,6311.25,225.606,-629.802,6263.45,76.5297,-305.651,6278.77,94.9688,324.51282440144,174.260687617718,160.239530503556
2452.92,6468.33,70.6884,2398.16,6622.83,138.498,2177.45,6257.14,94.7563,427.132391888042,347.109402062232,163.917380408546
-5751.33,-3307.92,67.4811,-5688.08,-3300.43,156.242,-5861.84,-3255,91.08,179.600730789159,122.527492833242,63.6919351252575
-2284.98,-4321.94,64.5147,-2156.76,-4360.08,78.3847,-2388.18,-4462.86,65.038,253.217188990005,174.667359286159,133.772299075705
7189.65,-3772.09,91.8969,7193.21,-3773.12,80.799,7430.56,-3791.17,75.7898,238.035344014287,241.664384012209,3.70600863463677
-7133.83,6546.7,68.2771,-7200.88,6871.22,81.4256,-7258.9,7080.18,178.114,216.865400652109,547.944719200761,331.374309354241
-5486.73,-3672.02,75.177,-5509.88,-3892.25,120.151,-5635.67,-3476.02,70.4958,434.822420075138,246.168892429568,221.443390960308
-1767.55,-6671.29,76.8361,-1729.66,-6724.31,84.3564,-1736.99,-6554.72,88.3417,169.748334306997,120.509246533201,65.1672655556456
-2669.2,-6700.57,73.4267,-2478.95,-6603.1,78.1723,-2845.88,-6373.38,63.416,432.907499704036,371.845557321854,213.76497234112
-6822.63,6013.73,63.1243,-6580.39,6077.48,87.9787,-6587.62,5867.69,71.3001,209.914546899447,276.690046261155,250.488083748509
5666.47,-6942.38,100.584,5716.12,-7123.88,81.7372,5672.08,-6704.27,71.1997,421.914770658719,238.17607814388,188.168468399995
5408.34,-5042.53,79.9777,5455.28,-5139.43,85.1381,5643.63,-4994.46,102.133,237.68050698364,240.150180095706,107.670671958524
-6291.98,7458.96,63.0674,-6622.17,7426.59,131.158,-6305.72,7007.56,77.9052,525.096889535636,451.609065010878,331.772893708935
-6076.07,-7194.71,73.2004,-5969.35,-7166.83,74.9335,-5878.77,-7185.55,83.761,92.4941879255124,197.512520109485,110.30164459336
-1929.13,5129.01,82.3402,-1955.48,4960.58,87.3014,-2151.53,5134.35,216.049,261.976364201048,222.464099575639,170.478700722407
1528.71,6357.37,79.8701,1218.6,6531.96,83.3443,1257.41,6113.02,67.6869,420.733810977915,365.117258562232,355.879024669901
-7311.7,201.675,78.2234,-7420.1,189.62,66.9664,-7273.19,414.585,177.536,268.685316541489,216.364711078309,109.068249390004
-1395.46,6250.64,72.4473,-1307.02,6379.38,74.8776,-1346.77,6401.41,88.2458,45.4464894133748,158.43708214935,156.190976691997
6525.89,-1415.88,69.3622,6436.8,-1322.58,68.576,6502.25,-1124.88,59.1584,208.252232881186,291.958643646664,129.003558478052
7474.43,-3288.67,76.1135,7324.73,-3431.51,60.1389,7430.56,-3791.17,75.7898,374.907061149827,504.411366743455,206.913884502709
4571.6,7576.03,72.0754,4350.2,7569.29,57.7893,4169.14,7339.06,77.4165,292.896870075458,467.042645269144,221.502567930939
7483.9,4963.51,73.4492,7366.65,5006.39,124.99,7456.86,5144.54,151.472,164.994747189115,183.038308831785,124.844931414936
-4521.2,-875.527,85.8864,-4606.86,-945.704,107.543,-4666.29,-982.064,65.4452,69.6704707892808,180.003445714242,110.73593332338
-6587.62,5867.69,71.3001,-6526.44,5866.23,156.438,-6610.04,5762.44,90.2252,133.271617758621,107.611425508633,61.1974182461976
6806.22,-5364.11,102.899,6796.45,-5388.27,133.763,6789.19,-5182.88,56.5111,205.518270963922,182.028387346589,26.0606695999939
-6464.16,720.601,148.258,-6426.11,686.771,98.1316,-6396.45,644.044,82.0423,52.0126150948017,102.203807898728,50.9143535753918
3444.96,5709.11,63.0319,3535.48,5491.38,73.6158,3417.96,5462.28,95.3675,121.069238041709,248.302333657982,235.796995952026
4426.33,5620.41,96.4699,4211.07,5602.89,71.0832,4574.92,5797.58,56.0596,412.663323545963,231.231911725004,215.971799084973
-312.378,-4430.22,80.754,-240.352,-4494.94,133.325,-213.96,-4455.72,73.5873,47.2731008502716,101.667854919832,96.8319321091958
-5645.03,-872.091,75.4839,-5603.39,-925.029,167.207,-5737.94,-781.72,95.9127,196.573579051204,129.61167285781,67.3522192952834
4314.01,-6970.91,64.8739,4184.01,-6885.9,83.8173,4160.46,-6902.51,125.571,28.8183032116748,168.095694471929,155.327718389217
2007.78,-6115.92,68.7249,2303.78,-6071.83,79.1331,1738.77,-5858.53,61.1734,603.93144486771,372.31168689688,299.265648045345
7467.82,3259.87,88.7986,7557.52,3294.26,69.8371,7346.12,3129.82,150.561,267.825453607383,178.11202233426,96.0664462754824
-5177.23,3067.89,85.8581,-5271.35,3119.5,57.1033,-5037.65,2970.73,90.3258,277.034660105916,170.066581079294,107.341355031508
-5115.95,-1717.87,90.4646,-4985.32,-1705.42,74.6423,-4992.99,-1582.86,57.6029,122.799765879256,182.611231034677,131.221947097275
5515.52,3515.51,75.4329,5419.81,3607.43,85.931,5651.01,3335.97,146.362,356.572533434643,224.926991932938,132.701509034374
4011.59,-5829.7,68.1051,3785.12,-5773.86,81.5811,4239.93,-5938.76,102.738,483.781093160947,253.04789902309,233.252580907479
6694.2,-2576.24,76.3846,6661.97,-2646.27,98.2032,6536.85,-2584.86,94.3426,139.377912525622,157.585934968828,77.0906855592814
-5000.95,7159.81,65.095,-4989.58,7373.78,110.605,-5169.59,7001.33,66.5418,413.66967812495,231.420310258197,214.271878229505
6503.65,5992.8,69.0448,6408.5,5967.69,80.5322,6414.74,6129.21,143.48,161.640489976986,162.827135944842,98.4074926009192
-418.866,3932.05,293.507,-620.675,3942.3,86.6698,-630.473,4038.99,90.1686,97.1851681276517,237.094255622105,202.069134162049
4776.67,2560.44,162.287,4816.94,2707.48,59.8336,5063.79,2604.83,60.3634,267.34237411978,290.531179910177,152.454696549499
5333.96,-5301.34,64.1814,5407.22,-5410.72,104.556,5375.46,-5467.17,153.403,64.7711363185794,170.943964210498,131.647301529504
-94.9243,4904.65,70.0467,-209.974,4871.64,67.8223,-141.092,5039.5,112.44,181.443405843254,142.534132835928,119.691660403263
-5091.48,1289.45,65.7088,-5183.96,1349.24,149.252,-4966.3,1326.77,100.08,218.816764668523,130.624709760442,110.124450055381
929.801,-4094.68,64.2813,1010.25,-4026.99,88.0403,770.823,-4146.21,77.3,267.467188135293,167.120750907839,105.137898500018
-4560.72,5790.84,64.627,-4366.36,5825.02,76.185,-4485.61,5973.48,55.8757,190.423039834994,197.481345194932,197.342549897381
7401.39,-69.6884,76.9414,7095.66,87.2825,110.445,7179.87,249.76,107.164,183.003448345243,388.739489456063,343.672367738243
-5799.54,3166.89,117.08,-5760.27,3197.3,114.695,-5891.84,3299.68,105.764,166.710315517666,161.717265930389,49.6679071433454
6181.32,1641.04,123.198,6223.98,1660.5,83.8945,6068.79,1746.82,90.8226,177.581188474455,154.442252314579,46.8888814112684
-5092.67,2579.79,64.3191,-5135.19,2558.34,60.9114,-4852.5,2448.71,138.167,303.203517459807,273.612125645045,47.6240789937186
-3744.61,3158.34,80.6723,-3767.08,3325.24,190.642,-3578.23,3091.46,111.49,300.528552553663,179.318818867402,168.405792358814
-7327.24,-2065.41,66.0547,-7445.98,-2008.7,76.1069,-7115.13,-2130.44,56.4752,352.537019474551,221.854801615831,131.5872778805
1095.02,-5647.81,126.388,935.676,-5697.76,64.1019,895.401,-5681.61,63.8571,43.3923740419907,202.460329845133,166.989559062835
-6337.1,5167.51,217.705,-6200.13,5058.16,60.6108,-6154.7,5024.7,199.661,56.4221277514419,231.655900205456,175.266093126994
-2645.57,7049.7,83.7865,-2785.73,7167.07,81.6396,-2754.2,7343.53,84.9725,179.254769811015,313.267530714563,182.812861965453
1362.24,6730.97,63.2311,1160.87,6679.07,75.7346,1218.6,6531.96,83.3443,158.031974612734,245.433147109351,207.950683817101
4331.15,-1154.86,92.8122,4139.21,-1245.2,84.5532,4573.89,-1127.35,127.773,450.372429107289,244.293896157887,212.137406413862
-173.345,5034.79,155.428,-141.092,5039.5,112.44,-94.9243,4904.65,70.0467,142.534132835928,151.941520949641,32.5950933270638
-3766.03,6463.85,200.701,-3813.81,6164.77,70.3218,-3486.87,6585.47,98.9011,532.8022650102,304.502430203767,302.872538867425
-7013.9,-7221.11,63.8645,-7064.91,-7264.24,90.0153,-7105.2,-7161.32,60.5273,110.525157769623,109.135393434028,66.7998278440898
-6744.12,-5873.19,63.0709,-6735.74,-5724.89,166.932,-6857.54,-6120.91,94.6169,414.327262438763,272.450536428175,148.536575966998
5643.63,-4994.46,102.133,5681.88,-5155.08,57.8657,5455.28,-5139.43,85.1381,227.139786255073,237.68050698364,165.111619518434
-1169.02,-4277.67,65.7591,-1029.38,-4234.32,76.7126,-1376.8,-4055.68,50.952,390.657018367775,304.059350292011,146.214062593172
-687.324,-3892.9,71.8284,-503.928,-4025.67,74.4003,-455.347,-3924.63,161.25,112.112421974552,234.136971512403,226.411054756609
595.092,-5731.26,83.009,620.807,-5784.32,54.1405,544.707,-5538.3,77.3394,257.520970796554,199.429711490039,58.9629105879276
-3982.89,-3185.83,69.9798,-4010.43,-3102.77,79.4995,-4222.95,-3294.61,80.0527,286.299381766709,263.556240677393,87.5066580324034
-6108.03,-1219.44,64.9225,-6216.9,-1186.72,69.4095,-6204.49,-1148.46,56.9918,40.2223283761643,119.760978619916,113.680584534035
2392.47,-6737.35,72.0877,2233.69,-6933.03,58.6673,2126.63,-6666.39,86.9654,287.330355514345,275.147646182917,251.995537262071
2251.83,5949.93,102.065,2205.91,6020.42,63.7114,2210.28,5834.21,216.816,186.261270799917,122.953328137143,84.1277986161529
-2156.76,-4360.08,78.3847,-2284.98,-4321.94,64.5147,-2388.18,-4462.86,65.038,174.667359286159,253.217188990005,133.772299075705
-5340.51,-2768.55,64.8542,-5342.78,-2782.29,66.7158,-5288.8,-2688.14,72.2909,108.526784251631,95.601737431911,13.9262521878642
-4784.93,6834.68,74.3058,-4767.16,7040.11,84.6009,-4589.2,7007.21,72.343,180.975610511472,260.915376702869,206.197133345737
-6982.1,5466.42,62.3679,-6947.76,5447.12,85.4064,-6976.41,5524.82,107.929,82.8137216891014,58.676537900595,39.3919484158885
4026.55,-7343.71,76.9601,3823.9,-7356.68,76.23,4034.67,-7028.14,125.709,390.336424767149,315.674451452758,203.064628628425
3823.9,-7356.68,76.23,4026.55,-7343.71,76.9601,3647.51,-7095.63,80.4585,453.006631298042,315.056399078006,203.064628628425
5993.28,-1229.63,87.4149,6013.21,-1200.53,128.571,5941.74,-1225.72,75.3021,75.7792649740022,51.6881001778939,35.2705954018361
-6154.88,816.656,65.8349,-6192.03,857.83,75.3398,-6153.33,1046.92,187.766,193.009632143062,230.26921677897,55.4564764116869
7441.8,2147.31,92.3598,7473.63,2161.95,67.4824,7336.81,2105.41,76.2845,148.04216966797,113.042072256306,35.0353892514411
2753.59,-4428.97,169.253,2910.92,-4311.53,53.1528,2669.93,-4673.08,84.8204,434.504985702121,258.047839944457,196.328506590358
-4049.5,7486.62,71.5792,-4134.69,7362.34,146.202,-3865.19,7533.05,74.4292,319.017482436307,190.06820091746,150.674664426372
5083.98,-489.482,80.2193,4997.72,-459.174,194.065,5133.1,-618.964,59.4233,209.429196866149,138.485965801593,91.4295491840569
-1597.36,6465.25,65.8611,-1595.34,6571.14,68.7863,-1614.15,6354.73,65.6553,217.225928931148,111.788078523607,105.909265411484
-5531.63,-579.756,65.7568,-5348.55,-624.671,186.785,-5737.94,-781.72,95.9127,419.867789311111,288.709669730683,188.509001442902
4645.81,-7083.08,63.774,4567.79,-7357.66,77.2698,4314.01,-6970.91,64.8739,462.579561697228,350.247553738781,285.449289366781
-2451.03,5345.52,86.5903,-2503.61,5416.1,73.362,-2560.5,5400.5,71.962,58.9901017120669,122.500944077994,88.0124582090512
4150.08,-798.633,108.103,4065,-810.584,85.1927,4032.61,-780.61,90.5309,44.1310862771356,118.844559947016,85.9152652384894
-5509.88,-3892.25,120.151,-5486.73,-3672.02,75.177,-5814.95,-3694.74,105.348,329.005420624038,363.425239904991,221.443390960308
6531.03,4353.57,76.0217,6506.08,4358.03,173.664,6823.84,4287.2,66.349,325.558453276827,300.237694169137,25.3454946686781
-7370.53,-5116.47,69.1025,-7481.72,-4986.8,107.99,-7434.43,-5340.24,107.901,356.589648896319,232.714896171259,170.814299752685
1522.65,-4441.79,64.1688,1404.88,-4247.03,80.6476,1295.69,-4219.17,57.7682,112.688223430845,317.915878810732,227.598836772072
6742.04,1794.58,70.9857,6614.78,1774.34,85.3912,6755.5,1532.4,89.7613,279.88762387787,262.525282591982,128.859478502748
1140.06,5917.32,66.6488,992.277,5899.19,52.8981,1272,5819.81,110.711,290.768191398234,164.062072704205,148.890939915765
4570.37,-7484.66,135.231,4567.79,-7357.66,77.2698,4899.29,-7571.25,74.7572,394.351287686499,340.126732998158,127.026203595951
4591.42,1436.73,88.6035,4712.44,1365.46,110.103,4393.49,1352.09,61.5293,319.23010415686,215.267773946776,140.446620820865
-3202.69,-4671.79,63.7854,-3122.29,-4615.55,60.9689,-3058,-4839.3,89.8418,232.803063983273,221.347681713634,98.1177741288498
-6265.95,4249.47,106.901,-6409.79,4259.63,67.9471,-6118.55,4386.61,76.7355,317.71789058849,201.330920625719,144.198374470727
7426.66,6727.02,104.693,7423.89,6651.05,76.117,7448,6530.35,72.4493,123.084451089485,197.824377921428,76.02048276616
-5492.51,-3043.91,63.5152,-5577.53,-2921.11,108.182,-5767.47,-3131.13,141.201,283.170627007817,288.462007897054,149.359433582214
5914.86,2654.89,76.7114,5936.59,2791.63,72.7618,5966.89,3035.24,89.3003,245.487111881662,383.892228887223,138.455843141415
-5916.56,5952.06,77.1104,-5914.7,5897.33,70.9096,-5825.74,6109.23,131.122,229.816212656983,181.52322523578,54.7615969453051
-6330.25,5545.56,67.1996,-6236.59,5545.19,52.6336,-6492.72,5410.62,81.7946,289.329676666601,211.199679213772,93.6607308320834
-5580.64,-2324.47,63.0949,-5449.06,-2385.75,107.841,-5739.61,-2266.33,84.2981,314.134428071804,169.268191046043,145.150042369956
5658.94,-3672.04,74.527,5580.26,-3658.13,100.396,5641.67,-3786.41,69.0396,142.221469898183,115.666545725201,79.9001282852531
-5861.84,-3255,91.08,-5751.33,-3307.92,67.4811,-5767.47,-3131.13,141.201,177.52521989847,155.722425488431,122.527492833242
3023.65,-6065.02,77.8117,3049.44,-6163.07,60.7848,2931.75,-6123.01,87.5557,124.32111526205,108.666692689158,101.385041302945
-4790.59,4277.24,86.9489,-4919.22,4219.92,64.6557,-4801.83,3979.67,90.1934,267.395726592629,297.782206486553,140.823504075137
4456.36,-582.04,110.81,4427.77,-454.889,96.3758,4245.88,-594.59,78.7217,229.347643329946,210.853818793969,130.325611070886
-595.49,-4938.09,73.6876,-711.93,-4903.69,69.0764,-453.919,-5006.46,79.606,277.725312171937,157.215791003957,121.415129205548
1962.62,5662.36,75.7202,2044.74,5636.22,87.3097,1842.87,5649.91,121.273,202.333667490114,120.395452571931,86.1800092828957
4346.48,321.829,66.6149,4417.69,246.503,64.4959,4241.78,348.948,146.365,203.566466111194,108.155120826524,103.657466571396
6842.03,932.556,141.054,6669.53,1059.07,89.844,6912,673.925,162.326,455.113581345361,267.9287126476,213.920644623187
7473.89,4237.28,76.1005,7476.68,4388.76,61.772,7137.24,4358.27,98.4646,340.806622148104,357.731467164968,151.505691312241
-6153.33,1046.92,187.766,-6071.95,1156.3,71.5426,-6192.03,857.83,75.3398,321.719671919514,193.009632143062,136.333007008574
-2929.01,-5849.82,64.9202,-2836.44,-5880.93,82.7901,-3020.43,-5680.33,66.4495,272.199706281987,192.573301628237,97.6577544284122
6227.68,61.6092,89.6341,6251.12,187.804,82.753,6069.71,117.208,89.0898,194.662228786172,167.468646204118,128.353266990132
-5829.78,5504.58,103.15,-5749.57,5567.11,82.997,-5704.59,5472.91,51.146,104.387932252727,129.133748493567,101.703711830001
-3094.35,-5117.67,140.133,-3252.22,-5121.44,107.917,-3307.82,-4967.58,86.5462,163.597859399199,260.952963194519,157.91500815312
-1739.02,-5107.89,84.3538,-1643.4,-5018.48,161.215,-1996.57,-5087.63,80.8644,359.876050050569,258.34564076059,130.909634863138
-2488.26,-5425.99,78.6117,-2387.65,-5275.26,78.6213,-2736.76,-5468.6,81.0461,399.071607233589,252.126678675621,181.223356662434
-5422.56,5725.49,64.2546,-5427,5763.06,70.6332,-5476.72,5881.11,88.4614,128.093250798002,164.775271202932,37.8314485580455
-620.675,3942.3,86.6698,-630.473,4038.99,90.1686,-418.866,3932.05,293.507,237.094255622105,202.069134162049,97.1851681276517
-1484.08,6648.89,63.6561,-1373.91,6603.14,93.2477,-1595.34,6571.14,68.7863,223.730294998241,135.734483827803,119.291623343804
1429.2,3971.35,157.499,1432.73,4001.19,52.2835,1472.04,4012.38,69.8797,40.8716552148307,59.3188545068093,30.0480698215378
-1229.09,-6343.25,81.2119,-1226.69,-6593.74,56.5384,-1007.33,-6057.33,67.0038,579.529548599551,361.839389785026,250.501497201114
-7146.96,453.767,77.324,-7273.19,414.585,177.536,-6997.34,194.497,63.4262,352.890847492535,299.344412508401,132.171260204327
-7115.13,1031.35,86.0251,-7074.76,1109.38,83.293,-7310.14,1112.41,78.1568,235.399501486303,211.186229901478,87.8545263489595
4181.22,5859.77,66.1919,4168.5,5926.87,137.425,4193.78,6061.39,129.046,136.874792419934,202.010836343004,68.2950100666215
-5217.39,-5178.36,62.4311,-5258.4,-5226.92,75.8517,-5119.98,-5365.5,65.5877,195.868611063641,210.97413988449,63.5601581181166
4225.14,671.01,80.1288,4159.91,839.157,70.4756,3997.08,802.908,82.4715,166.81606307847,263.454827255073,180.356221154137
2421.92,6930.93,61.9891,2453.45,7013.47,68.7242,2592.49,7027.72,70.8444,139.768322949086,196.118405561538,88.3571870308238
-3799.34,-706.314,121.795,-3725.36,-696.417,66.8349,-3922.25,-469.805,120.395,300.197719251829,266.539631539101,74.6390715979238
-6182.51,-4049.6,77.1023,-6284.45,-4017.11,76.8633,-6210.58,-3927.49,66.3967,116.140093421695,125.294760465073,106.992353465095
3848.07,2088.64,70.3808,3947.52,2126.78,113.802,3740.37,2132.72,89.5512,207.235146874269,116.371544631839,106.512732102787
-4814.17,-3029.02,80.5482,-4959.58,-3010.65,80.7139,-4778.64,-2787.98,70.0458,286.916734437014,243.644541289149,146.56577021938
4687.82,195.372,86.441,4764.8,225.206,123.458,4573.88,401.632,92.1269,259.954957398392,235.638518073765,82.558996820456
-4755.13,5221.47,142.313,-4630.58,5178.23,59.1142,-4740.31,5041.47,69.6145,175.339586231974,180.609059573433,131.842330455738
-5408.22,4970.93,63.5178,-5429.64,5065.61,63.6586,-5393.4,4861.37,85.4141,207.430265872654,110.557794840527,97.0727500383083
-4167.26,2204.87,66.9821,-4037.8,2208.34,127.745,-4233.3,2360.74,64.6055,247.883057105563,169.283013028478,129.506495976071
733.129,-4508.87,88.937,537.707,-4441.52,64.5039,839.343,-4715.89,59.954,407.75381469215,232.677231795464,206.702154280017
-4477.09,-6440.11,71.407,-4403.98,-6426.61,64.7074,-4603.14,-6373.42,98.0744,206.140441689641,142.60490384275,74.3459622306423
-4327.65,2836.37,83.8388,-4298.41,2939.94,73.4833,-4138.65,2893.17,72.3059,166.465283167392,197.350551050662,107.618411528883
5576.45,426.619,85.2699,5680.81,397.56,55.4011,5775.71,502.808,71.9124,141.715036266445,213.329115033556,108.330213149426
4341.34,6498.14,69.1037,4454.31,6618.34,52.9468,4408.57,6658.31,169.436,60.7433000420629,173.707517972021,164.955330013916
-7087.93,-4716.28,68.1162,-7292.76,-4663.54,157.912,-7022.55,-4457.64,69.2853,339.717903708356,266.775549854179,211.510842511678
-7267.88,-3114.97,84.8177,-7128.06,-3030.76,130.103,-7303.15,-2848.04,80.1382,253.067395173696,269.250065552452,163.220576215132
5992.59,-6873.95,91.2337,5955.14,-6822.67,53.1077,6014.61,-7033.18,78.8026,218.749036569307,160.745367895937,63.4991409390707
5290.94,1208.53,66.2735,5333.45,1317.07,118.72,5404.04,995.678,81.0399,329.052831265741,241.034403984162,116.567712939733
-742.972,7326.73,77.8464,-739.111,7357.52,64.427,-901.301,7272.67,115.965,183.044034592772,167.303783104268,31.0311363149991
471.43,6784.89,98.4666,453.714,6542.53,67.682,496.097,7069.93,77.4481,529.100253911299,286.105334604233,243.006638296159
-3839.58,1213.15,85.6005,-3951.89,1092.11,106.916,-3678.65,1294.24,81.71,339.877381565764,180.205585374039,165.118798748053
5022.89,-3992.55,84.5089,4888.96,-3966.23,133.644,4880.44,-4214.81,66.8355,248.725967281264,263.991496264558,136.491711469965
-7212.11,3276.51,66.2941,-7133.46,3345.96,94.6478,-7353.12,3243.66,79.0781,242.313444942702,144.785850828042,104.924377529723
-6535.52,6397.72,60.9802,-6351.19,6193.78,165.525,-6580.39,6077.48,87.9787,257.018151109995,323.368171748551,274.898294829198
537.707,-4441.52,64.5039,733.129,-4508.87,88.937,395.384,-4615.82,83.8906,354.273887726713,225.025168212357,206.702154280017
5949.31,5007.72,70.1335,5858.85,5073.55,59.9252,6138.61,5225.23,87.346,318.233373485559,288.348903413901,111.877613935943
-390.839,-5080.4,69.6189,-453.919,-5006.46,79.606,-185.517,-5207.43,69.8681,335.303704876639,241.44097536251,97.1916148646576
3784.08,-1226.66,66.6246,3769.88,-1409.85,60.5995,3673.24,-914.15,59.76,505.032454006671,331.584085414243,183.739533307342
-3427.37,-5535.57,61.4594,-3330.02,-5480.09,78.1976,-3303.01,-5465.22,58.0631,30.8327261201468,142.879432039744,112.049332438886
508.6,4300.5,117.228,407.059,4249.15,57.0989,729.927,4263.89,68.5831,323.204289922024,224.334422300725,113.786630062587
-4888.35,-892.399,66.4471,-4822.57,-890.774,85.4283,-4966.64,-865.408,52.3106,146.286017294888,82.8120654313126,65.8000685789923
6399.19,-74.9228,71.0526,6535.75,-174.889,82.5911,6227.68,61.6092,89.6341,388.379355145507,219.218309280953,169.239105240013
6596.29,-6506.12,72.2421,6529.68,-6257.82,83.9489,6471.76,-6269.87,88.0506,59.1601969232694,267.061385078412,257.079330363217
3702.72,6425.1,62.7687,3733.84,6663.76,75.2514,3478.72,6276.47,67.5573,463.766922602292,268.824993071701,240.680389728785
7280.72,3145.51,69.5515,7346.12,3129.82,150.561,7190.42,3046.73,78.7973,176.483534926066,133.834145119996,67.2557514269222
5568.2,-6625.28,67.1646,5617.62,-6620.78,114.626,5569.73,-6684.14,66.7309,79.4225515832884,58.8798819631975,49.6244536493855
7530.77,3613.39,60.6603,7557.52,3294.26,69.8371,7467.82,3259.87,88.7986,96.0664462754824,359.080900216093,320.249152067573
623.437,-4056.41,66.5769,605.776,-4106.57,187.052,770.823,-4146.21,77.3,169.740513163476,172.588160068992,53.1783463545077
-2082.2,-4766.83,110.954,-2087.41,-4716.91,55.6352,-1816.73,-4773.18,115.566,276.466951551175,265.545934632786,50.1911396563179
-4861.33,2015.76,87.3175,-4816.92,1925.92,114.882,-4947.18,1931.05,72.9636,130.360977673536,120.606826506629,100.217132766808
7023.44,-6732.22,65.0148,7043.1,-6620.02,103.594,7196.1,-6753.51,76.3077,203.048221120009,173.967639806949,113.909418399007
-1007.33,-6057.33,67.0038,-944.453,-5907.34,126.351,-798.486,-5844.31,204.973,158.994169669834,298.317509938656,162.636149822233
-3425.17,-6218.42,71.7797,-3409.88,-6248.32,118.77,-3602.52,-6124.37,85.6986,229.071543627749,200.744676143603,33.5826458159564
-4461.63,-6918.64,71.5751,-4255.33,-6789.72,96.1176,-4713.74,-6858.19,79.2409,463.495273978063,259.25596348011,243.269513914095
7033.62,5252.05,77.7753,7080.59,5189.84,74.9436,7260.56,5418.65,124.548,291.106882433239,281.526772439141,77.9504008969808
3762.25,5084.14,87.8203,3758.39,5159.7,103.873,3799.4,5248.02,75.1464,97.3768067868326,168.038022185457,75.6585302527079
3097.07,4040.2,82.9009,3211.8,4289.09,211.26,3062.97,4341.5,60.7668,157.788393109253,303.223514919276,274.060586367322
-3403.98,7483.76,64.7136,-3170.15,7458.26,55.256,-3417.2,7240.41,134.57,329.381731430266,243.708824009309,235.216323625721
6435.69,-809.792,82.5298,6179.04,-940.876,71.7367,6428.9,-514.192,78.6937,494.458547763106,295.677973647007,288.187851159621
-68.6448,-5879.96,144.998,-29.8949,-5772.12,53.4523,73.5208,-5610.45,83.1962,191.91663790951,304.707561316355,114.590664323103
5675.33,-7209.42,71.2116,5716.12,-7123.88,81.7372,5666.47,-6942.38,100.584,188.168468399995,267.186940549122,94.7676933348068
-7397.46,5774.26,62.2911,-7400.33,5819.45,101.84,-7445.42,5875.61,62.4552,72.0212031279678,112.124859420201,45.2810445992577
6457.12,-5724.82,62.47,6310.09,-5676.51,60.3712,6624.97,-5680.85,137.145,314.909907751408,173.513640385994,154.763293451645
-3407.23,-5154.95,101.551,-3252.22,-5121.44,107.917,-3558.95,-5024.84,133.214,321.581798147843,199.868883271008,158.590731759457
-2736.76,-5468.6,81.0461,-2818.17,-5537.16,54.4851,-2962.68,-5360.12,56.7647,228.53074563393,250.614757745828,106.433367418305
-4463.07,-1266.53,65.3825,-4419.84,-1123.83,164.533,-4455.06,-1463.05,76.1392,341.043482271689,196.683172894887,149.10440268483
-3703.91,5108.99,73.0037,-3652.45,5118.1,70.3162,-3776.51,5083.22,79.9977,128.87008186542,77.037996469275,52.2601540372779
-1598.51,-4393.69,114.087,-1771.7,-4185.38,95.8346,-1349.95,-4572.72,87.5101,572.630193143882,306.323055776088,270.901886667479
-3674.09,-5522.33,72.3979,-3851.44,-5465.88,66.5528,-3427.37,-5535.57,61.4594,429.758142447587,247.075000758879,186.117234559296
3769.88,-1409.85,60.5995,3706.15,-1560.14,71.82,3784.08,-1226.66,66.6246,342.464589848352,183.739533307342,163.243979980886
7049.14,-368.031,148.984,6765.32,-568.571,89.4572,6637.35,-370.249,160.106,236.025288018042,411.795973297457,347.519904465917
2303.78,-6071.83,79.1331,2007.78,-6115.92,68.7249,2160.34,-5762.12,51.939,385.29079096184,341.314104162134,299.265648045345
-5251.87,3644.77,84.9544,-5018.12,3786.87,59.1778,-5596.96,3265.59,66.1204,778.966356141265,512.703208981571,273.553418000945
-4697.01,-2046.96,60.797,-4398.73,-1889.42,61.378,-4711.31,-2414.83,143.705,611.360715535436,368.147832942148,337.327452188523
-1658.55,4681.62,82.6239,-1752.75,4586.5,75.0156,-1654.84,4518.18,75.1537,119.390077058355,163.482102078484,133.871036449263
-4358.08,-3634.56,78.9081,-4244.96,-3394.11,84.0454,-4130.73,-3824.24,60.6312,445.039672164179,296.085333814426,265.72981936546
-4713.74,-6858.19,79.2409,-4852.61,-6807.86,94.9056,-4461.63,-6918.64,71.5751,406.371220437668,259.25596348011,147.709125649027
-1877.58,4725.51,74.1679,-2005.49,4659.8,80.936,-2007.46,4620.09,64.1267,39.7588354960253,167.278781678969,143.801155071856
6655.15,6990.17,172.807,6714.54,7032.19,106.171,6446.85,6950.93,70.6309,279.751896687046,211.963835594659,72.7519930998457
-7096.27,1245.56,78.7762,-7074.76,1109.38,83.293,-7115.13,1031.35,86.0251,87.8545263489595,215.038656292305,137.868315794456
-5620.2,712.202,66.1175,-5529.17,807.532,59.5718,-5441.48,830.653,79.1396,90.6869160408495,214.409602865637,131.811493429063
-4849.87,6129.76,75.1117,-4907.55,5956.26,53.2042,-4969.88,6298.85,59.8744,348.213924190289,207.349531468002,182.836627621492
7095.66,87.2825,110.445,7179.87,249.76,107.164,6840.2,309.651,79.9,344.90961247985,338.685047488445,183.003448345243
-4898.11,2382.4,87.244,-4852.5,2448.71,138.167,-5021.27,2287.32,70.5353,233.516691052267,155.591105144221,80.4816016242219
7543.32,7524.21,70.6698,7465.98,7229.96,67.1667,6974.56,7321.36,78.0321,499.84755315996,603.851024756934,304.244207997457
-6192.03,857.83,75.3398,-6154.88,816.656,65.8349,-6153.33,1046.92,187.766,230.26921677897,193.009632143062,55.4564764116869
3878.91,6036.59,177.877,3812.87,6110.66,61.7815,3962.83,6212.39,55.8379,181.209807957517,194.80299381683,99.2353087363563
73.5208,-5610.45,83.1962,-29.8949,-5772.12,53.4523,-68.6448,-5879.96,144.998,114.590664323103,304.707561316355,191.91663790951
-6758.61,-862.675,69.6517,-6545.02,-912.201,69.6059,-6621.4,-1092.42,84.6723,195.73653813481,267.599232295237,219.256728006234
679.145,-7221.82,64.9919,419.835,-7289.08,125.654,932.544,-6923.45,69.3618,629.726778516683,391.453330680683,267.890992196453
2541.15,4922.92,116.053,2465.06,5016.57,60.5567,2704.03,4924.72,106.844,256.013834391816,162.889945668847,120.664868955301
-7067.25,-4269.62,82.7274,-7022.55,-4457.64,69.2853,-7227.81,-4036.19,111.833,468.776887335543,283.31798125075,193.260472937433
-3349.68,-7151.49,64.2674,-3394.76,-7172.44,72.2215,-3624.4,-7065.51,149.881,253.315128841528,287.860450218504,49.7102494461658
-6723.08,-2271.03,87.0611,-6744.63,-2262.29,56.6928,-6672.43,-2306.42,53.3114,84.6185375671311,61.7889520869221,23.254894108553
3870.52,-780.706,76.5347,4032.61,-780.61,90.5309,4065,-810.584,85.1927,44.1310862771356,196.761696689168,162.090028428648
4393.49,1352.09,61.5293,4320.02,1196.2,56.5598,4591.42,1436.73,88.6035,362.646716378351,215.267773946776,172.335524486392
-2007.46,4620.09,64.1267,-2045.12,4627.56,211.002,-2005.49,4659.8,80.936,51.0877137871717,39.7588354960253,38.3937039109278
-5846.85,4242.37,87.6399,-6118.55,4386.61,76.7355,-6119.51,4072.58,101.043,314.0314673723,321.204171361456,307.613503604767
-3835.24,-1644.13,171.704,-3618.73,-1703.65,72.53,-3663.05,-1499.27,80.83,209.130214937966,225.019589591662,224.54222431427
2565.42,7144.04,66.1368,2592.49,7027.72,70.8444,2453.45,7013.47,68.7242,139.768322949086,172.005249338501,119.428335415009
1094.09,4867.43,77.1278,1216.26,4886.38,67.7166,871.763,4761.99,89.7314,366.266371796538,246.062773553823,123.630948390765
2114.9,6271.42,73.2574,2177.45,6257.14,94.7563,2205.91,6020.42,63.7114,238.424684124778,266.990299636522,64.1593399280257
-200.801,-5334.37,74.8703,-131.927,-5343.73,77.9638,-185.517,-5207.43,69.8681,146.456744808834,127.856811535404,69.5071037808366
-1798.04,-6538.5,67.3225,-1736.99,-6554.72,88.3417,-1868.47,-6529.06,114.179,133.960538965772,71.0598233884662,63.1679578583953
-7511.5,2922.35,114.626,-7543.6,2907.03,62.7863,-7495.54,2679.08,102.296,232.961297429423,243.792974673185,35.5684185760348
-1955.48,4960.58,87.3014,-1929.13,5129.01,82.3402,-1877.58,4725.51,74.1679,406.779611706388,247.64150480079,170.478700722407
1216.26,4886.38,67.7166,1094.09,4867.43,77.1278,1204.79,5122.38,91.0159,277.9460244364,236.278566315271,123.630948390765
4256.46,-5931.24,64.533,4239.93,-5938.76,102.738,4011.59,-5829.7,68.1051,253.04789902309,265.088076872574,18.1601569376478
-4919.22,4219.92,64.6557,-4790.59,4277.24,86.9489,-4801.83,3979.67,90.1934,297.782206486553,267.395726592629,140.823504075137
2453.45,7013.47,68.7242,2421.92,6930.93,61.9891,2592.49,7027.72,70.8444,196.118405561538,139.768322949086,88.3571870308238
-739.111,7357.52,64.427,-742.972,7326.73,77.8464,-672.072,7524.04,113.513,209.66174209903,179.508044167942,31.0311363149991
7040.63,5961.08,68.2099,7161.43,5875.91,66.0529,6965.87,5824.53,61.4947,202.196978216788,155.675817325621,147.805848666418
5891.32,197.033,63.2921,5830.27,149.937,154.715,5969.89,57.5202,91.8277,167.435388500281,160.115790176485,77.1047061858089
4408.57,6658.31,169.436,4454.31,6618.34,52.9468,4341.34,6498.14,69.1037,164.955330013916,173.707517972021,60.7433000420629
4005.15,-597.555,73.8399,4032.61,-780.61,90.5309,4065,-810.584,85.1927,44.1310862771356,221.276698594768,185.103172919861
1997.85,3842.83,66.9208,1883.91,3793.3,57.5458,2097.59,3692.66,283.547,236.193886457715,180.275057897647,124.239866790012
7429.88,-1245.79,78.5077,7352.82,-1215.25,75.1571,7539.52,-1239.48,57.0175,188.265724177292,109.821426415796,82.8911044684534
-5411.64,2652.12,75.8476,-5611.49,2506.39,101.335,-5135.19,2558.34,60.9114,479.124714975131,291.923433283456,247.340363467025
-720.142,-6280.97,75.1585,-1007.33,-6057.33,67.0038,-400.086,-6091.16,86.638,608.185616761857,372.107080335755,363.994226525642
5635.06,3304.18,90.5603,5651.01,3335.97,146.362,5705.94,3314.91,108.99,58.828806719157,71.6875672623914,35.5669312704933
-2220.23,7402.92,82.1667,-2181.25,7033.58,80.5623,-1752.31,7453.22,114.431,600.072706594793,470.615784265679,371.391270764406
4816.94,2707.48,59.8336,4776.67,2560.44,162.287,4716.24,2876.55,53.5534,321.834300533675,196.787080114524,152.454696549499
-722.243,-4181.11,133.032,-834.6,-4401.09,108.794,-503.928,-4025.67,74.4003,500.284067289775,267.998195562955,247.012744304824
-5907.85,-2577.39,63.1017,-5860.35,-2526.48,77.7385,-6029.84,-2545.19,95.2475,170.519571310744,126.168142175432,69.6281415808291
3447.35,6658.07,65.2711,3733.84,6663.76,75.2514,3702.72,6425.1,62.7687,240.680389728785,345.671603982739,286.546499193412
-5737.94,-781.72,95.9127,-5645.03,-872.091,75.4839,-5603.39,-925.029,167.207,67.3522192952834,196.573579051204,129.61167285781
3473.61,4380.72,61.9202,3355.76,4606.4,51.3974,3211.8,4289.09,211.26,348.43954669354,277.381565717695,254.597888640106
-4428.8,1457.14,83.7678,-4389.9,1153.61,83.217,-4413.1,1797.36,161.696,644.167914832771,340.582058247348,306.01253389363
5808.24,-6643.66,84.0785,5837.85,-6573.83,136.504,5672.08,-6704.27,71.1997,210.93668836881,149.040657875628,75.8484080254821
3693.61,-6900.86,61.2157,3730.61,-7049.24,85.5042,3647.51,-7095.63,80.4585,95.171645462291,200.151349982957,152.923590070336
-4921.12,-1672.86,66.1998,-4985.32,-1705.42,74.6423,-4992.99,-1582.86,57.6029,122.799765879256,115.175070653332,71.98467614708
-7308.74,1516.69,108.967,-7182.34,1557.33,56.9616,-7461.76,1646.09,129.834,293.178911247041,200.398304384044,132.772623684252
1439.89,-6985.23,65.7925,1573,-6740.69,139.093,1694.99,-7118.2,80.27,396.730840999285,287.675217736947,278.420695531061
-3447.48,4057.48,64.6054,-3553.16,3923.78,87.6713,-3161.22,4076.75,86.0327,420.733626538217,286.907860645191,170.422863489615
2290.02,4934.03,74.4295,2465.06,5016.57,60.5567,2541.15,4922.92,116.053,120.664868955301,251.375633266234,193.524812879382
-5801.77,-3528.2,94.4773,-5814.95,-3694.74,105.348,-5635.67,-3476.02,70.4958,282.806924950574,174.103309560732,167.060719500426
-6791.4,3607.44,67.9057,-6781.72,3786.63,71.3976,-6992.87,3688.85,93.5165,232.691321067202,217.296454181839,179.451270544402
-5603.39,-925.029,167.207,-5645.03,-872.091,75.4839,-5737.94,-781.72,95.9127,129.61167285781,196.573579051204,67.3522192952834
4481.7,2113.98,67.757,4401.85,2225.97,52.6427,4458.11,1965.77,69.1377,266.212748755577,150.075621604576,137.541930333989
-1225.49,-5684.63,72.0559,-1288.97,-5433.96,138.814,-944.453,-5907.34,126.351,585.47466869968,358.582681496193,258.582983392179
313.228,-5368.23,68.6053,286.358,-5156.49,74.8119,544.707,-5538.3,77.3394,461.002258021585,287.239155306167,213.438104611149
-1736.99,-6554.72,88.3417,-1798.04,-6538.5,67.3225,-1767.55,-6671.29,76.8361,136.245455704034,120.509246533201,63.1679578583953
6074.54,-7299.06,91.1309,5994.62,-7448.3,73.3968,6134.16,-7037.56,56.0376,433.795757471186,268.210354759096,169.292008080712
4417.69,246.503,64.4959,4346.48,321.829,66.6149,4241.78,348.948,146.365,108.155120826524,203.566466111194,103.657466571396
6528.8,1141.08,62.1348,6542.12,1210.27,67.8448,6669.53,1059.07,89.844,197.723918886917,162.882083115363,70.4604747358404
3771.41,-5730.51,104.133,3785.12,-5773.86,81.5811,3645.89,-5756.38,61.457,140.322996333459,128.158211988152,45.4663238012483
-5384.63,941.277,77.2789,-5441.48,830.653,79.1396,-5223.19,910.217,85.2214,232.338017112998,164.40072140961,124.376814061142
-4362.58,1106.04,81.302,-4389.9,1153.61,83.217,-4238.61,1118.91,60.7058,155.218407735681,124.636261978607,54.8569712980946
7545.88,2883,80.5638,7409.39,2970.8,67.4445,7382.59,2885.39,110.562,89.5159656150793,163.30748972414,162.290973562919
-7196.66,3852.89,89.4706,-7372.21,3785.01,73.6792,-7361.78,3748.62,82.6841,37.8552110019219,195.286577367724,188.216622273379
-5061.86,5158.31,80.2277,-5148.65,5376.74,159.231,-4990.13,5448.41,86.3595,173.968903255725,298.836414949717,235.040781567795
-1045.71,-6657.84,97.0588,-1226.69,-6593.74,56.5384,-926.401,-6813.92,72.6895,372.361002148453,196.457638897041,191.996277047239
-6696.42,5262.84,70.5884,-6492.72,5410.62,81.7946,-6947.76,5447.12,85.4064,456.501535156236,311.658328943733,251.65972740985
-6781.72,3786.63,71.3976,-6825.68,3939.56,70.0326,-6791.4,3607.44,67.9057,333.884430304859,179.451270544402,159.122803205574
-6668.5,-7497.82,82.3172,-7013.9,-7221.11,63.8645,-7064.91,-7264.24,90.0153,66.7998278440898,460.109231052801,442.571558168845
4391.72,-1537.66,129.665,4090.24,-1501.29,85.9242,4304.01,-1844.87,151.196,404.653962417273,319.485568062158,303.665881027158
-832.159,5241.7,61.6697,-752.669,5114.6,106.966,-665.529,5051.42,81.6146,107.634065239589,252.926936683304,149.910206790598
-1752.75,4586.5,75.0156,-1798.46,4489.7,95.1709,-1654.84,4518.18,75.1537,146.416579662278,119.390077058355,107.049727229919
6109.13,-1680.12,79.6411,6057.79,-1763.81,83.5268,5979.74,-1598.69,88.607,182.637391845153,152.881055072236,98.182542745643
3934.83,-5384.77,68.3663,3649.29,-5423.72,100.685,4282.1,-5372.93,72.407,634.844957607762,347.471780868606,288.184305783643
-2047.46,-6999.66,64.0646,-1748.86,-6995.25,71.2977,-1723.85,-6999.42,74.2782,25.355255865402,323.610088996002,298.632563696594
-7405.41,2032.76,93.7608,-7357.82,2057.57,86.3751,-7408.66,2166.08,73.727,119.829569389195,133.359607452931,53.6688382583415
6298.57,2287.46,63.6925,6490,2248.11,61.7665,6297.56,2027.73,68.7665,292.575627829797,259.731963762645,195.4325136716
4594.08,4330.93,114.201,4722.28,4198.38,51.4702,4355.57,4476.8,54.552,460.427975366398,279.580179912668,184.40374860615
-5789.97,-6.63983,59.8837,-5497.51,-51.4281,85.6214,-5502.96,85.6279,64.0579,137.164316190473,301.476490127096,295.869634686618
-5715.49,-1274.11,233.536,-5748.87,-1105.04,88.1019,-5610.41,-1578.97,209.264,493.741649549641,322.461510881532,172.333656898471
4929.53,-105.062,59.7827,4584.49,-160.441,53.9235,4997.72,-459.174,194.065,509.902381038764,360.617781929843,349.455913157869
6965.02,-4757.51,61.1284,7124.22,-4905.17,77.1462,7153.65,-4903.48,84.1491,29.4784836787777,238.513139679975,217.136168336829
-3853.67,-1283.12,64.2392,-3884.09,-1371.97,268.443,-3883.66,-1189.76,59.3035,182.210507380886,98.0586033961323,93.9132519935287
-6990.55,2860.82,79.3433,-6978.63,2813.28,75.979,-6931.43,2865.24,128.049,70.1974472470327,59.2849964156192,49.0116108692624
4764.98,532.499,66.2797,4871.57,592.122,70.599,4818,411.42,108,188.47535038832,132.178835828585,122.132429063701
848.868,-6257.11,155.286,922.285,-6196.1,89.7945,699.802,-6324.11,71.7924,256.681213549024,163.430940632427,95.4582421218823
839.343,-4715.89,59.954,957.171,-4871.46,101.647,845.681,-4911.4,102.042,118.428137281644,195.612704965704,195.154970431193
-2371.4,6070.89,60.452,-2667.3,6163.92,142.834,-2262.24,6368.44,57.1368,453.764293438785,316.941490026156,310.179610709666
-4730.32,-3942.55,78.941,-4777.86,-3894.08,61.1242,-4924.96,-4033.41,83.4231,202.611102607927,214.802861247238,67.8925069503257
1877.79,4167.61,63.2383,1861.55,4357.45,82.0894,1605.16,4195.12,80.4114,303.458170099274,274.014446699439,190.533365057147
-3748.29,-1208.65,67.1445,-3853.67,-1283.12,64.2392,-3883.66,-1189.76,59.3035,98.0586033961323,136.681633733285,129.037689455446
-1916.76,4124.52,69.5919,-1886.25,4064.92,148.207,-1915.84,3915.55,51.6719,152.272666621426,208.972025161264,66.9553590088205
6049.89,-342.827,64.2724,6152.24,-292.141,84.1228,6210.19,-316.369,55.4766,62.8108150241659,162.468814743014,114.212928760276
4303.85,-2817.09,81.9114,4206.58,-2903.28,225.938,4104.06,-2818.26,149.291,133.186901758393,199.793425817768,129.962182961045
-5941.24,1212.69,66.7314,-6071.95,1156.3,71.5426,-6114.4,1375.08,71.4244,222.860249708197,237.391865277646,142.354965491197
4211.07,5602.89,71.0832,4242.1,5477.87,66.046,4426.33,5620.41,96.4699,232.934206375963,215.971799084973,128.813280759401
5641.67,-3786.41,69.0396,5658.94,-3672.04,74.527,5580.26,-3658.13,100.396,79.9001282852531,142.221469898183,115.666545725201
-1791.03,-5879.39,66.1775,-1606.94,-5674.29,83.3767,-1944.71,-5593.8,80.2426,347.227897784726,324.313413999483,275.599597423509
2911.16,5840.57,165.75,2945.67,5717.55,89.9296,2559.73,5634.88,79.0173,394.694834650772,407.19948551048,127.768777484955
-4033.89,1695.75,187.523,-4087.01,1732.62,152.043,-4112.19,1982.92,82.631,251.563356632082,297.653319988204,64.661667933947
5966.89,3035.24,89.3003,6090.89,3110.28,188.942,6130.61,3002.18,79.2623,115.166350988472,167.024555080981,144.93792326372
4063.67,322.881,81.9647,4089.21,248.808,94.4541,4032.51,206.404,86.2822,70.8024661717371,120.572953555099,78.3524149532099
3672.53,5236.55,142.522,3758.39,5159.7,103.873,3799.4,5248.02,75.1464,97.3768067868326,127.387431876147,115.229606004707
5254.48,-7011.76,139.42,5366.1,-6923.14,108.756,5116.22,-7061.45,56.5631,285.604044964353,146.91808499977,142.522029174441
-3322.82,-3851.3,62.7937,-3248.76,-3669.86,82.99,-3580.46,-3602.6,85.07,338.45058368985,358.092250125579,195.972848119325
-4632.93,-4724.9,59.679,-4694.33,-4896.25,100.234,-4604.38,-4932.84,112.6,97.1073148635054,209.890795653359,182.018632288016
-1978.89,-6640.05,63.8593,-1868.47,-6529.06,114.179,-1798.04,-6538.5,67.3225,71.0598233884662,207.410522876734,156.561031230635
-7044.15,-5308.37,155.509,-7035.6,-5427.39,71.5362,-7279.65,-5510.99,110.459,257.971631192268,310.668817875241,119.326706566469
3066.22,-7439.07,71.69,2920.72,-7537.81,86.6075,2898.7,-7302.39,97.6863,236.447577276656,216.204469889038,175.840375340819
6447.96,6787.79,87.3871,6322.54,6748.66,70.9753,6446.85,6950.93,70.6309,237.41551971175,163.143776160784,131.382393417079
5113.55,769.984,146.417,5083.52,807.808,58.2208,5331.76,920.06,63.8086,272.440101864612,264.836572013761,48.2955057536411
-7445.98,-2008.7,76.1069,-7327.24,-2065.41,66.0547,-7115.13,-2130.44,56.4752,221.854801615831,352.537019474551,131.5872778805
-4825.69,-2549.61,124.093,-4711.31,-2414.83,143.705,-4778.64,-2787.98,70.0458,379.175752653041,242.969050292419,176.77226253007
393.264,5387.57,69.0778,275.871,5481.15,188.411,639.041,5138.06,58.8939,499.603039422299,350.230743694781,150.12772178715
-1532.36,5133.78,76.734,-1617.39,5241.18,94.7906,-1327.53,4810.77,85.048,518.913853833177,382.479789008517,136.984892962692
-4463.48,6801.83,67.6424,-4416.66,6779.76,60.5975,-4589.2,7007.21,72.343,285.488273139196,240.803784853976,51.7609630899577
4450.6,-126.169,72.55,4471.67,-167.348,159.916,4376.05,-200.932,99.968,101.346284865307,105.58034224703,46.2564043241581
5095.36,-951.657,122.72,5245.76,-876.793,74.209,5227.86,-1116.38,142.8,240.254740991723,211.399897656077,168.002316936405
-3156.36,4100.22,59.9417,-3161.22,4076.75,86.0327,-3447.48,4057.48,64.6054,286.907860645191,294.24065320754,23.9679056239799
-2230.84,-5289.39,104.264,-2107.14,-5302.17,106.604,-2387.65,-5275.26,78.6213,281.797814398906,157.44533337003,124.358427137046
-7475.06,1817.59,120.352,-7461.76,1646.09,129.834,-7405.41,2032.76,93.7608,390.754413154861,226.16200255569,172.014941211512
-3714.19,4799.27,100.985,-3818.58,4950.44,72.6004,-3530.53,4739.96,80.7967,356.755704789706,192.999149479991,183.710753631897
-1681.72,-6979.11,99.3775,-1723.85,-6999.42,74.2782,-1748.86,-6995.25,71.2977,25.355255865402,69.0527276796507,46.7700010690614
7054.14,2486.59,81.366,7336.81,2105.41,76.2845,7441.8,2147.31,92.3598,113.042072256306,515.161328129354,474.552969962259
3575.23,-7137.8,64.7294,3577.39,-7140.08,163.018,3647.51,-7095.63,80.4585,83.0217856950815,83.682180301424,3.14070055879229
5278.33,-6598.47,135.315,5316.19,-6648.45,150.95,5355.58,-6613.55,89.8668,52.6268192084606,78.7081247394448,62.7007176992411
-1729.66,-6724.31,84.3564,-1767.55,-6671.29,76.8361,-1736.99,-6554.72,88.3417,120.509246533201,169.748334306997,65.1672655556456
6386.76,7200.92,58.5361,6341.77,7076.73,100.124,6446.85,6950.93,70.6309,163.912923224497,257.110498035378,132.088062291791
-5627.94,5423.78,81.5429,-5704.59,5472.91,51.146,-5749.57,5567.11,82.997,104.387932252727,187.982301826528,91.0438323007116
4229.42,-2233.18,78.5404,4175.45,-2149.44,92.4393,4355.89,-2359.55,86.2316,276.956324535116,178.784892538492,99.6250395232042
4977.26,5772.31,70.8924,5228.07,5859.94,67.0072,4852.52,5526.95,89.6405,501.916469743721,275.248246497594,265.677761583463
639.041,5138.06,58.8939,739.69,5116.08,64.4418,516.976,4937.21,107.997,285.65014037455,235.03316090501,103.021073577206
6649.84,-3607.29,68.2933,6729.4,-3903.02,67.8433,6697.85,-3270.98,85.9666,632.82696221005,339.719555221656,306.245043225192
-5846.98,5287.78,59.898,-5829.78,5504.58,103.15,-5704.59,5472.91,51.146,129.133748493567,233.555194761324,217.481217579818
-2065.39,-5550.21,69.2324,-2024.95,-5621.77,108.34,-1944.71,-5593.8,80.2426,84.9751640186709,128.311147216444,82.1962724215645
-5409.35,-1922.9,77.8481,-5669.53,-1939.23,121.888,-5736.14,-2062.25,105.34,139.895720091789,355.260646005155,260.691966312734
-6992.87,3688.85,93.5165,-6996.17,3699.33,178.495,-6791.4,3607.44,67.9057,224.442698700582,217.296454181839,10.9872835587329
-2217.65,-6100.77,66.2435,-2368.76,-6109.34,105.481,-2409.4,-5999.23,74.2103,117.370446450544,216.975653242478,151.352822900665
-6210.58,-3927.49,66.3967,-6284.45,-4017.11,76.8633,-6182.51,-4049.6,77.1023,106.992353465095,125.294760465073,116.140093421695
7225.69,1144.48,59.44,7203.67,1148.76,71.8229,7309.09,1113.96,98.592,111.015388122548,88.8089545034739,22.4320930811188
5941.74,-1225.72,75.3021,5993.28,-1229.63,87.4149,6013.21,-1200.53,128.571,35.2705954018361,75.7792649740022,51.6881001778939
6502.25,-1124.88,59.1584,6436.8,-1322.58,68.576,6525.89,-1415.88,69.3622,129.003558478052,291.958643646664,208.252232881186
7290.73,951.076,82.8313,7309.09,1113.96,98.592,7346.86,1142.19,71.7028,47.1540645119799,199.186189019219,163.915487541599
-5246.72,2043.85,60.0305,-5447.96,1933.29,75.5149,-5067.59,1862.89,90.0847,386.830062042753,254.625368924622,229.610651320883
5480.08,2427.5,60.4869,5399.97,2365.65,55.8068,5467.97,2539.55,78.2014,186.722280405955,112.702504852377,101.207878151851
5664.19,4196.95,150.436,5740.1,4487.01,72.6256,5533.76,4469.82,144.377,207.054803614889,302.440112749615,299.828503815098
5329.38,2770.83,68.1641,5093.89,2900.38,77.1818,5467.97,2539.55,78.2014,519.744297996621,269.624973806211,268.772659695885
5350.19,507.295,64.5253,5338.28,466.054,81.0945,5576.45,426.619,85.2699,241.412651128726,240.212831830442,42.9263110574389
-6292,-208.95,110.786,-6453.17,-304.41,86.3092,-6043.63,-512.08,70.9305,459.183885279089,391.887042143524,187.318927233742
5093.89,2900.38,77.1818,5023.56,3072.42,84.5475,5329.38,2770.83,68.1641,429.514144703059,268.772659695885,185.860352146443
-4990.13,5448.41,86.3595,-5148.65,5376.74,159.231,-4869.16,5688.27,52.5514,418.527897517,268.638345178048,173.968903255725
3521.55,-4381.82,125.751,3662.67,-4434.45,117.316,3666.93,-4270.82,83.8895,163.685443763335,182.910755287927,150.614645038256
-3877.59,4330.71,86.9585,-4034.33,4256.8,70.1102,-3742.02,4567.58,195.671,426.648971052316,272.922373212604,173.291995487385
5830.27,149.937,154.715,5891.32,197.033,63.2921,5969.89,57.5202,91.8277,160.115790176485,167.435388500281,77.1047061858089
6138.3,5523.35,63.8091,6138.61,5225.23,87.346,6388.25,5758.92,59.4274,589.190245761079,343.465030825555,298.120161176665
-6053.46,-7417.5,63.267,-6031.39,-7406.57,126.516,-6076.07,-7194.71,73.2004,216.52011915755,223.934356899516,24.6282317676278
-4389.9,1153.61,83.217,-4362.58,1106.04,81.302,-4238.61,1118.91,60.7058,124.636261978607,155.218407735681,54.8569712980946
6267.54,1486.07,72.2459,6181.32,1641.04,123.198,6223.98,1660.5,83.8945,46.8888814112684,179.78681403262,177.340320570366
-5037.65,2970.73,90.3258,-4943.85,3056.25,110.371,-5177.23,3067.89,85.8581,233.670096503595,170.066581079294,126.933488095143
1454.6,6971.71,142.417,1362.24,6730.97,63.2311,1385.95,7295.34,124.783,564.867826132804,330.831073812603,257.849020164902
-1606.94,-5674.29,83.3767,-1791.03,-5879.39,66.1775,-1944.71,-5593.8,80.2426,324.313413999483,347.227897784726,275.599597423509
5650.4,1442.98,93.379,5479.83,1533.75,60.7163,5553.87,1722.38,61.8953,202.640564793923,295.605143561475,193.218316419536
1738.77,-5858.53,61.1734,1709.49,-5717.62,158.762,2007.78,-6115.92,68.7249,497.614121684664,372.31168689688,143.919930864352
-189.712,6237.13,62.1176,-305.651,6278.77,94.9688,-307.266,6143.03,78.8676,135.749607089671,150.578062532363,123.189858839923
4696.18,-3367.53,73.3282,4918.24,-3419.1,99.8836,4375.95,-3012.57,87.298,677.750016599041,478.06260520982,227.969534148754
6262.01,-5319.06,61.4465,6171.91,-5488.5,218.722,6016.43,-5362.26,61.5471,200.276229243512,249.350709644067,191.906028044978
-1183.72,-7577.31,63.2333,-926.221,-7325.45,63.0285,-794.515,-7522.16,70.3907,236.730425877199,393.092933700162,360.193273953027
-7319.73,7239.18,62.4797,-7258.9,7080.18,178.114,-7014.92,7182.06,77.9874,264.397002252294,310.115834004005,170.238917113567
5043.05,3863.4,76.3771,4955.79,3778.45,74.7299,4947.15,3779.73,74.1713,8.73430020093231,127.269316412088,121.781813502674
957.171,-4871.46,101.647,845.681,-4911.4,102.042,839.343,-4715.89,59.954,195.612704965704,195.154970431193,118.428137281644
-5644.64,426.578,70.0016,-5825.73,442.026,146.302,-5620.2,712.202,66.1175,339.466716889889,286.667722243018,181.747706461456
-5477.31,-6624.49,68.1948,-5495.54,-6370.03,71.8324,-5231,-6795.99,92.9608,501.421313069159,300.134746572269,255.11218022666
-2368.76,-6109.34,105.481,-2409.4,-5999.23,74.2103,-2217.65,-6100.77,66.2435,216.975653242478,151.352822900665,117.370446450544
5587.69,-630.693,67.5061,5335.28,-848.827,67.0773,5958.57,-563.543,76.8119,685.47602784926,376.90993207927,333.606429878082
-78.9889,-7044.72,62.3227,-336.126,-6813.04,65.3216,-44.0974,-7432.19,56.9878,684.563675429802,389.037810080524,346.11430279087
5459.05,-3619.19,65.9281,5509.03,-3621.76,111.15,5580.26,-3658.13,100.396,79.9780582409955,127.311380873825,50.0460318107236
-4140.08,6637.71,100.959,-4416.66,6779.76,60.5975,-4463.48,6801.83,67.6424,51.7609630899577,362.660908287618,310.925552021702
3078.78,4912.88,62.7135,3066.55,4925.96,58.0626,2895.08,5013.28,129.268,192.423343958055,209.346244293993,17.9069623331261
-6444.09,-6083.75,62.809,-6551.88,-6182.95,76.6695,-6400.8,-5922.8,66.5685,300.837479214276,166.670113097699,146.490013652808
-5280.9,6062.05,57.7757,-5286.32,6053.81,120.965,-5376.92,5948.25,79.3313,139.108855217776,148.896878409187,9.86275823489541
5297.58,18.4544,90.8371,5442.19,-56.821,75.1749,5382.08,-178.893,95.7907,136.069046017086,214.677074432181,163.028948181481
1932.63,-4450.87,85.7469,1957.47,-4173.84,62.146,2043.86,-4786.06,71.9553,618.285177325156,353.1634876371,278.141414571796
-6864.12,-524.141,58.6439,-6758.61,-862.675,69.6517,-6875.04,-104.322,72.2776,767.23869656646,419.960997190215,354.595021476614
4692.74,6994.06,63.3749,4552.87,6843.1,62.6193,4702.54,6622.28,122.008,266.763155814292,371.909139979109,205.797323840715
5367.66,7042.32,81.0784,5080.75,6914.54,62.8393,5693.19,7004.92,85.1322,619.072934313882,327.671391641077,314.078137570891
1973.43,-7426.56,70.3578,2010.22,-7454.91,73.6531,1833.64,-7494.51,101.652,180.965898444983,155.429876793363,46.4459535374177
1523.59,5916.18,67.523,1272,5819.81,110.711,1800,5773.44,251.149,530.032241377824,311.09033366532,269.415487676562
6542.12,1210.27,67.8448,6528.8,1141.08,62.1348,6701.44,1167.13,85.8459,174.594307180961,165.057329434351,70.4604747358404
5208.5,-3734.11,98.1816,5459.05,-3619.19,65.9281,5022.89,-3992.55,84.5089,574.136948123007,318.185960878226,275.648161430473
-5860.75,4852.19,75.4582,-5724.08,4780.64,79.8756,-5730.64,4744.07,68.9537,37.1537144845579,169.170170242865,154.266300273261
-3528.32,5173.25,81.6828,-3396.06,5200.81,108.089,-3652.45,5118.1,70.3162,269.400772456205,135.829965029812,135.100929678519
1257.41,6113.02,67.6869,1140.06,5917.32,66.6488,1272,5819.81,110.711,164.062072704205,293.572771557582,228.187450356062
7080.59,5189.84,74.9436,7033.62,5252.05,77.7753,7260.56,5418.65,124.548,281.526772439141,291.106882433239,77.9504008969808
-4250.1,4541.88,76.0353,-4272.2,4412.28,155.45,-4034.33,4256.8,70.1102,284.176296161379,357.529438368367,131.470795236053
-7361.78,3748.62,82.6841,-7372.21,3785.01,73.6792,-7360.14,3697.96,72.8377,87.882804916548,50.6865386468635,37.8552110019219
6249.32,3462.03,76.6744,6387.03,3515.3,166.29,6557.75,3529.88,59.132,171.341456746463,315.804824852313,147.654112709399
6436.8,-1322.58,68.576,6525.89,-1415.88,69.3622,6502.25,-1124.88,59.1584,291.958643646664,208.252232881186,129.003558478052
-3186.82,-6698.01,67.0781,-3358.96,-6842.33,169.519,-3039.88,-6484.12,92.6339,479.714967975776,259.500088053935,224.634017904679
4297.3,6233.29,58.3974,4173.92,6368.36,172.504,4193.78,6061.39,129.046,307.611769118153,200.663899094979,182.938594342473
-5808.5,1733.38,84.3448,-5884,1757.38,83.2868,-5870.7,1682.38,142.413,76.1701385058476,80.4353156269059,79.2227871259274
-4403.98,-6426.61,64.7074,-4477.09,-6440.11,71.407,-4603.14,-6373.42,98.0744,142.60490384275,206.140441689641,74.3459622306423
6745.63,3926.96,57.4803,6651.8,3940.47,127.113,6598.49,3972.23,79.4015,62.0536356710874,153.946589764113,94.7976212781733
-3930.5,3417.37,61.6783,-3767.08,3325.24,190.642,-4098.29,3608.31,74.3664,435.693342845631,254.188055777607,187.6007284101
6729.4,-3903.02,67.8433,6746.05,-4031.1,71.9552,6874.04,-4008.45,73.3959,129.978700562823,178.986632182406,129.15769005367
453.714,6542.53,67.682,272.724,6415.2,70.5929,471.43,6784.89,98.4666,419.707958628378,243.006638296159,221.292360916503
7203.67,1148.76,71.8229,7225.69,1144.48,59.44,7309.09,1113.96,98.592,88.8089545034739,111.015388122548,22.4320930811188
5331.76,920.06,63.8086,5404.04,995.678,81.0399,5490.74,1056.03,69.647,105.637369827159,209.19484051955,104.606311109799
6069.71,117.208,89.0898,5969.89,57.5202,91.8277,6227.68,61.6092,89.6341,257.822427304143,167.468646204118,116.304195405153
4430.82,1001.45,97.2304,4268.38,1128.61,93.0681,4553.84,826.064,83.8804,415.958524033346,214.229244959693,206.292072557333
4899.11,2125.58,102.772,4932.92,2042.98,73.9144,4994.74,2203.38,119.705,171.900763232744,123.279912800099,89.2517568454538
895.401,-5681.61,63.8571,935.676,-5697.76,64.1019,855.095,-5626.71,153.02,107.430908313204,68.1071482004639,43.3923740419907
-5418.67,6335.5,149.342,-5655.94,6302.78,52.1943,-5662.33,6267.13,90.8752,36.218152907071,253.070449677555,239.515451067358
-1292.44,7502.18,63.129,-901.301,7272.67,115.965,-1729.77,7352.63,142.617,832.31874036393,462.193391774482,453.502544007198
-4673.28,7524.82,76.625,-4989.58,7373.78,110.605,-4695.81,7150.06,145.321,369.257973915255,375.436623812861,350.512156137273
7409.39,2970.8,67.4445,7382.59,2885.39,110.562,7545.88,2883,80.5638,163.30748972414,162.290973562919,89.5159656150793
-1906.87,5550.04,81.1895,-2078.05,5568.21,115.293,-2100.29,5450.79,97.0236,119.507631555479,217.39792754302,172.141631513124
-6018.69,-3970.5,64.4849,-6182.51,-4049.6,77.1023,-6210.58,-3927.49,66.3967,125.294760465073,196.65104169569,181.917020644029
1589.01,3860.88,82.3301,1472.04,4012.38,69.8797,1429.2,3971.35,157.499,59.3188545068093,194.275209432392,191.400707678943
-5271.35,3119.5,57.1033,-5177.23,3067.89,85.8581,-5447.49,3028.57,86.631,273.105345974772,198.22604394983,107.341355031508
-6580.29,4259.96,61.0718,-6648.06,4306.03,89.6339,-6477.27,4198.87,161.829,201.624625728109,119.771067040416,81.946432503191
-1732.37,-7577.64,60.663,-1906.56,-7589.97,66.0359,-1960.54,-7567.96,58.6138,58.2947724929089,228.375242309669,174.625842875561
-5596.96,3265.59,66.1204,-5760.27,3197.3,114.695,-5799.54,3166.89,117.08,49.6679071433454,225.344949799191,177.013220410228
-5724.17,4610.7,80.5611,-5730.64,4744.07,68.9537,-5724.08,4780.64,79.8756,37.1537144845579,169.94002383194,133.526842994208
6701.44,1167.13,85.8459,6669.53,1059.07,89.844,6542.12,1210.27,67.8448,197.723918886917,165.057329434351,112.673030047124
5948.79,-5137.89,64.8578,6016.43,-5362.26,61.5471,5681.88,-5155.08,57.8657,393.50635941494,267.462977251058,234.343906470811
5628.58,2183.74,149.988,5613.71,2378.88,57.4978,5480.08,2427.5,60.4869,142.200145217929,285.431581294012,195.705739568363
-6712.25,-3970.45,88.82,-6973.75,-3790.7,95.4316,-6284.45,-4017.11,76.8633,725.53151420183,430.337072072579,317.320520136974
4414.07,1960.1,130.781,4458.11,1965.77,69.1377,4560.43,1954.42,125.401,102.947583264495,146.470174438348,44.4034964839482
-5546.77,-5239.17,88.431,-5717.14,-5407.77,142.804,-5258.4,-5226.92,75.8517,493.101521088711,288.630073623662,239.691253282217
5805.17,1756.68,60.5772,5553.87,1722.38,61.8953,6068.79,1746.82,90.8226,515.499679922306,263.804329001629,253.630006111265
272.724,6415.2,70.5929,140.21,6426.89,83.5792,453.714,6542.53,67.682,334.15171347159,221.292360916503,133.028629610321
-4681.78,-702.095,78.3171,-4576.52,-605.044,84.8397,-4822.57,-890.774,85.4283,377.070597368715,235.417903187077,143.173196517364
1694.99,-7118.2,80.27,1916.45,-7012.88,74.4677,1788.47,-6872,61.5459,190.33143408276,263.349483386621,245.228126445561
-7446.75,7.76089,73.0747,-7420.1,189.62,66.9664,-7311.7,201.675,78.2234,109.068249390004,236.307394207401,183.801410195874
3891.5,1365.29,120.977,4015.96,1445.31,153.55,3896.07,1202.32,70.247,270.957103985114,163.034063311935,147.964495741377
-3628.88,5552.59,66.3947,-3360.49,5683.07,66.3136,-3973.73,5687.06,154.477,613.252980180284,370.140113200393,298.426242981411
3607.06,-4780.61,80.9313,3721.96,-4865.26,70.3372,3496.31,-4666.6,246.069,300.638849951233,158.946036754616,142.715214675942
4325.19,3509.64,81.7019,3981.17,3470.67,65.6885,4695.48,3533.82,115.662,717.096017699164,371.078639239717,346.220191929933
-1418.61,-6872.38,113.626,-1310.78,-6808.55,232.542,-1343.04,-6695.49,63.0091,117.572408327805,192.356172243056,125.305936810671
3417.96,5462.28,95.3675,3535.48,5491.38,73.6158,3444.96,5709.11,63.0319,235.796995952026,248.302333657982,121.069238041709
-3152.51,6731.9,68.2044,-3074.91,6700.01,164.254,-3344.73,6577.1,55.0074,296.495700643365,246.8026912333,83.8971519182864
-5169.59,7001.33,66.5418,-5000.95,7159.81,65.095,-4767.16,7040.11,84.6009,262.651583090603,404.294191523945,231.420310258197
-2262.24,6368.44,57.1368,-2009.82,6262.38,74.3722,-2548.01,6419.46,83.7076,560.644809571979,290.288706807551,273.796603339048
2472.45,3800.77,75.7173,2284.77,3837.76,88.5725,2440.8,4182.86,51.7773,378.733905136574,383.398605370442,191.290466307132
3613.12,-5639.77,83.5691,3562.12,-5642.48,56.2242,3645.89,-5756.38,61.457,141.388199295415,121.127061385967,51.071950227106
3832.51,3394,59.6332,3981.17,3470.67,65.6885,3603.93,3132.56,113.12,506.585027117857,347.2746607514,167.266507406593
6720.1,124.377,80.1965,6840.2,309.651,79.9,6418.1,296.506,64.7253,422.304630598576,347.609540491915,220.795074845432
6016.43,-5362.26,61.5471,6171.91,-5488.5,218.722,5948.79,-5137.89,64.8578,415.583814049585,234.343906470811,200.276229243512
7423.89,6651.05,76.117,7426.66,6727.02,104.693,7448,6530.35,72.4493,197.824377921428,123.084451089485,76.02048276616
-6021.56,-3054.38,76.1505,-6206.44,-3136.36,73.4466,-5861.84,-3255,91.08,364.451107283267,256.434909479969,202.240784215251
3570.97,-3879.14,68.5534,3525.19,-4072.97,75.4311,3430.88,-3646.57,103.79,436.705090535936,271.50324675775,199.162941583016
4173.92,6368.36,172.504,4089.68,6222.71,85.1469,4297.3,6233.29,58.3974,207.889395592945,182.938594342473,168.25664949713
6090.28,-3519.28,74.7443,6016.1,-3526.01,89.7805,6214.96,-3458.27,89.4927,210.080953920149,138.806781174408,74.4846648646546
-4740.31,5041.47,69.6145,-4630.58,5178.23,59.1142,-4755.13,5221.47,142.313,131.842330455738,180.609059573433,175.339586231974
7223.8,-7335.55,60.7078,7158.94,-7388.15,102.193,7322.19,-7553.15,82.7829,232.111099476091,238.810284745024,83.5079612971124
6388.25,5758.92,59.4274,6295.86,5927.15,87.2738,6408.5,5967.69,80.5322,119.713245716588,209.749792371768,191.93031287423
-3743.25,7250.62,100.929,-3793.37,7159.07,135.292,-3676.79,7356.32,66.4142,229.125421767206,124.857605294992,104.371532996311
2794.63,-4708.35,69.6366,2785.96,-4738.12,81.2879,2669.93,-4673.08,84.8204,133.015647575765,129.591909083863,31.0068024794556
-2845.88,-6373.38,63.416,-3039.88,-6484.12,92.6339,-2669.2,-6700.57,73.4267,429.248488523839,371.845557321854,223.381618760363
-1886.25,4064.92,148.207,-1916.76,4124.52,69.5919,-1915.84,3915.55,51.6719,208.972025161264,152.272666621426,66.9553590088205
3981.17,3470.67,65.6885,3832.51,3394,59.6332,4325.19,3509.64,81.7019,506.069354930724,346.220191929933,167.266507406593
6300.85,736.446,58.2773,6300.79,934.987,112.19,6536.84,754.287,91.6564,297.274439701768,236.663434820421,198.541009066137
5467.97,2539.55,78.2014,5480.08,2427.5,60.4869,5399.97,2365.65,55.8068,101.207878151851,186.722280405955,112.702504852377
-60.5333,-3928.28,73.912,-27.3497,-3992.41,75.4301,-145.665,-3922.51,167.158,137.420959879088,85.3270135706741,72.2067047368868
-7115.13,-2130.44,56.4752,-7327.24,-2065.41,66.0547,-7372.65,-2362.63,68.9027,300.668915087676,346.740171454073,221.854801615831
5333.18,-1404.78,59.7166,5364.85,-1337.89,62.0141,5276.38,-1496.48,109.172,181.597711989992,107.866259784976,74.0085197798199
6532.42,-7292.23,67.6993,6688.79,-7297.04,123.305,6601.49,-7110.89,76.5831,205.60426187217,194.048603447692,156.443961212953
5791.88,-1109.02,69.5744,5830.67,-961.313,62.7237,5941.74,-1225.72,75.3021,286.788435173038,189.939226069814,152.715493480524
-7445.42,5875.61,62.4552,-7400.33,5819.45,101.84,-7397.46,5774.26,62.2911,45.2810445992577,112.124859420201,72.0212031279678
-4589.2,7007.21,72.343,-4695.81,7150.06,145.321,-4767.16,7040.11,84.6009,131.071831451308,180.975610511472,178.246499544872
7377.44,-4579.51,89.3173,7270.99,-4377.15,109.069,7420.25,-4957.17,82.8871,598.917146189688,380.078638836754,228.65076448593
2380.64,5516.23,72.8479,2559.73,5634.88,79.0173,2340.18,5765.64,59.0562,255.539390505652,252.670456721795,214.827955815811
-1226.69,-6593.74,56.5384,-1343.04,-6695.49,63.0091,-1045.71,-6657.84,97.0588,299.704273242808,191.996277047239,154.56514807679
5719.99,-254.496,103.155,5442.19,-56.821,75.1749,6049.89,-342.827,64.2724,671.638833031564,341.520681015075,340.951969674616
-1590.55,-7165.76,60.8709,-1662.03,-7238.99,77.7941,-1681.72,-6979.11,99.3775,260.624846282928,207.726241481427,102.332904287917
3291.64,-7592.39,69.0754,3496.02,-7452.8,68.6845,3066.22,-7439.07,71.69,430.019247127382,272.619146062782,247.500611110357
-4675.7,1753.02,56.3155,-4816.92,1925.92,114.882,-4533.83,1949.24,72.1787,284.048887517624,242.135055908887,223.243137408522
4458.11,1965.77,69.1377,4414.07,1960.1,130.781,4560.43,1954.42,125.401,146.470174438348,102.947583264495,44.4034964839482
-3809.45,4609.87,64.7774,-3742.02,4567.58,195.671,-3714.19,4799.27,100.985,233.355447761564,212.006668763037,79.5942774324887
2573.37,-5831.63,133.744,2745.46,-5827.82,55.3958,2315.98,-5645.64,70.1245,466.521835287481,317.556124488255,172.132170729356
-3788.05,-2395.92,87.8826,-3958.54,-2215.72,59.6112,-3590.22,-2223.36,86.76,368.399229097999,262.51411866793,248.070312814734
5553.87,1722.38,61.8953,5480.74,1714.86,134.436,5479.83,1533.75,60.7163,181.112286165241,202.640564793923,73.5156262300745
5042.43,1377.08,59.0568,4947.85,1444.11,81.9146,5333.45,1317.07,118.72,405.988326925787,297.142794797383,115.924101462983
6557.75,3529.88,59.132,6387.03,3515.3,166.29,6783.95,3454.27,60.5382,401.584545643878,238.502226614344,171.341456746463
-6434.47,3892.38,58.8074,-6477.27,4198.87,161.829,-6119.51,4072.58,101.043,379.396074966519,362.866148324696,309.463988373445
5455.28,-5139.43,85.1381,5408.34,-5042.53,79.9777,5563.71,-5309.98,98.0226,309.304606173267,202.099894606602,107.670671958524
4994.74,2203.38,119.705,4899.11,2125.58,102.772,5100.09,2093.87,65.9351,203.4661753216,151.957436803863,123.279912800099
-5069.55,-4297.26,83.2525,-4924.24,-4367.57,63.9322,-4940.33,-4560.3,72.8737,193.400467941523,293.066289429542,161.426429682379
-3122.29,-4615.55,60.9689,-3202.69,-4671.79,63.7854,-3058,-4839.3,89.8418,221.347681713634,232.803063983273,98.1177741288498
2931.75,-6123.01,87.5557,3023.65,-6065.02,77.8117,3049.44,-6163.07,60.7848,101.385041302945,124.32111526205,108.666692689158
4032.61,-780.61,90.5309,4065,-810.584,85.1927,4150.08,-798.633,108.103,85.9152652384894,118.844559947016,44.1310862771356
-7380.31,4980.37,67.0658,-7213.75,5031.35,69.5268,-7105.98,5010.98,91.606,109.678210233392,276.03246367049,174.187238338519
6861.22,3270.94,131.976,6890.41,3167.19,142.955,6783.95,3454.27,60.5382,306.184026363231,198.948590846982,107.77809888841
-3742.02,4567.58,195.671,-3809.45,4609.87,64.7774,-3714.19,4799.27,100.985,212.006668763037,233.355447761564,79.5942774324887
5459.35,-4644.25,63.2355,5350.51,-4383.12,113.304,5728,-4474.17,99.8894,388.315339125304,317.962307357334,282.904617318276
1010.25,-4026.99,88.0403,929.801,-4094.68,64.2813,1178.9,-4203.1,58.1219,271.671139801415,243.839198243433,105.137898500018
5580.26,-3658.13,100.396,5658.94,-3672.04,74.527,5509.03,-3621.76,111.15,158.117318785767,79.9780582409955,79.9001282852531
5100.09,2093.87,65.9351,5160.79,1979.39,59.7258,4994.74,2203.38,119.705,278.826330535694,151.957436803863,129.576851327696
845.681,-4911.4,102.042,957.171,-4871.46,101.647,839.343,-4715.89,59.954,195.154970431193,195.612704965704,118.428137281644
-1112.46,-5223.01,65.7675,-1237.81,-5318.45,106.833,-958.57,-5184.04,97.2446,309.904865563611,158.747576359452,157.548138992499
6697.85,-3270.98,85.9666,6825.98,-3236.52,59.563,6517.14,-3032.58,101.438,370.099539583609,299.149902390089,132.683037725249
-6256.76,4812.45,147.713,-6222.17,4867.93,64.3353,-6397.15,4918.21,86.6165,182.060645939752,175.768397899053,65.3796489742799
-7303.15,-2848.04,80.1382,-7128.06,-3030.76,130.103,-7267.88,-3114.97,84.8177,163.220576215132,269.250065552452,253.067395173696
2135,-5456.67,90.0107,2273.56,-5523.55,118.931,2315.98,-5645.64,70.1245,129.249466149768,261.655157220339,153.856452578369
-5135.19,2558.34,60.9114,-5092.67,2579.79,64.3191,-5411.64,2652.12,75.8476,327.0680201426,291.923433283456,47.6240789937186
872.849,4732.31,59.7563,871.763,4761.99,89.7314,882.215,4685.12,142.118,77.5773240322195,48.1104776114315,29.6998618852001
-6264.42,-7064.05,143.721,-6076.07,-7194.71,73.2004,-6082.6,-6920.69,169.705,274.097795138889,231.539633756297,229.232977775887
5116.22,-7061.45,56.5631,5254.48,-7011.76,139.42,5258.99,-7227.04,127.348,215.327235852783,218.639705909059,146.91808499977
1238.95,7458.95,97.3397,1298.97,7508.45,57.9112,1132.29,7500.44,76.3328,166.872353911605,114.445514110427,77.7987814814602
-1662.03,-7238.99,77.7941,-1590.55,-7165.76,60.8709,-1723.85,-6999.42,74.2782,213.161641952768,247.417657615619,102.332904287917
5275.36,3898.08,66.1078,5043.05,3863.4,76.3771,5540.31,3915.38,84.714,499.969427065296,265.514203951503,234.884308756459
-2828.91,-4497.29,71.2497,-2855.92,-4495.02,148.114,-2876.34,-4553.86,58.6228,62.2825978905819,73.8225561735706,27.105220899303
130.155,4295.34,59.5603,-8.40976,4231.66,107.065,257.01,4405.38,110.408,317.216467728991,167.931511709387,152.497000343802
-7513.03,-478.943,84.5867,-7454.63,-316.254,74.5406,-7371.82,-367.262,72.2386,97.2589952857835,180.035857153513,172.853321405751
3018.28,6676.18,77.6396,3086.67,6629.24,84.2333,3084.21,6476.04,77.1415,153.219749379771,210.719682279563,82.9491151248766
1272,5819.81,110.711,1140.06,5917.32,66.6488,1523.59,5916.18,67.523,383.531694257463,269.415487676562,164.062072704205
-6098.63,-1770.16,117.188,-6166.4,-1635.08,80.2244,-6169.15,-1906.33,85.6577,271.263939733979,153.34712028597,151.127030342027
-1042.03,4248.85,55.9587,-1105.29,4322.16,69.4553,-882.725,4142.3,101.689,286.155200590518,191.653295106033,96.8306960627668
-4233.3,2360.74,64.6055,-4178.78,2406.18,96.4182,-4167.26,2204.87,66.9821,201.639347598627,169.283013028478,70.9734034691873
-6521.95,-4914.84,77.8981,-6835.05,-4980.84,67.5442,-6367.34,-5211.57,88.1852,521.525624490302,334.593701375264,319.980640039363
212.498,6977.67,57.8849,34.2791,6930.07,74.0737,-64.7239,7019.05,70.5128,133.112863424239,280.29321475842,184.466084463269
-836.071,4121.37,80.0763,-882.725,4142.3,101.689,-630.473,4038.99,90.1686,272.587651231673,221.488153191091,51.1337522190579
-4243.07,-1302.95,59.0947,-4179.81,-1328.77,98.0597,-4463.07,-1266.53,65.3825,290.017318793205,222.994207099646,68.3264224147577
-3472.41,4789.93,67.269,-3530.53,4739.96,80.7967,-3370.59,4822.14,91.198,179.817563102162,106.793241827374,76.6481265263546
2312.52,7138.61,118.067,2326.49,7152.28,93.1505,2352.24,7276.65,101.935,127.007713938957,143.64094123891,19.5455826211448
5613.71,2378.88,57.4978,5480.08,2427.5,60.4869,5628.58,2183.74,149.988,285.431581294012,195.705739568363,142.200145217929
-5996.49,6954.3,78.0828,-6305.72,7007.56,77.9052,-6454.15,6891.41,74.9218,188.473572152702,461.960850830457,313.783078734339
-7446.85,-6479.12,105.443,-7420.3,-6386.92,119.47,-7378.51,-6351.48,54.776,54.7941392851465,144.783718697926,95.9465606470601
6134.16,-7037.56,56.0376,6014.61,-7033.18,78.8026,5992.59,-6873.95,91.2337,160.745367895937,216.356874168583,119.630208977499
808.385,4947.97,174.66,697.91,4877.38,100.504,739.69,5116.08,64.4418,242.328822883288,181.603896227476,131.101768580748
-4398.73,-1889.42,61.378,-4303.39,-1784.53,55.4976,-4257.91,-1702.75,65.2314,93.5756314432344,233.828914593555,141.74493888672
-4538.49,90.8542,64.0201,-4574.81,47.4414,121.38,-4388.03,154.526,91.6746,215.299512208366,163.37781279978,56.6022402722723
-4178.78,2406.18,96.4182,-4233.3,2360.74,64.6055,-4167.26,2204.87,66.9821,169.283013028478,201.639347598627,70.9734034691873
1055.2,-4488.55,69.9717,1178.9,-4203.1,58.1219,839.343,-4715.89,59.954,615.022390120067,313.492775114515,311.100293313909
3652.75,4095.62,76.2523,3784.49,4162.51,67.9614,3784.56,3907.32,66.1447,255.19000960069,229.849442244265,147.748772245322
5931.1,7174.13,178.165,5693.19,7004.92,85.1322,5697.07,7368.71,76.4271,363.810690469645,304.354098543128,291.947242151729
932.544,-6923.45,69.3618,711.51,-6813.77,80.5634,1072.08,-7199.37,71.9975,527.918634734558,309.195960025354,246.750342565111
-917.321,6752.26,62.586,-923.73,6643.35,61.9929,-743.844,7018.13,81.4862,415.715072370488,317.460432855813,109.098411450396
-405.74,6119.34,63.5888,-307.266,6143.03,78.8676,-305.651,6278.77,94.9688,135.749607089671,188.243812171875,101.283487183252
-6997.34,194.497,63.4262,-6962.69,176.269,93.8328,-6788.6,268.204,206.411,196.874001140323,221.37097697982,39.1520431650768
-6704.42,2941.8,59.1026,-6738.67,2848.33,83.3433,-6818.6,2965.41,78.291,141.762235098068,116.595473754345,99.5474931879254
3784.81,2625.71,67.652,3732.23,2464.9,64.03,4068.22,2440.49,112.078,336.875538144282,338.567093055424,169.187802456324
-5946.37,-5010.49,65.4908,-5949.83,-5266.71,62.931,-6045.78,-5249.57,101.97,97.4688775969026,258.923916431063,256.243360889605
5680.81,397.56,55.4011,5576.45,426.619,85.2699,5775.71,502.808,71.9124,213.329115033556,141.715036266445,108.330213149426
-5162.49,4536.61,67.3338,-5236.46,4715.69,118.516,-4957.19,4848.71,78.8965,309.331623504614,373.569939904163,193.755534888684
4047.38,1257.99,65.4505,3896.07,1202.32,70.247,3891.5,1365.29,120.977,163.034063311935,189.240229338267,161.226130016198
-7442.25,-7241.54,83.5078,-7471.64,-7223.78,67.5387,-7396.21,-7180.76,62.0865,86.8355071384972,76.2488688440685,34.3393316766653
-3126.97,6031.72,58.4778,-3216.66,6357.36,73.7948,-2958.1,5689.75,77.6315,715.930433561809,381.392917868175,337.765755665076
-1614.15,6354.73,65.6553,-1597.36,6465.25,65.8611,-1595.34,6571.14,68.7863,105.909265411484,217.225928931148,111.788078523607
3944.16,6605.06,103.267,4071.2,6767.33,71.1396,3733.84,6663.76,75.2514,352.900148058909,218.357945584767,206.084241270408
-6825.68,3939.56,70.0326,-6781.72,3786.63,71.3976,-6996.17,3699.33,178.495,231.538533510083,294.579858442494,159.122803205574
-6114.4,1375.08,71.4244,-6233.6,1291.23,128.299,-6071.95,1156.3,71.5426,210.563119752725,222.860249708197,145.737649562493
5133.1,-618.964,59.4233,5083.98,-489.482,80.2193,4987.38,-608.179,154.527,153.03770061328,146.11856358793,138.485965801593
-4947.18,1931.05,72.9636,-4861.33,2015.76,87.3175,-4816.92,1925.92,114.882,100.217132766808,130.360977673536,120.606826506629
6147.39,-1411.03,73.4812,6132.08,-1333.79,86.9929,6239.76,-1563.17,89.8544,253.397250971671,177.985382826793,78.7427056939245
4168.5,5926.87,137.425,4181.22,5859.77,66.1919,4193.78,6061.39,129.046,202.010836343004,136.874792419934,68.2950100666215
4492.84,4852.24,76.673,4600.2,4686.66,83.3664,4400.55,4548.88,220.866,242.57669075985,317.087895858545,197.33957028432
-5563.4,-4881.05,64.7376,-5258.78,-4940.46,144.038,-5662.51,-4539.81,97.7365,568.786722243057,355.341426940344,310.359295816961
-4924.24,-4367.57,63.9322,-5069.55,-4297.26,83.2525,-4940.33,-4560.3,72.8737,293.066289429542,193.400467941523,161.426429682379
1842.87,5649.91,121.273,1962.62,5662.36,75.7202,1800,5773.44,251.149,196.936616199223,130.757400555379,120.395452571931
3525.19,-4072.97,75.4311,3570.97,-3879.14,68.5534,3666.93,-4270.82,83.8895,403.263616013148,243.382107189497,199.162941583016
3775.95,1003.16,65.8124,3691.36,955.32,85.11,3880.73,905.118,72.1927,195.911300603104,143.495930827324,97.1809328006268
-5185.17,-4863.03,74.1272,-5258.78,-4940.46,144.038,-5205.16,-4736.54,113.105,210.851774476764,128.059830548068,106.835560559207
6411.81,-7496.91,61.6018,6532.42,-7292.23,67.6993,6688.79,-7297.04,123.305,156.443961212953,341.563957846843,237.572461577515
5496.32,7585.89,57.1089,5697.07,7368.71,76.4271,5367.66,7042.32,81.0784,463.725544045182,558.58906228103,295.749412340921
-4206.43,-2633.81,55.1613,-4127.29,-2605.92,72.058,-4000.49,-2685,133.136,149.438570656976,212.206738111683,83.9106173258191
3562.12,-5642.48,56.2242,3613.12,-5639.77,83.5691,3528.86,-5757.53,59.75,144.800432319796,119.761137686647,51.071950227106
-1201.38,5938.87,137.965,-1073.34,5914.77,94.4326,-1190.85,6190.89,109.898,300.084745530325,252.239888399912,130.288340230429
3649.29,-5423.72,100.685,3483.67,-5548.14,73.784,3613.12,-5639.77,83.5691,158.598106546074,219.056776658473,207.148064919757
1298.97,7508.45,57.9112,1238.95,7458.95,97.3397,1132.29,7500.44,76.3328,114.445514110427,166.872353911605,77.7987814814602
3066.55,4925.96,58.0626,3078.78,4912.88,62.7135,2895.08,5013.28,129.268,209.346244293993,192.423343958055,17.9069623331261
-5427,5763.06,70.6332,-5422.56,5725.49,64.2546,-5476.72,5881.11,88.4614,164.775271202932,128.093250798002,37.8314485580455
-3842.64,-3725.98,86.7041,-3797.1,-3782.48,84.4194,-3812.67,-3997.44,65.0735,215.523146088767,273.109378271783,72.5681858668108
5830.67,-961.313,62.7237,5856.42,-923.56,89.072,5791.88,-1109.02,69.5744,196.369099402121,152.715493480524,45.6984847560617
-6115.33,1642.49,61.9508,-6289.43,1581.72,57.9171,-5870.7,1682.38,142.413,430.659086169095,247.860946903703,184.401200917999
-7353.12,3243.66,79.0781,-7212.11,3276.51,66.2941,-7133.46,3345.96,94.6478,104.924377529723,242.313444942702,144.785850828042
3730.61,-7049.24,85.5042,3647.51,-7095.63,80.4585,3693.61,-6900.86,61.2157,200.151349982957,152.923590070336,95.171645462291
5224.65,-6459.09,70.862,5278.33,-6598.47,135.315,5355.58,-6613.55,89.8668,78.7081247394448,202.485941487304,149.359722817097
-1643.4,-5018.48,161.215,-1739.02,-5107.89,84.3538,-1505.53,-4828.22,54.4981,364.325251663949,234.961708582483,130.909634863138
-4416.66,6779.76,60.5975,-4463.48,6801.83,67.6424,-4589.2,7007.21,72.343,240.803784853976,285.488273139196,51.7609630899577
-6142.11,167.069,79.3985,-5789.97,-6.63983,59.8837,-6292,-208.95,110.786,541.261051421057,404.792910586389,392.654220937415
3733.84,6663.76,75.2514,3944.16,6605.06,103.267,3702.72,6425.1,62.7687,301.129333011582,240.680389728785,218.357945584767
7579.88,5224.5,64.6821,7456.86,5144.54,151.472,7483.9,4963.51,73.4492,183.038308831785,278.079018446196,146.722602212475
-3115.2,7111.37,103.788,-3185.13,7122.87,173.534,-3417.2,7240.41,134.57,260.138687049812,328.413339558551,70.8692803688597
-6204.49,-1148.46,56.9918,-6216.9,-1186.72,69.4095,-6108.03,-1219.44,64.9225,113.680584534035,119.760978619916,40.2223283761643
2415.5,4385.93,63.9277,2347.6,4350.67,60.7702,2347.02,4495.42,107.375,144.75116199879,129.141668333656,76.5093301499891
-254.619,-5499.41,88.2926,-200.801,-5334.37,74.8703,-131.927,-5343.73,77.9638,69.5071037808366,198.216016668684,173.593141350688
3535.48,5491.38,73.6158,3417.96,5462.28,95.3675,3444.96,5709.11,63.0319,248.302333657982,235.796995952026,121.069238041709
-5853.92,3884.33,88.883,-6119.51,4072.58,101.043,-5846.85,4242.37,87.6399,321.204171361456,358.10979671045,325.53972200025
3880.73,905.118,72.1927,3775.95,1003.16,65.8124,3967.71,785.123,54.5261,290.365340509159,148.203645113742,143.495930827324
1179.01,4280.64,57.7423,1033.89,3940.21,100,1432.73,4001.19,52.2835,403.474789794852,377.446871625664,370.070803090436
-2900.82,5075.57,64.4088,-2640.86,5167,75.5106,-2577.93,5063.63,53.9037,121.018766313328,323.110686452801,275.5696763071
-7408.66,2166.08,73.727,-7357.82,2057.57,86.3751,-7405.41,2032.76,93.7608,53.6688382583415,133.359607452931,119.829569389195
3528.86,-5757.53,59.75,3645.89,-5756.38,61.457,3562.12,-5642.48,56.2242,141.388199295415,119.761137686647,117.035650124225
-4533.83,1949.24,72.1787,-4413.1,1797.36,161.696,-4675.7,1753.02,56.3155,266.317095958933,242.135055908887,194.018729250554
-1995.01,5861.4,55.1255,-2039.2,5906.15,100.124,-2078.05,5568.21,115.293,340.165792077922,304.722853918113,62.8913237259322
-1237.81,-5318.45,106.833,-1325.27,-5285.02,130.327,-1288.97,-5433.96,138.814,153.299750815192,126.332520357982,93.6312794956897
3588.87,4946.18,81.652,3762.25,5084.14,87.8203,3357.9,4878.58,144.16,453.600965717667,240.659304619622,221.570724600521
-882.725,4142.3,101.689,-836.071,4121.37,80.0763,-1042.03,4248.85,55.9587,242.21944612479,191.653295106033,51.1337522190579
4133.9,1838.13,69.437,4092.55,1814.46,115.884,3984.51,1717.17,112.735,145.389083840569,192.220429975588,47.6454761756031
3962.83,6212.39,55.8379,4029.93,6173.68,74.865,4089.68,6222.71,85.1469,77.2916774303675,127.269104263368,77.4653090099045
-7387.23,-1543.87,64.6444,-7410.5,-1430.56,67.2247,-7555.88,-1496.93,79.8603,159.813395245831,175.060521249082,115.674755240718
-1723.85,-6999.42,74.2782,-1748.86,-6995.25,71.2977,-1681.72,-6979.11,99.3775,69.0527276796507,46.7700010690614,25.355255865402
4104.06,-2818.26,149.291,4206.58,-2903.28,225.938,4303.85,-2817.09,81.9114,129.962182961045,199.793425817768,133.186901758393
-508.16,-7022.06,123.463,-595.372,-6980.34,58.532,-616.115,-6965.26,68.8974,25.6452422293103,121.985745171311,96.6772534984316
2340.18,5765.64,59.0562,2210.28,5834.21,216.816,2251.83,5949.93,102.065,122.953328137143,204.373497792644,146.8872183003
-7279.65,-5510.99,110.459,-7301.78,-5600.87,140.945,-7434.43,-5340.24,107.901,292.444899767461,230.461300221968,92.5643089965027
4668.76,1923.74,106.682,4560.43,1954.42,125.401,4458.11,1965.77,69.1377,102.947583264495,214.802102876113,112.5906359339
5063.79,2604.83,60.3634,5214.6,2458.12,62.128,4816.94,2707.48,59.8336,469.376059466182,267.34237411978,210.398384499502
3947.52,2126.78,113.802,3963.37,2122.48,82.2651,3848.07,2088.64,70.3808,120.163370458722,106.512732102787,16.4229260486674
6416.33,3821.07,135.817,6397.56,3742.13,87.8898,6598.49,3972.23,79.4015,305.481382247756,236.709972751466,81.1408435992626
3784.49,4162.51,67.9614,3652.75,4095.62,76.2523,3784.56,3907.32,66.1447,229.849442244265,255.19000960069,147.748772245322
-6621.4,-1092.42,84.6723,-6545.02,-912.201,69.6059,-6758.61,-862.675,69.6517,219.256728006234,267.599232295237,195.73653813481
5335.28,-848.827,67.0773,5245.76,-876.793,74.209,5464.43,-1057.98,70.4609,283.981157595007,245.81436066471,93.7866064851475
1788.47,-6872,61.5459,1896.65,-6853.36,80.0374,1916.45,-7012.88,74.4677,160.744114666759,190.33143408276,109.774140852935
3721.96,-4865.26,70.3372,3708.52,-5002.23,144.669,3607.06,-4780.61,80.9313,243.74075572214,142.715214675942,137.62781150625
-3813.81,6164.77,70.3218,-4058.41,6218.86,86.8515,-3557.8,6197.67,93.8056,501.058268268272,258.115342628058,250.509257513569
2043.86,-4786.06,71.9553,2278.53,-4803,161.805,1932.63,-4450.87,85.7469,493.601404880497,353.1634876371,235.28062499917
-4238.61,1118.91,60.7058,-4174.64,1042.82,131.071,-4362.58,1106.04,81.302,198.288204389469,124.636261978607,99.4074896574697
3810.41,-6654.12,71.4218,3693.61,-6900.86,61.2157,3483.93,-6470.46,81.5232,478.758668224399,374.593360859479,272.988768267121
7470.76,-2311.53,90.289,7442.26,-2246.39,85.7294,7332.17,-2010.4,113.874,260.405622443141,331.491274394968,71.1018255743131
7422.13,-7115.36,67.0444,7223.8,-7335.55,60.7078,7158.94,-7388.15,102.193,83.5079612971124,379.055880049367,296.341736851224
604.516,-6146.26,96.5716,546.497,-5985.67,68.4438,439.49,-6036.25,112.703,118.358922135173,198.332500553994,170.749384950576
1852.38,-5421.99,61.7127,1707.12,-5289.56,76.9259,1804.38,-5207.09,61.6618,127.517875217556,220.195390505796,196.565949492784
3084.21,6476.04,77.1415,3086.67,6629.24,84.2333,3018.28,6676.18,77.6396,82.9491151248766,210.719682279563,153.219749379771
-6545.02,-912.201,69.6059,-6621.4,-1092.42,84.6723,-6758.61,-862.675,69.6517,267.599232295237,219.256728006234,195.73653813481
3375.69,-6474.46,57.1399,3435.36,-6511.9,74.2377,3483.93,-6470.46,81.5232,63.8460531278163,108.313884613192,70.4433282859348
-4957.73,-6255,99.5638,-5051.32,-5999.65,85.3006,-4777.21,-6463.99,80.4509,539.210466979268,276.159900238973,271.960862257789
6823.84,4287.2,66.349,6838.31,4373.04,127.677,6903.27,4173.22,70.1136,210.113859609498,138.926474438819,87.051056857456
-2711.17,-4297.95,72.0951,-2828.91,-4497.29,71.2497,-2855.92,-4495.02,148.114,27.105220899303,244.518194415058,231.514887642242
7179.87,249.76,107.164,7348.88,318.681,70.5868,7095.66,87.2825,110.445,343.024247251197,183.003448345243,182.522558444155
-4951.93,-1489.39,83.8452,-4992.99,-1582.86,57.6029,-4921.12,-1672.86,66.1998,115.175070653332,186.038966348451,102.090961891834
1582.55,4414.89,150.025,1605.16,4195.12,80.4114,1861.55,4357.45,82.0894,303.458170099274,284.851458834249,220.930000226316
-5997.03,-1477.69,59.4767,-6166.4,-1635.08,80.2244,-6108.03,-1219.44,64.9225,419.718556296955,281.094401402803,231.209448336351
4394.74,-5574.07,85.6685,4346.96,-5670.97,202.537,4326.55,-5478.13,108.723,193.917079443767,117.704544092401,108.039522398056
-141.092,5039.5,112.44,-173.345,5034.79,155.428,-94.9243,4904.65,70.0467,151.941520949641,142.534132835928,32.5950933270638
6132.89,-4156.16,57.1673,6039.9,-4270.1,109.65,6341.91,-4175.46,109.96,316.491342219657,209.909147966447,147.069587950739
-7074.76,1109.38,83.293,-7115.13,1031.35,86.0251,-7096.27,1245.56,78.7762,215.038656292305,137.868315794456,87.8545263489595
-2891.77,-4062.42,93.6652,-2711.17,-4297.95,72.0951,-3101.22,-4307.84,121.458,390.175363907051,322.645748306095,296.800843833032
-4992.99,-1582.86,57.6029,-4951.93,-1489.39,83.8452,-4921.12,-1672.86,66.1998,186.038966348451,115.175070653332,102.090961891834
7324.73,-3431.51,60.1389,7474.43,-3288.67,76.1135,7193.21,-3773.12,80.799,560.157558995681,366.053141633834,206.913884502709
6310.09,-5676.51,60.3712,6457.12,-5724.82,62.47,6297.27,-5848.19,104.354,201.921220776816,172.157993715075,154.763293451645
-5291.25,-2492.97,59.6356,-5433.2,-2561.36,73.454,-5449.06,-2385.75,107.841,176.324733659235,190.788166561766,157.565842110528
-5765.69,-7571.87,56.9965,-6031.39,-7406.57,126.516,-6053.46,-7417.5,63.267,24.6282317676278,326.560361648502,312.922642197717
4505.74,-6161.09,58.7715,4699.71,-6001.57,95.3334,4256.46,-5931.24,64.533,448.794910176129,339.074535906193,251.139386198183
142.302,-4334.69,102.158,52.7383,-4113.47,68.935,338.639,-4169.16,60.3115,291.274074302005,256.804202592169,238.66282650989
4248.05,27.9241,100.434,4019.84,130.762,88.5597,4450.6,-126.169,72.55,501.565266302403,254.501838829526,250.310682505581
-2181.25,7033.58,80.5623,-1840.07,7072.22,80.3798,-2220.23,7402.92,82.1667,503.869145314535,371.391270764406,343.361095641309
6251.01,-3064.47,67.5666,6433.63,-2991.96,77.0235,6517.14,-3032.58,101.438,92.8649799440027,268.033857935896,196.488586182506
1883.91,3793.3,57.5458,1997.85,3842.83,66.9208,2097.59,3692.66,283.547,180.275057897647,236.193886457715,124.239866790012
-7426.67,-3385.04,56.185,-7370.16,-3546.14,74.1516,-7267.88,-3114.97,84.8177,443.135156921678,313.292306001919,170.723724479054
-7037.73,-3509.44,57.5758,-6973.75,-3790.7,95.4316,-7370.16,-3546.14,74.1516,465.779434603976,334.449689639563,288.4451906342
1522.44,-5444.56,60.7748,1707.12,-5289.56,76.9259,1686.57,-5216.29,77.8797,76.097275903938,281.150937754083,241.105168754218
7003.96,-2958.9,139.031,7051.37,-2746.67,101.539,6717.78,-2850.29,82.587,349.312743111384,306.096593414563,217.460987305769
2412.02,-4699.12,77.4639,2278.53,-4803,161.805,2669.93,-4673.08,84.8204,412.39928030975,259.22123697722,169.146783889023
-336.126,-6813.04,65.3216,-508.16,-7022.06,123.463,-595.372,-6980.34,58.532,96.6772534984316,308.541372454328,270.712130419012
3211.8,4289.09,211.26,3062.97,4341.5,60.7668,3097.07,4040.2,82.9009,303.223514919276,274.060586367322,157.788393109253
325.253,-6355.35,75.2118,377.254,-6251.45,190.886,71.4131,-6392.81,161.287,336.929229531678,256.589061403658,116.18654827905
7124.22,-4905.17,77.1462,7153.65,-4903.48,84.1491,6965.02,-4757.51,61.1284,238.513139679975,217.136168336829,29.4784836787777
-45.6634,-6199.11,60.1552,71.4131,-6392.81,161.287,-68.6448,-5879.96,144.998,531.630828538386,319.976354198181,226.332933644775
-7273.19,414.585,177.536,-7146.96,453.767,77.324,-7311.7,201.675,78.2234,301.147213276165,216.364711078309,132.171260204327
2786.32,-4923.41,76.8647,2708.81,-4913.78,75.3742,2785.96,-4738.12,81.2879,191.855565725887,185.290349721727,78.1059344736367
-4603.14,-6373.42,98.0744,-4477.09,-6440.11,71.407,-4777.21,-6463.99,80.4509,301.068545019236,196.222551711061,142.60490384275
4702.54,6622.28,122.008,4454.31,6618.34,52.9468,4552.87,6843.1,62.6193,245.420315377517,266.763155814292,248.261266612413
4907.42,5394.22,55.6597,4781.56,5361.5,91.0709,4852.52,5526.95,89.6405,180.025065199266,143.635869127457,130.043600380795
-753.784,7147.47,61.2271,-743.844,7018.13,81.4862,-742.972,7326.73,77.8464,308.601231987171,179.585764870158,129.721390680181
-6947.76,5447.12,85.4064,-6982.1,5466.42,62.3679,-6976.41,5524.82,107.929,58.676537900595,82.8137216891014,39.3919484158885
-2855.92,-4495.02,148.114,-2828.91,-4497.29,71.2497,-2876.34,-4553.86,58.6228,73.8225561735706,62.2825978905819,27.105220899303
-1190.85,6190.89,109.898,-1395.46,6250.64,72.4473,-1307.02,6379.38,74.8776,156.190976691997,221.413524880482,213.155611232733
5464.43,-1057.98,70.4609,5452.6,-1167.61,110.843,5522.39,-1242.63,101.46,102.462893283374,193.532901853923,110.266430975161
3404.27,-6307.76,133.919,3375.69,-6474.46,57.1399,3483.93,-6470.46,81.5232,108.313884613192,181.154645538004,169.132215736683
6240.38,-6506.14,71.9419,5994.86,-6521.57,179.737,6471.76,-6269.87,88.0506,539.246233181095,330.6965637862,246.004380652053
-7461.76,1646.09,129.834,-7475.06,1817.59,120.352,-7308.74,1516.69,108.967,343.806853334834,200.398304384044,172.014941211512
3970.4,-2002.13,64.2936,4143.55,-1871.88,52.7382,4175.45,-2149.44,92.4393,279.387121392522,252.479184488543,216.670221765706
5341.68,-2754.26,171.973,5190.92,-2688.4,75.2554,5496.25,-2822.4,171.54,333.440262865779,168.922895132661,164.517832468095
4552.87,6843.1,62.6193,4692.74,6994.06,63.3749,4408.57,6658.31,169.436,439.864355682522,234.456465255279,205.797323840715
6320.45,-4818.33,58.9246,6300.23,-4823.74,145.22,6253.44,-4893.16,84.1266,83.7164290925026,100.448339956417,20.9312326440659
6651.8,3940.47,127.113,6598.49,3972.23,79.4015,6745.63,3926.96,57.4803,153.946589764113,94.7976212781733,62.0536356710874
5419.81,3607.43,85.931,5515.52,3515.51,75.4329,5275.36,3898.08,66.1078,451.704140450362,324.566210502573,132.701509034374
-3676.79,7356.32,66.4142,-3743.25,7250.62,100.929,-3765.09,7457.82,89.6208,208.347847601073,134.533044267942,124.857605294992
-3789.04,3925.58,66.9101,-3553.16,3923.78,87.6713,-3629.95,3720.71,114.323,217.10395896897,259.386478059285,235.886867798952
-5884,1757.38,83.2868,-5870.7,1682.38,142.413,-5808.5,1733.38,84.3448,80.4353156269059,79.2227871259274,76.1701385058476
-119.546,7586.62,61.548,115.521,7457.86,74.7872,132.527,7454.85,68.1639,17.2703253009315,284.436513529821,268.021700779993
6825.98,-3236.52,59.563,6697.85,-3270.98,85.9666,7003.96,-2958.9,139.031,437.146724224258,329.772262023355,132.683037725249
-3734.39,-267.314,131.959,-3844.82,-317.226,63.6026,-3693.9,-446.05,55.12,198.424971654275,183.264829675527,121.185777399826
1060.72,-5192.29,55.4208,1208.34,-5235.76,83.2723,894.522,-5142.84,71.385,327.285599322671,173.398609290847,153.887313642158
-4615.63,632.329,55.3939,-4724.26,884.889,71.1818,-4361.5,448.359,102.525,567.585463608786,313.730804671776,274.930955878017
-5748.87,-1105.04,88.1019,-5715.49,-1274.11,233.536,-5603.39,-925.029,167.207,366.638724851863,231.44846191107,172.333656898471
-5163.64,1708.76,59.1059,-5238.72,1719.31,101.831,-5279.06,1656.32,92.4411,74.8001049464505,126.774327054022,75.8176028373358
5442.19,-56.821,75.1749,5382.08,-178.893,95.7907,5297.58,18.4544,90.8371,214.677074432181,163.028948181481,136.069046017086
5651.01,3335.97,146.362,5635.06,3304.18,90.5603,5705.94,3314.91,108.99,71.6875672623914,58.828806719157,35.5669312704933
-4004.59,-62.8346,57.2116,-4143.23,29.8223,99.6887,-4116.8,-210.05,60.7322,241.323983903983,185.103911620365,166.752363454345
3666.93,-4270.82,83.8895,3662.67,-4434.45,117.316,3521.55,-4381.82,125.751,150.614645038256,182.910755287927,163.685443763335
5092.64,-2241.76,64.6049,5163.57,-2177.93,111.324,5149.51,-2108.3,153.176,71.0353468352196,145.071597840515,95.4218727546256
3833.17,-6135.54,69.5215,3808.2,-6198.6,73.9324,4011.59,-5829.7,68.1051,421.253726511708,354.078807612091,67.8237753298949
1490.19,-6664.47,67.7135,1573,-6740.69,139.093,1439.89,-6985.23,65.7925,278.420695531061,324.679946408767,112.547698777007
5705.94,3314.91,108.99,5651.01,3335.97,146.362,5635.06,3304.18,90.5603,35.5669312704933,71.6875672623914,58.828806719157
3740.37,2132.72,89.5512,3848.07,2088.64,70.3808,3631.44,2057.37,64.34,218.875237978169,132.451377493781,116.371544631839
3049.44,-6163.07,60.7848,3125.83,-6196.7,114.144,3023.65,-6065.02,77.8117,166.674457551239,101.385041302945,83.4650166237328
6060.99,-2864.3,75.476,5924.56,-2752.05,60.2455,6251.01,-3064.47,67.5666,451.858228762075,275.999328441212,176.672599460131
-1774.4,3944.27,64.0441,-1915.84,3915.55,51.6719,-1886.25,4064.92,148.207,152.272666621426,164.520044371499,144.326407840007
-3818.58,4950.44,72.6004,-3776.51,5083.22,79.9977,-3714.19,4799.27,100.985,290.708419038734,183.710753631897,139.285366424475
5546.38,5024.83,78.4467,5361.55,4890.94,178.894,5577.61,4741.28,112.704,262.830818588688,285.264640991484,228.229404328189
5282.49,-2508.89,58.8605,5320.61,-2326.61,92.7387,5190.92,-2688.4,75.2554,384.332538565238,201.516512971022,186.223341179348
-3652.45,5118.1,70.3162,-3703.91,5108.99,73.0037,-3776.51,5083.22,79.9977,77.037996469275,128.87008186542,52.2601540372779
-5342.78,-2782.29,66.7158,-5340.51,-2768.55,64.8542,-5288.8,-2688.14,72.2909,95.601737431911,108.526784251631,13.9262521878642
7348.88,318.681,70.5868,7179.87,249.76,107.164,7095.66,87.2825,110.445,183.003448345243,343.024247251197,182.522558444155
6718.2,-5836.04,67.0534,6671.53,-5868.3,52.8512,6700.93,-5968.23,77.4737,104.165084841322,133.313348919003,56.734438395035
5858.85,5073.55,59.9252,5949.31,5007.72,70.1335,5546.38,5024.83,78.4467,403.293115487979,316.24537830615,111.877613935943
6195.53,-5939.45,77.8711,6239.18,-5919.1,126.793,6297.27,-5848.19,104.354,91.6661126043868,136.672657104485,48.1606166904041
2785.96,-4738.12,81.2879,2794.63,-4708.35,69.6366,2669.93,-4673.08,84.8204,129.591909083863,133.015647575765,31.0068024794556
2347.6,4350.67,60.7702,2415.5,4385.93,63.9277,2347.02,4495.42,107.375,129.141668333656,144.75116199879,76.5093301499891
5924.56,-2752.05,60.2455,6060.99,-2864.3,75.476,6289.62,-2550.86,54.2626,387.964316013728,416.828765442117,176.672599460131
-1105.29,4322.16,69.4553,-1042.03,4248.85,55.9587,-1246.33,4490.57,82.7793,316.491782515755,219.668408516109,96.8306960627668
5160.79,1979.39,59.7258,5110.46,1907.43,54.9159,5100.09,2093.87,65.9351,186.728172753872,129.576851327696,87.8142955332445
-4436.15,3044.99,56.7934,-4298.41,2939.94,73.4833,-4327.65,2836.37,83.8388,107.618411528883,235.147941517675,173.22762510639
-5470.34,-7293.84,66.7989,-5571.18,-7272.69,203.085,-5409.9,-7077.13,59.0842,253.485605113979,224.980482931298,103.034111341827
-5918.43,5013.91,54.917,-5860.75,4852.19,75.4582,-6154.7,5024.7,199.661,340.83178050176,236.516251027281,171.698400691445
624.281,-6696.3,99.4576,678.311,-6701.54,82.0029,581.028,-6735.27,76.2544,102.964532675092,58.2192657889123,54.2835011766928
-6268.14,-1015.07,64.1843,-6204.49,-1148.46,56.9918,-6216.9,-1186.72,69.4095,40.2223283761643,179.134754026124,147.79788428797
-7575.58,-5825.02,55.1227,-7301.78,-5600.87,140.945,-7279.65,-5510.99,110.459,92.5643089965027,431.496704274784,353.849773915429
4852.52,5526.95,89.6405,4907.42,5394.22,55.6597,4781.56,5361.5,91.0709,130.043600380795,180.025065199266,143.635869127457
-6998.6,-2761.27,88.3394,-6769.48,-2782.5,120.516,-7128.06,-3030.76,130.103,436.133745541434,298.972827695094,230.101471746706
5080.75,6914.54,62.8393,5260.32,6699,93.504,5367.66,7042.32,81.0784,359.708907312565,314.078137570891,280.54032954283
5156.53,-4392.35,53.3856,5093.04,-4354.96,62.6521,5208.04,-4270.91,104.309,142.440873698528,131.912674523717,73.6816951487952
3105.2,7271.31,81.231,2983.96,7246.72,88.813,3315.44,7275.28,169.563,332.708076247031,210.277479773751,123.708551442493
5364.85,-1337.89,62.0141,5333.18,-1404.78,59.7166,5226.46,-1233.27,137.906,202.002075484387,173.48526306289,74.0085197798199
-6397.15,4918.21,86.6165,-6256.76,4812.45,147.713,-6222.17,4867.93,64.3353,65.3796489742799,182.060645939752,175.768397899053
3967.71,785.123,54.5261,3997.08,802.908,82.4715,3944.1,674.598,78.704,138.817637568142,113.018616718663,34.3351587297917
-554.29,7481.74,83.8364,-672.072,7524.04,113.513,-739.111,7357.52,64.427,179.508044167942,222.686798982337,125.147471105093
3645.89,-5756.38,61.457,3528.86,-5757.53,59.75,3613.12,-5639.77,83.5691,144.800432319796,121.127061385967,117.035650124225
-141.832,6792.07,61.9177,-268.563,6622.05,88.0723,34.2791,6930.07,74.0737,431.960250407847,223.738954013846,212.055527541726
-5051.32,-5999.65,85.3006,-4957.73,-6255,99.5638,-4773.46,-5855.35,161.096,440.085850033831,313.095304340387,271.960862257789
-2478.95,-6603.1,78.1723,-2669.2,-6700.57,73.4267,-2327.92,-6424.46,82.693,438.986070963533,233.928002812831,213.76497234112
-4257.91,-1702.75,65.2314,-4303.39,-1784.53,55.4976,-4398.73,-1889.42,61.378,141.74493888672,233.828914593555,93.5756314432344
5214.6,2458.12,62.128,5399.97,2365.65,55.8068,5063.79,2604.83,60.3634,412.582191569147,210.398384499502,207.153898828866
5956.5,2252.75,73.2758,5628.58,2183.74,149.988,6182.87,2000.28,82.7553,583.862120453108,339.093612148622,335.102829740365
620.807,-5784.32,54.1405,595.092,-5731.26,83.009,546.497,-5985.67,68.4438,259.009501997513,214.624785614337,58.9629105879276
6418.1,296.506,64.7253,6251.12,187.804,82.753,6227.68,61.6092,89.6341,128.353266990132,302.384330034213,199.244686764792
5171.42,-5928.5,61.4362,5358.31,-5747.34,70.895,5391.14,-5734.76,71.2795,35.1577203470304,292.936965915878,260.282188595378
7565.81,2150.28,57.5977,7473.63,2161.95,67.4824,7441.8,2147.31,92.3598,35.0353892514411,124.045560178509,92.9157753021522
7198.67,-1559.91,58.7799,7158.9,-1379.91,99.1746,7092.1,-1744.81,80.0771,370.963947035288,213.41315540519,184.341131872407
6897.5,1497.29,58.4271,6755.5,1532.4,89.7613,7060.33,1284.42,86.4439,392.957261416557,268.006055528602,146.276150140753
-3978.46,-5946.99,62.8694,-4046.26,-5790.48,86.0161,-4031.42,-6147.59,84.137,357.418211203627,207.473182845398,170.564416277253
-3725.15,-4315.14,79.5316,-3682.22,-4273.68,80.1498,-3894.57,-4098.3,66.3875,275.40999782143,275.177619002709,59.6817937062889
4574.92,5797.58,56.0596,4426.33,5620.41,96.4699,4365.61,6003.71,82.2183,388.079641826262,293.76904704206,231.231911725004
-2560.5,5400.5,71.962,-2503.61,5416.1,73.362,-2451.03,5345.52,86.5903,88.0124582090512,122.500944077994,58.9901017120669
-629.802,6263.45,76.5297,-705.726,6394.34,61.6797,-476.858,6311.25,225.606,243.484105279996,160.239530503556,151.316376760746
1944.15,-6561.9,115.225,2126.63,-6666.39,86.9654,1896.65,-6853.36,80.0374,296.392613436974,295.305234630204,210.278649653264
-1729.77,7352.63,142.617,-1752.31,7453.22,114.431,-1840.07,7072.22,80.3798,390.976748157739,301.323510699049,103.084429959136
-4666.29,-982.064,65.4452,-4693.15,-997.363,118.844,-4606.86,-945.704,107.543,100.571449134434,69.6704707892808,30.9114703791325
-5878.4,-3787.65,73.5191,-5814.95,-3694.74,105.348,-6018.69,-3970.5,64.4849,342.86085399182,230.467799486175,112.508535676188
7193.21,-3773.12,80.799,7189.65,-3772.09,91.8969,7430.56,-3791.17,75.7898,241.664384012209,238.035344014287,3.70600863463677
6335.71,2020.29,80.6774,6297.56,2027.73,68.7665,6182.87,2000.28,82.7553,117.929210122005,154.144301548906,38.8687033485808
-64.7239,7019.05,70.5128,34.2791,6930.07,74.0737,-141.832,6792.07,61.9177,223.738954013846,239.719793687568,133.112863424239
-992.257,5498.62,56.4724,-922.509,5496.91,156.712,-1026.27,5423.88,67.868,126.884695771397,82.1154782547113,69.7689587424092
-4849.17,-4841.12,59.5212,-4928.7,-4753.33,89.1452,-4694.33,-4896.25,100.234,274.509422971234,164.361621128535,118.457186358616
2465.06,5016.57,60.5567,2519.74,5085,128.923,2541.15,4922.92,116.053,163.48796438882,120.664868955301,87.5931920870568
-7310.14,1112.41,78.1568,-7115.13,1031.35,86.0251,-7402.01,1326.38,86.4957,411.512861645903,232.858879581604,211.186229901478
7539.52,-1239.48,57.0175,7429.88,-1245.79,78.5077,7352.82,-1215.25,75.1571,82.8911044684534,188.265724177292,109.821426415796
-6400.8,-5922.8,66.5685,-6444.09,-6083.75,62.809,-6392.73,-5634.03,79.1003,452.643267927405,288.882740571326,166.670113097699
-2734.58,4708.93,76.7781,-2575.44,5014.52,54.8692,-2577.93,5063.63,53.9037,49.1730841009588,387.751611859964,344.544318919932
1800.1,7480.09,56.9089,1720.98,7211.52,72.1026,2145.51,7400.48,81.9404,464.684411724775,354.465541625699,279.981819588344
-5449.06,-2385.75,107.841,-5580.64,-2324.47,63.0949,-5433.2,-2561.36,73.454,279.025851311308,176.324733659235,145.150042369956
-705.726,6394.34,61.6797,-754.333,6462.67,71.9787,-629.802,6263.45,76.5297,234.939520645208,151.316376760746,83.8548111261363
4365.61,6003.71,82.2183,4357.25,6004.87,85.7846,4193.78,6061.39,129.046,172.965173662215,181.252672532021,8.44009478619726
-6343.77,-3688.41,58.7789,-6210.58,-3927.49,66.3967,-6401.71,-3382.99,124.309,577.070989480497,310.86720637597,273.676492413945
4584.49,-160.441,53.9235,4471.67,-167.348,159.916,4450.6,-126.169,72.55,46.2564043241581,138.206736753314,113.03123041443
-4116.8,-210.05,60.7322,-4004.59,-62.8346,57.2116,-4143.23,29.8223,99.6887,166.752363454345,241.323983903983,185.103911620365
4157.41,-4034.49,53.9983,4085.69,-4262.03,87.2541,3930.18,-3626.41,79.4777,654.366979989058,467.078964737227,238.575375929705
-7021.22,3256.71,59.0718,-6928.12,3251.13,111.725,-7133.46,3345.96,94.6478,226.179673047779,143.39937273224,93.2670702874282
-5635.67,-3476.02,70.4958,-5801.77,-3528.2,94.4773,-5688.08,-3300.43,156.242,254.567454714856,183.244798561924,174.103309560732
71.4131,-6392.81,161.287,-45.6634,-6199.11,60.1552,325.253,-6355.35,75.2118,402.47970556161,256.589061403658,226.332933644775
4350.2,7569.29,57.7893,4571.6,7576.03,72.0754,4169.14,7339.06,77.4165,467.042645269144,292.896870075458,221.502567930939
6239.18,-5919.1,126.793,6195.53,-5939.45,77.8711,6297.27,-5848.19,104.354,136.672657104485,91.6661126043868,48.1606166904041
-5476.72,5881.11,88.4614,-5376.92,5948.25,79.3313,-5427,5763.06,70.6332,191.841972727555,128.093250798002,120.282249729543
4376.05,-200.932,99.968,4471.67,-167.348,159.916,4450.6,-126.169,72.55,46.2564043241581,105.58034224703,101.346284865307
-4777.86,-3894.08,61.1242,-4730.32,-3942.55,78.941,-4924.96,-4033.41,83.4231,214.802861247238,202.611102607927,67.8925069503257
2233.69,-6933.03,58.6673,2176.91,-7016.59,151.917,2430.44,-7030.56,126.207,253.914595484387,219.596592414364,101.025947162103
-3844.82,-317.226,63.6026,-3734.39,-267.314,131.959,-3922.25,-469.805,120.395,276.213657665583,171.10159596275,121.185777399826
6512.47,5252.5,57.3393,6535.39,5013.39,110.524,6691.23,4926,185.845,178.670416409656,372.232974896099,240.205991807032
6210.19,-316.369,55.4766,6152.24,-292.141,84.1228,6049.89,-342.827,64.2724,114.212928760276,162.468814743014,62.8108150241659
5955.6,6072.87,77.5104,6295.86,5927.15,87.2738,5575.03,5892.18,144.189,721.677760361229,421.286601970678,370.150220856343
7536.53,-6632.35,62.9765,7507.02,-6730.1,135.539,7196.1,-6753.51,76.3077,311.800055323921,361.347935513681,102.107309238859
5479.83,1533.75,60.7163,5480.74,1714.86,134.436,5650.4,1442.98,93.379,320.473477841771,193.218316419536,181.112286165241
-4134.69,7362.34,146.202,-4049.5,7486.62,71.5792,-3865.19,7533.05,74.4292,190.06820091746,319.017482436307,150.674664426372
-5529.17,807.532,59.5718,-5441.48,830.653,79.1396,-5620.2,712.202,66.1175,214.409602865637,131.811493429063,90.6869160408495
4320.02,1196.2,56.5598,4268.38,1128.61,93.0681,4393.49,1352.09,61.5293,256.116814168847,172.335524486392,85.059377495959
5083.52,807.808,58.2208,5113.55,769.984,146.417,5331.76,920.06,63.8086,264.836572013761,272.440101864612,48.2955057536411
4355.57,4476.8,54.552,4400.55,4548.88,220.866,4594.08,4330.93,114.201,291.472234355178,279.580179912668,84.963090810069
-7344.25,-7272.26,92.2643,-7442.25,-7241.54,83.5078,-7396.21,-7180.76,62.0865,76.2488688440685,105.224006766517,102.702085665287
-1394.1,6995.3,73.5993,-1353.24,6955.78,89.0027,-1274.42,7034.12,67.9987,111.129420047078,125.818499434701,56.8451405135041
5361.55,4890.94,178.894,5546.38,5024.83,78.4467,5577.61,4741.28,112.704,285.264640991484,262.830818588688,228.229404328189
4397.68,-4482.42,67.3647,4589.67,-4510.72,50.5218,4085.69,-4262.03,87.2541,561.998715745864,381.981036440293,194.064551374021
-1541.55,3950.6,52.9795,-1774.4,3944.27,64.0441,-1334.74,4147.46,115.085,484.341916108858,285.524492294444,232.936024264174
6253.44,-4893.16,84.1266,6300.23,-4823.74,145.22,6320.45,-4818.33,58.9246,20.9312326440659,100.448339956417,83.7164290925026
6660.38,-2369.36,60.5063,6846.77,-2344.89,58.4945,6694.2,-2576.24,76.3846,277.128900333401,209.626159627084,187.989395977539
-672.072,7524.04,113.513,-554.29,7481.74,83.8364,-739.111,7357.52,64.427,222.686798982337,179.508044167942,125.147471105093
-4098.29,3608.31,74.3664,-4224.08,3771.62,160.198,-3930.5,3417.37,61.6783,460.08942489477,254.188055777607,206.138982727673
5840.42,-6418.5,83.9013,5837.85,-6573.83,136.504,5994.86,-6521.57,179.737,165.478843662868,185.67481924052,155.351259409121
-616.115,-6965.26,68.8974,-595.372,-6980.34,58.532,-508.16,-7022.06,123.463,96.6772534984316,121.985745171311,25.6452422293103
-6084.73,3248.12,85.4941,-5891.84,3299.68,105.764,-5799.54,3166.89,117.08,161.717265930389,296.532711517633,199.662178942332
-923.73,6643.35,61.9929,-917.321,6752.26,62.586,-754.333,6462.67,71.9787,332.306268740149,247.670357550112,109.098411450396
-7182.34,1557.33,56.9616,-7308.74,1516.69,108.967,-7461.76,1646.09,129.834,200.398304384044,293.178911247041,132.772623684252
-453.919,-5006.46,79.606,-390.839,-5080.4,69.6189,-595.49,-4938.09,73.6876,249.267261992023,157.215791003957,97.1916148646576
1896.65,-6853.36,80.0374,1788.47,-6872,61.5459,1916.45,-7012.88,74.4677,190.33143408276,160.744114666759,109.774140852935
-5825.73,442.026,146.302,-5644.64,426.578,70.0016,-5620.2,712.202,66.1175,286.667722243018,339.466716889889,181.747706461456
-6200.13,5058.16,60.6108,-6154.7,5024.7,199.661,-6337.1,5167.51,217.705,231.655900205456,175.266093126994,56.4221277514419
733.336,-3918.93,53.4282,623.437,-4056.41,66.5769,605.776,-4106.57,187.052,53.1783463545077,226.892757046143,176.007217468489
5957.82,-3355.48,56.0527,5807.95,-3437.14,152.782,6016.1,-3526.01,89.7805,226.327858205746,180.213870997768,170.67329170084
7430.56,-3791.17,75.7898,7193.21,-3773.12,80.799,7189.65,-3772.09,91.8969,3.70600863463677,241.664384012209,238.035344014287
-3923.34,-4523.42,82.8997,-3725.15,-4315.14,79.5316,-3682.22,-4273.68,80.1498,59.6817937062889,347.143949968885,287.506233845459
5391.14,-5734.76,71.2795,5358.31,-5747.34,70.895,5375.46,-5467.17,153.403,280.694409278133,268.04900764599,35.1577203470304
5093.04,-4354.96,62.6521,5156.53,-4392.35,53.3856,5208.04,-4270.91,104.309,131.912674523717,142.440873698528,73.6816951487952
-3973.73,5687.06,154.477,-4201.48,5559.47,78.7956,-4186.4,5867.66,71.0124,308.558718074858,279.006969267794,261.05415261972
5001.72,1704.54,57.7662,4894.56,1690.93,297.871,5110.46,1907.43,54.9159,305.753266540196,230.192831556502,108.020820678238
-3855.08,7562.16,81.7898,-3865.19,7533.05,74.4292,-3765.09,7457.82,89.6208,125.218061396909,137.786195607543,30.8156486220878
-3170.15,7458.26,55.256,-3403.98,7483.76,64.7136,-2863.02,7407.28,84.9693,546.339557418278,311.332294020393,235.216323625721
2592.49,7027.72,70.8444,2565.42,7144.04,66.1368,2453.45,7013.47,68.7242,172.005249338501,139.768322949086,119.428335415009
-1748.86,-6995.25,71.2977,-1723.85,-6999.42,74.2782,-1681.72,-6979.11,99.3775,46.7700010690614,69.0527276796507,25.355255865402
5509.03,-3621.76,111.15,5459.05,-3619.19,65.9281,5580.26,-3658.13,100.396,127.311380873825,79.9780582409955,50.0460318107236
-5258.4,-5226.92,75.8517,-5217.39,-5178.36,62.4311,-5119.98,-5365.5,65.5877,210.97413988449,195.868611063641,63.5601581181166
6614.78,1774.34,85.3912,6742.04,1794.58,70.9857,6755.5,1532.4,89.7613,262.525282591982,279.88762387787,128.859478502748
4951.68,-2554.67,77.0491,4831.45,-2520.59,116.318,4846.74,-2483.93,100.659,39.7207716440658,126.556513858435,124.966792789125
4578.23,5393.37,59.3434,4670.31,5408.58,84.1711,4781.56,5361.5,91.0709,120.801858015512,205.812501563924,93.3277584644577
-6166.73,-2716.99,58.7729,-6257.22,-2625.73,72.9433,-6029.84,-2545.19,95.2475,241.222627462682,219.668186362977,128.517810827916
-5018.12,3786.87,59.1778,-5251.87,3644.77,84.9544,-4801.83,3979.67,90.1934,560.975945651861,289.746793079751,273.553418000945
7346.86,1142.19,71.7028,7309.09,1113.96,98.592,7225.69,1144.48,59.44,88.8089545034739,121.191637500283,47.1540645119799
-7014.92,7182.06,77.9874,-7258.9,7080.18,178.114,-7319.73,7239.18,62.4797,170.238917113567,310.115834004005,264.397002252294
-2640.86,5167,75.5106,-2577.93,5063.63,53.9037,-2575.44,5014.52,54.8692,49.1730841009588,165.921447679316,121.018766313328
-6214.51,2581.84,69.6814,-6066.55,2722.61,58.4659,-6378.08,2807.11,95.9851,322.786602726941,278.391303384283,204.226233623401
-1346.77,6401.41,88.2458,-1307.02,6379.38,74.8776,-1395.46,6250.64,72.4473,156.190976691997,158.43708214935,45.4464894133748
-2529.98,-3898.39,61.2345,-2510.93,-3910.03,74.6474,-2461.47,-3716.83,129.854,199.430518226274,194.055800480171,22.3246970864112
-2767.16,-7125.6,55.0933,-2940.69,-7259.24,70.6581,-2669.2,-6700.57,73.4267,621.143291841746,436.172743875635,219.025821537096
2423.64,7353.37,107.292,2352.24,7276.65,101.935,2567.02,7317.05,84.3666,218.546581762333,147.908643425596,104.804190755905
6437.86,-1828.7,52.9178,6239.76,-1563.17,89.8544,6109.13,-1680.12,79.6411,175.332539478558,360.74842937981,331.28505988046
5358.31,-5747.34,70.895,5391.14,-5734.76,71.2795,5171.42,-5928.5,61.4362,292.936965915878,260.282188595378,35.1577203470304
5979.74,-1598.69,88.607,6109.13,-1680.12,79.6411,6057.79,-1763.81,83.5268,98.182542745643,182.637391845153,152.881055072236
-2409.4,-5999.23,74.2103,-2368.76,-6109.34,105.481,-2521.45,-6045.04,71.3033,165.676570763641,121.052710006839,117.370446450544
-1906.56,-7589.97,66.0359,-1960.54,-7567.96,58.6138,-1732.37,-7577.64,60.663,228.375242309669,174.625842875561,58.2947724929089
290.963,5854.33,62.5395,409.033,5938.41,89.6479,180.508,6133.08,53.9776,300.200074158885,299.836404602577,144.948167632433
-4630.58,5178.23,59.1142,-4755.13,5221.47,142.313,-4740.31,5041.47,69.6145,180.609059573433,175.339586231974,131.842330455738
-4007.47,-1498.35,69.3034,-3884.09,-1371.97,268.443,-3835.24,-1644.13,171.704,276.509291163968,225.643482733271,176.619729362265
-3636.9,-6198.15,71.2791,-3602.52,-6124.37,85.6986,-3425.17,-6218.42,71.7797,200.744676143603,212.69806252056,81.3970073159939
-6441.42,1884.72,57.728,-6468,1988.79,58.9451,-6289.43,1581.72,57.9171,444.514600210162,338.983716570575,107.410713152832
4997.72,-459.174,194.065,5083.98,-489.482,80.2193,4987.38,-608.179,154.527,153.03770061328,149.363334272505,91.4295491840569
-209.974,4871.64,67.8223,-94.9243,4904.65,70.0467,-173.345,5034.79,155.428,151.941520949641,167.211262004088,119.691660403263
-4073.08,-1040.15,62.2693,-4140.12,-977.287,86.5453,-3883.66,-1189.76,59.3035,333.041299734733,241.377481344056,91.9027658397722
-3943.84,-6870.56,142.289,-3922.03,-6993.25,165.149,-3997.69,-6629.39,54.3208,371.643021191035,247.108865482402,124.613451119853
1178.9,-4203.1,58.1219,1295.69,-4219.17,57.7682,1404.88,-4247.03,80.6476,112.688223430845,230.210350114846,117.890410975617
1957.47,-4173.84,62.146,1845.91,-4011.25,69.4961,1932.63,-4450.87,85.7469,448.091623220073,278.141414571796,197.183015749329
4401.85,2225.97,52.6427,4481.7,2113.98,67.757,4420.64,2432.59,161.496,324.408162196946,207.47262108529,137.541930333989
-3360.49,5683.07,66.3136,-3628.88,5552.59,66.3947,-2958.1,5689.75,77.6315,684.659531446105,402.445442886362,298.426242981411
-6351.19,6193.78,165.525,-6580.39,6077.48,87.9787,-6342.19,5927.1,86.9975,281.697327640857,266.831824188944,257.018151109995
-4303.39,-1784.53,55.4976,-4257.91,-1702.75,65.2314,-4398.73,-1889.42,61.378,233.828914593555,141.74493888672,93.5756314432344
711.51,-6813.77,80.5634,678.311,-6701.54,82.0029,624.281,-6696.3,99.4576,54.2835011766928,146.315068742082,117.037372240666
-3894.57,-4098.3,66.3875,-3812.67,-3997.44,65.0735,-4065.37,-4189.78,82.5305,317.571984910508,193.755594499875,129.92439955605
-7360.14,3697.96,72.8377,-7361.78,3748.62,82.6841,-7372.21,3785.01,73.6792,37.8552110019219,87.882804916548,50.6865386468635
-4273.78,931.239,79.7993,-4203.18,878.477,63.4884,-4373.55,839.015,81.02,174.880491604981,135.865076734237,88.1373283234744
195.156,4503.32,64.9861,224.101,4612.13,172.757,257.01,4405.38,110.408,209.352728143199,115.836785677089,112.594090098016
4138.73,1544.34,70.6766,4015.96,1445.31,153.55,3984.51,1717.17,112.735,273.673093489294,231.633368278406,157.732095021907
-5949.83,-5266.71,62.931,-6045.78,-5249.57,101.97,-5843.34,-5335.71,52.7103,220.004666314149,126.890189140059,97.4688775969026
-7022.55,-4457.64,69.2853,-7067.25,-4269.62,82.7274,-7087.93,-4716.28,68.1162,447.138477431768,266.775549854179,193.260472937433
1682.23,-4936.61,55.7619,1686.57,-5216.29,77.8797,1804.38,-5207.09,61.6618,118.168676475621,296.782837947211,279.713671457082
3812.87,6110.66,61.7815,3878.91,6036.59,177.877,3962.83,6212.39,55.8379,194.80299381683,181.209807957517,99.2353087363563
-3958.54,-2215.72,59.6112,-3788.05,-2395.92,87.8826,-3854.69,-1983.45,97.9653,417.8186095664,254.429116651377,248.070312814734
2910.92,-4311.53,53.1528,2854.41,-4143.97,76.8657,2753.59,-4428.97,169.253,302.307248341815,196.328506590358,176.832501820225
-7105.2,-7161.32,60.5273,-7013.9,-7221.11,63.8645,-7064.91,-7264.24,90.0153,66.7998278440898,110.525157769623,109.135393434028
-145.665,-3922.51,167.158,-60.5333,-3928.28,73.912,-27.3497,-3992.41,75.4301,72.2067047368868,137.420959879088,85.3270135706741
5969.89,57.5202,91.8277,6069.71,117.208,89.0898,5891.32,197.033,63.2921,195.435469464988,160.115790176485,116.304195405153
-6367.34,-5211.57,88.1852,-6045.78,-5249.57,101.97,-6521.95,-4914.84,77.8981,582.049861953424,334.593701375264,323.797519446954
-6672.43,-2306.42,53.3114,-6723.08,-2271.03,87.0611,-6744.63,-2262.29,56.6928,23.254894108553,84.6185375671311,61.7889520869221
-926.221,-7325.45,63.0285,-859.505,-7117.28,74.0565,-794.515,-7522.16,70.3907,410.062817748696,236.730425877199,218.599573549447
-3748.15,-7130.46,56.9116,-3624.4,-7065.51,149.881,-3922.03,-6993.25,165.149,306.276222550821,221.496813746835,139.758953201575
-4966.64,-865.408,52.3106,-4888.35,-892.399,66.4471,-4932.71,-987.693,147.911,105.113063108255,126.904949174569,82.8120654313126
7214.97,6891.94,70.1311,7040.36,7056.52,125.226,6953.06,6861.89,110.615,213.312275549252,263.628243175878,239.948387158573
-5433.2,-2561.36,73.454,-5449.56,-2687.56,145.383,-5577.26,-2507.72,89.2132,220.566805299438,153.72225993655,127.256000251462
-4455.06,-1463.05,76.1392,-4463.07,-1266.53,65.3825,-4243.07,-1302.95,59.0947,222.994207099646,265.653477485239,196.683172894887
882.215,4685.12,142.118,872.849,4732.31,59.7563,871.763,4761.99,89.7314,29.6998618852001,77.5773240322195,48.1104776114315
-4898.4,-6604.35,82.8653,-4777.21,-6463.99,80.4509,-4852.61,-6807.86,94.9056,352.039396800983,208.597804878191,185.439870847669
-6468,1988.79,58.9451,-6441.42,1884.72,57.728,-6661.96,2175.37,70.7697,364.849714403067,269.133011724686,107.410713152832
4957.1,-6381.1,66.7859,5009.92,-6343.48,68.0613,5004.21,-6191.61,165.021,151.977304226651,195.258321717668,64.8476429795257
3799.4,5248.02,75.1464,3758.39,5159.7,103.873,3672.53,5236.55,142.522,115.229606004707,127.387431876147,97.3768067868326
2205.91,6020.42,63.7114,2251.83,5949.93,102.065,2210.28,5834.21,216.816,122.953328137143,186.261270799917,84.1277986161529
5567.04,4486.33,95.4148,5533.76,4469.82,144.377,5504.03,4523.74,178.728,61.5730403667062,73.2787022264997,37.150215342579
-6583.81,3085.68,83.0444,-6704.42,2941.8,59.1026,-6818.6,2965.41,78.291,116.595473754345,263.801472702485,187.745110455638
6789.19,-5182.88,56.5111,6806.22,-5364.11,102.899,6796.45,-5388.27,133.763,26.0606695999939,205.518270963922,182.028387346589
-5812.7,2439.39,67.8225,-5920.08,2297.9,75.5197,-5611.49,2506.39,101.335,372.418941784652,212.071837121293,177.622871556565
4454.31,6618.34,52.9468,4408.57,6658.31,169.436,4341.34,6498.14,69.1037,173.707517972021,164.955330013916,60.7433000420629
-6477.27,4198.87,161.829,-6409.79,4259.63,67.9471,-6580.29,4259.96,61.0718,170.50031935454,119.771067040416,90.8037884672225
-3394.76,-7172.44,72.2215,-3349.68,-7151.49,64.2674,-3624.4,-7065.51,149.881,287.860450218504,253.315128841528,49.7102494461658
412.994,-5890.26,59.1983,321.679,-5961.64,63.7188,439.49,-6036.25,112.703,139.449215921066,148.374924148253,115.903121722411
4781.56,5361.5,91.0709,4670.31,5408.58,84.1711,4907.42,5394.22,55.6597,237.544441526212,130.043600380795,120.801858015512
-5158.8,-1385.78,54.368,-4951.93,-1489.39,83.8452,-4992.99,-1582.86,57.6029,102.090961891834,257.552873212473,231.366006578322
-29.8949,-5772.12,53.4523,-68.6448,-5879.96,144.998,73.5208,-5610.45,83.1962,304.707561316355,191.91663790951,114.590664323103
6490,2248.11,61.7665,6298.57,2287.46,63.6925,6335.71,2020.29,80.6774,269.73911192113,275.149698346191,195.4325136716
6838.31,4373.04,127.677,6823.84,4287.2,66.349,6903.27,4173.22,70.1136,138.926474438819,210.113859609498,87.051056857456
-717.899,3742.29,170.532,-855.11,3794.22,79.5364,-620.675,3942.3,86.6698,277.285873468159,222.388188256481,146.709179743464
-5709.87,5723.27,63.8641,-5749.57,5567.11,82.997,-5829.78,5504.58,103.15,101.703711830001,249.406744495814,161.12738935389
-4432.95,5336.67,158.825,-4630.58,5178.23,59.1142,-4158.29,5313.08,84.3876,491.164296951641,275.671187649344,253.299922029203
-5119.98,-5365.5,65.5877,-5258.4,-5226.92,75.8517,-5217.39,-5178.36,62.4311,63.5601581181166,210.97413988449,195.868611063641
4716.24,2876.55,53.5534,4816.94,2707.48,59.8336,4776.67,2560.44,162.287,152.454696549499,321.834300533675,196.787080114524
7420.25,-4957.17,82.8871,7493.82,-5036.56,96.513,7153.65,-4903.48,84.1491,365.275122749963,271.952525452514,108.237317963815
2440.8,4182.86,51.7773,2347.6,4350.67,60.7702,2415.5,4385.93,63.9277,76.5093301499891,204.639964083266,191.954255227646
7476.68,4388.76,61.772,7473.89,4237.28,76.1005,7137.24,4358.27,98.4646,357.731467164968,340.806622148104,151.505691312241
-5571.18,-7272.69,203.085,-5470.34,-7293.84,66.7989,-5409.9,-7077.13,59.0842,224.980482931298,253.485605113979,103.034111341827
353.172,4751.48,59.6039,297.286,4915.72,76.4151,224.101,4612.13,172.757,312.286618869589,189.941426605677,173.48781685179
1073.39,-5894.37,57.0398,1171.13,-5894.34,69.9481,1280.23,-5782.83,139.896,156.004134881099,234.997781266122,97.7400046040515
1432.73,4001.19,52.2835,1429.2,3971.35,157.499,1472.04,4012.38,69.8797,59.3188545068093,40.8716552148307,30.0480698215378
-3836.81,560.977,82.4068,-3921.07,583.543,76.385,-3883.96,784.543,87.1545,204.397045233046,228.483870012743,87.2294213898042
338.639,-4169.16,60.3115,142.302,-4334.69,102.158,605.776,-4106.57,187.052,516.572243811066,274.371435956807,256.804202592169
-5429.64,5065.61,63.6586,-5408.22,4970.93,63.5178,-5393.4,4861.37,85.4141,110.557794840527,207.430265872654,97.0727500383083
6671.53,-5868.3,52.8512,6718.2,-5836.04,67.0534,6700.93,-5968.23,77.4737,133.313348919003,104.165084841322,56.734438395035
1428.58,4732.63,111.549,1216.26,4886.38,67.7166,1582.55,4414.89,150.025,597.052078298032,353.079974651636,262.142794865699
-7198.55,-7062.35,54.5339,-7105.2,-7161.32,60.5273,-7174.9,-7263.62,140.227,123.7876407401,202.654719658832,136.048827264332
-1915.84,3915.55,51.6719,-1774.4,3944.27,64.0441,-1886.25,4064.92,148.207,164.520044371499,152.272666621426,144.326407840007
-4869.16,5688.27,52.5514,-4990.13,5448.41,86.3595,-4907.55,5956.26,53.2042,514.520241487155,270.725750899319,268.638345178048
2745.46,-5827.82,55.3958,2573.37,-5831.63,133.744,2972.47,-5682.67,116.312,425.9928304561,269.447699192255,172.132170729356
3784.56,3907.32,66.1447,3914.62,3838.03,85.4806,3970.79,3960.75,157.033,134.963948149126,193.743071618058,147.365897343992
-4189.33,-2087.83,52.9957,-4272.07,-2277.69,95.7027,-3958.54,-2215.72,59.6112,319.595591020902,263.85578674723,207.105594323282
-4934.51,-3333.32,61.8837,-4848.88,-3569.36,85.4812,-4657.89,-3431.77,83.6617,235.38943944026,293.617143402765,251.092370453584
7161.43,5875.91,66.0529,7040.63,5961.08,68.2099,6965.87,5824.53,61.4947,155.675817325621,202.196978216788,147.805848666418
6507.77,3031.47,63.6122,6494.83,3100.1,116.696,6212.65,3129.06,68.7748,283.662182886616,310.836970934927,69.8392475618117
-2577.93,5063.63,53.9037,-2575.44,5014.52,54.8692,-2640.86,5167,75.5106,165.921447679316,121.018766313328,49.1730841009588
-3997.69,-6629.39,54.3208,-3797.51,-6553.97,165.167,-3976.99,-6412.3,163.202,228.65576594523,218.074661756014,213.916359355707
4071.2,6767.33,71.1396,4193.1,6864.29,148.232,4212.31,6649.44,74.498,215.707085187298,183.875186471694,155.758953514718
-5604,-4299.81,59.3118,-5788.91,-4268.51,73.3741,-5380.96,-4305.49,75.2664,409.622659163284,223.112312524432,187.540390582935
1160.87,6679.07,75.7346,1218.6,6531.96,83.3443,1362.24,6730.97,63.2311,245.433147109351,207.950683817101,158.031974612734
-5409.9,-7077.13,59.0842,-5374.12,-6965.95,153.591,-5331.94,-6927.08,84.7007,57.3587770092775,169.093950512725,116.795551285141
-1595.34,6571.14,68.7863,-1597.36,6465.25,65.8611,-1484.08,6648.89,63.6561,215.768412887522,135.734483827803,105.909265411484
-7162.54,-6851.8,118.01,-7198.55,-7062.35,54.5339,-7118.73,-6619.6,128.977,449.887535835346,236.296754315416,213.607168887189
2160.34,-5762.12,51.939,2092.35,-5739.86,112.928,2315.98,-5645.64,70.1245,242.668055788148,194.400102880631,71.5412307693965
6755.76,4904.4,66.7774,6691.23,4926,185.845,6535.39,5013.39,110.524,178.670416409656,245.8490532827,68.0491065334447
-2087.41,-4716.91,55.6352,-2082.2,-4766.83,110.954,-1816.73,-4773.18,115.566,265.545934632786,276.466951551175,50.1911396563179
-5843.34,-5335.71,52.7103,-5949.83,-5266.71,62.931,-5717.14,-5407.77,142.804,272.10762521473,145.324064077495,126.890189140059
-7400.33,5819.45,101.84,-7397.46,5774.26,62.2911,-7445.42,5875.61,62.4552,112.124859420201,72.0212031279678,45.2810445992577
407.059,4249.15,57.0989,508.6,4300.5,117.228,257.01,4405.38,110.408,272.575388654222,216.616055039787,113.786630062587
739.69,5116.08,64.4418,639.041,5138.06,58.8939,808.385,4947.97,174.66,254.581221687696,181.603896227476,103.021073577206
-7257.95,-7538.14,58.9469,-7344.25,-7272.26,92.2643,-7174.9,-7263.62,140.227,169.570257120758,286.807484037639,279.535086169876
6965.87,5824.53,61.4947,7040.63,5961.08,68.2099,7161.43,5875.91,66.0529,147.805848666418,202.196978216788,155.675817325621
4806.99,-6689.32,95.7948,4957.1,-6381.1,66.7859,5009.92,-6343.48,68.0613,64.8476429795257,400.981159781853,342.830250269721
1869.65,5245.58,56.9229,1824.9,5393.58,83.7703,1930.54,4918.82,163.956,486.371120853202,332.384851790812,154.617471522464
-2387.65,-5275.26,78.6213,-2230.84,-5289.39,104.264,-2488.26,-5425.99,78.6117,291.418284258212,181.223356662434,157.44533337003
-926.401,-6813.92,72.6895,-753.253,-6793.6,54.7316,-1045.71,-6657.84,97.0588,322.43119335604,196.457638897041,174.336262160229
-5225.42,5676.92,69.5282,-5422.56,5725.49,64.2546,-5427,5763.06,70.6332,37.8314485580455,219.213585345434,203.035032691405
-4643.33,-3231.94,160.708,-4657.89,-3431.77,83.6617,-4636.99,-3461.43,86.4113,36.28395788775,229.577559225635,200.359732730906
3355.76,4606.4,51.3974,3473.61,4380.72,61.9202,3357.9,4878.58,144.16,511.129517539341,272.188412685037,254.597888640106
-2045.12,4627.56,211.002,-2007.46,4620.09,64.1267,-2005.49,4659.8,80.936,39.7588354960253,51.0877137871717,38.3937039109278
-3185.13,7122.87,173.534,-3115.2,7111.37,103.788,-3417.2,7240.41,134.57,328.413339558551,260.138687049812,70.8692803688597
-6045.78,-5249.57,101.97,-5949.83,-5266.71,62.931,-5843.34,-5335.71,52.7103,126.890189140059,220.004666314149,97.4688775969026
-7543.6,2907.03,62.7863,-7511.5,2922.35,114.626,-7495.54,2679.08,102.296,243.792974673185,232.961297429423,35.5684185760348
-2434.74,-7570.11,64.3881,-2329.2,-7435.2,72.7969,-1960.54,-7567.96,58.6138,391.83595189824,474.204873973265,171.287476775157
-7396.21,-7180.76,62.0865,-7442.25,-7241.54,83.5078,-7471.64,-7223.78,67.5387,34.3393316766653,86.8355071384972,76.2488688440685
4143.55,-1871.88,52.7382,4304.01,-1844.87,151.196,3970.4,-2002.13,64.2936,368.817488332644,216.670221765706,162.717398270744
-5060.23,-2450.22,52.4814,-5097.43,-2585.61,74.3007,-5291.25,-2492.97,59.6356,214.821698159194,234.942126703578,140.407592743413
-2575.44,5014.52,54.8692,-2577.93,5063.63,53.9037,-2640.86,5167,75.5106,121.018766313328,165.921447679316,49.1730841009588
-1026.27,5423.88,67.868,-992.257,5498.62,56.4724,-922.509,5496.91,156.712,69.7689587424092,126.884695771397,82.1154782547113
-4969.88,6298.85,59.8744,-4849.87,6129.76,75.1117,-4907.55,5956.26,53.2042,182.836627621492,348.213924190289,207.349531468002
4986.17,-5047.52,72.2157,4977.32,-5154.61,94.6651,5045.97,-4913.67,90.5421,250.529251984673,146.601031715333,107.455063165957
-5664.01,-6127.31,57.0881,-5572.26,-6220.58,85.915,-5850.83,-6088.5,165.536,308.295915152958,190.80861746787,130.833311507429
-4939.89,-3681.8,62.5376,-4848.88,-3569.36,85.4812,-4777.86,-3894.08,61.1242,332.395726205979,267.05152929725,144.656744398594
-3303.01,-5465.22,58.0631,-3330.02,-5480.09,78.1976,-3427.37,-5535.57,61.4594,112.049332438886,142.879432039744,30.8327261201468
-5201.51,-7170.47,68.0237,-5409.9,-7077.13,59.0842,-5374.12,-6965.95,153.591,116.795551285141,267.624069358494,228.339106812652
-7213.75,5031.35,69.5268,-7105.98,5010.98,91.606,-7380.31,4980.37,67.0658,276.03246367049,174.187238338519,109.678210233392
6916.98,6989.79,56.6191,6953.06,6861.89,110.615,7040.36,7056.52,125.226,213.312275549252,140.26944535429,132.891596423551
5110.46,1907.43,54.9159,5160.79,1979.39,59.7258,5245.05,1874.7,101.075,134.386545829559,138.51253011912,87.8142955332445
5955.14,-6822.67,53.1077,5992.59,-6873.95,91.2337,6014.61,-7033.18,78.8026,160.745367895937,218.749036569307,63.4991409390707
-213.96,-4455.72,73.5873,-240.352,-4494.94,133.325,-312.378,-4430.22,80.754,96.8319321091958,101.667854919832,47.2731008502716
1295.69,-4219.17,57.7682,1404.88,-4247.03,80.6476,1178.9,-4203.1,58.1219,230.210350114846,117.890410975617,112.688223430845
1804.38,-5207.09,61.6618,1686.57,-5216.29,77.8797,1707.12,-5289.56,76.9259,76.097275903938,127.517875217556,118.168676475621
6531.45,-6126.16,53.3324,6529.68,-6257.82,83.9489,6471.76,-6269.87,88.0506,59.1601969232694,155.613174892102,131.671897153493
-6066.55,2722.61,58.4659,-6182.91,2860.95,83.7841,-6214.51,2581.84,69.6814,280.893132881528,204.226233623401,180.76948083125
2587.31,-6983.73,62.0403,2430.44,-7030.56,126.207,2392.47,-6737.35,72.0877,295.658290937359,314.111015406973,163.710860360576
-4265.74,-5274.58,62.5665,-3927.11,-5252.36,99.924,-3825.66,-5178.93,71.1995,125.236046727769,450.354670121228,339.35822562596
-5666.02,-5646.84,59.9346,-5701.24,-5682.31,134.802,-5717.14,-5407.77,142.804,275.000039272724,244.474373503645,49.9856909525113
992.277,5899.19,52.8981,1140.06,5917.32,66.6488,1272,5819.81,110.711,164.062072704205,290.768191398234,148.890939915765
4420.64,2432.59,161.496,4381.26,2593.93,105.697,4401.85,2225.97,52.6427,368.535628806768,207.47262108529,166.076428188951
-2876.34,-4553.86,58.6228,-2855.92,-4495.02,148.114,-2828.91,-4497.29,71.2497,27.105220899303,73.8225561735706,62.2825978905819
1845.91,-4011.25,69.4961,1687.14,-3921.74,70.7346,1957.47,-4173.84,62.146,369.63863285647,197.183015749329,182.263416515767
6846.77,-2344.89,58.4945,6883.39,-2264.87,100.483,6660.38,-2369.36,60.5063,246.275496548073,187.989395977539,88.0012772634579
4871.57,592.122,70.599,4764.98,532.499,66.2797,4818,411.42,108,132.178835828585,188.47535038832,122.132429063701
-5805.39,1868.83,138.092,-5808.5,1733.38,84.3448,-5884,1757.38,83.2868,79.2227871259274,136.384143506494,135.485698876302
-4010.43,-3102.77,79.4995,-3982.89,-3185.83,69.9798,-4222.95,-3294.61,80.0527,263.556240677393,286.299381766709,87.5066580324034
-4130.73,-3824.24,60.6312,-4358.08,-3634.56,78.9081,-3842.64,-3725.98,86.7041,523.48448878644,304.386063577161,296.085333814426
-6222.17,4867.93,64.3353,-6256.76,4812.45,147.713,-6154.7,5024.7,199.661,235.51285761079,170.672299451317,65.3796489742799
98.9025,5075.66,55.4914,-141.092,5039.5,112.44,297.286,4915.72,76.4151,455.51812179539,254.827032852188,242.703328428454
-44.0974,-7432.19,56.9878,178.351,-7451.78,71.66,263.063,-7493.67,110.633,94.5034128695891,313.252776090109,223.309334248616
-1497.63,5920.64,57.2795,-1668.01,6060.12,214.12,-1201.38,5938.87,137.965,482.125626159821,296.810369428024,220.190859937464
-753.253,-6793.6,54.7316,-926.401,-6813.92,72.6895,-616.115,-6965.26,68.8974,345.226298818615,219.713419353484,174.336262160229
-5912.66,-5966.23,102.17,-5850.83,-6088.5,165.536,-6068.31,-6111.59,55.8772,218.702305657714,212.970542798764,137.014239405983
5163.57,-2177.93,111.324,5149.51,-2108.3,153.176,5092.64,-2241.76,64.6049,145.071597840515,95.4218727546256,71.0353468352196
-5051.17,767.972,80.4465,-5223.19,910.217,85.2214,-4724.26,884.889,71.1818,499.572469701844,347.188324960676,223.214068609037
6918.96,-6086.03,86.3621,6798.81,-6147.99,54.4944,6840.61,-6313.36,89.3735,170.571031831316,240.453012873617,135.185295428164
1605.16,4195.12,80.4114,1582.55,4414.89,150.025,1472.04,4012.38,69.8797,417.404791778916,226.085917296943,220.930000226316
-5449.56,-2687.56,145.383,-5433.2,-2561.36,73.454,-5340.51,-2768.55,64.8542,226.978263717035,135.835498305856,127.256000251462
-2196.78,4327,55.2859,-2045.12,4627.56,211.002,-1916.76,4124.52,69.5919,519.158483702231,345.556581184616,336.655713155147
-6403.85,627.796,56.3015,-6396.45,644.044,82.0423,-6426.11,686.771,98.1316,52.0126150948017,63.0361660080938,17.8537812241555
-595.372,-6980.34,58.532,-616.115,-6965.26,68.8974,-508.16,-7022.06,123.463,121.985745171311,96.6772534984316,25.6452422293103
7326.24,-4098.14,58.2183,7401.85,-4141.86,107.167,7387.38,-4164.84,76.2,27.1562386938992,90.4819849472812,87.3401997936805
-1343.04,-6695.49,63.0091,-1310.78,-6808.55,232.542,-1226.69,-6593.74,56.5384,230.682604892524,154.56514807679,117.572408327805
-6071.95,1156.3,71.5426,-6153.33,1046.92,187.766,-5941.24,1212.69,66.7314,269.187408695132,142.354965491197,136.333007008574
-6068.31,-6111.59,55.8772,-5912.66,-5966.23,102.17,-5850.83,-6088.5,165.536,137.014239405983,218.702305657714,212.970542798764
5407.22,-5410.72,104.556,5375.46,-5467.17,153.403,5333.96,-5301.34,64.1814,170.943964210498,131.647301529504,64.7711363185794
-6089.36,-4675.45,65.5094,-6185.82,-4548.92,103.556,-5973.64,-4423.73,76.8218,246.359267128314,277.045261284145,159.104910357914
-3776.51,5083.22,79.9977,-3703.91,5108.99,73.0037,-3652.45,5118.1,70.3162,52.2601540372779,128.87008186542,77.037996469275
6289.62,-2550.86,54.2626,6536.85,-2584.86,94.3426,6661.97,-2646.27,98.2032,139.377912525622,384.37948774616,249.5569532191
935.676,-5697.76,64.1019,895.401,-5681.61,63.8571,855.095,-5626.71,153.02,68.1071482004639,107.430908313204,43.3923740419907
-4814.94,2164.34,51.4745,-4792.52,2163.28,113.471,-4861.33,2015.76,87.3175,162.778888373155,155.653617047597,22.4450439963918
6798.81,-6147.99,54.4944,6918.96,-6086.03,86.3621,6840.61,-6313.36,89.3735,240.453012873617,170.571031831316,135.185295428164
-2962.68,-5360.12,56.7647,-2818.17,-5537.16,54.4851,-2736.76,-5468.6,81.0461,106.433367418305,250.614757745828,228.53074563393
-240.352,-4494.94,133.325,-213.96,-4455.72,73.5873,-312.378,-4430.22,80.754,101.667854919832,96.8319321091958,47.2731008502716
1159.58,-7386.3,62.2666,1072.08,-7199.37,71.9975,1439.89,-6985.23,65.7925,425.605610512832,489.316708277983,206.395433331264
5399.97,2365.65,55.8068,5480.08,2427.5,60.4869,5467.97,2539.55,78.2014,112.702504852377,186.722280405955,101.207878151851
-6996.17,3699.33,178.495,-6992.87,3688.85,93.5165,-6791.4,3607.44,67.9057,217.296454181839,224.442698700582,10.9872835587329
-1944.71,-5593.8,80.2426,-2024.95,-5621.77,108.34,-2065.39,-5550.21,69.2324,82.1962724215645,128.311147216444,84.9751640186709
-5577.26,-2507.72,89.2132,-5433.2,-2561.36,73.454,-5449.06,-2385.75,107.841,176.324733659235,176.951747377639,153.72225993655
3901.68,-2725.87,71.2587,4104.06,-2818.26,149.291,4206.58,-2903.28,225.938,133.186901758393,352.758158091348,222.471518401795
180.508,6133.08,53.9776,-17.6907,6246.02,108.23,140.21,6426.89,83.5792,240.09703863332,296.560693457512,228.118759162174
-6236.59,5545.19,52.6336,-6330.25,5545.56,67.1996,-6492.72,5410.62,81.7946,211.199679213772,289.329676666601,93.6607308320834
4899.57,-4388.12,63.5151,4914.18,-4242.18,109.639,4809.97,-4256.68,150.706,105.213944418029,159.074302135825,146.669477738212
6959.26,5555.3,73.6296,6965.87,5824.53,61.4947,7033.62,5252.05,77.7753,576.474988963094,312.233842015884,269.311130479228
6687.91,6350.88,59.6528,6660.68,6372.64,83.1837,6733.81,6664.78,161.538,301.154074353975,317.238112464439,34.8564269540064
-1505.53,-4828.22,54.4981,-1643.4,-5018.48,161.215,-1349.95,-4572.72,87.5101,533.680503766064,299.141081097197,234.961708582483
6783.95,3454.27,60.5382,6861.22,3270.94,131.976,6557.75,3529.88,59.132,398.928520539708,238.502226614344,198.948590846982
-1376.8,-4055.68,50.952,-1403.13,-3937.14,72.892,-1294.49,-3923.53,74.0502,109.489185310696,155.687374568396,121.428993654728
4722.28,4198.38,51.4702,4594.08,4330.93,114.201,5054,4112.34,74.3757,509.222932024865,342.696717229681,184.40374860615
-4205.78,-4727.21,55.55,-4106.04,-4848.89,91.5459,-3923.34,-4523.42,82.8997,373.242563087331,348.285396908914,157.334325561843
-7378.51,-6351.48,54.776,-7420.3,-6386.92,119.47,-7344.86,-6264.7,76.8407,143.627720165712,93.0757266960618,54.7941392851465
496.097,7069.93,77.4481,500.115,7197.98,110.395,754.592,7102.33,94.4306,271.859276150364,260.517609817455,128.113023631479
-4203.18,878.477,63.4884,-4273.78,931.239,79.7993,-4174.64,1042.82,131.071,149.261713647539,166.80273753449,88.1373283234744
-3883.66,-1189.76,59.3035,-3853.67,-1283.12,64.2392,-3748.29,-1208.65,67.1445,129.037689455446,136.681633733285,98.0586033961323
-2818.17,-5537.16,54.4851,-2736.76,-5468.6,81.0461,-2962.68,-5360.12,56.7647,250.614757745828,228.53074563393,106.433367418305
2456.38,-4176.2,53.58,2753.59,-4428.97,169.253,2854.41,-4143.97,76.8657,302.307248341815,399.332760739712,390.162090675145
1707.12,-5289.56,76.9259,1686.57,-5216.29,77.8797,1804.38,-5207.09,61.6618,118.168676475621,127.517875217556,76.097275903938
6212.65,3129.06,68.7748,6090.89,3110.28,188.942,6130.61,3002.18,79.2623,115.166350988472,151.093004470756,123.19978084396
6179.04,-940.876,71.7367,6435.69,-809.792,82.5298,6013.21,-1200.53,128.571,575.469838518058,308.090552623737,288.187851159621
7339.58,-1821.6,56.268,7332.17,-2010.4,113.874,7092.1,-1744.81,80.0771,358.010688387931,259.119768639909,188.94535744495
6446.85,6950.93,70.6309,6447.96,6787.79,87.3871,6341.77,7076.73,100.124,307.835410081426,163.912923224497,163.143776160784
-5655.94,6302.78,52.1943,-5662.33,6267.13,90.8752,-5418.67,6335.5,149.342,253.070449677555,239.515451067358,36.218152907071
-5236.46,4715.69,118.516,-5162.49,4536.61,67.3338,-5393.4,4861.37,85.4141,398.482729487741,214.132729866314,193.755534888684
6013.21,-1200.53,128.571,5993.28,-1229.63,87.4149,5941.74,-1225.72,75.3021,51.6881001778939,75.7792649740022,35.2705954018361
321.679,-5961.64,63.7188,412.994,-5890.26,59.1983,338.303,-6092.82,139.746,215.891868955271,132.229156300718,115.903121722411
-4954.07,-5045.36,63.3358,-4849.17,-4841.12,59.5212,-4928.7,-4753.33,89.1452,118.457186358616,293.129933306034,229.603979930662
-3344.73,6577.1,55.0074,-3486.87,6585.47,98.9011,-3152.51,6731.9,68.2044,365.018293377194,246.8026912333,142.386222999277
5339.91,6417.51,91.8943,5372.6,6644.66,94.4405,5260.32,6699,93.504,124.738261972821,292.525534270087,229.4902146062
4231.9,5326.13,56.6281,4242.1,5477.87,66.046,4211.07,5602.89,71.0832,128.813280759401,277.542765173225,152.082436855805
5681.88,-5155.08,57.8657,5643.63,-4994.46,102.133,5563.71,-5309.98,98.0226,325.48437258953,194.828537180773,165.111619518434
-2723.84,6573.71,51.4383,-2548.01,6419.46,83.7076,-3074.91,6700.01,164.254,596.935434113271,373.097621139562,233.900088499342
-583.638,5857.9,52.2337,-359.325,5816.16,85.4326,-816.041,5967.64,103.449,481.181561425623,257.00977025981,228.163427325678
-4907.55,5956.26,53.2042,-4849.87,6129.76,75.1117,-4869.16,5688.27,52.5514,441.911217553933,270.725750899319,182.836627621492
5977.46,-1342.9,55.671,5993.28,-1229.63,87.4149,5941.74,-1225.72,75.3021,51.6881001778939,122.503350158271,114.369424672856
-4485.61,5973.48,55.8757,-4366.36,5825.02,76.185,-4560.72,5790.84,64.627,197.342549897381,197.481345194932,190.423039834994
3062.97,4341.5,60.7668,3211.8,4289.09,211.26,3097.07,4040.2,82.9009,274.060586367322,303.223514919276,157.788393109253
4589.67,-4510.72,50.5218,4397.68,-4482.42,67.3647,4899.57,-4388.12,63.5151,510.672166952537,333.269815614916,194.064551374021
-7404.93,-7033.79,63.0538,-7396.21,-7180.76,62.0865,-7471.64,-7223.78,67.5387,86.8355071384972,201.36142679272,147.228459545022
2880.37,-5333.88,51.4555,2972.47,-5682.67,116.312,2786.32,-4923.41,76.8647,781.746487104356,421.106902579381,360.744887836266
-4209.8,219.243,63.7668,-4350.3,192.133,84.1303,-4081.93,128.309,123.936,275.854961666453,156.906753379197,143.091586405351
-1049.53,-7074.08,81.0861,-1077.3,-6959.66,118.765,-1140.98,-6942.82,70.1272,65.8690215503465,159.975904748184,117.741705864999
-1960.54,-7567.96,58.6138,-1906.56,-7589.97,66.0359,-1732.37,-7577.64,60.663,174.625842875561,228.375242309669,58.2947724929089
-6289.43,1581.72,57.9171,-6115.33,1642.49,61.9508,-6473.76,1519.22,113.692,379.035035056128,194.637609161231,184.401200917999
2758.96,4428.66,59.6405,2543.53,4539.47,81.5981,3062.97,4341.5,60.7668,555.88671013076,316.257720380072,242.258005027698
833.118,-5895.04,72.3759,769.401,-5942.73,147.907,895.401,-5681.61,63.8571,289.930430275954,222.332042200399,79.5876384182869
-6744.63,-2262.29,56.6928,-6723.08,-2271.03,87.0611,-6672.43,-2306.42,53.3114,61.7889520869221,84.6185375671311,23.254894108553
1824.9,5393.58,83.7703,1869.65,5245.58,56.9229,1842.87,5649.91,121.273,405.215889742739,256.95912087334,154.617471522464
-5704.59,5472.91,51.146,-5627.94,5423.78,81.5429,-5749.57,5567.11,82.997,187.982301826528,104.387932252727,91.0438323007116
6397.56,3742.13,87.8898,6416.33,3821.07,135.817,6387.03,3515.3,166.29,307.170608782807,227.074282559694,81.1408435992626
6974.56,7321.36,78.0321,7040.36,7056.52,125.226,6916.98,6989.79,56.6191,140.26944535429,336.532496647798,272.891673746195
5897.65,1139.15,88.3072,5650.4,1442.98,93.379,5490.74,1056.03,69.647,418.594813751915,415.312752633482,391.72085903102
-4694.33,-4896.25,100.234,-4604.38,-4932.84,112.6,-4849.17,-4841.12,59.5212,261.4090711892,164.361621128535,97.1073148635054
-1088.59,4690.53,51.1757,-1246.33,4490.57,82.7793,-1327.53,4810.77,85.048,330.335405308,267.488282360181,254.687866220596
6517.14,-3032.58,101.438,6433.63,-2991.96,77.0235,6251.01,-3064.47,67.5666,196.488586182506,268.033857935896,92.8649799440027
-1488.77,4340.62,61.5389,-1654.84,4518.18,75.1537,-1334.74,4147.46,115.085,489.793148584175,247.054703456542,243.118897866867
-7372.65,-2362.63,68.9027,-7327.24,-2065.41,66.0547,-7115.13,-2130.44,56.4752,221.854801615831,346.740171454073,300.668915087676
2155.63,4166.89,51.6335,2347.6,4350.67,60.7702,1877.79,4167.61,63.2383,504.214636538846,277.840932909462,265.758479262657
3117.06,-1838.35,173.54,3202.31,-1632.23,55.21,3289.5,-2135.41,78.38,510.678184867926,343.482455447145,223.053843051403
-1877.05,-2400.8,231.72,-1936.94,-2510.83,61.12,-1968.42,-2248.94,83.09,263.775212065122,177.228486705721,125.273353112304
3001.63,-2310.63,166.14,3289.5,-2135.41,78.38,2620.6,-2301.19,72.91,689.137300107896,381.146919835383,337.00324226927
-2594.99,-3481.28,104.97,-2613.15,-3312.37,84.24,-2631.36,-3278.29,68.13,38.6400116459609,206.222493923432,169.883412080168
-2135.4,2437.12,122.84,-2071.6,2306,59.99,-2203.32,2273.52,71.29,135.66542964219,177.138607875302,145.818018091044
2536.73,3091.01,138.32,2426.34,2994.39,73.38,2374.42,3014.3,107.42,55.6066048235281,179.524260756033,146.701658136505
2551.6,-2583.91,155.88,2620.6,-2301.19,72.91,2249.81,-2613.87,184.5,485.029902686422,303.273483344654,291.018209739528
-1050.14,2674.94,88.58,-873.12,2615.43,70.48,-716.4,2562.7,153.33,165.352989994133,352.108229384092,186.755242228967
-814.66,-3375.12,88.38,-679.17,-3337.14,73.13,-971.13,-3370.55,105.8,293.86539384555,156.536723486855,140.712545638262
661.29,-3079.61,151.98,713.76,-3126.78,63.29,560.66,-2972.43,86.26,217.401776671673,147.016833389922,70.5557212421502
-2930.17,-1259.37,104,-3142.41,-1211.56,65.34,-2756.95,-1552.57,74.89,514.652534920406,340.545750817713,217.558299542904
2249.81,-2613.87,184.5,2320.02,-2880.59,122.38,2015.42,-2443.17,85.47,533.026656369079,289.960621636801,275.806095835462
3671.96,-3174.24,97.56,3454.53,-3193.65,79.73,3381.57,-3246.37,86.58,90.0142210986685,299.214118985051,218.294647208767
-2499.23,-1276.68,154.06,-2475.74,-909.01,70.25,-2756.95,-1552.57,74.89,702.31655092273,377.537932531289,368.419609955822
3251.62,894.11,115.06,3146.42,1017.31,74.05,3413.91,1227.27,64.43,340.050145860871,370.585522787925,162.003950569114
-2850.13,-3309.58,93.23,-2631.36,-3278.29,68.13,-2613.15,-3312.37,84.24,38.6400116459609,236.996422968787,220.996328023793
-2426.7,222.88,89.48,-2325.54,224.25,87.79,-2375.41,336.6,67.97,122.920866414128,124.751362718008,101.169276462768
2030.17,2631.29,189.51,2036.96,2559.51,77.91,2169.08,2876.24,64.17,343.181566084194,281.596325615232,72.1004334244945
3579.76,1801.82,89.72,3548.73,1728.83,89.04,3471.71,1639.25,66.09,118.138295230632,195.201965666332,79.3120482650651
-3039.9,-128.98,170.59,-3091.68,-21.85,59.51,-3107.61,64.26,60.22,87.5710968299473,204.75922860765,118.987416561584
-133.14,-2730.27,92.59,-156.35,-2803.13,61.36,-121.76,-2851.85,87.1,59.7503681997022,122.111427802643,76.4675336335625
-705.87,2972.9,112.23,-709.34,2908.85,74.63,-704.28,2897.47,93.18,12.4542362270837,75.4467560601517,64.1439272261998
471.73,-2933.19,96.35,560.66,-2972.43,86.26,661.29,-3079.61,151.98,147.016833389922,239.524132395882,97.2024819641966
-2613.15,-3312.37,84.24,-2631.36,-3278.29,68.13,-2594.99,-3481.28,104.97,206.222493923432,169.883412080168,38.6400116459609
1786.14,-36.64,178.7,1764.16,119.469,105.667,1590.41,158.784,63.108,178.142447847221,276.587730523246,157.648787756202
-193.98,3069.01,168.67,-178.7,3181.77,73.25,-375.69,3012.37,88.36,259.810354104682,190.332902305408,113.790579574936
-3403.75,-473.01,112.54,-3267.51,-447.47,79.71,-3266.11,-586.64,80.68,139.177041569362,178.484023094505,138.61323602023
-3024.88,3285.21,116.71,-3099.91,3361.46,87.8,-3111.99,3371.03,108.75,15.4114016234735,122.283377856518,106.974592310511
-1254.17,-2860.53,100.17,-1281.98,-2884.63,108.8,-1223.86,-2638.32,75.31,253.074199593716,224.267653039844,36.7995393992913
-375.69,3012.37,88.36,-412.67,3059.1,67.28,-193.98,3069.01,168.67,218.914422092287,190.332902305408,59.5920573566646
-1721.14,2981.33,87.47,-1423.82,2912.54,62.32,-2152.5,3050.25,72.08,741.578442580419,436.831106950959,305.174124886105
-985.73,-3546.23,86.94,-971.13,-3370.55,105.8,-1181.31,-3409.65,84.66,213.785973347177,238.549015508344,176.285627321118
3430.88,-3646.57,103.79,3570.97,-3879.14,68.5534,3381.57,-3246.37,86.58,660.50755703474,403.226383189394,271.50324675775
-3136.46,-507.43,108.95,-3155,-596.19,87.6,-3019.18,-563.5,77.02,139.698634567415,129.994012554425,90.6756262729958
3569.29,-87.88,90.68,3385.27,-149.87,55.11,3313.02,-390.45,52.4,251.194742978431,396.513452230816,194.1806388392
3288.88,-3176.18,81.92,3381.57,-3246.37,86.58,3454.53,-3193.65,79.73,90.0142210986685,166.568674726072,116.267244742447
2281.77,-720.19,123.01,2276.04,-774.01,71.83,2178.58,-574.68,75.55,221.880374301109,178.385358704127,54.1241655824826
-1601.5,2202.03,79.46,-1474.77,2105.3,177.33,-1783.17,2008.5,75,323.234899105898,265.438975661074,159.42768203797
3621.64,-2339.97,87.38,3408.9,-2207.12,54.25,3289.5,-2135.41,78.38,139.27915888603,390.079188370772,250.813536516672
1433.37,-2230.38,149.45,1394.75,-2304.09,94.77,1434.84,-2377.83,76.95,83.9332812417098,147.457327386603,83.2145930711675
3323.55,-491.29,168.85,3368.94,-540.23,143.74,3261.53,-525.99,61.65,108.349830179839,71.0673652248344,66.7486007343973
-2260.85,-2189.19,129.99,-2289.42,-2221.1,60.36,-2230.06,-2001.5,104.01,227.481360994698,190.198738691927,42.8309817772136
-1999.89,-3240.16,103.53,-2205.51,-3208.89,52.78,-1882.49,-2870.56,104.99,467.770359578287,387.797524489262,207.984127519386
2785.45,-950.06,127.57,2665.52,-1065.97,86.6,2985.06,-1135.14,77.24,326.940821097641,272.210871384668,166.788287958118
2492.58,734.89,100.21,2670.88,867.08,87.21,2160.01,650.85,78.09,554.746401340288,343.024090261894,221.957397038261
2284.51,251.36,98.92,2271.19,235.71,68.72,2151.64,268.93,59.28,124.079695760427,134.026645858203,20.5510316042773
3033.42,3432.02,101.74,3135.24,3395.01,136.36,3233.03,3364.02,55.32,102.582962523024,210.874730823776,108.337678118003
-1882.49,-2870.56,104.99,-1758.95,-2781.3,152.72,-1586.72,-2863.77,61.74,190.956732795678,295.847928841829,152.412201611288
3289.5,-2135.41,78.38,3408.9,-2207.12,54.25,3001.63,-2310.63,166.14,420.218006515666,337.00324226927,139.27915888603
-1281.98,-2884.63,108.8,-1254.17,-2860.53,100.17,-1223.86,-2638.32,75.31,224.267653039844,253.074199593716,36.7995393992913
3390.65,-1027.62,84.51,3129.39,-1026.59,85.17,3327.77,-1281.74,94.17,323.196761895908,261.784011734865,261.262030345016
2795.7,1567.02,111.24,3057.32,1580.1,68.54,3057.33,1422.19,157.96,157.910000316636,299.041779355327,261.946770928752
-2814.44,-1709.16,80.48,-2756.95,-1552.57,74.89,-2702.66,-1837.35,92.35,289.90869683402,170.080699963282,166.809856423414
-72.06,2150.78,101.63,-51.91,2154.57,72.59,58.47,2069.48,91.74,139.370199468897,153.778317392277,20.5033314366227
2143.06,1180.25,123.16,2166.93,1235.4,64.93,2334.53,1315.75,69.82,185.865226710109,234.565579103158,60.0940878955659
-2277.76,-663.56,81.53,-2279.33,-706.28,60.33,-2042.65,-669.38,56.28,239.539208481618,235.182024185523,42.7488397503371
-1092.32,3103.42,91.82,-1258.29,3088.14,273.33,-1095.13,3279.03,84.67,251.117856195055,175.63248048126,166.671891151448
2620.99,-3035.08,105.22,2403.57,-2914.99,70.03,2912.91,-3123.16,88.64,550.238116182439,304.918633081024,248.380885939317
3608.65,1280.53,103.33,3744.65,1232.53,83.9149,3413.91,1227.27,64.43,330.781824168137,201.891790818746,144.22205101856
1668.91,-3585.58,83.52,1663.77,-3616.98,55.86,1522.14,-3596.05,86.39,143.168159169558,147.14297061022,31.8179131936714
-3111.99,3371.03,108.75,-3099.91,3361.46,87.8,-3024.88,3285.21,116.71,106.974592310511,122.283377856518,15.4114016234735
-1968.42,-2248.94,83.09,-1877.05,-2400.8,231.72,-2139.96,-2388.3,85.44,263.206987179292,221.013984172948,177.228486705721
-3359.6,1663.69,92.63,-3431.84,1872.02,71.52,-3216.61,1884.45,69.64,215.588630961839,263.023036443578,220.499447845114
-2877.61,1323.77,94.91,-2791.11,1249.57,178.94,-2717.4,1232.43,136.03,75.6765729932322,184.418653340707,113.964424273543
2943,69.47,128.73,2958.8,156.63,108.7,2962.1,-26.27,71.79,182.929767943875,97.626623418,88.5805034982304
-2172.7,-1577.08,85.62,-2158.44,-1719.56,72.94,-2114.65,-1834.25,71.66,122.765468271823,263.640306857658,143.191822392202
3691.36,955.32,85.11,3775.95,1003.16,65.8124,3880.73,905.118,72.1927,143.495930827324,195.911300603104,97.1809328006268
-1305.41,-2241.87,97.79,-1159.68,-2136.33,91.41,-1184.99,-2009.84,81.35,128.997349585176,261.417094506079,179.933111183017
1715.85,2296.51,80.75,1726.91,2333.97,54.41,1857.32,2163.67,112.22,214.496755453317,194.062429388071,39.0586123665444
2178.58,-574.68,75.55,2060.31,-521.12,79.84,2281.77,-720.19,123.01,297.780785981903,178.385358704127,129.832455495535
2123.86,-1927.5,95.69,2305.31,-1768.91,59,2109.33,-1677.29,82.36,216.338588328574,250.631532333823,240.987324562932
254.49,2192.44,75.79,303.98,2195.46,56.53,58.47,2069.48,91.74,275.945865161992,231.393608381908,49.5820582469103
-2860.03,1101.56,100,-2840.04,1069.43,87.4,-2995.24,1082.57,62.27,155.755255449054,136.537043325245,37.8409434343279
-534.67,-2299.67,83.42,-395.25,-2442.03,82.14,-448.5,-2043.89,67.98,401.685227634774,269.904941229315,199.259393755978
3439.34,-617.58,135.35,3368.94,-540.23,143.74,3323.55,-491.29,168.85,66.7486007343973,171.337352028097,104.590546895979
2474.96,-19.51,125.77,2390.73,-139.64,54.1,2429.11,-232.65,77.31,100.617515870747,218.015784061613,146.717108068555
-2230.06,-2001.5,104.01,-2260.85,-2189.19,129.99,-2114.65,-1834.25,71.66,383.870868391963,203.20440595617,190.198738691927
2646.56,397.16,111.66,2823.04,343.72,75.39,2918.31,327.27,80.69,96.679756929773,280.593432923866,184.393665834811
843.37,-2651.71,150.7,627.92,-2570.07,77.14,677.4,-2407.83,65.64,169.61747551476,294.997449649993,230.399201604519
1751.5,-1590.91,129.89,1746.46,-1630.51,70.55,1767.95,-1400.31,102.871,231.200908518976,191.308553128186,39.9194388738117
-1095.13,3279.03,84.67,-1092.32,3103.42,91.82,-1258.29,3088.14,273.33,166.671891151448,251.117856195055,175.63248048126
243.19,2562.24,88.44,52.83,2683.15,84.85,200.16,2805.35,67.81,191.413084453493,246.888746199579,225.513098732646
81.92,3265.32,82.34,-6.16,3127.73,81.58,-178.7,3181.77,73.25,180.80479307806,273.684831329762,163.367972687427
3057.33,1422.19,157.96,3138.09,1308.18,83.64,3057.32,1580.1,68.54,283.662262735105,157.910000316636,139.715631552092
3548.73,1728.83,89.04,3579.76,1801.82,89.72,3471.71,1639.25,66.09,195.201965666332,118.138295230632,79.3120482650651
1307.93,3691.85,114.16,1355.29,3764.99,134.109,1107.41,3620.5,112.03,286.91785322632,212.835835563469,87.1345465358027
-395.25,-2442.03,82.14,-513.1,-2590.41,61.3,-534.67,-2299.67,83.42,291.539041124855,199.259393755978,189.48679874862
-2732.88,2439.86,77.94,-2828.12,2145.29,68.28,-2402.34,2597.8,107.72,621.332365566128,366.335550008459,309.583821444209
-3099.91,3361.46,87.8,-3111.99,3371.03,108.75,-3024.88,3285.21,116.71,122.283377856518,106.974592310511,15.4114016234735
-2449.33,3374.73,162.5,-2251.89,3178.27,98.48,-2577.32,3075.29,74.03,341.33497520764,325.646670027501,278.530223135659
77.97,-2078,76.49,17.53,-1975.88,84.72,82.27,-1913.1,88.71,90.1809070701777,164.956054753986,118.665445686602
2036.96,2559.51,77.91,2030.17,2631.29,189.51,1743.96,2639.68,76.74,286.332946410294,303.770026335713,72.1004334244945
2160.01,650.85,78.09,1895.55,770.89,68.47,2492.58,734.89,100.21,598.114387805543,343.024090261894,290.428464858388
-1623.58,-2671.75,73.15,-1758.95,-2781.3,152.72,-1586.72,-2863.77,61.74,190.956732795678,195.525803923676,174.144306252028
-1612.84,-3419,82.39,-1253.65,-3568.03,73.57,-1999.89,-3240.16,103.53,815.090715503496,426.370083495548,388.879669049437
2998.2,2076.48,79.62,2750.8,1945.24,80,2729.41,2182.89,80,238.610675787987,289.086755490458,280.05481177798
1107.41,3620.5,112.03,1307.93,3691.85,114.16,1355.29,3764.99,134.109,87.1345465358027,286.91785322632,212.835835563469
456.37,2785.65,111.51,200.16,2805.35,67.81,243.19,2562.24,88.44,246.888746199579,308.800486560498,256.966250896883
-825.75,3392.7,82.96,-843.78,3365.94,56.62,-756.93,3502.49,67.25,161.829617190426,129.57637323216,32.267297686667
-1184.99,-2009.84,81.35,-1159.68,-2136.33,91.41,-1305.41,-2241.87,97.79,179.933111183017,261.417094506079,128.997349585176
-3070.34,625,111.02,-2892.78,497.09,68.97,-2965.8,851.67,71.51,362.020575105891,249.615505327694,218.834461865585
1909.26,997.24,81.6,1782.1,965.273,62.1827,1895.55,770.89,68.47,225.06810788959,226.764826637642,131.116569086443
958.3,3292.77,88.89,693.67,3294.35,75.36,823.59,3003.3,73.17,318.730778087087,319.279916374331,264.634716732329
-1676.66,-2282.52,85.5,-1877.05,-2400.8,231.72,-1968.42,-2248.94,83.09,177.228486705721,293.686080705232,232.693597892164
2320.02,-2880.59,122.38,2403.57,-2914.99,70.03,2279.82,-2975.84,73.61,137.901359674225,103.385697753606,90.3546484692404
1322.08,-3589.96,162.78,1360.68,-3629.09,70.36,1417.73,-3642.02,56.11,58.496900772605,108.899798438748,54.9646877549579
-679.17,-3337.14,73.13,-814.66,-3375.12,88.38,-971.13,-3370.55,105.8,156.536723486855,293.86539384555,140.712545638262
-2349.29,1107.25,72.74,-2670.55,1152.49,114.78,-2717.4,1232.43,136.03,92.6570348111788,388.812299831165,324.429723052621
1954.16,-1387.23,175.95,1767.95,-1400.31,102.871,2167.76,-1363.14,64.93,401.534114366389,214.954153483947,186.668825731561
3603.93,3132.56,113.12,3327.41,3057.89,55.79,3832.51,3394,59.6332,606.709108304796,347.2746607514,286.424369249546
-1958.99,3740.18,71.88,-1915.84,3915.55,51.6719,-1774.4,3944.27,64.0441,144.326407840007,275.183931580316,180.600552047883
1522.14,-3596.05,86.39,1417.73,-3642.02,56.11,1663.77,-3616.98,55.86,247.310903924594,143.168159169558,114.081939850267
-1853.21,1139.06,82.65,-1764.93,1086.01,73.1727,-1920.08,1011.58,71.63,172.079479892287,143.953976325769,102.993499309422
-51.91,2154.57,72.59,-72.06,2150.78,101.63,58.47,2069.48,91.74,153.778317392277,139.370199468897,20.5033314366227
-3267.51,-447.47,79.71,-3403.75,-473.01,112.54,-3266.11,-586.64,80.68,178.484023094505,139.177041569362,138.61323602023
1931.17,3538.79,90.65,2097.59,3692.66,283.547,1883.91,3793.3,57.5458,236.193886457715,258.860672370293,226.653024025712
635.33,2026.29,126.2,530.306,1690.35,71.7817,303.98,2195.46,56.53,553.497579376821,372.036707059935,351.974039065383
1393.77,1836.13,74.26,1360.5,1826.89,69.3707,1449.12,1910.22,56.87,121.644536663181,92.4821636857615,34.5292701921138
212.89,-1866.57,107.01,313.13,-1868.88,62.6,211.03,-1739.44,158.95,164.860921991841,127.143605816415,100.266613087308
-749.82,2287.95,114.2,-771.97,2160.24,72.37,-770.19,2435.48,62.22,275.245755643934,148.92964043467,129.616613904237
3523.37,2401.13,73.69,3732.23,2464.9,64.03,3430.45,2652.2,52.06,355.179473506001,267.713039092234,218.378370036961
2426.34,2994.39,73.38,2374.42,3014.3,107.42,2303.78,2995.05,113.47,73.2159279118962,122.561777075889,55.6066048235281
-3135.01,-2575.95,76.26,-3100.06,-2737.24,81.97,-2810.48,-2704.76,75.24,291.395824952932,349.158612954056,165.033228775298
-1181.31,-3409.65,84.66,-1253.65,-3568.03,73.57,-971.13,-3370.55,105.8,344.696824470432,213.785973347177,174.118637715783
-2838.86,-873.58,86.73,-2545.33,-716.07,56.2,-3019.18,-563.5,77.02,497.806616468684,358.698911066092,333.120490213376
-1223.86,-2638.32,75.31,-1254.17,-2860.53,100.17,-1281.98,-2884.63,108.8,36.7995393992913,253.074199593716,224.267653039844
-3248.76,-3669.86,82.99,-3322.82,-3851.3,62.7937,-3580.46,-3602.6,85.07,358.092250125579,338.45058368985,195.972848119325
3163.86,2487.02,71.05,2990.11,2403.23,53.45,3430.45,2652.2,52.06,505.851140653058,313.615465977046,192.898487811595
58.47,2069.48,91.74,-51.91,2154.57,72.59,-72.06,2150.78,101.63,20.5033314366227,153.778317392277,139.370199468897
-3548.6,3467.65,71.89,-3511.54,3228,236.23,-3767.08,3325.24,190.642,273.416000263335,260.795165791086,242.498589892808
3246.16,3266.34,131.02,3233.03,3364.02,55.32,3135.24,3395.01,136.36,102.582962523024,169.880002648929,98.5585069895032
-3100.06,-2737.24,81.97,-3135.01,-2575.95,76.26,-2810.48,-2704.76,75.24,349.158612954056,291.395824952932,165.033228775298
3017.97,298.08,79.6,3017.95,204.95,103.46,2918.31,327.27,80.69,157.766637791391,103.846866587298,93.1300021475357
2823.04,343.72,75.39,2918.31,327.27,80.69,2646.56,397.16,111.66,280.593432923866,184.393665834811,96.679756929773
-2158.44,-1719.56,72.94,-2114.65,-1834.25,71.66,-2172.7,-1577.08,85.62,263.640306857658,143.191822392202,122.765468271823
-2325.54,224.25,87.79,-2426.7,222.88,89.48,-2375.41,336.6,67.97,124.751362718008,122.920866414128,101.169276462768
-178.7,3181.77,73.25,-193.98,3069.01,168.67,-6.16,3127.73,81.58,196.785138666516,180.80479307806,113.790579574936
2374.42,3014.3,107.42,2426.34,2994.39,73.38,2303.78,2995.05,113.47,122.561777075889,73.2159279118962,55.6066048235281
2060.31,-521.12,79.84,2178.58,-574.68,75.55,1933.05,-405.9,117.09,297.94574892084,171.670486688889,129.832455495535
596.64,3358.18,81.05,571.43,3454.1,147.98,693.67,3294.35,75.36,201.153374567766,116.142540871121,99.1775705489906
2271.19,235.71,68.72,2284.51,251.36,98.92,2151.64,268.93,59.28,134.026645858203,124.079695760427,20.5510316042773
1394.75,-2304.09,94.77,1433.37,-2230.38,149.45,1434.84,-2377.83,76.95,147.457327386603,83.9332812417098,83.2145930711675
-1474.77,2105.3,177.33,-1601.5,2202.03,79.46,-1434.58,1899.59,79.48,345.444988384548,209.599237116933,159.42768203797
2389.46,-2150.26,81.69,2251.19,-2164.17,55.76,2568.95,-2264.58,88.25,333.247034045316,212.804423121325,138.967913562808
2750.8,1945.24,80,2729.41,2182.89,80,2998.2,2076.48,79.62,289.086755490458,280.05481177798,238.610675787987
-2808.66,-2192.7,84.04,-2745.35,-2412.89,102.72,-2755.66,-2496.11,62.85,83.8562132462469,308.004266366556,229.1108731597
1062.25,2810.15,69.8,999.58,2906.42,90.5,1130.91,2907.28,57.76,131.332815777322,118.947183657286,114.871414198659
1966.66,-3613.03,92.32,1668.91,-3585.58,83.52,1663.77,-3616.98,55.86,31.8179131936714,302.91575495507,299.012650234066
3057.32,1580.1,68.54,3057.33,1422.19,157.96,3260.23,1595.99,76.33,267.160719418106,203.531226596805,157.910000316636
1274.54,3087.68,74.83,1272.16,3009.12,71,1319,3157.52,92.34,155.616662346935,82.7908038371414,78.5960431574007
2918.31,327.27,80.69,2823.04,343.72,75.39,3017.97,298.08,79.6,200.201684558347,103.846866587298,96.679756929773
1333.31,-3699.67,88.35,1360.68,-3629.09,70.36,1417.73,-3642.02,56.11,58.496900772605,102.226507814754,75.7010785920518
-2045.07,1773.41,103.91,-2099.13,1583.72,56.35,-2249,1803.56,73.78,266.06510951269,206.146713289346,197.242945881469
999.58,2906.42,90.5,1062.25,2810.15,69.8,1130.91,2907.28,57.76,118.947183657286,131.332815777322,114.871414198659
-709.34,2908.85,74.63,-704.28,2897.47,93.18,-705.87,2972.9,112.23,75.4467560601517,64.1439272261998,12.4542362270837
-1159.68,-2136.33,91.41,-1184.99,-2009.84,81.35,-1305.41,-2241.87,97.79,261.417094506079,179.933111183017,128.997349585176
2985.06,-1135.14,77.24,3129.39,-1026.59,85.17,2785.45,-950.06,127.57,352.351478640292,272.210871384668,180.594162142634
-3040.59,1726.93,83.2,-3216.61,1884.45,69.64,-3359.6,1663.69,92.63,263.023036443578,325.21789265045,236.210903219983
-483.36,-1888.71,71.77,-448.5,-2043.89,67.98,-663.18,-1850.49,64.13,288.948200202043,183.83688639661,159.047326290007
2894.57,730.36,87.65,2670.88,867.08,87.21,3146.42,1017.31,74.05,498.7056692078,381.796706376574,262.163259248889
3043.15,3002.56,73.16,3172.55,3089.76,75.6,3327.41,3057.89,55.79,158.105396808584,289.594814352743,156.039097664656
2032.54,1908.12,131.18,1857.32,1968.44,114.41,2203.52,2138.69,86.29,385.797229772325,287.048228177775,185.312036306334
3212.82,1815.27,70.52,3374.86,1902.12,57.06,3260.23,1595.99,76.33,326.887769425532,224.346665899005,183.847447901786
-2577.32,3075.29,74.03,-2449.33,3374.73,162.5,-2813.95,2838.26,62.33,648.650757572979,334.928317405381,325.646670027501
-3224.84,-1570.15,68.87,-3330.97,-1639.39,84.87,-3499.43,-1667.7,70.66,170.822210792391,291.402935125918,126.719195467774
-3618.73,-1703.65,72.53,-3499.43,-1667.7,70.66,-3663.05,-1499.27,80.83,234.819439782996,209.130214937966,124.598926560384
-2702.66,-1837.35,92.35,-2814.44,-1709.16,80.48,-2756.95,-1552.57,74.89,166.809856423414,289.90869683402,170.080699963282
3327.77,-1281.74,94.17,3124.62,-1399.92,69.28,3390.65,-1027.62,84.51,457.579775449047,261.784011734865,235.024328315177
2587.65,-544.32,89.07,2424.52,-452.41,76.56,2350.51,-419.13,69.42,81.1482501351691,268.156513439446,187.240073168112
1746.46,-1630.51,70.55,1751.5,-1590.91,129.89,1767.95,-1400.31,102.871,191.308553128186,231.200908518976,39.9194388738117
-3330.97,-1639.39,84.87,-3224.84,-1570.15,68.87,-3499.43,-1667.7,70.66,291.402935125918,170.822210792391,126.719195467774
2424.52,-452.41,76.56,2350.51,-419.13,69.42,2587.65,-544.32,89.07,268.156513439446,187.240073168112,81.1482501351691
-2869.13,-493.61,75.1,-2854.56,-467.22,58.04,-3019.18,-563.5,77.02,190.708108899438,165.528289425101,30.1449332392693
3471.71,1639.25,66.09,3548.73,1728.83,89.04,3542.87,1515.06,59.72,213.850303951152,143.132462076218,118.138295230632
2334.53,1315.75,69.82,2166.93,1235.4,64.93,2143.06,1180.25,123.16,60.0940878955659,234.565579103158,185.865226710109
-2977.44,951.77,68.02,-2965.8,851.67,71.51,-2995.24,1082.57,62.27,232.769249687324,132.005605941566,100.774498758366
-3101.3,94.18,75.82,-3107.61,64.26,60.22,-3091.68,-21.85,59.51,87.5710968299473,116.428112155098,30.5781376149693
-2965.8,851.67,71.51,-2977.44,951.77,68.02,-2995.24,1082.57,62.27,132.005605941566,232.769249687324,100.774498758366
1743.96,2639.68,76.74,2030.17,2631.29,189.51,2036.96,2559.51,77.91,72.1004334244945,303.770026335713,286.332946410294
-3155,-596.19,87.6,-3136.46,-507.43,108.95,-3266.11,-586.64,80.68,151.932045994254,111.519660150128,90.6756262729958
3368.94,-540.23,143.74,3323.55,-491.29,168.85,3439.34,-617.58,135.35,171.337352028097,104.590546895979,66.7486007343973
-2251.89,3178.27,98.48,-2152.5,3050.25,72.08,-2449.33,3374.73,162.5,439.767346786912,278.530223135659,162.072491496861
1767.38,-3022.67,134.53,1740.43,-3079.51,88.01,1626.24,-3143.92,58.09,131.103028950517,186.070046219159,62.905390071122
-704.28,2897.47,93.18,-709.34,2908.85,74.63,-705.87,2972.9,112.23,64.1439272261998,75.4467560601517,12.4542362270837
-2201.63,32.22,94.92,-2303.76,88.05,140.88,-2401.01,-44.38,57.81,164.302365777246,213.588259040613,116.393839184039
200.16,2805.35,67.81,52.83,2683.15,84.85,243.19,2562.24,88.44,225.513098732646,246.888746199579,191.413084453493
3163.56,-1491.27,84.35,3124.62,-1399.92,69.28,3202.31,-1632.23,55.21,244.95647001049,146.18920650992,99.303303570425
3663.22,452.3,124.74,3643.74,360.67,62.68,3679.21,614.41,75.46,256.207159345714,162.89669180189,93.6777844528787
560.66,-2972.43,86.26,471.73,-2933.19,96.35,661.29,-3079.61,151.98,239.524132395882,147.016833389922,97.2024819641966
-58.78,3520.52,68.51,-251.76,3458.76,80.63,81.92,3265.32,82.34,385.695963162696,291.416420264885,202.621760924142
1933.05,-405.9,117.09,2060.31,-521.12,79.84,2178.58,-574.68,75.55,129.832455495535,297.94574892084,171.670486688889
-3267.31,2354.07,142.12,-3357.15,2229.18,60.95,-3353.48,2075.45,90.75,153.773800759427,291.640829274641,153.846474447743
-448.5,-2043.89,67.98,-483.36,-1888.71,71.77,-219.92,-2091.82,65.81,332.647419499987,233.551067863112,159.047326290007
1319,3157.52,92.34,1275.04,3175.25,78.62,1274.54,3087.68,74.83,87.5714274178515,82.7908038371414,47.4007858584645
1272.16,3009.12,71,1274.54,3087.68,74.83,1319,3157.52,92.34,82.7908038371414,155.616662346935,78.5960431574007
-2670.55,1152.49,114.78,-2717.4,1232.43,136.03,-2791.11,1249.57,178.94,75.6765729932322,154.787725611561,92.6570348111788
2311.29,2188.42,81.85,2203.52,2138.69,86.29,2032.54,1908.12,131.18,287.048228177775,395.309565404127,118.690546380072
-1445.09,-1826.98,77.8,-1392.69,-1737.06,97.3431,-1184.99,-2009.84,81.35,342.853056570887,317.946205512819,104.073850702278
2403.32,-1385.14,88.99,2372.85,-1214.51,53.82,2167.76,-1363.14,64.93,253.284000679079,236.585108576174,173.329217963966
3631.44,2057.37,64.34,3740.37,2132.72,89.5512,3848.07,2088.64,70.3808,116.371544631839,218.875237978169,132.451377493781
2279.82,-2975.84,73.61,2320.02,-2880.59,122.38,2403.57,-2914.99,70.03,90.3546484692404,137.901359674225,103.385697753606
3381.57,-3246.37,86.58,3454.53,-3193.65,79.73,3288.88,-3176.18,81.92,166.568674726072,116.267244742447,90.0142210986685
-412.67,3059.1,67.28,-375.69,3012.37,88.36,-193.98,3069.01,168.67,190.332902305408,218.914422092287,59.5920573566646
2015.42,-2443.17,85.47,2249.81,-2613.87,184.5,2251.19,-2164.17,55.76,449.702117406623,365.278651032332,289.960621636801
823.59,3003.3,73.17,999.58,2906.42,90.5,1062.25,2810.15,69.8,114.871414198659,307.026901264368,200.893540214712
-3406.72,2807.27,225.96,-3578.23,3091.46,111.49,-3511.54,3228,236.23,151.95633484656,433.590780921366,331.933180323992
1724.3,3075.86,69.62,1869.06,3197.59,55.22,1963.39,3257.35,60.29,111.66649676604,300.171031580331,189.139235749751
1410.36,-2519.99,71.49,1434.84,-2377.83,76.95,1491.96,-2643.57,99.54,271.809569367968,148.089757917285,144.252334469845
-2114.65,-1834.25,71.66,-2158.44,-1719.56,72.94,-2230.06,-2001.5,104.01,290.894461961723,203.20440595617,122.765468271823
2568.95,-2264.58,88.25,2620.6,-2301.19,72.91,2389.46,-2150.26,81.69,276.053553681165,212.804423121325,63.3088824731571
-2745.35,-2412.89,102.72,-2755.66,-2496.11,62.85,-2808.66,-2192.7,84.04,308.004266366556,229.1108731597,83.8562132462469
-873.12,2615.43,70.48,-716.4,2562.7,153.33,-1050.14,2674.94,88.58,352.108229384092,186.755242228967,165.352989994133
-971.13,-3370.55,105.8,-814.66,-3375.12,88.38,-985.73,-3546.23,86.94,241.957800039594,176.285627321118,156.536723486855
2819.45,1145.34,63.54,2670.88,867.08,87.21,3146.42,1017.31,74.05,498.7056692078,351.142509246602,315.438856991335
-2475.74,-909.01,70.25,-2545.33,-716.07,56.2,-2279.33,-706.28,60.33,266.180097114717,282.26997892089,205.106342417781
-2036.38,515.15,64.86,-2077.88,521.26,61.66,-2127.71,773.14,61.18,256.761685810013,273.678660110722,41.947372980915
493.56,-3388.81,79.88,564.72,-3227.71,81.71,617.65,-3258.73,73.31,61.3500228198816,179.775233277557,176.116312702714
2196.94,64.18,80.87,2271.19,235.71,68.72,2284.51,251.36,98.92,20.5510316042773,206.651535924609,186.910682947765
-1586.72,-2863.77,61.74,-1758.95,-2781.3,152.72,-1623.58,-2671.75,73.15,174.144306252028,195.525803923676,190.956732795678
1362.38,-3273.19,82.48,1626.24,-3143.92,58.09,1322.08,-3589.96,162.78,539.874973674461,319.323226371024,293.824492682281
564.72,-3227.71,81.71,617.65,-3258.73,73.31,493.56,-3388.81,79.88,179.775233277557,176.116312702714,61.3500228198816
-2155.49,-2561.42,77.16,-2139.96,-2388.3,85.44,-1936.94,-2510.83,61.12,237.130177961389,224.328889356676,173.815175689581
-1758.95,-2781.3,152.72,-1882.49,-2870.56,104.99,-1623.58,-2671.75,73.15,326.434992303215,174.144306252028,152.412201611288
-3366.43,323.49,65.8,-3101.3,94.18,75.82,-3107.61,64.26,60.22,30.5781376149693,366.316782716817,350.53814771006
-3308.77,-2000.11,68.63,-3590.22,-2223.36,86.76,-3330.97,-1639.39,84.87,638.929983174996,361.402488093261,359.241791833857
-513.1,-2590.41,61.3,-395.25,-2442.03,82.14,-534.67,-2299.67,83.42,199.259393755978,291.539041124855,189.48679874862
17.53,-1975.88,84.72,82.27,-1913.1,88.71,-67.51,-1894.65,81.4,150.912063467438,117.601507218233,90.1809070701777
-6.16,3127.73,81.58,81.92,3265.32,82.34,-178.7,3181.77,73.25,273.684831329762,180.80479307806,163.367972687427
-2828.12,2145.29,68.28,-2732.88,2439.86,77.94,-3216.61,1884.45,69.64,736.529008933117,467.933740715499,309.583821444209
2912.91,-3123.16,88.64,3102.84,-3134.24,75.03,2620.99,-3035.08,105.22,491.947281830076,304.918633081024,190.25291403813
-2631.36,-3278.29,68.13,-2613.15,-3312.37,84.24,-2594.99,-3481.28,104.97,169.883412080168,206.222493923432,38.6400116459609
-3578.23,3091.46,111.49,-3511.54,3228,236.23,-3744.61,3158.34,80.6723,243.257354462306,179.318818867402,151.95633484656
724.2,-3461.14,81.3,617.65,-3258.73,73.31,948.88,-3531.63,56.92,429.170971641839,235.478114694338,228.741580391498
-2256.48,-270.47,133.59,-2401.01,-44.38,57.81,-2201.63,32.22,94.92,213.588259040613,307.619502957794,268.338608850832
3124.62,-1399.92,69.28,3163.56,-1491.27,84.35,3327.77,-1281.74,94.17,266.209964126063,235.024328315177,99.303303570425
1275.04,3175.25,78.62,1319,3157.52,92.34,1274.54,3087.68,74.83,82.7908038371414,87.5714274178515,47.4007858584645
-2717.4,1232.43,136.03,-2791.11,1249.57,178.94,-2670.55,1152.49,114.78,154.787725611561,92.6570348111788,75.6765729932322
1360.68,-3629.09,70.36,1322.08,-3589.96,162.78,1417.73,-3642.02,56.11,108.899798438748,58.496900772605,54.9646877549579
627.92,-2570.07,77.14,677.4,-2407.83,65.64,843.37,-2651.71,150.7,294.997449649993,230.399201604519,169.61747551476
2169.08,2876.24,64.17,2303.78,2995.05,113.47,2374.42,3014.3,107.42,73.2159279118962,247.437020673949,179.610428706131
3172.55,3089.76,75.6,3043.15,3002.56,73.16,3327.41,3057.89,55.79,289.594814352743,158.105396808584,156.039097664656
-2840.04,1069.43,87.4,-2860.03,1101.56,100,-2995.24,1082.57,62.27,136.537043325245,155.755255449054,37.8409434343279
1963.39,3257.35,60.29,1869.06,3197.59,55.22,1931.17,3538.79,90.65,346.806995460011,283.278311912508,111.66649676604
-3499.43,-1667.7,70.66,-3618.73,-1703.65,72.53,-3330.97,-1639.39,84.87,294.847698312197,170.822210792391,124.598926560384
2670.88,867.08,87.21,2492.58,734.89,100.21,2894.57,730.36,87.65,402.015523332122,262.163259248889,221.957397038261
-771.97,2160.24,72.37,-749.82,2287.95,114.2,-770.19,2435.48,62.22,148.92964043467,275.245755643934,129.616613904237
571.43,3454.1,147.98,596.64,3358.18,81.05,412.7,3345.98,70.75,184.34414446898,192.055063198032,99.1775705489906
-2203.32,2273.52,71.29,-2071.6,2306,59.99,-2135.4,2437.12,122.84,145.818018091044,177.138607875302,135.66542964219
-2139.96,-2388.3,85.44,-2155.49,-2561.42,77.16,-1968.42,-2248.94,83.09,364.196286774042,221.013984172948,173.815175689581
2665.52,-1065.97,86.6,2785.45,-950.06,127.57,2985.06,-1135.14,77.24,272.210871384668,326.940821097641,166.788287958118
-714.45,-1947.72,63.41,-663.18,-1850.49,64.13,-483.36,-1888.71,71.77,183.83688639661,238.505279186856,109.919451417845
-1783.17,2008.5,75,-1718.55,1775.99,54.6679,-1601.5,2202.03,79.46,441.82664485067,265.438975661074,241.322697854968
-892.19,1869.39,87.22,-909.657,1690.99,61.5346,-935.375,1645.88,59.5953,51.9261747483867,227.643722349201,179.253050431506
3246.96,3749.2,65.47,3530.32,3775.65,126.658,3097.07,4040.2,82.9009,507.633987238837,327.33470958638,284.591799073691
2166.93,1235.4,64.93,2143.06,1180.25,123.16,2334.53,1315.75,69.82,234.565579103158,185.865226710109,60.0940878955659
3673.24,-914.15,59.76,3870.52,-780.706,76.5347,3390.65,-1027.62,84.51,539.668176100833,304.520194732631,238.173675153238
-3216.61,1884.45,69.64,-3431.84,1872.02,71.52,-3353.48,2075.45,90.75,218.000124999964,234.977439129802,215.588630961839
565.93,2410.34,63.55,661.04,2511.91,84.9,303.98,2195.46,56.53,477.108421744995,338.808525424022,139.148758528418
-3511.54,3228,236.23,-3578.23,3091.46,111.49,-3548.6,3467.65,71.89,377.355075492566,242.498589892808,151.95633484656
3732.23,2464.9,64.03,3784.81,2625.71,67.652,3523.37,2401.13,73.69,344.654972399935,218.378370036961,169.187802456324
3706.15,-1560.14,71.82,3769.88,-1409.85,60.5995,3784.08,-1226.66,66.6246,183.739533307342,342.464589848352,163.243979980886
3261.53,-525.99,61.65,3323.55,-491.29,168.85,3368.94,-540.23,143.74,66.7486007343973,108.349830179839,71.0673652248344
-1936.94,-2510.83,61.12,-1877.05,-2400.8,231.72,-2155.49,-2561.42,77.16,321.446135456627,224.328889356676,125.273353112304
412.7,3345.98,70.75,596.64,3358.18,81.05,571.43,3454.1,147.98,99.1775705489906,192.055063198032,184.34414446898
3679.21,614.41,75.46,3663.22,452.3,124.74,3643.74,360.67,62.68,93.6777844528787,256.207159345714,162.89669180189
-3043.41,3754.6,70.25,-2955.91,3873.83,90.1712,-3161.22,4076.75,86.0327,288.667148286742,343.015770191401,147.891997417034
-1920.08,1011.58,71.63,-1853.21,1139.06,82.65,-1764.93,1086.01,73.1727,102.993499309422,172.079479892287,143.953976325769
-2756.95,-1552.57,74.89,-2814.44,-1709.16,80.48,-2702.66,-1837.35,92.35,170.080699963282,289.90869683402,166.809856423414
-2695.45,-257.09,66.01,-2854.56,-467.22,58.04,-2869.13,-493.61,75.1,30.1449332392693,293.439010358201,263.572777425894
-2303.76,88.05,140.88,-2201.63,32.22,94.92,-2325.54,224.25,87.79,228.537106396314,137.930447690131,116.393839184039
3129.39,-1026.59,85.17,2985.06,-1135.14,77.24,3390.65,-1027.62,84.51,419.599569232382,261.262030345016,180.594162142634
-251.76,3458.76,80.63,-58.78,3520.52,68.51,-178.7,3181.77,73.25,359.349925420891,286.463302536294,202.621760924142
2851.5,2380.11,73.8,2734.86,2451.85,54,2990.11,2403.23,53.45,259.839309766632,140.524967532464,136.93617929532
-2854.56,-467.22,58.04,-2869.13,-493.61,75.1,-3019.18,-563.5,77.02,165.528289425101,190.708108899438,30.1449332392693
2962.1,-26.27,71.79,2943,69.47,128.73,2958.8,156.63,108.7,88.5805034982304,182.929767943875,97.626623418
3017.95,204.95,103.46,2958.8,156.63,108.7,3017.97,298.08,79.6,153.327073278009,93.1300021475357,76.3776465989883
-205.07,-2265.48,58.27,-201.09,-2363.65,80.43,-219.92,-2091.82,65.81,272.481408173108,174.293769538673,98.2506452905019
371.6,-2134.88,59.33,313.13,-1868.88,62.6,77.97,-2078,76.49,314.692548370628,299.088467347038,272.350400954359
2827.44,3248.59,85.93,2808.22,3376.92,58.95,3033.42,3432.02,101.74,231.842726864571,275.815745199581,129.761308948392
-1466.14,-2512.99,75.16,-1623.58,-2671.75,73.15,-1223.86,-2638.32,75.31,401.115498703304,272.776845241674,223.589112436183
-219.92,-2091.82,65.81,-205.07,-2265.48,58.27,-448.5,-2043.89,67.98,329.181246428165,233.551067863112,174.293769538673
2350.51,-419.13,69.42,2424.52,-452.41,76.56,2305.14,-280.35,75.6,209.418786167813,146.007963139002,81.1482501351691
2208.62,-236.93,92.6,2305.14,-280.35,75.6,2390.73,-139.64,54.1,164.696545804701,206.468874651847,105.836698739142
2276.04,-774.01,71.83,2281.77,-720.19,123.01,2178.58,-574.68,75.55,178.385358704127,221.880374301109,54.1241655824826
617.65,-3258.73,73.31,564.72,-3227.71,81.71,713.76,-3126.78,63.29,179.999406943467,163.241951103263,61.3500228198816
3146.42,1017.31,74.05,3251.62,894.11,115.06,3138.09,1308.18,83.64,429.351867120664,290.989253753468,162.003950569114
-3590.22,-2223.36,86.76,-3715.31,-2133.15,68.85,-3788.05,-2395.92,87.8826,272.652123593417,262.51411866793,154.225005106176
1858.78,-740.96,86.47,1684.26,-648.024,79.8086,2060.31,-521.12,79.84,396.885660758864,298.234750657934,197.722862856069
-663.18,-1850.49,64.13,-714.45,-1947.72,63.41,-483.36,-1888.71,71.77,238.505279186856,183.83688639661,109.919451417845
2729.41,2182.89,80,2851.5,2380.11,73.8,2750.8,1945.24,80,446.376978461031,238.610675787987,231.951927131464
3354.41,2856.96,62.18,3327.41,3057.89,55.79,3430.45,2652.2,52.06,418.570923142064,218.423302786127,202.735948711618
-1258.29,3088.14,273.33,-1092.32,3103.42,91.82,-1423.82,2912.54,62.32,382.527677952851,241.320411279278,166.671891151448
-716.4,2562.7,153.33,-770.19,2435.48,62.22,-873.12,2615.43,70.48,207.307953055352,165.352989994133,138.124192305331
-2127.71,773.14,61.18,-2077.88,521.26,61.66,-2036.38,515.15,64.86,41.947372980915,273.678660110722,256.761685810013
2958.8,156.63,108.7,3017.95,204.95,103.46,2943,69.47,128.73,154.830012917393,88.5805034982304,76.3776465989883
-1423.82,2912.54,62.32,-1258.29,3088.14,273.33,-1721.14,2981.33,87.47,475.014208840115,305.174124886105,241.320411279278
3135.24,3395.01,136.36,3233.03,3364.02,55.32,3033.42,3432.02,101.74,210.874730823776,108.337678118003,102.582962523024
1339.97,-2760.32,75.88,1491.96,-2643.57,99.54,1410.36,-2519.99,71.49,148.089757917285,250.426158777393,191.65469626388
948.88,-3531.63,56.92,724.2,-3461.14,81.3,1322.08,-3589.96,162.78,611.600430673491,377.730894817991,235.478114694338
-2099.13,1583.72,56.35,-2045.07,1773.41,103.91,-2249,1803.56,73.78,206.146713289346,266.06510951269,197.242945881469
-1253.65,-3568.03,73.57,-1297.5,-3708.95,146.623,-1181.31,-3409.65,84.66,321.061685817539,174.118637715783,147.584785462458
-121.76,-2851.85,87.1,-156.35,-2803.13,61.36,-133.14,-2730.27,92.59,76.4675336335625,122.111427802643,59.7503681997022
713.76,-3126.78,63.29,661.29,-3079.61,151.98,617.65,-3258.73,73.31,184.359496636327,163.241951103263,70.5557212421502
-3353.48,2075.45,90.75,-3357.15,2229.18,60.95,-3431.84,1872.02,71.52,364.88609414446,218.000124999964,153.773800759427
-756.93,3502.49,67.25,-825.75,3392.7,82.96,-843.78,3365.94,56.62,32.267297686667,161.829617190426,129.57637323216
-3267.1,-246.63,56.18,-3267.51,-447.47,79.71,-3039.9,-128.98,170.59,391.461610122883,255.854182103791,200.840418491896
-156.35,-2803.13,61.36,-121.76,-2851.85,87.1,-133.14,-2730.27,92.59,122.111427802643,76.4675336335625,59.7503681997022
2977.44,-673.1,145.42,3116.54,-573.25,74.53,3261.53,-525.99,61.65,152.49789408382,319.91949018464,171.227429169511
-2042.65,-669.38,56.28,-2277.76,-663.56,81.53,-2279.33,-706.28,60.33,42.7488397503371,239.539208481618,235.182024185523
-2545.33,-716.07,56.2,-2475.74,-909.01,70.25,-2279.33,-706.28,60.33,282.26997892089,266.180097114717,205.106342417781
-3142.41,-1211.56,65.34,-2930.17,-1259.37,104,-3224.84,-1570.15,68.87,428.269327993495,367.942241391227,217.558299542904
-3091.68,-21.85,59.51,-3107.61,64.26,60.22,-3101.3,94.18,75.82,30.5781376149693,116.428112155098,87.5710968299473
-2401.01,-44.38,57.81,-2303.76,88.05,140.88,-2201.63,32.22,94.92,116.393839184039,213.588259040613,164.302365777246
3260.23,1595.99,76.33,3057.32,1580.1,68.54,3471.71,1639.25,66.09,418.590246661338,215.859255071447,203.531226596805
3233.03,3364.02,55.32,3246.16,3266.34,131.02,3135.24,3395.01,136.36,169.880002648929,102.582962523024,98.5585069895032
3522.08,-2903.66,57.05,3427.1,-2775.42,162.94,3454.53,-3193.65,79.73,419.128545675429,297.753593765046,159.582887553772
661.04,2511.91,84.9,565.93,2410.34,63.55,456.37,2785.65,111.51,390.974410543708,341.794377513733,139.148758528418
-155.15,-2560.8,155.33,-133.14,-2730.27,92.59,-201.09,-2363.65,80.43,372.863818169583,202.431731949317,170.893302970011
1417.73,-3642.02,56.11,1360.68,-3629.09,70.36,1333.31,-3699.67,88.35,75.7010785920518,102.226507814754,58.496900772605
-299.77,-3117.63,60.15,-128.79,-3292.42,56.04,-571.5,-2992.59,61.27,534.686986002091,299.119030655022,244.511154142301
211.03,-1739.44,158.95,212.89,-1866.57,107.01,225.69,-1602.18,70.4975,264.699663958986,138.040657778786,127.143605816415
2305.14,-280.35,75.6,2208.62,-236.93,92.6,2429.11,-232.65,77.31,220.531536293565,132.830158096722,105.836698739142
2251.19,-2164.17,55.76,2389.46,-2150.26,81.69,2123.86,-1927.5,95.69,346.648781333499,268.748242412858,138.967913562808
1857.32,1968.44,114.41,2032.54,1908.12,131.18,1857.32,2163.67,112.22,309.851336772976,195.23,185.312036306334
2167.76,-1363.14,64.93,1954.16,-1387.23,175.95,2403.32,-1385.14,88.99,449.164862494831,236.585108576174,214.954153483947
3454.53,-3193.65,79.73,3381.57,-3246.37,86.58,3288.88,-3176.18,81.92,116.267244742447,166.568674726072,90.0142210986685
303.98,2195.46,56.53,254.49,2192.44,75.79,58.47,2069.48,91.74,231.393608381908,275.945865161992,49.5820582469103
-3715.31,-2133.15,68.85,-3590.22,-2223.36,86.76,-3854.69,-1983.45,97.9653,357.073086356281,204.540642416122,154.225005106176
3138.09,1308.18,83.64,3057.33,1422.19,157.96,3057.32,1580.1,68.54,157.910000316636,283.662262735105,139.715631552092
-930.56,-2931.43,59.37,-1254.17,-2860.53,100.17,-1281.98,-2884.63,108.8,36.7995393992913,354.522575303746,331.285740864288
-2810.48,-2704.76,75.24,-2755.66,-2496.11,62.85,-3100.06,-2737.24,81.97,420.422450518523,291.395824952932,215.731441612019
2403.57,-2914.99,70.03,2320.02,-2880.59,122.38,2279.82,-2975.84,73.61,103.385697753606,137.901359674225,90.3546484692404
-3551.13,-1492.72,80.7,-3663.05,-1499.27,80.83,-3499.43,-1667.7,70.66,234.819439782996,182.457914051433,112.111502086093
82.27,-1913.1,88.71,17.53,-1975.88,84.72,10.4216,-1826.46,61.6953,149.58898940283,112.555240582391,90.1809070701777
-2755.66,-2496.11,62.85,-2745.35,-2412.89,102.72,-2810.48,-2704.76,75.24,299.048514124381,215.731441612019,83.8562132462469
1626.24,-3143.92,58.09,1740.43,-3079.51,88.01,1767.38,-3022.67,134.53,62.905390071122,186.070046219159,131.103028950517
166.76,-2430.06,71.53,-155.15,-2560.8,155.33,371.6,-2134.88,59.33,677.401955193517,359.291884127654,347.446392555744
2429.11,-232.65,77.31,2390.73,-139.64,54.1,2305.14,-280.35,75.6,164.696545804701,132.830158096722,100.617515870747
313.13,-1868.88,62.6,212.89,-1866.57,107.01,211.03,-1739.44,158.95,127.143605816415,164.860921991841,100.266613087308
2372.85,-1214.51,53.82,2403.32,-1385.14,88.99,2167.76,-1363.14,64.93,236.585108576174,253.284000679079,173.329217963966
2303.78,2995.05,113.47,2374.42,3014.3,107.42,2426.34,2994.39,73.38,55.6066048235281,122.561777075889,73.2159279118962
-2402.34,2597.8,107.72,-2135.4,2437.12,122.84,-2732.88,2439.86,77.94,597.486282687728,366.335550008459,311.568653750662
-3266.11,-586.64,80.68,-3155,-596.19,87.6,-3267.51,-447.47,79.71,186.483614561709,139.177041569362,111.519660150128
-571.5,-2992.59,61.27,-299.77,-3117.63,60.15,-679.17,-3337.14,73.13,438.325221838762,360.981344947353,299.119030655022
-1969.41,-2023.21,65.71,-1968.42,-2248.94,83.09,-2114.65,-1834.25,71.66,439.716964648852,238.328636970046,225.732170946013
-346.85,1850.54,65.8,-249.332,1735.99,81.1281,-515.509,1782.13,56.5833,270.146432382514,182.004907573944,150.437571184861
-2892.78,497.09,68.97,-3070.34,625,111.02,-2965.8,851.67,71.51,249.615505327694,362.020575105891,218.834461865585
-3357.15,2229.18,60.95,-3353.48,2075.45,90.75,-3267.31,2354.07,142.12,291.640829274641,153.846474447743,153.773800759427
3408.9,-2207.12,54.25,3289.5,-2135.41,78.38,3621.64,-2339.97,87.38,390.079188370772,250.813536516672,139.27915888603
1434.84,-2377.83,76.95,1394.75,-2304.09,94.77,1410.36,-2519.99,71.49,216.463581463487,144.252334469845,83.9332812417098
-2249,1803.56,73.78,-2045.07,1773.41,103.91,-2099.13,1583.72,56.35,197.242945881469,266.06510951269,206.146713289346
-3663.05,-1499.27,80.83,-3551.13,-1492.72,80.7,-3618.73,-1703.65,72.53,221.497685992428,209.130214937966,112.111502086093
2990.11,2403.23,53.45,2851.5,2380.11,73.8,3163.86,2487.02,71.05,330.149235498131,192.898487811595,140.524967532464
-2152.5,3050.25,72.08,-2251.89,3178.27,98.48,-2577.32,3075.29,74.03,341.33497520764,425.557321638343,162.072491496861
-2279.33,-706.28,60.33,-2277.76,-663.56,81.53,-2042.65,-669.38,56.28,235.182024185523,239.539208481618,42.7488397503371
2734.86,2451.85,54,2851.5,2380.11,73.8,2990.11,2403.23,53.45,140.524967532464,259.839309766632,136.93617929532
3374.86,1902.12,57.06,3212.82,1815.27,70.52,3579.76,1801.82,89.72,367.186418730323,228.131760173808,183.847447901786
1491.96,-2643.57,99.54,1410.36,-2519.99,71.49,1339.97,-2760.32,75.88,250.426158777393,191.65469626388,148.089757917285
2620.6,-2301.19,72.91,2568.95,-2264.58,88.25,2389.46,-2150.26,81.69,212.804423121325,276.053553681165,63.3088824731571
-3019.18,-563.5,77.02,-3136.46,-507.43,108.95,-3155,-596.19,87.6,90.6756262729958,139.698634567415,129.994012554425
2654.55,-1539.9,62.15,2403.32,-1385.14,88.99,2305.31,-1768.91,59,396.0875824865,417.62921078392,295.071466766951
-2995.24,1082.57,62.27,-2977.44,951.77,68.02,-2860.03,1101.56,100,190.32118169032,136.537043325245,132.005605941566
-67.51,-1894.65,81.4,10.4216,-1826.46,61.6953,17.53,-1975.88,84.72,149.58898940283,117.601507218233,103.552935151834
-750.46,3268.29,79.89,-843.78,3365.94,56.62,-825.75,3392.7,82.96,32.267297686667,145.418128856068,135.070888425301
-3693.9,-446.05,55.12,-3734.39,-267.314,131.959,-3844.82,-317.226,63.6026,121.185777399826,198.424971654275,183.264829675527
3102.84,-3134.24,75.03,2912.91,-3123.16,88.64,3288.88,-3176.18,81.92,379.690085859508,190.708796860554,190.25291403813
693.67,3294.35,75.36,596.64,3358.18,81.05,571.43,3454.1,147.98,99.1775705489906,201.153374567766,116.142540871121
-2497.42,490.67,126.15,-2375.41,336.6,67.97,-2426.7,222.88,89.48,124.751362718008,276.970761092214,196.529908665323
-3580.46,-3602.6,85.07,-3797.1,-3782.48,84.4194,-3842.64,-3725.98,86.7041,72.5681858668108,289.760205687392,281.584275129134
3385.27,-149.87,55.11,3569.29,-87.88,90.68,3313.02,-390.45,52.4,396.513452230816,251.194742978431,194.1806388392
-3196.67,-3245.94,63.21,-2850.13,-3309.58,93.23,-3248.76,-3669.86,82.99,537.315135930489,427.108340471127,352.335097882683
-3678.65,1294.24,81.71,-3839.58,1213.15,85.6005,-3951.89,1092.11,106.916,165.118798748053,339.877381565764,180.205585374039
-2375.41,336.6,67.97,-2325.54,224.25,87.79,-2426.7,222.88,89.48,101.169276462768,124.751362718008,122.920866414128
-2205.51,-3208.89,52.78,-1999.89,-3240.16,103.53,-2613.15,-3312.37,84.24,617.496649140706,420.569233301724,207.984127519386
-1135.85,3702.94,92.76,-855.11,3794.22,79.5364,-717.899,3742.29,170.532,146.709179743464,419.799310267418,295.206683528676
-2077.88,521.26,61.66,-2036.38,515.15,64.86,-2127.71,773.14,61.18,273.678660110722,256.761685810013,41.947372980915
1604.79,-3741.53,56.28,1663.77,-3616.98,55.86,1522.14,-3596.05,86.39,143.168159169558,167.318417695124,137.809081340817
-5.44,2482.12,54.68,48.56,2323.65,65.06,52.83,2683.15,84.85,359.525357798306,209.30469129955,167.417863144886
677.4,-2407.83,65.64,627.92,-2570.07,77.14,843.37,-2651.71,150.7,230.399201604519,294.997449649993,169.61747551476
1655.59,-2080.43,73.33,1433.37,-2230.38,149.45,1394.75,-2304.09,94.77,83.2145930711675,343.600496507208,268.079709974478
-934.33,-2506.74,60.89,-899.44,-2257.01,51.83,-1223.86,-2638.32,75.31,500.645236170284,318.026598415919,252.155477830643
2203.52,2138.69,86.29,2311.29,2188.42,81.85,2032.54,1908.12,131.18,395.309565404127,287.048228177775,118.690546380072
-2791.11,1249.57,178.94,-2717.4,1232.43,136.03,-2877.61,1323.77,94.91,184.418653340707,113.964424273543,75.6765729932322
3542.87,1515.06,59.72,3471.71,1639.25,66.09,3548.73,1728.83,89.04,118.138295230632,213.850303951152,143.132462076218
-1691.44,3466.77,116.86,-1958.99,3740.18,71.88,-1774.4,3944.27,64.0441,275.183931580316,484.653083761983,382.538926908099
-1434.58,1899.59,79.48,-1474.77,2105.3,177.33,-1718.55,1775.99,54.6679,409.724010158058,309.702955910983,209.599237116933
-201.09,-2363.65,80.43,-205.07,-2265.48,58.27,-155.15,-2560.8,155.33,299.509446929475,202.431731949317,98.2506452905019
3643.74,360.67,62.68,3663.22,452.3,124.74,3679.21,614.41,75.46,162.89669180189,256.207159345714,93.6777844528787
2151.64,268.93,59.28,2271.19,235.71,68.72,2284.51,251.36,98.92,20.5510316042773,134.026645858203,124.079695760427
1857.32,2163.67,112.22,1715.85,2296.51,80.75,1857.32,1968.44,114.41,357.272565137599,195.23,194.062429388071
2390.73,-139.64,54.1,2429.11,-232.65,77.31,2474.96,-19.51,125.77,218.015784061613,146.717108068555,100.617515870747
-2813.95,2838.26,62.33,-2577.32,3075.29,74.03,-2732.88,2439.86,77.94,654.194312494384,406.564761016004,334.928317405381
2305.31,-1768.91,59,2109.33,-1677.29,82.36,2123.86,-1927.5,95.69,250.631532333823,240.987324562932,216.338588328574
3327.41,3057.89,55.79,3172.55,3089.76,75.6,3354.41,2856.96,62.18,295.413099912648,202.735948711618,158.105396808584
-770.19,2435.48,62.22,-716.4,2562.7,153.33,-749.82,2287.95,114.2,276.775105275023,148.92964043467,138.124192305331
-3558.06,-1272.82,67.37,-3748.29,-1208.65,67.1445,-3551.13,-1492.72,80.7,345.785815932348,220.00917003616,200.761654207172
-2289.42,-2221.1,60.36,-2260.85,-2189.19,129.99,-2139.96,-2388.3,85.44,232.936008809287,224.263531587283,42.8309817772136
-899.44,-2257.01,51.83,-934.33,-2506.74,60.89,-1159.68,-2136.33,91.41,433.573742978054,286.859756675627,252.155477830643
1740.43,-3079.51,88.01,1767.38,-3022.67,134.53,1626.24,-3143.92,58.09,186.070046219159,131.103028950517,62.905390071122
1726.91,2333.97,54.41,1715.85,2296.51,80.75,1857.32,2163.67,112.22,194.062429388071,214.496755453317,39.0586123665444
-3107.61,64.26,60.22,-3101.3,94.18,75.82,-3091.68,-21.85,59.51,116.428112155098,87.5710968299473,30.5781376149693
-3634.92,2387.83,54.25,-3357.15,2229.18,60.95,-3267.31,2354.07,142.12,153.846474447743,369.156944537144,319.884346913068
1912.12,1341.37,60.35,2166.93,1235.4,64.93,2143.06,1180.25,123.16,60.0940878955659,281.590017578749,275.966985344262
3427.1,-2775.42,162.94,3522.08,-2903.66,57.05,3454.53,-3193.65,79.73,297.753593765046,419.128545675429,159.582887553772
-128.79,-3292.42,56.04,-299.77,-3117.63,60.15,-121.76,-2851.85,87.1,319.885242704317,440.626083885192,244.511154142301
3413.91,1227.27,64.43,3608.65,1280.53,103.33,3138.09,1308.18,83.64,471.371653899553,287.442342914192,201.891790818746
3430.45,2652.2,52.06,3354.41,2856.96,62.18,3523.37,2401.13,73.69,486.13626741892,267.713039092234,218.423302786127
2808.22,3376.92,58.95,2827.44,3248.59,85.93,3033.42,3432.02,101.74,275.815745199581,231.842726864571,129.761308948392
2109.33,-1677.29,82.36,2305.31,-1768.91,59,2123.86,-1927.5,95.69,240.987324562932,250.631532333823,216.338588328574
3313.02,-390.45,52.4,3323.55,-491.29,168.85,3261.53,-525.99,61.65,71.0673652248344,144.990729703661,101.388295675586
-843.78,3365.94,56.62,-825.75,3392.7,82.96,-750.46,3268.29,79.89,145.418128856068,135.070888425301,32.267297686667
1130.91,2907.28,57.76,1062.25,2810.15,69.8,999.58,2906.42,90.5,114.871414198659,131.332815777322,118.947183657286
1869.06,3197.59,55.22,1963.39,3257.35,60.29,1724.3,3075.86,69.62,300.171031580331,189.139235749751,111.66649676604
-2071.6,2306,59.99,-2203.32,2273.52,71.29,-2135.4,2437.12,122.84,177.138607875302,145.818018091044,135.66542964219
52.83,2683.15,84.85,200.16,2805.35,67.81,-5.44,2482.12,54.68,383.078311706627,209.30469129955,191.413084453493
1895.55,770.89,68.47,1676.4,745.783,77.3513,1782.1,965.273,62.1827,243.615168041729,225.06810788959,220.583507880802
1663.77,-3616.98,55.86,1668.91,-3585.58,83.52,1604.79,-3741.53,56.28,168.617249710699,137.809081340817,31.8179131936714
1449.12,1910.22,56.87,1393.77,1836.13,74.26,1360.5,1826.89,69.3707,34.5292701921138,121.644536663181,92.4821636857615
-3431.84,1872.02,71.52,-3216.61,1884.45,69.64,-3353.48,2075.45,90.75,234.977439129802,218.000124999964,215.588630961839
3116.54,-573.25,74.53,3261.53,-525.99,61.65,2977.44,-673.1,145.42,319.91949018464,171.227429169511,152.49789408382
-3588.48,-111.41,71.03,-3734.39,-267.314,131.959,-3844.82,-317.226,63.6026,121.185777399826,328.740659876444,213.531696279498
3202.31,-1632.23,55.21,3163.56,-1491.27,84.35,3117.06,-1838.35,173.54,350.1810623092,223.053843051403,146.18920650992
48.56,2323.65,65.06,-5.44,2482.12,54.68,-51.91,2154.57,72.59,330.829961460566,196.678080375013,167.417863144886
1199.73,-1569.16,154.807,1258.15,-1517.37,112.775,1110.15,-1595.22,64.0207,167.226261394555,93.2936225044348,78.0711246236406
-1756.07,650.336,128.813,-1730.07,913.446,76.534,-2036.38,515.15,64.86,502.459470719779,311.205640527289,264.391512912196
-1660.78,-785.382,98.2293,-1740.21,-875.758,51.3294,-1668.09,-600.514,128.753,284.535681305526,185.012468563608,120.320182330314
1342.88,-248.207,140.462,1520.33,-513.945,76.6931,1001.02,-218.427,84.8791,597.506288187832,343.15464152478,319.5390228814
-1467.92,863.903,157.265,-1423.8,891.588,119.757,-1401.5,1032.95,55.1507,143.110115100226,181.627378467565,52.0867893520037
1049.59,-1232.56,105.08,1029.26,-1473.9,61.1396,1374.87,-1323.5,77.8311,376.917009565766,337.753108053797,242.194765632951
-715.805,1375.84,89.6105,-645.418,1481.68,133.085,-778.195,1573.39,82.8055,161.370554405071,207.167841616406,127.107967370264
-645.418,1481.68,133.085,-715.805,1375.84,89.6105,-778.195,1573.39,82.8055,207.167841616406,161.370554405071,127.107967370264
1416.52,-1511.46,110.545,1258.15,-1517.37,112.775,1374.87,-1323.5,77.8311,226.294355431151,192.519308382302,158.480235360754
1531.96,1508.11,80.1888,1612.45,1546.13,58.1058,1598.37,1402.59,65.3163,144.228908336713,124.678620861798,89.0177538471962
1684.26,-648.024,79.8086,1858.78,-740.96,86.47,1520.33,-513.945,76.6931,407.534308647751,211.778712671978,197.722862856069
-1668.09,-600.514,128.753,-1605.56,-512.025,80.8376,-1556.39,-477.051,68.893,60.3396186265706,166.493250220542,108.352683496995
1506.76,-1195.08,135.281,1407.5,-1162.88,75.2379,1374.87,-1323.5,77.8311,163.900888649208,184.083319450731,104.352228533942
-1639.04,-1070.84,83.1315,-1596.73,-1182.46,109.901,-1755.59,-1015.43,70.1021,230.511432471364,129.051038740492,119.369847532784
353.563,1482.84,85.9043,350.659,1247.86,72.1107,225.509,1716.14,75.9849,484.715051241449,266.132893337145,234.997943854835
-1107.39,-1214.96,84.6091,-1131.88,-1192.49,59.3731,-1091.25,-1130.28,58.7484,74.3026311781757,86.2044198402844,33.2364408443504
-1605.56,-512.025,80.8376,-1556.39,-477.051,68.893,-1668.09,-600.514,128.753,166.493250220542,108.352683496995,60.3396186265706
-619.301,-1470.36,83.6418,-797.751,-1595.53,67.7468,-346.333,-1503.21,113.779,460.76153607262,274.937541132527,217.972317967213
1767.95,-1400.31,102.871,1954.16,-1387.23,175.95,1751.5,-1590.91,129.89,287.326674710163,191.308553128186,186.668825731561
-39.6342,1609.71,77.7595,-29.8133,1545.99,79.2153,-249.332,1735.99,81.1281,290.324748600063,244.785223665237,64.4723853817276
-1397.96,-1295.4,86.8574,-1563.26,-1388.2,55.2725,-1596.73,-1182.46,109.901,208.4446893063,228.615302418714,189.567745146689
-346.333,-1503.21,113.779,-205.298,-1445.37,87.1006,-152.13,-1334.15,90.4758,123.274995939971,257.480268776075,152.434696919697
-803.616,1140.31,78.6125,-674.476,1088.47,84.5134,-715.805,1375.84,89.6105,290.326717924823,251.366570213702,139.15647739146
-1250.9,160.301,86.7486,-1248.26,181.221,84.6915,-1118.26,294.214,92.404,172.24232362866,188.483583287776,21.0859194724821
-1280.39,-382.412,76.6804,-1285.83,-379.621,104.405,-1163.91,-479.819,87.7052,157.81041031567,151.841081558977,6.11418686335298
344.627,-1170.86,76.9539,332.278,-1340.67,144.119,198.947,-1018.54,58.9456,348.632890675851,210.770123119953,170.258432686901
-1139,1164.88,78.3069,-1318.86,1216.85,93.3505,-1401.5,1032.95,55.1507,201.614929010726,293.788656860676,187.217788951798
-674.476,1088.47,84.5134,-803.616,1140.31,78.6125,-715.805,1375.84,89.6105,251.366570213702,290.326717924823,139.15647739146
-1596.73,-1182.46,109.901,-1639.04,-1070.84,83.1315,-1563.26,-1388.2,55.2725,326.282052831595,208.4446893063,119.369847532784
332.278,-1340.67,144.119,222.511,-1349.13,63.596,344.627,-1170.86,76.9539,216.084498185317,170.258432686901,110.092533302672
-249.332,1735.99,81.1281,-346.85,1850.54,65.8,-39.6342,1609.71,77.7595,390.35962479442,244.785223665237,150.437571184861
-1392.69,-1737.06,97.3431,-1445.09,-1826.98,77.8,-1588.41,-1500.63,72.4361,356.43364726131,306.929085132054,104.073850702278
-1248.26,181.221,84.6915,-1250.9,160.301,86.7486,-1118.26,294.214,92.404,188.483583287776,172.24232362866,21.0859194724821
-1588.41,-1500.63,72.4361,-1563.26,-1388.2,55.2725,-1753.46,-1577.94,66.51,268.658347348449,182.258987707054,115.208625545139
895.324,-480.556,117.245,781.08,-553.711,65.4459,823.673,-670.727,79.5579,124.526735703623,203.221246531951,135.658931003454
-1272.4,-1009.92,82.225,-1296.82,-971.673,73.438,-1091.25,-1130.28,58.7484,259.644382471487,217.489889650071,45.3780718960159
530.306,1690.35,71.7817,353.563,1482.84,85.9043,225.509,1716.14,75.9849,266.132893337145,305.886147625223,272.577490172978
-29.8133,1545.99,79.2153,-39.6342,1609.71,77.7595,-249.332,1735.99,81.1281,244.785223665237,290.324748600063,64.4723853817276
1613.42,1705.11,101.112,1612.45,1546.13,58.1058,1814.38,1676.84,73.0782,240.542779978947,202.938696408546,158.982959149715
873.473,-695.501,73.6498,823.673,-670.727,79.5579,781.08,-553.711,65.4459,124.526735703623,169.236138424983,55.6218578977725
1598.37,1402.59,65.3163,1531.96,1508.11,80.1888,1612.45,1546.13,58.1058,89.0177538471962,144.228908336713,124.678620861798
-797.751,-1595.53,67.7468,-619.301,-1470.36,83.6418,-1019.02,-1661.35,67.1469,443.003904114851,230.851126835023,217.972317967213
-987.493,335.835,133.858,-1103.1,303.403,69.3415,-1118.26,294.214,92.404,17.7274736214725,137.230885481367,120.070034034308
-1764.93,1086.01,73.1727,-1853.21,1139.06,82.65,-1920.08,1011.58,71.63,143.953976325769,172.079479892287,102.993499309422
225.509,1716.14,75.9849,353.563,1482.84,85.9043,-39.6342,1609.71,77.7595,413.158607544173,285.706600214696,266.132893337145
1520.33,-513.945,76.6931,1684.26,-648.024,79.8086,1342.88,-248.207,140.462,525.731811752913,319.5390228814,211.778712671978
-1103.1,303.403,69.3415,-1118.26,294.214,92.404,-987.493,335.835,133.858,137.230885481367,120.070034034308,17.7274736214725
1676.4,745.783,77.3513,1604.68,714.959,56.1,1895.55,770.89,68.47,296.19863885744,220.583507880802,78.0632908350654
785.076,-1737.45,64.9912,1110.15,-1595.22,64.0207,1029.26,-1473.9,61.1396,145.81404081912,359.283214687244,354.827392369868
36.5472,1107.87,115.317,350.659,1247.86,72.1107,-312.868,962.871,68.1402,722.140436376471,378.306346750937,343.894493993783
1001.02,-218.427,84.8791,1025.27,47.3944,76.6492,895.324,-480.556,117.245,543.707262942256,282.636262813178,266.925231474958
-450.809,-964.504,71.6318,-271.434,-815.185,87.811,-152.13,-1334.15,90.4758,532.501751772706,475.233953287221,233.391418835398
-1318.86,1216.85,93.3505,-1139,1164.88,78.3069,-1401.5,1032.95,55.1507,293.788656860676,201.614929010726,187.217788951798
-312.868,962.871,68.1402,-412.848,849.359,82.341,36.5472,1107.87,115.317,518.443808820242,378.306346750937,151.264584566249
1374.87,-1323.5,77.8311,1407.5,-1162.88,75.2379,1506.76,-1195.08,135.281,104.352228533942,184.083319450731,163.900888649208
-1423.8,891.588,119.757,-1467.92,863.903,157.265,-1401.5,1032.95,55.1507,181.627378467565,143.110115100226,52.0867893520037
1782.1,965.273,62.1827,1909.26,997.24,81.6,1895.55,770.89,68.47,226.764826637642,225.06810788959,131.116569086443
-919.785,-1103.66,69.9144,-1091.25,-1130.28,58.7484,-1107.39,-1214.96,84.6091,86.2044198402844,218.136026426173,173.519078561984
-812.115,1639.01,157.439,-778.195,1573.39,82.8055,-909.657,1690.99,61.5346,176.385989931173,110.527653390453,73.8684695929189
-1296.82,-971.673,73.438,-1272.4,-1009.92,82.225,-1091.25,-1130.28,58.7484,217.489889650071,259.644382471487,45.3780718960159
-1753.46,-1577.94,66.51,-1588.41,-1500.63,72.4361,-1563.26,-1388.2,55.2725,115.208625545139,268.658347348449,182.258987707054
1110.15,-1595.22,64.0207,1199.73,-1569.16,154.807,1029.26,-1473.9,61.1396,195.280537944773,145.81404081912,93.2936225044348
1010.85,1584.4,87.8099,1223.83,1270.61,60.4336,1360.5,1826.89,69.3707,572.822945856746,425.507370793973,379.242197678476
1243.31,1074.53,64.7533,1126.34,958.737,60.426,1223.83,1270.61,60.4336,326.755364499192,197.045265865486,164.590399929644
-1285.83,-379.621,104.405,-1280.39,-382.412,76.6804,-1163.91,-479.819,87.7052,151.841081558977,157.81041031567,6.11418686335298
1258.15,-1517.37,112.775,1199.73,-1569.16,154.807,1416.52,-1511.46,110.545,224.337232977498,158.480235360754,78.0711246236406
-1131.88,-1192.49,59.3731,-1107.39,-1214.96,84.6091,-1091.25,-1130.28,58.7484,86.2044198402844,74.3026311781757,33.2364408443504
-1091.25,-1130.28,58.7484,-1131.88,-1192.49,59.3731,-1107.39,-1214.96,84.6091,33.2364408443504,86.2044198402844,74.3026311781757
-1118.26,294.214,92.404,-1103.1,303.403,69.3415,-987.493,335.835,133.858,120.070034034308,137.230885481367,17.7274736214725
1814.38,1676.84,73.0782,1613.42,1705.11,101.112,1612.45,1546.13,58.1058,158.982959149715,240.542779978947,202.938696408546
-778.195,1573.39,82.8055,-812.115,1639.01,157.439,-645.418,1481.68,133.085,229.217404899802,161.370554405071,73.8684695929189
350.659,1247.86,72.1107,553.361,1235.83,74.2225,353.563,1482.84,85.9043,317.699828303384,234.997943854835,203.058665670786
1590.41,158.784,63.108,1764.16,119.469,105.667,1474.09,346.246,53.6857,368.196160529955,220.618095005827,178.142447847221
10.4216,-1826.46,61.6953,-67.51,-1894.65,81.4,82.27,-1913.1,88.71,150.912063467438,112.555240582391,103.552935151834
1025.27,47.3944,76.6492,1001.02,-218.427,84.8791,1342.88,-248.207,140.462,343.15464152478,433.885122793995,266.925231474958
-152.13,-1334.15,90.4758,-205.298,-1445.37,87.1006,-346.333,-1503.21,113.779,152.434696919697,257.480268776075,123.274995939971
1085.07,-610.372,69.9652,873.473,-695.501,73.6498,895.324,-480.556,117.245,216.052815825205,229.903758934037,228.079453370969
1604.68,714.959,56.1,1676.4,745.783,77.3513,1500.32,525.229,53.4082,282.220185876206,216.537485207527,78.0632908350654
-1002.7,-301.689,73.4971,-1163.91,-479.819,87.7052,-1280.39,-382.412,76.6804,151.841081558977,289.184956090389,240.247707585317
1029.26,-1473.9,61.1396,1110.15,-1595.22,64.0207,1199.73,-1569.16,154.807,93.2936225044348,195.280537944773,145.81404081912
1407.5,-1162.88,75.2379,1506.76,-1195.08,135.281,1326.77,-1037.13,76.181,239.467330966042,149.433581901793,104.352228533942
-1019.02,-1661.35,67.1469,-797.751,-1595.53,67.7468,-1392.69,-1737.06,97.3431,611.541621331696,381.262734869276,230.851126835023
1612.45,1546.13,58.1058,1531.96,1508.11,80.1888,1598.37,1402.59,65.3163,124.678620861798,144.228908336713,89.0177538471962
-909.657,1690.99,61.5346,-935.375,1645.88,59.5953,-812.115,1639.01,157.439,123.451304164841,110.527653390453,51.9261747483867
-1289.79,441.919,116.235,-1118.26,294.214,92.404,-1103.1,303.403,69.3415,17.7274736214725,232.464703462698,226.361012378457
-1563.26,-1388.2,55.2725,-1588.41,-1500.63,72.4361,-1397.96,-1295.4,86.8574,279.983134134898,189.567745146689,115.208625545139
-515.509,1782.13,56.5833,-346.85,1850.54,65.8,-249.332,1735.99,81.1281,150.437571184861,270.146432382514,182.004907573944
225.69,-1602.18,70.4975,211.03,-1739.44,158.95,222.511,-1349.13,63.596,390.478820758566,253.069967678901,138.040657778786
-1718.55,1775.99,54.6679,-1783.17,2008.5,75,-1434.58,1899.59,79.48,365.207305786727,309.702955910983,241.322697854968
1360.5,1826.89,69.3707,1393.77,1836.13,74.26,1449.12,1910.22,56.87,92.4821636857615,121.644536663181,34.5292701921138
1474.09,346.246,53.6857,1500.32,525.229,53.4082,1590.41,158.784,63.108,377.356788894807,220.618095005827,180.894795914642
-1755.59,-1015.43,70.1021,-1639.04,-1070.84,83.1315,-1740.21,-875.758,51.3294,219.755217512577,140.516233880644,129.051038740492
-935.375,1645.88,59.5953,-909.657,1690.99,61.5346,-812.115,1639.01,157.439,110.527653390453,123.451304164841,51.9261747483867
-1272.8,894.963,52.6021,-1423.8,891.588,119.757,-1401.5,1032.95,55.1507,143.110115100226,188.690493054102,151.037712591922
705.513,1034.71,52.3401,553.361,1235.83,74.2225,350.659,1247.86,72.1107,203.058665670786,413.949615069274,252.189384201635
-1163.91,-479.819,87.7052,-1280.39,-382.412,76.6804,-1285.83,-379.621,104.405,6.11418686335298,157.81041031567,151.841081558977
1326.77,-1037.13,76.181,1407.5,-1162.88,75.2379,1506.76,-1195.08,135.281,104.352228533942,239.467330966042,149.433581901793
-205.298,-1445.37,87.1006,-152.13,-1334.15,90.4758,-346.333,-1503.21,113.779,257.480268776075,152.434696919697,123.274995939971
-1401.5,1032.95,55.1507,-1423.8,891.588,119.757,-1467.92,863.903,157.265,52.0867893520037,181.627378467565,143.110115100226
-1556.39,-477.051,68.893,-1605.56,-512.025,80.8376,-1668.09,-600.514,128.753,108.352683496995,166.493250220542,60.3396186265706
1126.34,958.737,60.426,1243.31,1074.53,64.7533,1223.83,1270.61,60.4336,197.045265865486,326.755364499192,164.590399929644
1509.61,1245.42,63.952,1598.37,1402.59,65.3163,1531.96,1508.11,80.1888,124.678620861798,263.639068804303,180.50137534102
1764.16,119.469,105.667,1786.14,-36.64,178.7,1590.41,158.784,63.108,276.587730523246,178.142447847221,157.648787756202
-974.589,-2.61173,55.8523,-1114.38,15.5963,82.6484,-1002.7,-301.689,73.4971,336.366443029161,300.395475584525,140.971827105564
-1730.07,913.446,76.534,-1764.93,1086.01,73.1727,-1920.08,1011.58,71.63,172.079479892287,213.855282974258,176.049861391596
-1114.38,15.5963,82.6484,-974.589,-2.61173,55.8523,-1250.9,160.301,86.7486,320.762102370359,198.940092998093,140.971827105564
222.511,-1349.13,63.596,332.278,-1340.67,144.119,344.627,-1170.86,76.9539,170.258432686901,216.084498185317,110.092533302672
1223.83,1270.61,60.4336,1243.31,1074.53,64.7533,1509.61,1245.42,63.952,316.415995328934,286.888034780121,197.045265865486
198.947,-1018.54,58.9456,344.627,-1170.86,76.9539,222.511,-1349.13,63.596,216.084498185317,331.428740751312,210.770123119953
553.361,1235.83,74.2225,350.659,1247.86,72.1107,705.513,1034.71,52.3401,413.949615069274,252.189384201635,203.058665670786
1500.32,525.229,53.4082,1474.09,346.246,53.6857,1604.68,714.959,56.1,391.156010396108,216.537485207527,180.894795914642
-1740.21,-875.758,51.3294,-1660.78,-785.382,98.2293,-1755.59,-1015.43,70.1021,248.8192484596,140.516233880644,120.320182330314
-903.709,-657.473,58.3187,-1163.91,-479.819,87.7052,-1002.7,-301.689,73.4971,240.247707585317,369.298622712027,315.064285689445
-33.7192,320.69,169.883,-33.1008,331.45,66.1529,-124.686,270.905,54.729,109.788641871735,103.699107649198,10.7777557292787
442.427,-174.522,92.194,333.781,-159.122,78.8379,650.624,-376.343,142.193,384.154200146243,289.961560986969,109.732006798381
-672.101,673.02,77.583,-755.715,498.57,77.7701,-521.126,504.373,153.591,234.660763081517,226.352073624255,193.453104126039
650.624,-376.343,142.193,781.08,-553.711,65.4459,559.392,-593.322,78.4549,225.199024564939,235.378767659702,220.177599587242
-755.715,498.57,77.7701,-672.101,673.02,77.583,-521.126,504.373,153.591,226.352073624255,234.660763081517,193.453104126039
-412.848,849.359,82.341,-312.868,962.871,68.1402,-672.101,673.02,77.583,461.586341316552,313.540365710701,151.264584566249
-419.66,-127.586,161.395,-409.223,-313.114,83.6562,-366.294,-307.205,61.2137,43.3337665337321,187.379067979857,185.821338260707
225.123,125.083,81.7305,86.7229,150.049,123.224,333.781,-159.122,78.8379,395.758022049598,304.268044639919,140.633882247522
559.392,-593.322,78.4549,781.08,-553.711,65.4459,650.624,-376.343,142.193,220.177599587242,235.378767659702,225.199024564939
592.115,327.06,90.3643,804.46,453.446,63.8697,842.915,589.047,68.7033,140.948282096661,362.681441721244,247.110946785042
-319.247,413.556,67.8405,-244.115,445.728,58.3948,-521.126,504.373,153.591,283.150719840159,221.365891975254,81.7303799575164
842.915,589.047,68.7033,804.46,453.446,63.8697,592.115,327.06,90.3643,247.110946785042,362.681441721244,140.948282096661
-33.1008,331.45,66.1529,-33.7192,320.69,169.883,-124.686,270.905,54.729,103.699107649198,109.788641871735,10.7777557292787
-594.348,-218.704,174.573,-419.66,-127.586,161.395,-409.223,-313.114,83.6562,185.821338260707,207.808839381293,197.02382411272
-409.223,-313.114,83.6562,-366.294,-307.205,61.2137,-419.66,-127.586,161.395,187.379067979857,185.821338260707,43.3337665337321
823.673,-670.727,79.5579,873.473,-695.501,73.6498,781.08,-553.711,65.4459,169.236138424983,124.526735703623,55.6218578977725
-271.434,-815.185,87.811,-450.809,-964.504,71.6318,198.947,-1018.54,58.9456,651.999040514631,512.456379788563,233.391418835398
-502.43,256.866,125.006,-319.247,413.556,67.8405,-521.126,504.373,153.591,221.365891975254,248.212117885086,241.055528019998
804.46,453.446,63.8697,842.915,589.047,68.7033,592.115,327.06,90.3643,362.681441721244,247.110946785042,140.948282096661
224.953,455.865,52.9675,-33.1008,331.45,66.1529,-33.7192,320.69,169.883,10.7777557292787,291.86227518787,286.480114352532
781.08,-553.711,65.4459,823.673,-670.727,79.5579,895.324,-480.556,117.245,203.221246531951,135.658931003454,124.526735703623
-521.126,504.373,153.591,-319.247,413.556,67.8405,-672.101,673.02,77.583,437.981178376423,226.352073624255,221.365891975254
-244.115,445.728,58.3948,-319.247,413.556,67.8405,-124.686,270.905,54.729,241.253581366163,211.722382779904,81.7303799575164
86.7229,150.049,123.224,225.123,125.083,81.7305,-33.7192,320.69,169.883,324.4401068762,208.865148680698,140.633882247522
333.781,-159.122,78.8379,442.427,-174.522,92.194,225.123,125.083,81.7305,370.113745274341,304.268044639919,109.732006798381
-255.278,143.415,60.1529,-124.686,270.905,54.729,-502.43,256.866,125.006,378.00479237306,271.947128142586,182.504713813096
-366.294,-307.205,61.2137,-409.223,-313.114,83.6562,-419.66,-127.586,161.395,185.821338260707,187.379067979857,43.3337665337321
-124.686,270.905,54.729,-33.7192,320.69,169.883,-33.1008,331.45,66.1529,10.7777557292787,109.788641871735,103.699107649198
